origin,Store,date,group,Open,actual,method,raw_prediction,prediction,q10,q80,q90
2015-06-20,1,2015-06-20,Other 15,1,4097.0,seasonal_naive,4256.0,4256.0,,,
2015-06-20,1,2015-06-21,Other 15,0,0.0,seasonal_naive,0.0,0.0,,,
2015-06-20,1,2015-06-22,Other 15,1,3846.0,seasonal_naive,5518.0,5518.0,,,
2015-06-20,1,2015-06-23,Other 15,1,3762.0,seasonal_naive,4852.0,4852.0,,,
2015-06-20,1,2015-06-24,Other 15,1,3346.0,seasonal_naive,4000.0,4000.0,,,
2015-06-20,1,2015-06-25,Other 15,1,3533.0,seasonal_naive,4645.0,4645.0,,,
2015-06-20,1,2015-06-26,Other 15,1,3317.0,seasonal_naive,4202.0,4202.0,,,
2015-06-20,1,2015-06-27,Other 15,1,4019.0,seasonal_naive,4256.0,4256.0,,,
2015-06-20,1,2015-06-28,Other 15,0,0.0,seasonal_naive,0.0,0.0,,,
2015-06-20,1,2015-06-29,Other 15,1,5197.0,seasonal_naive,5518.0,5518.0,,,
2015-06-20,1,2015-06-30,Other 15,1,5735.0,seasonal_naive,4852.0,4852.0,,,
2015-06-20,1,2015-07-01,Other 15,1,5223.0,seasonal_naive,4000.0,4000.0,,,
2015-06-20,1,2015-07-02,Other 15,1,5558.0,seasonal_naive,4645.0,4645.0,,,
2015-06-20,1,2015-07-03,Other 15,1,4665.0,seasonal_naive,4202.0,4202.0,,,
2015-06-20,1,2015-07-04,Other 15,1,4797.0,seasonal_naive,4256.0,4256.0,,,
2015-06-20,1,2015-07-05,Other 15,0,0.0,seasonal_naive,0.0,0.0,,,
2015-06-20,1,2015-07-06,Other 15,1,4359.0,seasonal_naive,5518.0,5518.0,,,
2015-06-20,1,2015-07-07,Other 15,1,3650.0,seasonal_naive,4852.0,4852.0,,,
2015-06-20,1,2015-07-08,Other 15,1,3797.0,seasonal_naive,4000.0,4000.0,,,
2015-06-20,1,2015-07-09,Other 15,1,3897.0,seasonal_naive,4645.0,4645.0,,,
2015-06-20,1,2015-07-10,Other 15,1,3808.0,seasonal_naive,4202.0,4202.0,,,
2015-06-20,1,2015-07-11,Other 15,1,3530.0,seasonal_naive,4256.0,4256.0,,,
2015-06-20,1,2015-07-12,Other 15,0,0.0,seasonal_naive,0.0,0.0,,,
2015-06-20,1,2015-07-13,Other 15,1,5054.0,seasonal_naive,5518.0,5518.0,,,
2015-06-20,1,2015-07-14,Other 15,1,5042.0,seasonal_naive,4852.0,4852.0,,,
2015-06-20,1,2015-07-15,Other 15,1,4767.0,seasonal_naive,4000.0,4000.0,,,
2015-06-20,1,2015-07-16,Other 15,1,4427.0,seasonal_naive,4645.0,4645.0,,,
2015-06-20,1,2015-07-17,Other 15,1,4852.0,seasonal_naive,4202.0,4202.0,,,
2015-06-20,1,2015-07-18,Other 15,1,4406.0,seasonal_naive,4256.0,4256.0,,,
2015-06-20,1,2015-07-19,Other 15,0,0.0,seasonal_naive,0.0,0.0,,,
2015-06-20,1,2015-07-20,Other 15,1,4395.0,seasonal_naive,5518.0,5518.0,,,
2015-06-20,1,2015-07-21,Other 15,1,3558.0,seasonal_naive,4852.0,4852.0,,,
2015-06-20,1,2015-07-22,Other 15,1,3464.0,seasonal_naive,4000.0,4000.0,,,
2015-06-20,1,2015-07-23,Other 15,1,3769.0,seasonal_naive,4645.0,4645.0,,,
2015-06-20,1,2015-07-24,Other 15,1,3706.0,seasonal_naive,4202.0,4202.0,,,
2015-06-20,1,2015-07-25,Other 15,1,4364.0,seasonal_naive,4256.0,4256.0,,,
2015-06-20,1,2015-07-26,Other 15,0,0.0,seasonal_naive,0.0,0.0,,,
2015-06-20,1,2015-07-27,Other 15,1,6102.0,seasonal_naive,5518.0,5518.0,,,
2015-06-20,1,2015-07-28,Other 15,1,5011.0,seasonal_naive,4852.0,4852.0,,,
2015-06-20,1,2015-07-29,Other 15,1,4782.0,seasonal_naive,4000.0,4000.0,,,
2015-06-20,1,2015-07-30,Other 15,1,5020.0,seasonal_naive,4645.0,4645.0,,,
2015-06-20,1,2015-07-31,Other 15,1,5263.0,seasonal_naive,4202.0,4202.0,,,
2015-06-20,1,2015-06-20,Other 15,1,4097.0,weekday_mean,4731.375,4731.375,,,
2015-06-20,1,2015-06-21,Other 15,0,0.0,weekday_mean,0.0,0.0,,,
2015-06-20,1,2015-06-22,Other 15,1,3846.0,weekday_mean,4420.0,4420.0,,,
2015-06-20,1,2015-06-23,Other 15,1,3762.0,weekday_mean,4645.0,4645.0,,,
2015-06-20,1,2015-06-24,Other 15,1,3346.0,weekday_mean,4618.875,4618.875,,,
2015-06-20,1,2015-06-25,Other 15,1,3533.0,weekday_mean,3361.875,3361.875,,,
2015-06-20,1,2015-06-26,Other 15,1,3317.0,weekday_mean,3907.125,3907.125,,,
2015-06-20,1,2015-06-27,Other 15,1,4019.0,weekday_mean,4731.375,4731.375,,,
2015-06-20,1,2015-06-28,Other 15,0,0.0,weekday_mean,0.0,0.0,,,
2015-06-20,1,2015-06-29,Other 15,1,5197.0,weekday_mean,4420.0,4420.0,,,
2015-06-20,1,2015-06-30,Other 15,1,5735.0,weekday_mean,4645.0,4645.0,,,
2015-06-20,1,2015-07-01,Other 15,1,5223.0,weekday_mean,4618.875,4618.875,,,
2015-06-20,1,2015-07-02,Other 15,1,5558.0,weekday_mean,3361.875,3361.875,,,
2015-06-20,1,2015-07-03,Other 15,1,4665.0,weekday_mean,3907.125,3907.125,,,
2015-06-20,1,2015-07-04,Other 15,1,4797.0,weekday_mean,4731.375,4731.375,,,
2015-06-20,1,2015-07-05,Other 15,0,0.0,weekday_mean,0.0,0.0,,,
2015-06-20,1,2015-07-06,Other 15,1,4359.0,weekday_mean,4420.0,4420.0,,,
2015-06-20,1,2015-07-07,Other 15,1,3650.0,weekday_mean,4645.0,4645.0,,,
2015-06-20,1,2015-07-08,Other 15,1,3797.0,weekday_mean,4618.875,4618.875,,,
2015-06-20,1,2015-07-09,Other 15,1,3897.0,weekday_mean,3361.875,3361.875,,,
2015-06-20,1,2015-07-10,Other 15,1,3808.0,weekday_mean,3907.125,3907.125,,,
2015-06-20,1,2015-07-11,Other 15,1,3530.0,weekday_mean,4731.375,4731.375,,,
2015-06-20,1,2015-07-12,Other 15,0,0.0,weekday_mean,0.0,0.0,,,
2015-06-20,1,2015-07-13,Other 15,1,5054.0,weekday_mean,4420.0,4420.0,,,
2015-06-20,1,2015-07-14,Other 15,1,5042.0,weekday_mean,4645.0,4645.0,,,
2015-06-20,1,2015-07-15,Other 15,1,4767.0,weekday_mean,4618.875,4618.875,,,
2015-06-20,1,2015-07-16,Other 15,1,4427.0,weekday_mean,3361.875,3361.875,,,
2015-06-20,1,2015-07-17,Other 15,1,4852.0,weekday_mean,3907.125,3907.125,,,
2015-06-20,1,2015-07-18,Other 15,1,4406.0,weekday_mean,4731.375,4731.375,,,
2015-06-20,1,2015-07-19,Other 15,0,0.0,weekday_mean,0.0,0.0,,,
2015-06-20,1,2015-07-20,Other 15,1,4395.0,weekday_mean,4420.0,4420.0,,,
2015-06-20,1,2015-07-21,Other 15,1,3558.0,weekday_mean,4645.0,4645.0,,,
2015-06-20,1,2015-07-22,Other 15,1,3464.0,weekday_mean,4618.875,4618.875,,,
2015-06-20,1,2015-07-23,Other 15,1,3769.0,weekday_mean,3361.875,3361.875,,,
2015-06-20,1,2015-07-24,Other 15,1,3706.0,weekday_mean,3907.125,3907.125,,,
2015-06-20,1,2015-07-25,Other 15,1,4364.0,weekday_mean,4731.375,4731.375,,,
2015-06-20,1,2015-07-26,Other 15,0,0.0,weekday_mean,0.0,0.0,,,
2015-06-20,1,2015-07-27,Other 15,1,6102.0,weekday_mean,4420.0,4420.0,,,
2015-06-20,1,2015-07-28,Other 15,1,5011.0,weekday_mean,4645.0,4645.0,,,
2015-06-20,1,2015-07-29,Other 15,1,4782.0,weekday_mean,4618.875,4618.875,,,
2015-06-20,1,2015-07-30,Other 15,1,5020.0,weekday_mean,3361.875,3361.875,,,
2015-06-20,1,2015-07-31,Other 15,1,5263.0,weekday_mean,3907.125,3907.125,,,
2015-06-20,1,2015-06-20,Other 15,1,4097.0,timesfm,4405.6826171875,4405.6826171875,2617.048095703125,5390.70361328125,5908.34375
2015-06-20,1,2015-06-21,Other 15,0,0.0,timesfm,921.356689453125,0.0,0.0,0.0,0.0
2015-06-20,1,2015-06-22,Other 15,1,3846.0,timesfm,4054.935302734375,4054.935302734375,2238.87646484375,5036.5498046875,5496.046875
2015-06-20,1,2015-06-23,Other 15,1,3762.0,timesfm,4571.44482421875,4571.44482421875,2833.815673828125,5394.486328125,5849.236328125
2015-06-20,1,2015-06-24,Other 15,1,3346.0,timesfm,4634.44873046875,4634.44873046875,3029.031005859375,5402.1904296875,5817.6787109375
2015-06-20,1,2015-06-25,Other 15,1,3533.0,timesfm,4144.556640625,4144.556640625,2561.3408203125,4909.83447265625,5323.271484375
2015-06-20,1,2015-06-26,Other 15,1,3317.0,timesfm,4351.17578125,4351.17578125,2631.028564453125,5150.54736328125,5557.509765625
2015-06-20,1,2015-06-27,Other 15,1,4019.0,timesfm,4624.22998046875,4624.22998046875,2816.03125,5453.541015625,5952.32568359375
2015-06-20,1,2015-06-28,Other 15,0,0.0,timesfm,914.137451171875,0.0,0.0,0.0,0.0
2015-06-20,1,2015-06-29,Other 15,1,5197.0,timesfm,4128.6279296875,4128.6279296875,2215.506103515625,4914.14013671875,5445.4736328125
2015-06-20,1,2015-06-30,Other 15,1,5735.0,timesfm,4586.05810546875,4586.05810546875,2747.65869140625,5384.32421875,5842.6728515625
2015-06-20,1,2015-07-01,Other 15,1,5223.0,timesfm,4495.685546875,4495.685546875,2866.862548828125,5261.9580078125,5753.26416015625
2015-06-20,1,2015-07-02,Other 15,1,5558.0,timesfm,4106.92578125,4106.92578125,2494.264892578125,4881.45166015625,5384.564453125
2015-06-20,1,2015-07-03,Other 15,1,4665.0,timesfm,4463.30859375,4463.30859375,2667.477783203125,5241.76025390625,5675.0341796875
2015-06-20,1,2015-07-04,Other 15,1,4797.0,timesfm,4482.884765625,4482.884765625,2564.65576171875,5332.6171875,5819.3125
2015-06-20,1,2015-07-05,Other 15,0,0.0,timesfm,907.79931640625,0.0,0.0,0.0,0.0
2015-06-20,1,2015-07-06,Other 15,1,4359.0,timesfm,4090.140380859375,4090.140380859375,2100.771484375,4931.41552734375,5484.8076171875
2015-06-20,1,2015-07-07,Other 15,1,3650.0,timesfm,4537.1435546875,4537.1435546875,2640.423095703125,5413.17822265625,5869.5087890625
2015-06-20,1,2015-07-08,Other 15,1,3797.0,timesfm,4583.68310546875,4583.68310546875,2666.626708984375,5399.6181640625,5957.3740234375
2015-06-20,1,2015-07-09,Other 15,1,3897.0,timesfm,4073.85888671875,4073.85888671875,2198.360107421875,4933.6201171875,5509.75732421875
2015-06-20,1,2015-07-10,Other 15,1,3808.0,timesfm,4314.8154296875,4314.8154296875,2247.076904296875,5258.25390625,5740.0126953125
2015-06-20,1,2015-07-11,Other 15,1,3530.0,timesfm,4527.38330078125,4527.38330078125,2427.74169921875,5509.13623046875,6130.0009765625
2015-06-20,1,2015-07-12,Other 15,0,0.0,timesfm,945.33349609375,0.0,0.0,0.0,0.0
2015-06-20,1,2015-07-13,Other 15,1,5054.0,timesfm,4269.72021484375,4269.72021484375,2057.1220703125,5236.486328125,5905.57568359375
2015-06-20,1,2015-07-14,Other 15,1,5042.0,timesfm,4591.7509765625,4591.7509765625,2474.9345703125,5587.43017578125,6175.70166015625
2015-06-20,1,2015-07-15,Other 15,1,4767.0,timesfm,4613.4384765625,4613.4384765625,2576.161865234375,5546.861328125,6246.572265625
2015-06-20,1,2015-07-16,Other 15,1,4427.0,timesfm,4231.0966796875,4231.0966796875,2255.989501953125,5160.64697265625,5769.3076171875
2015-06-20,1,2015-07-17,Other 15,1,4852.0,timesfm,4392.75390625,4392.75390625,2315.14892578125,5328.541015625,5981.07373046875
2015-06-20,1,2015-07-18,Other 15,1,4406.0,timesfm,4600.72705078125,4600.72705078125,2426.80859375,5615.30859375,6301.57275390625
2015-06-20,1,2015-07-19,Other 15,0,0.0,timesfm,1040.82861328125,0.0,0.0,0.0,0.0
2015-06-20,1,2015-07-20,Other 15,1,4395.0,timesfm,4216.1416015625,4216.1416015625,1904.2659912109373,5304.65087890625,5977.99853515625
2015-06-20,1,2015-07-21,Other 15,1,3558.0,timesfm,4659.00830078125,4659.00830078125,2420.874267578125,5660.6533203125,6378.4638671875
2015-06-20,1,2015-07-22,Other 15,1,3464.0,timesfm,4704.26513671875,4704.26513671875,2578.13037109375,5663.0126953125,6362.99267578125
2015-06-20,1,2015-07-23,Other 15,1,3769.0,timesfm,4314.404296875,4314.404296875,2233.11279296875,5287.92529296875,6028.5322265625
2015-06-20,1,2015-07-24,Other 15,1,3706.0,timesfm,4466.72021484375,4466.72021484375,2271.80322265625,5406.849609375,6205.0244140625
2015-06-20,1,2015-07-25,Other 15,1,4364.0,timesfm,4573.421875,4573.421875,2280.516357421875,5682.93896484375,6460.9501953125
2015-06-20,1,2015-07-26,Other 15,0,0.0,timesfm,1176.8238525390625,0.0,0.0,0.0,0.0
2015-06-20,1,2015-07-27,Other 15,1,6102.0,timesfm,4362.5146484375,4362.5146484375,1993.693359375,5566.5087890625,6363.6982421875
2015-06-20,1,2015-07-28,Other 15,1,5011.0,timesfm,4688.6044921875,4688.6044921875,2395.984130859375,5829.9619140625,6615.66015625
2015-06-20,1,2015-07-29,Other 15,1,4782.0,timesfm,4658.501953125,4658.501953125,2403.667724609375,5677.9794921875,6457.90087890625
2015-06-20,1,2015-07-30,Other 15,1,5020.0,timesfm,4338.7158203125,4338.7158203125,2144.365234375,5384.05615234375,6244.154296875
2015-06-20,1,2015-07-31,Other 15,1,5263.0,timesfm,4443.73046875,4443.73046875,2100.58740234375,5536.2041015625,6328.8232421875
2015-06-20,2,2015-06-20,Other 15,1,3020.0,seasonal_naive,2574.0,2574.0,,,
2015-06-20,2,2015-06-21,Other 15,0,0.0,seasonal_naive,0.0,0.0,,,
2015-06-20,2,2015-06-22,Other 15,1,4123.0,seasonal_naive,8106.0,8106.0,,,
2015-06-20,2,2015-06-23,Other 15,1,4094.0,seasonal_naive,6243.0,6243.0,,,
2015-06-20,2,2015-06-24,Other 15,1,4805.0,seasonal_naive,6924.0,6924.0,,,
2015-06-20,2,2015-06-25,Other 15,1,4022.0,seasonal_naive,5154.0,5154.0,,,
2015-06-20,2,2015-06-26,Other 15,1,3953.0,seasonal_naive,4926.0,4926.0,,,
2015-06-20,2,2015-06-27,Other 15,1,2404.0,seasonal_naive,2574.0,2574.0,,,
2015-06-20,2,2015-06-28,Other 15,0,0.0,seasonal_naive,0.0,0.0,,,
2015-06-20,2,2015-06-29,Other 15,1,7961.0,seasonal_naive,8106.0,8106.0,,,
2015-06-20,2,2015-06-30,Other 15,1,9863.0,seasonal_naive,6243.0,6243.0,,,
2015-06-20,2,2015-07-01,Other 15,1,6431.0,seasonal_naive,6924.0,6924.0,,,
2015-06-20,2,2015-07-02,Other 15,1,6189.0,seasonal_naive,5154.0,5154.0,,,
2015-06-20,2,2015-07-03,Other 15,1,4838.0,seasonal_naive,4926.0,4926.0,,,
2015-06-20,2,2015-07-04,Other 15,1,4475.0,seasonal_naive,2574.0,2574.0,,,
2015-06-20,2,2015-07-05,Other 15,0,0.0,seasonal_naive,0.0,0.0,,,
2015-06-20,2,2015-07-06,Other 15,1,4132.0,seasonal_naive,8106.0,8106.0,,,
2015-06-20,2,2015-07-07,Other 15,1,4313.0,seasonal_naive,6243.0,6243.0,,,
2015-06-20,2,2015-07-08,Other 15,1,5676.0,seasonal_naive,6924.0,6924.0,,,
2015-06-20,2,2015-07-09,Other 15,1,4082.0,seasonal_naive,5154.0,5154.0,,,
2015-06-20,2,2015-07-10,Other 15,1,4384.0,seasonal_naive,4926.0,4926.0,,,
2015-06-20,2,2015-07-11,Other 15,1,2677.0,seasonal_naive,2574.0,2574.0,,,
2015-06-20,2,2015-07-12,Other 15,0,0.0,seasonal_naive,0.0,0.0,,,
2015-06-20,2,2015-07-13,Other 15,1,6874.0,seasonal_naive,8106.0,8106.0,,,
2015-06-20,2,2015-07-14,Other 15,1,6122.0,seasonal_naive,6243.0,6243.0,,,
2015-06-20,2,2015-07-15,Other 15,1,6406.0,seasonal_naive,6924.0,6924.0,,,
2015-06-20,2,2015-07-16,Other 15,1,5062.0,seasonal_naive,5154.0,5154.0,,,
2015-06-20,2,2015-07-17,Other 15,1,4518.0,seasonal_naive,4926.0,4926.0,,,
2015-06-20,2,2015-07-18,Other 15,1,3417.0,seasonal_naive,2574.0,2574.0,,,
2015-06-20,2,2015-07-19,Other 15,0,0.0,seasonal_naive,0.0,0.0,,,
2015-06-20,2,2015-07-20,Other 15,1,4435.0,seasonal_naive,8106.0,8106.0,,,
2015-06-20,2,2015-07-21,Other 15,1,3836.0,seasonal_naive,6243.0,6243.0,,,
2015-06-20,2,2015-07-22,Other 15,1,5093.0,seasonal_naive,6924.0,6924.0,,,
2015-06-20,2,2015-07-23,Other 15,1,4108.0,seasonal_naive,5154.0,5154.0,,,
2015-06-20,2,2015-07-24,Other 15,1,3854.0,seasonal_naive,4926.0,4926.0,,,
2015-06-20,2,2015-07-25,Other 15,1,2512.0,seasonal_naive,2574.0,2574.0,,,
2015-06-20,2,2015-07-26,Other 15,0,0.0,seasonal_naive,0.0,0.0,,,
2015-06-20,2,2015-07-27,Other 15,1,6627.0,seasonal_naive,8106.0,8106.0,,,
2015-06-20,2,2015-07-28,Other 15,1,5671.0,seasonal_naive,6243.0,6243.0,,,
2015-06-20,2,2015-07-29,Other 15,1,6402.0,seasonal_naive,6924.0,6924.0,,,
2015-06-20,2,2015-07-30,Other 15,1,5567.0,seasonal_naive,5154.0,5154.0,,,
2015-06-20,2,2015-07-31,Other 15,1,6064.0,seasonal_naive,4926.0,4926.0,,,
2015-06-20,2,2015-06-20,Other 15,1,3020.0,weekday_mean,2931.625,2931.625,,,
2015-06-20,2,2015-06-21,Other 15,0,0.0,weekday_mean,0.0,0.0,,,
2015-06-20,2,2015-06-22,Other 15,1,4123.0,weekday_mean,5584.5,5584.5,,,
2015-06-20,2,2015-06-23,Other 15,1,4094.0,weekday_mean,5751.25,5751.25,,,
2015-06-20,2,2015-06-24,Other 15,1,4805.0,weekday_mean,6176.75,6176.75,,,
2015-06-20,2,2015-06-25,Other 15,1,4022.0,weekday_mean,4618.75,4618.75,,,
2015-06-20,2,2015-06-26,Other 15,1,3953.0,weekday_mean,4191.875,4191.875,,,
2015-06-20,2,2015-06-27,Other 15,1,2404.0,weekday_mean,2931.625,2931.625,,,
2015-06-20,2,2015-06-28,Other 15,0,0.0,weekday_mean,0.0,0.0,,,
2015-06-20,2,2015-06-29,Other 15,1,7961.0,weekday_mean,5584.5,5584.5,,,
2015-06-20,2,2015-06-30,Other 15,1,9863.0,weekday_mean,5751.25,5751.25,,,
2015-06-20,2,2015-07-01,Other 15,1,6431.0,weekday_mean,6176.75,6176.75,,,
2015-06-20,2,2015-07-02,Other 15,1,6189.0,weekday_mean,4618.75,4618.75,,,
2015-06-20,2,2015-07-03,Other 15,1,4838.0,weekday_mean,4191.875,4191.875,,,
2015-06-20,2,2015-07-04,Other 15,1,4475.0,weekday_mean,2931.625,2931.625,,,
2015-06-20,2,2015-07-05,Other 15,0,0.0,weekday_mean,0.0,0.0,,,
2015-06-20,2,2015-07-06,Other 15,1,4132.0,weekday_mean,5584.5,5584.5,,,
2015-06-20,2,2015-07-07,Other 15,1,4313.0,weekday_mean,5751.25,5751.25,,,
2015-06-20,2,2015-07-08,Other 15,1,5676.0,weekday_mean,6176.75,6176.75,,,
2015-06-20,2,2015-07-09,Other 15,1,4082.0,weekday_mean,4618.75,4618.75,,,
2015-06-20,2,2015-07-10,Other 15,1,4384.0,weekday_mean,4191.875,4191.875,,,
2015-06-20,2,2015-07-11,Other 15,1,2677.0,weekday_mean,2931.625,2931.625,,,
2015-06-20,2,2015-07-12,Other 15,0,0.0,weekday_mean,0.0,0.0,,,
2015-06-20,2,2015-07-13,Other 15,1,6874.0,weekday_mean,5584.5,5584.5,,,
2015-06-20,2,2015-07-14,Other 15,1,6122.0,weekday_mean,5751.25,5751.25,,,
2015-06-20,2,2015-07-15,Other 15,1,6406.0,weekday_mean,6176.75,6176.75,,,
2015-06-20,2,2015-07-16,Other 15,1,5062.0,weekday_mean,4618.75,4618.75,,,
2015-06-20,2,2015-07-17,Other 15,1,4518.0,weekday_mean,4191.875,4191.875,,,
2015-06-20,2,2015-07-18,Other 15,1,3417.0,weekday_mean,2931.625,2931.625,,,
2015-06-20,2,2015-07-19,Other 15,0,0.0,weekday_mean,0.0,0.0,,,
2015-06-20,2,2015-07-20,Other 15,1,4435.0,weekday_mean,5584.5,5584.5,,,
2015-06-20,2,2015-07-21,Other 15,1,3836.0,weekday_mean,5751.25,5751.25,,,
2015-06-20,2,2015-07-22,Other 15,1,5093.0,weekday_mean,6176.75,6176.75,,,
2015-06-20,2,2015-07-23,Other 15,1,4108.0,weekday_mean,4618.75,4618.75,,,
2015-06-20,2,2015-07-24,Other 15,1,3854.0,weekday_mean,4191.875,4191.875,,,
2015-06-20,2,2015-07-25,Other 15,1,2512.0,weekday_mean,2931.625,2931.625,,,
2015-06-20,2,2015-07-26,Other 15,0,0.0,weekday_mean,0.0,0.0,,,
2015-06-20,2,2015-07-27,Other 15,1,6627.0,weekday_mean,5584.5,5584.5,,,
2015-06-20,2,2015-07-28,Other 15,1,5671.0,weekday_mean,5751.25,5751.25,,,
2015-06-20,2,2015-07-29,Other 15,1,6402.0,weekday_mean,6176.75,6176.75,,,
2015-06-20,2,2015-07-30,Other 15,1,5567.0,weekday_mean,4618.75,4618.75,,,
2015-06-20,2,2015-07-31,Other 15,1,6064.0,weekday_mean,4191.875,4191.875,,,
2015-06-20,2,2015-06-20,Other 15,1,3020.0,timesfm,2832.09423828125,2832.09423828125,1153.89892578125,3868.571044921875,4461.2158203125
2015-06-20,2,2015-06-21,Other 15,0,0.0,timesfm,0.0,0.0,0.0,0.0,0.0
2015-06-20,2,2015-06-22,Other 15,1,4123.0,timesfm,4436.7626953125,4436.7626953125,2685.00146484375,5565.42822265625,6177.513671875
2015-06-20,2,2015-06-23,Other 15,1,4094.0,timesfm,5420.89990234375,5420.89990234375,3704.05712890625,6424.859375,7076.55078125
2015-06-20,2,2015-06-24,Other 15,1,4805.0,timesfm,5867.97265625,5867.97265625,4270.494140625,6801.578125,7450.3349609375
2015-06-20,2,2015-06-25,Other 15,1,4022.0,timesfm,4601.28759765625,4601.28759765625,3094.76904296875,5483.9580078125,6110.33154296875
2015-06-20,2,2015-06-26,Other 15,1,3953.0,timesfm,4486.0595703125,4486.0595703125,2916.59765625,5361.8759765625,5930.5400390625
2015-06-20,2,2015-06-27,Other 15,1,2404.0,timesfm,2749.612548828125,2749.612548828125,1066.633056640625,3633.121826171875,4296.20751953125
2015-06-20,2,2015-06-28,Other 15,0,0.0,timesfm,0.0,0.0,0.0,0.0,0.0
2015-06-20,2,2015-06-29,Other 15,1,7961.0,timesfm,4622.78271484375,4622.78271484375,2775.66943359375,5552.21484375,6230.841796875
2015-06-20,2,2015-06-30,Other 15,1,9863.0,timesfm,5600.3193359375,5600.3193359375,3792.9140625,6538.44287109375,7179.6201171875
2015-06-20,2,2015-07-01,Other 15,1,6431.0,timesfm,5924.37548828125,5924.37548828125,4161.41748046875,6832.97900390625,7489.09765625
2015-06-20,2,2015-07-02,Other 15,1,6189.0,timesfm,4781.99609375,4781.99609375,3125.840576171875,5720.296875,6324.1865234375
2015-06-20,2,2015-07-03,Other 15,1,4838.0,timesfm,4647.4462890625,4647.4462890625,2821.86962890625,5569.3505859375,6093.8994140625
2015-06-20,2,2015-07-04,Other 15,1,4475.0,timesfm,2786.261474609375,2786.261474609375,972.070556640625,3815.8330078125,4392.57568359375
2015-06-20,2,2015-07-05,Other 15,0,0.0,timesfm,0.0,0.0,0.0,0.0,0.0
2015-06-20,2,2015-07-06,Other 15,1,4132.0,timesfm,4541.48974609375,4541.48974609375,2617.582763671875,5521.3173828125,6175.09375
2015-06-20,2,2015-07-07,Other 15,1,4313.0,timesfm,5554.5595703125,5554.5595703125,3739.584716796875,6651.4287109375,7178.673828125
2015-06-20,2,2015-07-08,Other 15,1,5676.0,timesfm,5882.744140625,5882.744140625,4157.0322265625,6886.23583984375,7543.9111328125
2015-06-20,2,2015-07-09,Other 15,1,4082.0,timesfm,4694.6787109375,4694.6787109375,3078.44189453125,5700.27685546875,6420.119140625
2015-06-20,2,2015-07-10,Other 15,1,4384.0,timesfm,4491.5146484375,4491.5146484375,2748.1181640625,5500.4443359375,6139.7109375
2015-06-20,2,2015-07-11,Other 15,1,2677.0,timesfm,2641.609375,2641.609375,875.830078125,3731.425537109375,4425.8291015625
2015-06-20,2,2015-07-12,Other 15,0,0.0,timesfm,0.0,0.0,0.0,0.0,0.0
2015-06-20,2,2015-07-13,Other 15,1,6874.0,timesfm,4591.86328125,4591.86328125,2623.068359375,5545.515625,6273.7041015625
2015-06-20,2,2015-07-14,Other 15,1,6122.0,timesfm,5356.3974609375,5356.3974609375,3459.257568359375,6295.9296875,7003.388671875
2015-06-20,2,2015-07-15,Other 15,1,6406.0,timesfm,5899.91796875,5899.91796875,4150.69677734375,6813.5185546875,7659.9013671875
2015-06-20,2,2015-07-16,Other 15,1,5062.0,timesfm,4710.09326171875,4710.09326171875,3016.12548828125,5691.01708984375,6400.474609375
2015-06-20,2,2015-07-17,Other 15,1,4518.0,timesfm,4650.677734375,4650.677734375,2891.96533203125,5607.7783203125,6312.80029296875
2015-06-20,2,2015-07-18,Other 15,1,3417.0,timesfm,2895.89111328125,2895.89111328125,1051.9609375,3903.269775390625,4628.45068359375
2015-06-20,2,2015-07-19,Other 15,0,0.0,timesfm,0.0,0.0,0.0,0.0,0.0
2015-06-20,2,2015-07-20,Other 15,1,4435.0,timesfm,4624.21240234375,4624.21240234375,2617.7626953125,5631.8955078125,6349.47802734375
2015-06-20,2,2015-07-21,Other 15,1,3836.0,timesfm,5467.0869140625,5467.0869140625,3547.07958984375,6463.2177734375,7136.3125
2015-06-20,2,2015-07-22,Other 15,1,5093.0,timesfm,5955.294921875,5955.294921875,4151.0234375,6919.2412109375,7597.46240234375
2015-06-20,2,2015-07-23,Other 15,1,4108.0,timesfm,4639.95166015625,4639.95166015625,2861.851806640625,5673.63134765625,6357.91357421875
2015-06-20,2,2015-07-24,Other 15,1,3854.0,timesfm,4473.0205078125,4473.0205078125,2517.91455078125,5434.2724609375,6133.140625
2015-06-20,2,2015-07-25,Other 15,1,2512.0,timesfm,2805.8486328125,2805.8486328125,798.454833984375,3865.40380859375,4631.474609375
2015-06-20,2,2015-07-26,Other 15,0,0.0,timesfm,0.0,0.0,0.0,0.0,0.0
2015-06-20,2,2015-07-27,Other 15,1,6627.0,timesfm,4691.09912109375,4691.09912109375,2544.333740234375,5841.5947265625,6598.955078125
2015-06-20,2,2015-07-28,Other 15,1,5671.0,timesfm,5434.90576171875,5434.90576171875,3403.652099609375,6575.15087890625,7320.31689453125
2015-06-20,2,2015-07-29,Other 15,1,6402.0,timesfm,5887.04052734375,5887.04052734375,3903.527099609375,6971.4345703125,7704.80078125
2015-06-20,2,2015-07-30,Other 15,1,5567.0,timesfm,4789.78759765625,4789.78759765625,2931.214599609375,5855.3251953125,6632.865234375
2015-06-20,2,2015-07-31,Other 15,1,6064.0,timesfm,4657.810546875,4657.810546875,2749.935791015625,5820.41796875,6520.083984375
2015-06-20,3,2015-06-20,Other 15,1,3891.0,seasonal_naive,4687.0,4687.0,,,
2015-06-20,3,2015-06-21,Other 15,0,0.0,seasonal_naive,0.0,0.0,,,
2015-06-20,3,2015-06-22,Other 15,1,5840.0,seasonal_naive,10818.0,10818.0,,,
2015-06-20,3,2015-06-23,Other 15,1,6757.0,seasonal_naive,9780.0,9780.0,,,
2015-06-20,3,2015-06-24,Other 15,1,5448.0,seasonal_naive,8524.0,8524.0,,,
2015-06-20,3,2015-06-25,Other 15,1,5763.0,seasonal_naive,7537.0,7537.0,,,
2015-06-20,3,2015-06-26,Other 15,1,6222.0,seasonal_naive,8074.0,8074.0,,,
2015-06-20,3,2015-06-27,Other 15,1,5156.0,seasonal_naive,4687.0,4687.0,,,
2015-06-20,3,2015-06-28,Other 15,0,0.0,seasonal_naive,0.0,0.0,,,
2015-06-20,3,2015-06-29,Other 15,1,10243.0,seasonal_naive,10818.0,10818.0,,,
2015-06-20,3,2015-06-30,Other 15,1,13261.0,seasonal_naive,9780.0,9780.0,,,
2015-06-20,3,2015-07-01,Other 15,1,8311.0,seasonal_naive,8524.0,8524.0,,,
2015-06-20,3,2015-07-02,Other 15,1,7450.0,seasonal_naive,7537.0,7537.0,,,
2015-06-20,3,2015-07-03,Other 15,1,8149.0,seasonal_naive,8074.0,8074.0,,,
2015-06-20,3,2015-07-04,Other 15,1,4482.0,seasonal_naive,4687.0,4687.0,,,
2015-06-20,3,2015-07-05,Other 15,0,0.0,seasonal_naive,0.0,0.0,,,
2015-06-20,3,2015-07-06,Other 15,1,6736.0,seasonal_naive,10818.0,10818.0,,,
2015-06-20,3,2015-07-07,Other 15,1,6180.0,seasonal_naive,9780.0,9780.0,,,
2015-06-20,3,2015-07-08,Other 15,1,6347.0,seasonal_naive,8524.0,8524.0,,,
2015-06-20,3,2015-07-09,Other 15,1,6613.0,seasonal_naive,7537.0,7537.0,,,
2015-06-20,3,2015-07-10,Other 15,1,6316.0,seasonal_naive,8074.0,8074.0,,,
2015-06-20,3,2015-07-11,Other 15,1,4011.0,seasonal_naive,4687.0,4687.0,,,
2015-06-20,3,2015-07-12,Other 15,0,0.0,seasonal_naive,0.0,0.0,,,
2015-06-20,3,2015-07-13,Other 15,1,9462.0,seasonal_naive,10818.0,10818.0,,,
2015-06-20,3,2015-07-14,Other 15,1,8625.0,seasonal_naive,9780.0,9780.0,,,
2015-06-20,3,2015-07-15,Other 15,1,8663.0,seasonal_naive,8524.0,8524.0,,,
2015-06-20,3,2015-07-16,Other 15,1,7909.0,seasonal_naive,7537.0,7537.0,,,
2015-06-20,3,2015-07-17,Other 15,1,6679.0,seasonal_naive,8074.0,8074.0,,,
2015-06-20,3,2015-07-18,Other 15,1,4258.0,seasonal_naive,4687.0,4687.0,,,
2015-06-20,3,2015-07-19,Other 15,0,0.0,seasonal_naive,0.0,0.0,,,
2015-06-20,3,2015-07-20,Other 15,1,5798.0,seasonal_naive,10818.0,10818.0,,,
2015-06-20,3,2015-07-21,Other 15,1,5600.0,seasonal_naive,9780.0,9780.0,,,
2015-06-20,3,2015-07-22,Other 15,1,5414.0,seasonal_naive,8524.0,8524.0,,,
2015-06-20,3,2015-07-23,Other 15,1,5702.0,seasonal_naive,7537.0,7537.0,,,
2015-06-20,3,2015-07-24,Other 15,1,5080.0,seasonal_naive,8074.0,8074.0,,,
2015-06-20,3,2015-07-25,Other 15,1,3878.0,seasonal_naive,4687.0,4687.0,,,
2015-06-20,3,2015-07-26,Other 15,0,0.0,seasonal_naive,0.0,0.0,,,
2015-06-20,3,2015-07-27,Other 15,1,8107.0,seasonal_naive,10818.0,10818.0,,,
2015-06-20,3,2015-07-28,Other 15,1,8864.0,seasonal_naive,9780.0,9780.0,,,
2015-06-20,3,2015-07-29,Other 15,1,7610.0,seasonal_naive,8524.0,8524.0,,,
2015-06-20,3,2015-07-30,Other 15,1,8977.0,seasonal_naive,7537.0,7537.0,,,
2015-06-20,3,2015-07-31,Other 15,1,8314.0,seasonal_naive,8074.0,8074.0,,,
2015-06-20,3,2015-06-20,Other 15,1,3891.0,weekday_mean,4946.75,4946.75,,,
2015-06-20,3,2015-06-21,Other 15,0,0.0,weekday_mean,0.0,0.0,,,
2015-06-20,3,2015-06-22,Other 15,1,5840.0,weekday_mean,7968.875,7968.875,,,
2015-06-20,3,2015-06-23,Other 15,1,6757.0,weekday_mean,8256.625,8256.625,,,
2015-06-20,3,2015-06-24,Other 15,1,5448.0,weekday_mean,7987.75,7987.75,,,
2015-06-20,3,2015-06-25,Other 15,1,5763.0,weekday_mean,5628.25,5628.25,,,
2015-06-20,3,2015-06-26,Other 15,1,6222.0,weekday_mean,6913.5,6913.5,,,
2015-06-20,3,2015-06-27,Other 15,1,5156.0,weekday_mean,4946.75,4946.75,,,
2015-06-20,3,2015-06-28,Other 15,0,0.0,weekday_mean,0.0,0.0,,,
2015-06-20,3,2015-06-29,Other 15,1,10243.0,weekday_mean,7968.875,7968.875,,,
2015-06-20,3,2015-06-30,Other 15,1,13261.0,weekday_mean,8256.625,8256.625,,,
2015-06-20,3,2015-07-01,Other 15,1,8311.0,weekday_mean,7987.75,7987.75,,,
2015-06-20,3,2015-07-02,Other 15,1,7450.0,weekday_mean,5628.25,5628.25,,,
2015-06-20,3,2015-07-03,Other 15,1,8149.0,weekday_mean,6913.5,6913.5,,,
2015-06-20,3,2015-07-04,Other 15,1,4482.0,weekday_mean,4946.75,4946.75,,,
2015-06-20,3,2015-07-05,Other 15,0,0.0,weekday_mean,0.0,0.0,,,
2015-06-20,3,2015-07-06,Other 15,1,6736.0,weekday_mean,7968.875,7968.875,,,
2015-06-20,3,2015-07-07,Other 15,1,6180.0,weekday_mean,8256.625,8256.625,,,
2015-06-20,3,2015-07-08,Other 15,1,6347.0,weekday_mean,7987.75,7987.75,,,
2015-06-20,3,2015-07-09,Other 15,1,6613.0,weekday_mean,5628.25,5628.25,,,
2015-06-20,3,2015-07-10,Other 15,1,6316.0,weekday_mean,6913.5,6913.5,,,
2015-06-20,3,2015-07-11,Other 15,1,4011.0,weekday_mean,4946.75,4946.75,,,
2015-06-20,3,2015-07-12,Other 15,0,0.0,weekday_mean,0.0,0.0,,,
2015-06-20,3,2015-07-13,Other 15,1,9462.0,weekday_mean,7968.875,7968.875,,,
2015-06-20,3,2015-07-14,Other 15,1,8625.0,weekday_mean,8256.625,8256.625,,,
2015-06-20,3,2015-07-15,Other 15,1,8663.0,weekday_mean,7987.75,7987.75,,,
2015-06-20,3,2015-07-16,Other 15,1,7909.0,weekday_mean,5628.25,5628.25,,,
2015-06-20,3,2015-07-17,Other 15,1,6679.0,weekday_mean,6913.5,6913.5,,,
2015-06-20,3,2015-07-18,Other 15,1,4258.0,weekday_mean,4946.75,4946.75,,,
2015-06-20,3,2015-07-19,Other 15,0,0.0,weekday_mean,0.0,0.0,,,
2015-06-20,3,2015-07-20,Other 15,1,5798.0,weekday_mean,7968.875,7968.875,,,
2015-06-20,3,2015-07-21,Other 15,1,5600.0,weekday_mean,8256.625,8256.625,,,
2015-06-20,3,2015-07-22,Other 15,1,5414.0,weekday_mean,7987.75,7987.75,,,
2015-06-20,3,2015-07-23,Other 15,1,5702.0,weekday_mean,5628.25,5628.25,,,
2015-06-20,3,2015-07-24,Other 15,1,5080.0,weekday_mean,6913.5,6913.5,,,
2015-06-20,3,2015-07-25,Other 15,1,3878.0,weekday_mean,4946.75,4946.75,,,
2015-06-20,3,2015-07-26,Other 15,0,0.0,weekday_mean,0.0,0.0,,,
2015-06-20,3,2015-07-27,Other 15,1,8107.0,weekday_mean,7968.875,7968.875,,,
2015-06-20,3,2015-07-28,Other 15,1,8864.0,weekday_mean,8256.625,8256.625,,,
2015-06-20,3,2015-07-29,Other 15,1,7610.0,weekday_mean,7987.75,7987.75,,,
2015-06-20,3,2015-07-30,Other 15,1,8977.0,weekday_mean,5628.25,5628.25,,,
2015-06-20,3,2015-07-31,Other 15,1,8314.0,weekday_mean,6913.5,6913.5,,,
2015-06-20,3,2015-06-20,Other 15,1,3891.0,timesfm,4477.9208984375,4477.9208984375,1597.374267578125,6138.67724609375,7025.53466796875
2015-06-20,3,2015-06-21,Other 15,0,0.0,timesfm,0.0,0.0,0.0,0.0,0.0
2015-06-20,3,2015-06-22,Other 15,1,5840.0,timesfm,7156.630859375,7156.630859375,4083.20263671875,9008.34375,9898.9423828125
2015-06-20,3,2015-06-23,Other 15,1,6757.0,timesfm,8156.849609375,8156.849609375,4955.65234375,9924.673828125,11034.4189453125
2015-06-20,3,2015-06-24,Other 15,1,5448.0,timesfm,7810.986328125,7810.986328125,4690.96826171875,9666.794921875,10716.140625
2015-06-20,3,2015-06-25,Other 15,1,5763.0,timesfm,6461.658203125,6461.658203125,3403.768798828125,8227.21484375,9276.6337890625
2015-06-20,3,2015-06-26,Other 15,1,6222.0,timesfm,7374.3125,7374.3125,4385.50341796875,9054.4140625,9989.7861328125
2015-06-20,3,2015-06-27,Other 15,1,5156.0,timesfm,4672.9013671875,4672.9013671875,1688.470458984375,6307.0927734375,7363.994140625
2015-06-20,3,2015-06-28,Other 15,0,0.0,timesfm,0.0,0.0,0.0,0.0,0.0
2015-06-20,3,2015-06-29,Other 15,1,10243.0,timesfm,7321.6962890625,7321.6962890625,4026.54931640625,8944.587890625,10058.6328125
2015-06-20,3,2015-06-30,Other 15,1,13261.0,timesfm,8225.8125,8225.8125,4913.52880859375,10067.544921875,11029.166015625
2015-06-20,3,2015-07-01,Other 15,1,8311.0,timesfm,7803.6171875,7803.6171875,4515.9140625,9620.45703125,10799.5830078125
2015-06-20,3,2015-07-02,Other 15,1,7450.0,timesfm,6731.17529296875,6731.17529296875,3638.69287109375,8565.083984375,9627.1015625
2015-06-20,3,2015-07-03,Other 15,1,8149.0,timesfm,7522.0537109375,7522.0537109375,4293.58984375,9162.9970703125,10043.2822265625
2015-06-20,3,2015-07-04,Other 15,1,4482.0,timesfm,4792.1748046875,4792.1748046875,1760.228759765625,6444.287109375,7409.91015625
2015-06-20,3,2015-07-05,Other 15,0,0.0,timesfm,0.0,0.0,0.0,0.0,0.0
2015-06-20,3,2015-07-06,Other 15,1,6736.0,timesfm,7272.16015625,7272.16015625,4131.99365234375,8926.40234375,9908.25390625
2015-06-20,3,2015-07-07,Other 15,1,6180.0,timesfm,8405.56640625,8405.56640625,5151.3740234375,10226.56640625,11190.46875
2015-06-20,3,2015-07-08,Other 15,1,6347.0,timesfm,8007.69921875,8007.69921875,4742.00830078125,9842.82421875,10917.638671875
2015-06-20,3,2015-07-09,Other 15,1,6613.0,timesfm,6572.3134765625,6572.3134765625,3537.32373046875,8409.6201171875,9594.771484375
2015-06-20,3,2015-07-10,Other 15,1,6316.0,timesfm,7406.0966796875,7406.0966796875,4178.1201171875,9152.8623046875,10114.205078125
2015-06-20,3,2015-07-11,Other 15,1,4011.0,timesfm,4667.7421875,4667.7421875,1491.494384765625,6321.8955078125,7374.9189453125
2015-06-20,3,2015-07-12,Other 15,0,0.0,timesfm,0.0,0.0,0.0,0.0,0.0
2015-06-20,3,2015-07-13,Other 15,1,9462.0,timesfm,7444.7529296875,7444.7529296875,3907.666015625,9083.115234375,10277.5185546875
2015-06-20,3,2015-07-14,Other 15,1,8625.0,timesfm,8148.21435546875,8148.21435546875,4643.4697265625,9965.52734375,11071.693359375
2015-06-20,3,2015-07-15,Other 15,1,8663.0,timesfm,7875.10546875,7875.10546875,4460.150390625,9810.0498046875,11078.66796875
2015-06-20,3,2015-07-16,Other 15,1,7909.0,timesfm,6695.9873046875,6695.9873046875,3446.05615234375,8633.337890625,9672.8203125
2015-06-20,3,2015-07-17,Other 15,1,6679.0,timesfm,7625.8642578125,7625.8642578125,4259.60693359375,9388.0380859375,10475.82421875
2015-06-20,3,2015-07-18,Other 15,1,4258.0,timesfm,4737.1689453125,4737.1689453125,1565.79296875,6496.36572265625,7479.41943359375
2015-06-20,3,2015-07-19,Other 15,0,0.0,timesfm,0.0,0.0,0.0,0.0,0.0
2015-06-20,3,2015-07-20,Other 15,1,5798.0,timesfm,7105.99072265625,7105.99072265625,3682.3330078125,8808.3408203125,9804.9306640625
2015-06-20,3,2015-07-21,Other 15,1,5600.0,timesfm,8152.1962890625,8152.1962890625,4714.072265625,10017.578125,11108.0126953125
2015-06-20,3,2015-07-22,Other 15,1,5414.0,timesfm,8038.2021484375,8038.2021484375,4513.1533203125,9859.904296875,11082.328125
2015-06-20,3,2015-07-23,Other 15,1,5702.0,timesfm,6915.02099609375,6915.02099609375,3380.93359375,8816.0302734375,9993.1884765625
2015-06-20,3,2015-07-24,Other 15,1,5080.0,timesfm,7568.9990234375,7568.9990234375,3897.67529296875,9228.1875,10461.4970703125
2015-06-20,3,2015-07-25,Other 15,1,3878.0,timesfm,4803.2841796875,4803.2841796875,1318.711181640625,6658.9931640625,7820.45166015625
2015-06-20,3,2015-07-26,Other 15,0,0.0,timesfm,0.0,0.0,0.0,0.0,0.0
2015-06-20,3,2015-07-27,Other 15,1,8107.0,timesfm,7455.28173828125,7455.28173828125,3689.0693359375,9366.53125,10541.1767578125
2015-06-20,3,2015-07-28,Other 15,1,8864.0,timesfm,8249.6767578125,8249.6767578125,4392.732421875,10320.79296875,11521.828125
2015-06-20,3,2015-07-29,Other 15,1,7610.0,timesfm,7744.6357421875,7744.6357421875,3775.178955078125,9873.515625,11160.232421875
2015-06-20,3,2015-07-30,Other 15,1,8977.0,timesfm,6595.5830078125,6595.5830078125,2840.150634765625,8632.6787109375,10014.64453125
2015-06-20,3,2015-07-31,Other 15,1,8314.0,timesfm,7208.4501953125,7208.4501953125,3461.0224609375,9231.966796875,10493.759765625
2015-06-20,4,2015-06-20,Other 15,1,9374.0,seasonal_naive,9779.0,9779.0,,,
2015-06-20,4,2015-06-21,Other 15,0,0.0,seasonal_naive,0.0,0.0,,,
2015-06-20,4,2015-06-22,Other 15,1,9118.0,seasonal_naive,12398.0,12398.0,,,
2015-06-20,4,2015-06-23,Other 15,1,7635.0,seasonal_naive,10671.0,10671.0,,,
2015-06-20,4,2015-06-24,Other 15,1,8048.0,seasonal_naive,9685.0,9685.0,,,
2015-06-20,4,2015-06-25,Other 15,1,7111.0,seasonal_naive,8880.0,8880.0,,,
2015-06-20,4,2015-06-26,Other 15,1,7684.0,seasonal_naive,9686.0,9686.0,,,
2015-06-20,4,2015-06-27,Other 15,1,8989.0,seasonal_naive,9779.0,9779.0,,,
2015-06-20,4,2015-06-28,Other 15,0,0.0,seasonal_naive,0.0,0.0,,,
2015-06-20,4,2015-06-29,Other 15,1,11692.0,seasonal_naive,12398.0,12398.0,,,
2015-06-20,4,2015-06-30,Other 15,1,13106.0,seasonal_naive,10671.0,10671.0,,,
2015-06-20,4,2015-07-01,Other 15,1,11216.0,seasonal_naive,9685.0,9685.0,,,
2015-06-20,4,2015-07-02,Other 15,1,10323.0,seasonal_naive,8880.0,8880.0,,,
2015-06-20,4,2015-07-03,Other 15,1,11543.0,seasonal_naive,9686.0,9686.0,,,
2015-06-20,4,2015-07-04,Other 15,1,9358.0,seasonal_naive,9779.0,9779.0,,,
2015-06-20,4,2015-07-05,Other 15,0,0.0,seasonal_naive,0.0,0.0,,,
2015-06-20,4,2015-07-06,Other 15,1,9967.0,seasonal_naive,12398.0,12398.0,,,
2015-06-20,4,2015-07-07,Other 15,1,8127.0,seasonal_naive,10671.0,10671.0,,,
2015-06-20,4,2015-07-08,Other 15,1,8620.0,seasonal_naive,9685.0,9685.0,,,
2015-06-20,4,2015-07-09,Other 15,1,9093.0,seasonal_naive,8880.0,8880.0,,,
2015-06-20,4,2015-07-10,Other 15,1,9177.0,seasonal_naive,9686.0,9686.0,,,
2015-06-20,4,2015-07-11,Other 15,1,10996.0,seasonal_naive,9779.0,9779.0,,,
2015-06-20,4,2015-07-12,Other 15,0,0.0,seasonal_naive,0.0,0.0,,,
2015-06-20,4,2015-07-13,Other 15,1,13550.0,seasonal_naive,12398.0,12398.0,,,
2015-06-20,4,2015-07-14,Other 15,1,12315.0,seasonal_naive,10671.0,10671.0,,,
2015-06-20,4,2015-07-15,Other 15,1,11126.0,seasonal_naive,9685.0,9685.0,,,
2015-06-20,4,2015-07-16,Other 15,1,11432.0,seasonal_naive,8880.0,8880.0,,,
2015-06-20,4,2015-07-17,Other 15,1,10514.0,seasonal_naive,9686.0,9686.0,,,
2015-06-20,4,2015-07-18,Other 15,1,9703.0,seasonal_naive,9779.0,9779.0,,,
2015-06-20,4,2015-07-19,Other 15,0,0.0,seasonal_naive,0.0,0.0,,,
2015-06-20,4,2015-07-20,Other 15,1,10283.0,seasonal_naive,12398.0,12398.0,,,
2015-06-20,4,2015-07-21,Other 15,1,9176.0,seasonal_naive,10671.0,10671.0,,,
2015-06-20,4,2015-07-22,Other 15,1,8503.0,seasonal_naive,9685.0,9685.0,,,
2015-06-20,4,2015-07-23,Other 15,1,7286.0,seasonal_naive,8880.0,8880.0,,,
2015-06-20,4,2015-07-24,Other 15,1,8322.0,seasonal_naive,9686.0,9686.0,,,
2015-06-20,4,2015-07-25,Other 15,1,9322.0,seasonal_naive,9779.0,9779.0,,,
2015-06-20,4,2015-07-26,Other 15,0,0.0,seasonal_naive,0.0,0.0,,,
2015-06-20,4,2015-07-27,Other 15,1,11812.0,seasonal_naive,12398.0,12398.0,,,
2015-06-20,4,2015-07-28,Other 15,1,10275.0,seasonal_naive,10671.0,10671.0,,,
2015-06-20,4,2015-07-29,Other 15,1,10514.0,seasonal_naive,9685.0,9685.0,,,
2015-06-20,4,2015-07-30,Other 15,1,10387.0,seasonal_naive,8880.0,8880.0,,,
2015-06-20,4,2015-07-31,Other 15,1,13995.0,seasonal_naive,9686.0,9686.0,,,
2015-06-20,4,2015-06-20,Other 15,1,9374.0,weekday_mean,10402.125,10402.125,,,
2015-06-20,4,2015-06-21,Other 15,0,0.0,weekday_mean,0.0,0.0,,,
2015-06-20,4,2015-06-22,Other 15,1,9118.0,weekday_mean,9914.875,9914.875,,,
2015-06-20,4,2015-06-23,Other 15,1,7635.0,weekday_mean,9786.125,9786.125,,,
2015-06-20,4,2015-06-24,Other 15,1,8048.0,weekday_mean,9524.625,9524.625,,,
2015-06-20,4,2015-06-25,Other 15,1,7111.0,weekday_mean,8746.25,8746.25,,,
2015-06-20,4,2015-06-26,Other 15,1,7684.0,weekday_mean,8607.25,8607.25,,,
2015-06-20,4,2015-06-27,Other 15,1,8989.0,weekday_mean,10402.125,10402.125,,,
2015-06-20,4,2015-06-28,Other 15,0,0.0,weekday_mean,0.0,0.0,,,
2015-06-20,4,2015-06-29,Other 15,1,11692.0,weekday_mean,9914.875,9914.875,,,
2015-06-20,4,2015-06-30,Other 15,1,13106.0,weekday_mean,9786.125,9786.125,,,
2015-06-20,4,2015-07-01,Other 15,1,11216.0,weekday_mean,9524.625,9524.625,,,
2015-06-20,4,2015-07-02,Other 15,1,10323.0,weekday_mean,8746.25,8746.25,,,
2015-06-20,4,2015-07-03,Other 15,1,11543.0,weekday_mean,8607.25,8607.25,,,
2015-06-20,4,2015-07-04,Other 15,1,9358.0,weekday_mean,10402.125,10402.125,,,
2015-06-20,4,2015-07-05,Other 15,0,0.0,weekday_mean,0.0,0.0,,,
2015-06-20,4,2015-07-06,Other 15,1,9967.0,weekday_mean,9914.875,9914.875,,,
2015-06-20,4,2015-07-07,Other 15,1,8127.0,weekday_mean,9786.125,9786.125,,,
2015-06-20,4,2015-07-08,Other 15,1,8620.0,weekday_mean,9524.625,9524.625,,,
2015-06-20,4,2015-07-09,Other 15,1,9093.0,weekday_mean,8746.25,8746.25,,,
2015-06-20,4,2015-07-10,Other 15,1,9177.0,weekday_mean,8607.25,8607.25,,,
2015-06-20,4,2015-07-11,Other 15,1,10996.0,weekday_mean,10402.125,10402.125,,,
2015-06-20,4,2015-07-12,Other 15,0,0.0,weekday_mean,0.0,0.0,,,
2015-06-20,4,2015-07-13,Other 15,1,13550.0,weekday_mean,9914.875,9914.875,,,
2015-06-20,4,2015-07-14,Other 15,1,12315.0,weekday_mean,9786.125,9786.125,,,
2015-06-20,4,2015-07-15,Other 15,1,11126.0,weekday_mean,9524.625,9524.625,,,
2015-06-20,4,2015-07-16,Other 15,1,11432.0,weekday_mean,8746.25,8746.25,,,
2015-06-20,4,2015-07-17,Other 15,1,10514.0,weekday_mean,8607.25,8607.25,,,
2015-06-20,4,2015-07-18,Other 15,1,9703.0,weekday_mean,10402.125,10402.125,,,
2015-06-20,4,2015-07-19,Other 15,0,0.0,weekday_mean,0.0,0.0,,,
2015-06-20,4,2015-07-20,Other 15,1,10283.0,weekday_mean,9914.875,9914.875,,,
2015-06-20,4,2015-07-21,Other 15,1,9176.0,weekday_mean,9786.125,9786.125,,,
2015-06-20,4,2015-07-22,Other 15,1,8503.0,weekday_mean,9524.625,9524.625,,,
2015-06-20,4,2015-07-23,Other 15,1,7286.0,weekday_mean,8746.25,8746.25,,,
2015-06-20,4,2015-07-24,Other 15,1,8322.0,weekday_mean,8607.25,8607.25,,,
2015-06-20,4,2015-07-25,Other 15,1,9322.0,weekday_mean,10402.125,10402.125,,,
2015-06-20,4,2015-07-26,Other 15,0,0.0,weekday_mean,0.0,0.0,,,
2015-06-20,4,2015-07-27,Other 15,1,11812.0,weekday_mean,9914.875,9914.875,,,
2015-06-20,4,2015-07-28,Other 15,1,10275.0,weekday_mean,9786.125,9786.125,,,
2015-06-20,4,2015-07-29,Other 15,1,10514.0,weekday_mean,9524.625,9524.625,,,
2015-06-20,4,2015-07-30,Other 15,1,10387.0,weekday_mean,8746.25,8746.25,,,
2015-06-20,4,2015-07-31,Other 15,1,13995.0,weekday_mean,8607.25,8607.25,,,
2015-06-20,4,2015-06-20,Other 15,1,9374.0,timesfm,9825.9091796875,9825.9091796875,6252.3837890625,11855.453125,13032.19921875
2015-06-20,4,2015-06-21,Other 15,0,0.0,timesfm,1463.625,0.0,0.0,0.0,0.0
2015-06-20,4,2015-06-22,Other 15,1,9118.0,timesfm,8520.5673828125,8520.5673828125,4917.01171875,10590.744140625,11682.046875
2015-06-20,4,2015-06-23,Other 15,1,7635.0,timesfm,9827.1494140625,9827.1494140625,6388.173828125,11607.1474609375,12707.59765625
2015-06-20,4,2015-06-24,Other 15,1,8048.0,timesfm,9631.029296875,9631.029296875,6500.26171875,11319.505859375,12358.173828125
2015-06-20,4,2015-06-25,Other 15,1,7111.0,timesfm,9173.978515625,9173.978515625,6086.3173828125,10880.087890625,11906.84375
2015-06-20,4,2015-06-26,Other 15,1,7684.0,timesfm,9307.484375,9307.484375,5904.13720703125,11145.3388671875,12145.59765625
2015-06-20,4,2015-06-27,Other 15,1,8989.0,timesfm,10000.6630859375,10000.6630859375,6424.66357421875,11932.5986328125,13139.041015625
2015-06-20,4,2015-06-28,Other 15,0,0.0,timesfm,1567.1962890625,0.0,0.0,0.0,0.0
2015-06-20,4,2015-06-29,Other 15,1,11692.0,timesfm,8820.3916015625,8820.3916015625,5040.14794921875,10686.7099609375,11961.919921875
2015-06-20,4,2015-06-30,Other 15,1,13106.0,timesfm,9961.689453125,9961.689453125,6273.7705078125,11789.6220703125,12939.708984375
2015-06-20,4,2015-07-01,Other 15,1,11216.0,timesfm,9491.9501953125,9491.9501953125,6245.4609375,11283.6455078125,12503.900390625
2015-06-20,4,2015-07-02,Other 15,1,10323.0,timesfm,9180.4951171875,9180.4951171875,5883.2265625,10960.560546875,12238.0
2015-06-20,4,2015-07-03,Other 15,1,11543.0,timesfm,9532.783203125,9532.783203125,5872.2216796875,11360.390625,12511.8681640625
2015-06-20,4,2015-07-04,Other 15,1,9358.0,timesfm,9847.01953125,9847.01953125,5802.71240234375,11820.115234375,13064.33203125
2015-06-20,4,2015-07-05,Other 15,0,0.0,timesfm,1363.80517578125,0.0,0.0,0.0,0.0
2015-06-20,4,2015-07-06,Other 15,1,9967.0,timesfm,8544.669921875,8544.669921875,4378.72412109375,10561.5703125,11985.7109375
2015-06-20,4,2015-07-07,Other 15,1,8127.0,timesfm,9685.0361328125,9685.0361328125,5796.564453125,11715.9423828125,12944.927734375
2015-06-20,4,2015-07-08,Other 15,1,8620.0,timesfm,9451.6064453125,9451.6064453125,5577.1533203125,11402.671875,12757.12109375
2015-06-20,4,2015-07-09,Other 15,1,9093.0,timesfm,8887.3212890625,8887.3212890625,5111.234375,10872.607421875,12303.77734375
2015-06-20,4,2015-07-10,Other 15,1,9177.0,timesfm,9139.794921875,9139.794921875,4991.1015625,11384.380859375,12653.724609375
2015-06-20,4,2015-07-11,Other 15,1,10996.0,timesfm,9680.2705078125,9680.2705078125,5458.5166015625,11928.5078125,13555.8984375
2015-06-20,4,2015-07-12,Other 15,0,0.0,timesfm,1375.7236328125,0.0,0.0,0.0,0.0
2015-06-20,4,2015-07-13,Other 15,1,13550.0,timesfm,8934.59375,8934.59375,4474.654296875,11109.587890625,12783.7431640625
2015-06-20,4,2015-07-14,Other 15,1,12315.0,timesfm,9912.6953125,9912.6953125,5635.0556640625,12102.9189453125,13639.6298828125
2015-06-20,4,2015-07-15,Other 15,1,11126.0,timesfm,9523.8193359375,9523.8193359375,5510.56591796875,11563.8037109375,13270.076171875
2015-06-20,4,2015-07-16,Other 15,1,11432.0,timesfm,9161.58203125,9161.58203125,5217.4150390625,11265.6904296875,12686.0126953125
2015-06-20,4,2015-07-17,Other 15,1,10514.0,timesfm,9254.458984375,9254.458984375,5080.55712890625,11328.791015625,12949.3671875
2015-06-20,4,2015-07-18,Other 15,1,9703.0,timesfm,9852.27734375,9852.27734375,5469.74365234375,12156.693359375,13888.46875
2015-06-20,4,2015-07-19,Other 15,0,0.0,timesfm,1622.2021484375,0.0,0.0,0.0,0.0
2015-06-20,4,2015-07-20,Other 15,1,10283.0,timesfm,8891.6142578125,8891.6142578125,4201.53076171875,11371.6728515625,13003.82421875
2015-06-20,4,2015-07-21,Other 15,1,9176.0,timesfm,9994.51953125,9994.51953125,5510.259765625,12263.404296875,13901.8095703125
2015-06-20,4,2015-07-22,Other 15,1,8503.0,timesfm,9743.361328125,9743.361328125,5472.04052734375,11857.1259765625,13496.6953125
2015-06-20,4,2015-07-23,Other 15,1,7286.0,timesfm,9272.126953125,9272.126953125,5130.009765625,11452.15234375,13165.2529296875
2015-06-20,4,2015-07-24,Other 15,1,8322.0,timesfm,9193.0703125,9193.0703125,4808.552734375,11356.2734375,13241.40625
2015-06-20,4,2015-07-25,Other 15,1,9322.0,timesfm,9744.0625,9744.0625,5080.45654296875,12221.953125,14060.482421875
2015-06-20,4,2015-07-26,Other 15,0,0.0,timesfm,1731.0458984375,0.0,0.0,0.0,0.0
2015-06-20,4,2015-07-27,Other 15,1,11812.0,timesfm,9009.7470703125,9009.7470703125,4211.302734375,11688.8203125,13555.412109375
2015-06-20,4,2015-07-28,Other 15,1,10275.0,timesfm,9882.8154296875,9882.8154296875,5230.06201171875,12418.6728515625,14270.8828125
2015-06-20,4,2015-07-29,Other 15,1,10514.0,timesfm,9501.3974609375,9501.3974609375,4995.40966796875,11775.546875,13601.265625
2015-06-20,4,2015-07-30,Other 15,1,10387.0,timesfm,9314.9013671875,9314.9013671875,4833.9091796875,11639.892578125,13617.5908203125
2015-06-20,4,2015-07-31,Other 15,1,13995.0,timesfm,9460.3857421875,9460.3857421875,4733.14453125,11949.00390625,13770.25
2015-06-20,5,2015-06-20,Other 15,1,2088.0,seasonal_naive,2156.0,2156.0,,,
2015-06-20,5,2015-06-21,Other 15,0,0.0,seasonal_naive,0.0,0.0,,,
2015-06-20,5,2015-06-22,Other 15,1,3827.0,seasonal_naive,7808.0,7808.0,,,
2015-06-20,5,2015-06-23,Other 15,1,3697.0,seasonal_naive,6354.0,6354.0,,,
2015-06-20,5,2015-06-24,Other 15,1,4134.0,seasonal_naive,5632.0,5632.0,,,
2015-06-20,5,2015-06-25,Other 15,1,3325.0,seasonal_naive,4924.0,4924.0,,,
2015-06-20,5,2015-06-26,Other 15,1,3799.0,seasonal_naive,5711.0,5711.0,,,
2015-06-20,5,2015-06-27,Other 15,1,1876.0,seasonal_naive,2156.0,2156.0,,,
2015-06-20,5,2015-06-28,Other 15,0,0.0,seasonal_naive,0.0,0.0,,,
2015-06-20,5,2015-06-29,Other 15,1,7623.0,seasonal_naive,7808.0,7808.0,,,
2015-06-20,5,2015-06-30,Other 15,1,6635.0,seasonal_naive,6354.0,6354.0,,,
2015-06-20,5,2015-07-01,Other 15,1,6253.0,seasonal_naive,5632.0,5632.0,,,
2015-06-20,5,2015-07-02,Other 15,1,6035.0,seasonal_naive,4924.0,4924.0,,,
2015-06-20,5,2015-07-03,Other 15,1,4475.0,seasonal_naive,5711.0,5711.0,,,
2015-06-20,5,2015-07-04,Other 15,1,2240.0,seasonal_naive,2156.0,2156.0,,,
2015-06-20,5,2015-07-05,Other 15,0,0.0,seasonal_naive,0.0,0.0,,,
2015-06-20,5,2015-07-06,Other 15,1,4328.0,seasonal_naive,7808.0,7808.0,,,
2015-06-20,5,2015-07-07,Other 15,1,4036.0,seasonal_naive,6354.0,6354.0,,,
2015-06-20,5,2015-07-08,Other 15,1,4990.0,seasonal_naive,5632.0,5632.0,,,
2015-06-20,5,2015-07-09,Other 15,1,4601.0,seasonal_naive,4924.0,4924.0,,,
2015-06-20,5,2015-07-10,Other 15,1,4252.0,seasonal_naive,5711.0,5711.0,,,
2015-06-20,5,2015-07-11,Other 15,1,2023.0,seasonal_naive,2156.0,2156.0,,,
2015-06-20,5,2015-07-12,Other 15,0,0.0,seasonal_naive,0.0,0.0,,,
2015-06-20,5,2015-07-13,Other 15,1,7425.0,seasonal_naive,7808.0,7808.0,,,
2015-06-20,5,2015-07-14,Other 15,1,6144.0,seasonal_naive,6354.0,6354.0,,,
2015-06-20,5,2015-07-15,Other 15,1,6323.0,seasonal_naive,5632.0,5632.0,,,
2015-06-20,5,2015-07-16,Other 15,1,4963.0,seasonal_naive,4924.0,4924.0,,,
2015-06-20,5,2015-07-17,Other 15,1,4355.0,seasonal_naive,5711.0,5711.0,,,
2015-06-20,5,2015-07-18,Other 15,1,2108.0,seasonal_naive,2156.0,2156.0,,,
2015-06-20,5,2015-07-19,Other 15,0,0.0,seasonal_naive,0.0,0.0,,,
2015-06-20,5,2015-07-20,Other 15,1,4183.0,seasonal_naive,7808.0,7808.0,,,
2015-06-20,5,2015-07-21,Other 15,1,3497.0,seasonal_naive,6354.0,6354.0,,,
2015-06-20,5,2015-07-22,Other 15,1,3595.0,seasonal_naive,5632.0,5632.0,,,
2015-06-20,5,2015-07-23,Other 15,1,3713.0,seasonal_naive,4924.0,4924.0,,,
2015-06-20,5,2015-07-24,Other 15,1,3815.0,seasonal_naive,5711.0,5711.0,,,
2015-06-20,5,2015-07-25,Other 15,1,2030.0,seasonal_naive,2156.0,2156.0,,,
2015-06-20,5,2015-07-26,Other 15,0,0.0,seasonal_naive,0.0,0.0,,,
2015-06-20,5,2015-07-27,Other 15,1,7059.0,seasonal_naive,7808.0,7808.0,,,
2015-06-20,5,2015-07-28,Other 15,1,6083.0,seasonal_naive,6354.0,6354.0,,,
2015-06-20,5,2015-07-29,Other 15,1,5899.0,seasonal_naive,5632.0,5632.0,,,
2015-06-20,5,2015-07-30,Other 15,1,4943.0,seasonal_naive,4924.0,4924.0,,,
2015-06-20,5,2015-07-31,Other 15,1,4822.0,seasonal_naive,5711.0,5711.0,,,
2015-06-20,5,2015-06-20,Other 15,1,2088.0,weekday_mean,2278.25,2278.25,,,
2015-06-20,5,2015-06-21,Other 15,0,0.0,weekday_mean,0.0,0.0,,,
2015-06-20,5,2015-06-22,Other 15,1,3827.0,weekday_mean,5787.875,5787.875,,,
2015-06-20,5,2015-06-23,Other 15,1,3697.0,weekday_mean,5507.25,5507.25,,,
2015-06-20,5,2015-06-24,Other 15,1,4134.0,weekday_mean,5403.625,5403.625,,,
2015-06-20,5,2015-06-25,Other 15,1,3325.0,weekday_mean,4387.75,4387.75,,,
2015-06-20,5,2015-06-26,Other 15,1,3799.0,weekday_mean,4520.5,4520.5,,,
2015-06-20,5,2015-06-27,Other 15,1,1876.0,weekday_mean,2278.25,2278.25,,,
2015-06-20,5,2015-06-28,Other 15,0,0.0,weekday_mean,0.0,0.0,,,
2015-06-20,5,2015-06-29,Other 15,1,7623.0,weekday_mean,5787.875,5787.875,,,
2015-06-20,5,2015-06-30,Other 15,1,6635.0,weekday_mean,5507.25,5507.25,,,
2015-06-20,5,2015-07-01,Other 15,1,6253.0,weekday_mean,5403.625,5403.625,,,
2015-06-20,5,2015-07-02,Other 15,1,6035.0,weekday_mean,4387.75,4387.75,,,
2015-06-20,5,2015-07-03,Other 15,1,4475.0,weekday_mean,4520.5,4520.5,,,
2015-06-20,5,2015-07-04,Other 15,1,2240.0,weekday_mean,2278.25,2278.25,,,
2015-06-20,5,2015-07-05,Other 15,0,0.0,weekday_mean,0.0,0.0,,,
2015-06-20,5,2015-07-06,Other 15,1,4328.0,weekday_mean,5787.875,5787.875,,,
2015-06-20,5,2015-07-07,Other 15,1,4036.0,weekday_mean,5507.25,5507.25,,,
2015-06-20,5,2015-07-08,Other 15,1,4990.0,weekday_mean,5403.625,5403.625,,,
2015-06-20,5,2015-07-09,Other 15,1,4601.0,weekday_mean,4387.75,4387.75,,,
2015-06-20,5,2015-07-10,Other 15,1,4252.0,weekday_mean,4520.5,4520.5,,,
2015-06-20,5,2015-07-11,Other 15,1,2023.0,weekday_mean,2278.25,2278.25,,,
2015-06-20,5,2015-07-12,Other 15,0,0.0,weekday_mean,0.0,0.0,,,
2015-06-20,5,2015-07-13,Other 15,1,7425.0,weekday_mean,5787.875,5787.875,,,
2015-06-20,5,2015-07-14,Other 15,1,6144.0,weekday_mean,5507.25,5507.25,,,
2015-06-20,5,2015-07-15,Other 15,1,6323.0,weekday_mean,5403.625,5403.625,,,
2015-06-20,5,2015-07-16,Other 15,1,4963.0,weekday_mean,4387.75,4387.75,,,
2015-06-20,5,2015-07-17,Other 15,1,4355.0,weekday_mean,4520.5,4520.5,,,
2015-06-20,5,2015-07-18,Other 15,1,2108.0,weekday_mean,2278.25,2278.25,,,
2015-06-20,5,2015-07-19,Other 15,0,0.0,weekday_mean,0.0,0.0,,,
2015-06-20,5,2015-07-20,Other 15,1,4183.0,weekday_mean,5787.875,5787.875,,,
2015-06-20,5,2015-07-21,Other 15,1,3497.0,weekday_mean,5507.25,5507.25,,,
2015-06-20,5,2015-07-22,Other 15,1,3595.0,weekday_mean,5403.625,5403.625,,,
2015-06-20,5,2015-07-23,Other 15,1,3713.0,weekday_mean,4387.75,4387.75,,,
2015-06-20,5,2015-07-24,Other 15,1,3815.0,weekday_mean,4520.5,4520.5,,,
2015-06-20,5,2015-07-25,Other 15,1,2030.0,weekday_mean,2278.25,2278.25,,,
2015-06-20,5,2015-07-26,Other 15,0,0.0,weekday_mean,0.0,0.0,,,
2015-06-20,5,2015-07-27,Other 15,1,7059.0,weekday_mean,5787.875,5787.875,,,
2015-06-20,5,2015-07-28,Other 15,1,6083.0,weekday_mean,5507.25,5507.25,,,
2015-06-20,5,2015-07-29,Other 15,1,5899.0,weekday_mean,5403.625,5403.625,,,
2015-06-20,5,2015-07-30,Other 15,1,4943.0,weekday_mean,4387.75,4387.75,,,
2015-06-20,5,2015-07-31,Other 15,1,4822.0,weekday_mean,4520.5,4520.5,,,
2015-06-20,5,2015-06-20,Other 15,1,2088.0,timesfm,2035.9677734375,2035.9677734375,281.62939453125,3115.29296875,3741.004638671875
2015-06-20,5,2015-06-21,Other 15,0,0.0,timesfm,0.0,0.0,0.0,0.0,0.0
2015-06-20,5,2015-06-22,Other 15,1,3827.0,timesfm,5071.65966796875,5071.65966796875,3155.095703125,6300.5537109375,6883.21044921875
2015-06-20,5,2015-06-23,Other 15,1,3697.0,timesfm,5411.0908203125,5411.0908203125,3462.708251953125,6580.10205078125,7249.130859375
2015-06-20,5,2015-06-24,Other 15,1,4134.0,timesfm,5259.8486328125,5259.8486328125,3391.044189453125,6405.146484375,7094.12890625
2015-06-20,5,2015-06-25,Other 15,1,3325.0,timesfm,4747.791015625,4747.791015625,2927.067138671875,5830.6962890625,6457.9677734375
2015-06-20,5,2015-06-26,Other 15,1,3799.0,timesfm,4838.291015625,4838.291015625,3044.12646484375,5900.9453125,6486.9140625
2015-06-20,5,2015-06-27,Other 15,1,1876.0,timesfm,2084.86474609375,2084.86474609375,263.9560546875,3146.935791015625,3796.968994140625
2015-06-20,5,2015-06-28,Other 15,0,0.0,timesfm,127.689208984375,0.0,0.0,0.0,0.0
2015-06-20,5,2015-06-29,Other 15,1,7623.0,timesfm,5237.4287109375,5237.4287109375,3222.828125,6303.82080078125,6977.7822265625
2015-06-20,5,2015-06-30,Other 15,1,6635.0,timesfm,5377.20654296875,5377.20654296875,3371.3984375,6498.45263671875,7152.6064453125
2015-06-20,5,2015-07-01,Other 15,1,6253.0,timesfm,5255.56689453125,5255.56689453125,3279.673095703125,6438.4951171875,7104.57421875
2015-06-20,5,2015-07-02,Other 15,1,6035.0,timesfm,4815.583984375,4815.583984375,2938.888427734375,5997.53466796875,6617.0048828125
2015-06-20,5,2015-07-03,Other 15,1,4475.0,timesfm,4928.2490234375,4928.2490234375,2942.61767578125,5983.40673828125,6547.962890625
2015-06-20,5,2015-07-04,Other 15,1,2240.0,timesfm,2035.3052978515625,2035.3052978515625,119.137451171875,3132.045166015625,3731.629638671875
2015-06-20,5,2015-07-05,Other 15,0,0.0,timesfm,0.0,0.0,0.0,0.0,0.0
2015-06-20,5,2015-07-06,Other 15,1,4328.0,timesfm,5364.4423828125,5364.4423828125,3382.360107421875,6403.52783203125,7133.1357421875
2015-06-20,5,2015-07-07,Other 15,1,4036.0,timesfm,5581.25732421875,5581.25732421875,3617.871337890625,6794.2587890625,7384.00830078125
2015-06-20,5,2015-07-08,Other 15,1,4990.0,timesfm,5467.10546875,5467.10546875,3574.440185546875,6592.974609375,7326.77734375
2015-06-20,5,2015-07-09,Other 15,1,4601.0,timesfm,4847.5517578125,4847.5517578125,2990.8876953125,5979.880859375,6678.3212890625
2015-06-20,5,2015-07-10,Other 15,1,4252.0,timesfm,4851.67431640625,4851.67431640625,2901.167724609375,5924.46630859375,6581.8408203125
2015-06-20,5,2015-07-11,Other 15,1,2023.0,timesfm,2038.3525390625,2038.3525390625,55.35009765625,3204.153076171875,3841.751953125
2015-06-20,5,2015-07-12,Other 15,0,0.0,timesfm,0.0,0.0,0.0,0.0,0.0
2015-06-20,5,2015-07-13,Other 15,1,7425.0,timesfm,5375.11279296875,5375.11279296875,3214.63037109375,6441.53076171875,7202.56103515625
2015-06-20,5,2015-07-14,Other 15,1,6144.0,timesfm,5161.0263671875,5161.0263671875,3053.548583984375,6236.75634765625,6922.169921875
2015-06-20,5,2015-07-15,Other 15,1,6323.0,timesfm,5008.87255859375,5008.87255859375,3059.511474609375,6082.37939453125,6911.80029296875
2015-06-20,5,2015-07-16,Other 15,1,4963.0,timesfm,4574.423828125,4574.423828125,2612.60546875,5659.65673828125,6329.2470703125
2015-06-20,5,2015-07-17,Other 15,1,4355.0,timesfm,4781.1474609375,4781.1474609375,2777.282958984375,5860.00390625,6533.97705078125
2015-06-20,5,2015-07-18,Other 15,1,2108.0,timesfm,2181.603759765625,2181.603759765625,168.065185546875,3275.69482421875,3978.81103515625
2015-06-20,5,2015-07-19,Other 15,0,0.0,timesfm,0.0,0.0,0.0,0.0,0.0
2015-06-20,5,2015-07-20,Other 15,1,4183.0,timesfm,5320.61962890625,5320.61962890625,3087.148193359375,6395.080078125,7066.0751953125
2015-06-20,5,2015-07-21,Other 15,1,3497.0,timesfm,5509.53515625,5509.53515625,3311.986572265625,6611.744140625,7230.5263671875
2015-06-20,5,2015-07-22,Other 15,1,3595.0,timesfm,5437.1025390625,5437.1025390625,3364.630615234375,6540.48828125,7224.005859375
2015-06-20,5,2015-07-23,Other 15,1,3713.0,timesfm,4787.14794921875,4787.14794921875,2656.6162109375,5915.03076171875,6568.7880859375
2015-06-20,5,2015-07-24,Other 15,1,3815.0,timesfm,4819.1455078125,4819.1455078125,2548.750244140625,5860.04931640625,6513.421875
2015-06-20,5,2015-07-25,Other 15,1,2030.0,timesfm,2091.865234375,2091.865234375,0.0,3268.900634765625,3970.220703125
2015-06-20,5,2015-07-26,Other 15,0,0.0,timesfm,0.0,0.0,0.0,0.0,0.0
2015-06-20,5,2015-07-27,Other 15,1,7059.0,timesfm,5540.06494140625,5540.06494140625,3125.49658203125,6796.0986328125,7496.681640625
2015-06-20,5,2015-07-28,Other 15,1,6083.0,timesfm,5535.7177734375,5535.7177734375,3199.147216796875,6796.0498046875,7509.228515625
2015-06-20,5,2015-07-29,Other 15,1,5899.0,timesfm,5126.7119140625,5126.7119140625,2792.854736328125,6375.3486328125,7110.75
2015-06-20,5,2015-07-30,Other 15,1,4943.0,timesfm,4835.18994140625,4835.18994140625,2614.03955078125,6042.064453125,6777.6142578125
2015-06-20,5,2015-07-31,Other 15,1,4822.0,timesfm,4953.830078125,4953.830078125,2726.74560546875,6220.97265625,6898.267578125
2015-06-20,6,2015-06-20,Other 15,1,2793.0,seasonal_naive,2812.0,2812.0,,,
2015-06-20,6,2015-06-21,Other 15,0,0.0,seasonal_naive,0.0,0.0,,,
2015-06-20,6,2015-06-22,Other 15,1,3641.0,seasonal_naive,7147.0,7147.0,,,
2015-06-20,6,2015-06-23,Other 15,1,3829.0,seasonal_naive,5804.0,5804.0,,,
2015-06-20,6,2015-06-24,Other 15,1,3970.0,seasonal_naive,5135.0,5135.0,,,
2015-06-20,6,2015-06-25,Other 15,1,3861.0,seasonal_naive,4405.0,4405.0,,,
2015-06-20,6,2015-06-26,Other 15,1,4215.0,seasonal_naive,5464.0,5464.0,,,
2015-06-20,6,2015-06-27,Other 15,1,3078.0,seasonal_naive,2812.0,2812.0,,,
2015-06-20,6,2015-06-28,Other 15,0,0.0,seasonal_naive,0.0,0.0,,,
2015-06-20,6,2015-06-29,Other 15,1,6995.0,seasonal_naive,7147.0,7147.0,,,
2015-06-20,6,2015-06-30,Other 15,1,7427.0,seasonal_naive,5804.0,5804.0,,,
2015-06-20,6,2015-07-01,Other 15,1,5804.0,seasonal_naive,5135.0,5135.0,,,
2015-06-20,6,2015-07-02,Other 15,1,5335.0,seasonal_naive,4405.0,4405.0,,,
2015-06-20,6,2015-07-03,Other 15,1,4594.0,seasonal_naive,5464.0,5464.0,,,
2015-06-20,6,2015-07-04,Other 15,1,2979.0,seasonal_naive,2812.0,2812.0,,,
2015-06-20,6,2015-07-05,Other 15,0,0.0,seasonal_naive,0.0,0.0,,,
2015-06-20,6,2015-07-06,Other 15,1,4508.0,seasonal_naive,7147.0,7147.0,,,
2015-06-20,6,2015-07-07,Other 15,1,4021.0,seasonal_naive,5804.0,5804.0,,,
2015-06-20,6,2015-07-08,Other 15,1,4072.0,seasonal_naive,5135.0,5135.0,,,
2015-06-20,6,2015-07-09,Other 15,1,4095.0,seasonal_naive,4405.0,4405.0,,,
2015-06-20,6,2015-07-10,Other 15,1,4530.0,seasonal_naive,5464.0,5464.0,,,
2015-06-20,6,2015-07-11,Other 15,1,3134.0,seasonal_naive,2812.0,2812.0,,,
2015-06-20,6,2015-07-12,Other 15,0,0.0,seasonal_naive,0.0,0.0,,,
2015-06-20,6,2015-07-13,Other 15,1,6827.0,seasonal_naive,7147.0,7147.0,,,
2015-06-20,6,2015-07-14,Other 15,1,5758.0,seasonal_naive,5804.0,5804.0,,,
2015-06-20,6,2015-07-15,Other 15,1,4582.0,seasonal_naive,5135.0,5135.0,,,
2015-06-20,6,2015-07-16,Other 15,1,5115.0,seasonal_naive,4405.0,4405.0,,,
2015-06-20,6,2015-07-17,Other 15,1,4422.0,seasonal_naive,5464.0,5464.0,,,
2015-06-20,6,2015-07-18,Other 15,1,2915.0,seasonal_naive,2812.0,2812.0,,,
2015-06-20,6,2015-07-19,Other 15,0,0.0,seasonal_naive,0.0,0.0,,,
2015-06-20,6,2015-07-20,Other 15,1,4301.0,seasonal_naive,7147.0,7147.0,,,
2015-06-20,6,2015-07-21,Other 15,1,3720.0,seasonal_naive,5804.0,5804.0,,,
2015-06-20,6,2015-07-22,Other 15,1,3469.0,seasonal_naive,5135.0,5135.0,,,
2015-06-20,6,2015-07-23,Other 15,1,3482.0,seasonal_naive,4405.0,4405.0,,,
2015-06-20,6,2015-07-24,Other 15,1,3804.0,seasonal_naive,5464.0,5464.0,,,
2015-06-20,6,2015-07-25,Other 15,1,2892.0,seasonal_naive,2812.0,2812.0,,,
2015-06-20,6,2015-07-26,Other 15,0,0.0,seasonal_naive,0.0,0.0,,,
2015-06-20,6,2015-07-27,Other 15,1,5723.0,seasonal_naive,7147.0,7147.0,,,
2015-06-20,6,2015-07-28,Other 15,1,4839.0,seasonal_naive,5804.0,5804.0,,,
2015-06-20,6,2015-07-29,Other 15,1,5275.0,seasonal_naive,5135.0,5135.0,,,
2015-06-20,6,2015-07-30,Other 15,1,4790.0,seasonal_naive,4405.0,4405.0,,,
2015-06-20,6,2015-07-31,Other 15,1,5651.0,seasonal_naive,5464.0,5464.0,,,
2015-06-20,6,2015-06-20,Other 15,1,2793.0,weekday_mean,3208.75,3208.75,,,
2015-06-20,6,2015-06-21,Other 15,0,0.0,weekday_mean,0.0,0.0,,,
2015-06-20,6,2015-06-22,Other 15,1,3641.0,weekday_mean,5487.0,5487.0,,,
2015-06-20,6,2015-06-23,Other 15,1,3829.0,weekday_mean,5319.375,5319.375,,,
2015-06-20,6,2015-06-24,Other 15,1,3970.0,weekday_mean,5371.875,5371.875,,,
2015-06-20,6,2015-06-25,Other 15,1,3861.0,weekday_mean,4582.75,4582.75,,,
2015-06-20,6,2015-06-26,Other 15,1,4215.0,weekday_mean,4528.5,4528.5,,,
2015-06-20,6,2015-06-27,Other 15,1,3078.0,weekday_mean,3208.75,3208.75,,,
2015-06-20,6,2015-06-28,Other 15,0,0.0,weekday_mean,0.0,0.0,,,
2015-06-20,6,2015-06-29,Other 15,1,6995.0,weekday_mean,5487.0,5487.0,,,
2015-06-20,6,2015-06-30,Other 15,1,7427.0,weekday_mean,5319.375,5319.375,,,
2015-06-20,6,2015-07-01,Other 15,1,5804.0,weekday_mean,5371.875,5371.875,,,
2015-06-20,6,2015-07-02,Other 15,1,5335.0,weekday_mean,4582.75,4582.75,,,
2015-06-20,6,2015-07-03,Other 15,1,4594.0,weekday_mean,4528.5,4528.5,,,
2015-06-20,6,2015-07-04,Other 15,1,2979.0,weekday_mean,3208.75,3208.75,,,
2015-06-20,6,2015-07-05,Other 15,0,0.0,weekday_mean,0.0,0.0,,,
2015-06-20,6,2015-07-06,Other 15,1,4508.0,weekday_mean,5487.0,5487.0,,,
2015-06-20,6,2015-07-07,Other 15,1,4021.0,weekday_mean,5319.375,5319.375,,,
2015-06-20,6,2015-07-08,Other 15,1,4072.0,weekday_mean,5371.875,5371.875,,,
2015-06-20,6,2015-07-09,Other 15,1,4095.0,weekday_mean,4582.75,4582.75,,,
2015-06-20,6,2015-07-10,Other 15,1,4530.0,weekday_mean,4528.5,4528.5,,,
2015-06-20,6,2015-07-11,Other 15,1,3134.0,weekday_mean,3208.75,3208.75,,,
2015-06-20,6,2015-07-12,Other 15,0,0.0,weekday_mean,0.0,0.0,,,
2015-06-20,6,2015-07-13,Other 15,1,6827.0,weekday_mean,5487.0,5487.0,,,
2015-06-20,6,2015-07-14,Other 15,1,5758.0,weekday_mean,5319.375,5319.375,,,
2015-06-20,6,2015-07-15,Other 15,1,4582.0,weekday_mean,5371.875,5371.875,,,
2015-06-20,6,2015-07-16,Other 15,1,5115.0,weekday_mean,4582.75,4582.75,,,
2015-06-20,6,2015-07-17,Other 15,1,4422.0,weekday_mean,4528.5,4528.5,,,
2015-06-20,6,2015-07-18,Other 15,1,2915.0,weekday_mean,3208.75,3208.75,,,
2015-06-20,6,2015-07-19,Other 15,0,0.0,weekday_mean,0.0,0.0,,,
2015-06-20,6,2015-07-20,Other 15,1,4301.0,weekday_mean,5487.0,5487.0,,,
2015-06-20,6,2015-07-21,Other 15,1,3720.0,weekday_mean,5319.375,5319.375,,,
2015-06-20,6,2015-07-22,Other 15,1,3469.0,weekday_mean,5371.875,5371.875,,,
2015-06-20,6,2015-07-23,Other 15,1,3482.0,weekday_mean,4582.75,4582.75,,,
2015-06-20,6,2015-07-24,Other 15,1,3804.0,weekday_mean,4528.5,4528.5,,,
2015-06-20,6,2015-07-25,Other 15,1,2892.0,weekday_mean,3208.75,3208.75,,,
2015-06-20,6,2015-07-26,Other 15,0,0.0,weekday_mean,0.0,0.0,,,
2015-06-20,6,2015-07-27,Other 15,1,5723.0,weekday_mean,5487.0,5487.0,,,
2015-06-20,6,2015-07-28,Other 15,1,4839.0,weekday_mean,5319.375,5319.375,,,
2015-06-20,6,2015-07-29,Other 15,1,5275.0,weekday_mean,5371.875,5371.875,,,
2015-06-20,6,2015-07-30,Other 15,1,4790.0,weekday_mean,4582.75,4582.75,,,
2015-06-20,6,2015-07-31,Other 15,1,5651.0,weekday_mean,4528.5,4528.5,,,
2015-06-20,6,2015-06-20,Other 15,1,2793.0,timesfm,3037.400146484375,3037.400146484375,1306.14501953125,4132.76171875,4737.93896484375
2015-06-20,6,2015-06-21,Other 15,0,0.0,timesfm,0.0,0.0,0.0,0.0,0.0
2015-06-20,6,2015-06-22,Other 15,1,3641.0,timesfm,4449.8798828125,4449.8798828125,2545.265380859375,5675.3359375,6225.44140625
2015-06-20,6,2015-06-23,Other 15,1,3829.0,timesfm,5030.4638671875,5030.4638671875,3087.495361328125,6141.16748046875,6805.53076171875
2015-06-20,6,2015-06-24,Other 15,1,3970.0,timesfm,4922.54248046875,4922.54248046875,3205.0439453125,6099.62060546875,6776.3759765625
2015-06-20,6,2015-06-25,Other 15,1,3861.0,timesfm,4513.01025390625,4513.01025390625,2762.453857421875,5514.810546875,6163.66748046875
2015-06-20,6,2015-06-26,Other 15,1,4215.0,timesfm,4887.3505859375,4887.3505859375,3206.0576171875,5865.4130859375,6396.01953125
2015-06-20,6,2015-06-27,Other 15,1,3078.0,timesfm,2928.75732421875,2928.75732421875,1203.80078125,3875.92578125,4519.16357421875
2015-06-20,6,2015-06-28,Other 15,0,0.0,timesfm,0.0,0.0,0.0,0.0,0.0
2015-06-20,6,2015-06-29,Other 15,1,6995.0,timesfm,4405.912109375,4405.912109375,2429.755126953125,5394.044921875,6006.1787109375
2015-06-20,6,2015-06-30,Other 15,1,7427.0,timesfm,4968.7763671875,4968.7763671875,3104.52880859375,6009.2021484375,6656.509765625
2015-06-20,6,2015-07-01,Other 15,1,5804.0,timesfm,5071.5712890625,5071.5712890625,3176.382568359375,6236.07958984375,6916.7333984375
2015-06-20,6,2015-07-02,Other 15,1,5335.0,timesfm,4709.5703125,4709.5703125,3041.29931640625,5862.779296875,6503.66552734375
2015-06-20,6,2015-07-03,Other 15,1,4594.0,timesfm,4995.84375,4995.84375,2971.482421875,5995.7900390625,6504.529296875
2015-06-20,6,2015-07-04,Other 15,1,2979.0,timesfm,3103.8828125,3103.8828125,1212.858642578125,4187.47216796875,4681.564453125
2015-06-20,6,2015-07-05,Other 15,0,0.0,timesfm,0.0,0.0,0.0,0.0,0.0
2015-06-20,6,2015-07-06,Other 15,1,4508.0,timesfm,4714.47119140625,4714.47119140625,2637.095703125,5672.1767578125,6421.943359375
2015-06-20,6,2015-07-07,Other 15,1,4021.0,timesfm,5259.42041015625,5259.42041015625,3213.757568359375,6539.3291015625,7047.525390625
2015-06-20,6,2015-07-08,Other 15,1,4072.0,timesfm,5223.32958984375,5223.32958984375,3390.37451171875,6395.5458984375,7131.740234375
2015-06-20,6,2015-07-09,Other 15,1,4095.0,timesfm,4559.9267578125,4559.9267578125,2805.26220703125,5695.8095703125,6406.80078125
2015-06-20,6,2015-07-10,Other 15,1,4530.0,timesfm,4782.9765625,4782.9765625,2946.130615234375,5896.23046875,6397.96728515625
2015-06-20,6,2015-07-11,Other 15,1,3134.0,timesfm,2795.662841796875,2795.662841796875,895.03466796875,3888.58935546875,4498.076171875
2015-06-20,6,2015-07-12,Other 15,0,0.0,timesfm,0.0,0.0,0.0,0.0,0.0
2015-06-20,6,2015-07-13,Other 15,1,6827.0,timesfm,4547.27392578125,4547.27392578125,2568.927978515625,5601.57373046875,6237.4931640625
2015-06-20,6,2015-07-14,Other 15,1,5758.0,timesfm,4901.841796875,4901.841796875,2786.664794921875,6020.87744140625,6480.478515625
2015-06-20,6,2015-07-15,Other 15,1,4582.0,timesfm,4768.7626953125,4768.7626953125,2975.00048828125,5949.767578125,6683.9970703125
2015-06-20,6,2015-07-16,Other 15,1,5115.0,timesfm,4389.22021484375,4389.22021484375,2495.0048828125,5513.9384765625,6133.916015625
2015-06-20,6,2015-07-17,Other 15,1,4422.0,timesfm,4870.1845703125,4870.1845703125,2990.705078125,5915.52685546875,6643.40673828125
2015-06-20,6,2015-07-18,Other 15,1,2915.0,timesfm,3129.390380859375,3129.390380859375,1260.677978515625,4201.490234375,4827.11865234375
2015-06-20,6,2015-07-19,Other 15,0,0.0,timesfm,0.0,0.0,0.0,0.0,0.0
2015-06-20,6,2015-07-20,Other 15,1,4301.0,timesfm,4776.73046875,4776.73046875,2879.211181640625,5726.13232421875,6327.5478515625
2015-06-20,6,2015-07-21,Other 15,1,3720.0,timesfm,5344.955078125,5344.955078125,3434.01806640625,6349.623046875,6946.02001953125
2015-06-20,6,2015-07-22,Other 15,1,3469.0,timesfm,5500.64111328125,5500.64111328125,3634.814208984375,6556.794921875,7181.18408203125
2015-06-20,6,2015-07-23,Other 15,1,3482.0,timesfm,4766.81103515625,4766.81103515625,2786.882568359375,5810.22119140625,6414.8173828125
2015-06-20,6,2015-07-24,Other 15,1,3804.0,timesfm,4903.3359375,4903.3359375,2777.75830078125,5876.9189453125,6472.5947265625
2015-06-20,6,2015-07-25,Other 15,1,2892.0,timesfm,3117.89990234375,3117.89990234375,1017.164794921875,4217.9365234375,4856.47509765625
2015-06-20,6,2015-07-26,Other 15,0,0.0,timesfm,0.0,0.0,0.0,0.0,0.0
2015-06-20,6,2015-07-27,Other 15,1,5723.0,timesfm,5040.06396484375,5040.06396484375,2947.403076171875,6271.4658203125,6940.06884765625
2015-06-20,6,2015-07-28,Other 15,1,4839.0,timesfm,5447.26806640625,5447.26806640625,3407.545166015625,6735.8095703125,7283.81884765625
2015-06-20,6,2015-07-29,Other 15,1,5275.0,timesfm,5303.17919921875,5303.17919921875,3167.16455078125,6484.9228515625,7223.7685546875
2015-06-20,6,2015-07-30,Other 15,1,4790.0,timesfm,5097.5302734375,5097.5302734375,3087.99365234375,6242.2470703125,6851.4375
2015-06-20,6,2015-07-31,Other 15,1,5651.0,timesfm,5416.0615234375,5416.0615234375,3338.758544921875,6651.8544921875,7260.31640625
2015-06-20,7,2015-06-20,Other 15,1,5572.0,seasonal_naive,6590.0,6590.0,,,
2015-06-20,7,2015-06-21,Other 15,0,0.0,seasonal_naive,0.0,0.0,,,
2015-06-20,7,2015-06-22,Other 15,1,7917.0,seasonal_naive,13175.0,13175.0,,,
2015-06-20,7,2015-06-23,Other 15,1,7861.0,seasonal_naive,11151.0,11151.0,,,
2015-06-20,7,2015-06-24,Other 15,1,6913.0,seasonal_naive,9041.0,9041.0,,,
2015-06-20,7,2015-06-25,Other 15,1,6875.0,seasonal_naive,8955.0,8955.0,,,
2015-06-20,7,2015-06-26,Other 15,1,7352.0,seasonal_naive,9677.0,9677.0,,,
2015-06-20,7,2015-06-27,Other 15,1,6519.0,seasonal_naive,6590.0,6590.0,,,
2015-06-20,7,2015-06-28,Other 15,0,0.0,seasonal_naive,0.0,0.0,,,
2015-06-20,7,2015-06-29,Other 15,1,13689.0,seasonal_naive,13175.0,13175.0,,,
2015-06-20,7,2015-06-30,Other 15,1,14838.0,seasonal_naive,11151.0,11151.0,,,
2015-06-20,7,2015-07-01,Other 15,1,11024.0,seasonal_naive,9041.0,9041.0,,,
2015-06-20,7,2015-07-02,Other 15,1,10996.0,seasonal_naive,8955.0,8955.0,,,
2015-06-20,7,2015-07-03,Other 15,1,11976.0,seasonal_naive,9677.0,9677.0,,,
2015-06-20,7,2015-07-04,Other 15,1,6559.0,seasonal_naive,6590.0,6590.0,,,
2015-06-20,7,2015-07-05,Other 15,0,0.0,seasonal_naive,0.0,0.0,,,
2015-06-20,7,2015-07-06,Other 15,1,10790.0,seasonal_naive,13175.0,13175.0,,,
2015-06-20,7,2015-07-07,Other 15,1,9207.0,seasonal_naive,11151.0,11151.0,,,
2015-06-20,7,2015-07-08,Other 15,1,9204.0,seasonal_naive,9041.0,9041.0,,,
2015-06-20,7,2015-07-09,Other 15,1,9608.0,seasonal_naive,8955.0,8955.0,,,
2015-06-20,7,2015-07-10,Other 15,1,9499.0,seasonal_naive,9677.0,9677.0,,,
2015-06-20,7,2015-07-11,Other 15,1,6425.0,seasonal_naive,6590.0,6590.0,,,
2015-06-20,7,2015-07-12,Other 15,0,0.0,seasonal_naive,0.0,0.0,,,
2015-06-20,7,2015-07-13,Other 15,1,13250.0,seasonal_naive,13175.0,13175.0,,,
2015-06-20,7,2015-07-14,Other 15,1,12294.0,seasonal_naive,11151.0,11151.0,,,
2015-06-20,7,2015-07-15,Other 15,1,10095.0,seasonal_naive,9041.0,9041.0,,,
2015-06-20,7,2015-07-16,Other 15,1,10774.0,seasonal_naive,8955.0,8955.0,,,
2015-06-20,7,2015-07-17,Other 15,1,10339.0,seasonal_naive,9677.0,9677.0,,,
2015-06-20,7,2015-07-18,Other 15,1,6861.0,seasonal_naive,6590.0,6590.0,,,
2015-06-20,7,2015-07-19,Other 15,0,0.0,seasonal_naive,0.0,0.0,,,
2015-06-20,7,2015-07-20,Other 15,1,10159.0,seasonal_naive,13175.0,13175.0,,,
2015-06-20,7,2015-07-21,Other 15,1,9169.0,seasonal_naive,11151.0,11151.0,,,
2015-06-20,7,2015-07-22,Other 15,1,8214.0,seasonal_naive,9041.0,9041.0,,,
2015-06-20,7,2015-07-23,Other 15,1,9550.0,seasonal_naive,8955.0,8955.0,,,
2015-06-20,7,2015-07-24,Other 15,1,9203.0,seasonal_naive,9677.0,9677.0,,,
2015-06-20,7,2015-07-25,Other 15,1,6574.0,seasonal_naive,6590.0,6590.0,,,
2015-06-20,7,2015-07-26,Other 15,0,0.0,seasonal_naive,0.0,0.0,,,
2015-06-20,7,2015-07-27,Other 15,1,14869.0,seasonal_naive,13175.0,13175.0,,,
2015-06-20,7,2015-07-28,Other 15,1,12342.0,seasonal_naive,11151.0,11151.0,,,
2015-06-20,7,2015-07-29,Other 15,1,12074.0,seasonal_naive,9041.0,9041.0,,,
2015-06-20,7,2015-07-30,Other 15,1,11560.0,seasonal_naive,8955.0,8955.0,,,
2015-06-20,7,2015-07-31,Other 15,1,15344.0,seasonal_naive,9677.0,9677.0,,,
2015-06-20,7,2015-06-20,Other 15,1,5572.0,weekday_mean,7037.5,7037.5,,,
2015-06-20,7,2015-06-21,Other 15,0,0.0,weekday_mean,0.0,0.0,,,
2015-06-20,7,2015-06-22,Other 15,1,7917.0,weekday_mean,9957.375,9957.375,,,
2015-06-20,7,2015-06-23,Other 15,1,7861.0,weekday_mean,10263.875,10263.875,,,
2015-06-20,7,2015-06-24,Other 15,1,6913.0,weekday_mean,9118.375,9118.375,,,
2015-06-20,7,2015-06-25,Other 15,1,6875.0,weekday_mean,8045.0,8045.0,,,
2015-06-20,7,2015-06-26,Other 15,1,7352.0,weekday_mean,8566.125,8566.125,,,
2015-06-20,7,2015-06-27,Other 15,1,6519.0,weekday_mean,7037.5,7037.5,,,
2015-06-20,7,2015-06-28,Other 15,0,0.0,weekday_mean,0.0,0.0,,,
2015-06-20,7,2015-06-29,Other 15,1,13689.0,weekday_mean,9957.375,9957.375,,,
2015-06-20,7,2015-06-30,Other 15,1,14838.0,weekday_mean,10263.875,10263.875,,,
2015-06-20,7,2015-07-01,Other 15,1,11024.0,weekday_mean,9118.375,9118.375,,,
2015-06-20,7,2015-07-02,Other 15,1,10996.0,weekday_mean,8045.0,8045.0,,,
2015-06-20,7,2015-07-03,Other 15,1,11976.0,weekday_mean,8566.125,8566.125,,,
2015-06-20,7,2015-07-04,Other 15,1,6559.0,weekday_mean,7037.5,7037.5,,,
2015-06-20,7,2015-07-05,Other 15,0,0.0,weekday_mean,0.0,0.0,,,
2015-06-20,7,2015-07-06,Other 15,1,10790.0,weekday_mean,9957.375,9957.375,,,
2015-06-20,7,2015-07-07,Other 15,1,9207.0,weekday_mean,10263.875,10263.875,,,
2015-06-20,7,2015-07-08,Other 15,1,9204.0,weekday_mean,9118.375,9118.375,,,
2015-06-20,7,2015-07-09,Other 15,1,9608.0,weekday_mean,8045.0,8045.0,,,
2015-06-20,7,2015-07-10,Other 15,1,9499.0,weekday_mean,8566.125,8566.125,,,
2015-06-20,7,2015-07-11,Other 15,1,6425.0,weekday_mean,7037.5,7037.5,,,
2015-06-20,7,2015-07-12,Other 15,0,0.0,weekday_mean,0.0,0.0,,,
2015-06-20,7,2015-07-13,Other 15,1,13250.0,weekday_mean,9957.375,9957.375,,,
2015-06-20,7,2015-07-14,Other 15,1,12294.0,weekday_mean,10263.875,10263.875,,,
2015-06-20,7,2015-07-15,Other 15,1,10095.0,weekday_mean,9118.375,9118.375,,,
2015-06-20,7,2015-07-16,Other 15,1,10774.0,weekday_mean,8045.0,8045.0,,,
2015-06-20,7,2015-07-17,Other 15,1,10339.0,weekday_mean,8566.125,8566.125,,,
2015-06-20,7,2015-07-18,Other 15,1,6861.0,weekday_mean,7037.5,7037.5,,,
2015-06-20,7,2015-07-19,Other 15,0,0.0,weekday_mean,0.0,0.0,,,
2015-06-20,7,2015-07-20,Other 15,1,10159.0,weekday_mean,9957.375,9957.375,,,
2015-06-20,7,2015-07-21,Other 15,1,9169.0,weekday_mean,10263.875,10263.875,,,
2015-06-20,7,2015-07-22,Other 15,1,8214.0,weekday_mean,9118.375,9118.375,,,
2015-06-20,7,2015-07-23,Other 15,1,9550.0,weekday_mean,8045.0,8045.0,,,
2015-06-20,7,2015-07-24,Other 15,1,9203.0,weekday_mean,8566.125,8566.125,,,
2015-06-20,7,2015-07-25,Other 15,1,6574.0,weekday_mean,7037.5,7037.5,,,
2015-06-20,7,2015-07-26,Other 15,0,0.0,weekday_mean,0.0,0.0,,,
2015-06-20,7,2015-07-27,Other 15,1,14869.0,weekday_mean,9957.375,9957.375,,,
2015-06-20,7,2015-07-28,Other 15,1,12342.0,weekday_mean,10263.875,10263.875,,,
2015-06-20,7,2015-07-29,Other 15,1,12074.0,weekday_mean,9118.375,9118.375,,,
2015-06-20,7,2015-07-30,Other 15,1,11560.0,weekday_mean,8045.0,8045.0,,,
2015-06-20,7,2015-07-31,Other 15,1,15344.0,weekday_mean,8566.125,8566.125,,,
2015-06-20,7,2015-06-20,Other 15,1,5572.0,timesfm,6464.19775390625,6464.19775390625,3069.7568359375,8447.080078125,9586.6181640625
2015-06-20,7,2015-06-21,Other 15,0,0.0,timesfm,43.623046875,0.0,0.0,0.0,0.0
2015-06-20,7,2015-06-22,Other 15,1,7917.0,timesfm,8294.4013671875,8294.4013671875,4770.80078125,10511.869140625,11501.595703125
2015-06-20,7,2015-06-23,Other 15,1,7861.0,timesfm,10219.0732421875,10219.0732421875,6714.33544921875,12141.1123046875,13355.365234375
2015-06-20,7,2015-06-24,Other 15,1,6913.0,timesfm,9630.3408203125,9630.3408203125,6375.04736328125,11566.521484375,12685.720703125
2015-06-20,7,2015-06-25,Other 15,1,6875.0,timesfm,8721.927734375,8721.927734375,5528.9775390625,10499.953125,11630.138671875
2015-06-20,7,2015-06-26,Other 15,1,7352.0,timesfm,9314.29296875,9314.29296875,6011.97607421875,11166.1953125,12120.4365234375
2015-06-20,7,2015-06-27,Other 15,1,6519.0,timesfm,6838.029296875,6838.029296875,3304.560302734375,8684.58203125,9870.255859375
2015-06-20,7,2015-06-28,Other 15,0,0.0,timesfm,144.2734375,0.0,0.0,0.0,0.0
2015-06-20,7,2015-06-29,Other 15,1,13689.0,timesfm,8747.9814453125,8747.9814453125,4997.99267578125,10611.384765625,11810.833984375
2015-06-20,7,2015-06-30,Other 15,1,14838.0,timesfm,10353.2763671875,10353.2763671875,6761.50439453125,12241.4697265625,13339.8828125
2015-06-20,7,2015-07-01,Other 15,1,11024.0,timesfm,9587.498046875,9587.498046875,6171.9658203125,11507.82421875,12721.759765625
2015-06-20,7,2015-07-02,Other 15,1,10996.0,timesfm,8747.267578125,8747.267578125,5413.47900390625,10665.68359375,11775.552734375
2015-06-20,7,2015-07-03,Other 15,1,11976.0,timesfm,9280.0185546875,9280.0185546875,5661.6318359375,11077.4921875,12073.4072265625
2015-06-20,7,2015-07-04,Other 15,1,6559.0,timesfm,6514.30517578125,6514.30517578125,2778.193603515625,8496.3984375,9565.734375
2015-06-20,7,2015-07-05,Other 15,0,0.0,timesfm,0.0,0.0,0.0,0.0,0.0
2015-06-20,7,2015-07-06,Other 15,1,10790.0,timesfm,8524.8984375,8524.8984375,4593.1474609375,10483.9921875,11713.80859375
2015-06-20,7,2015-07-07,Other 15,1,9207.0,timesfm,10395.5283203125,10395.5283203125,6554.078125,12513.279296875,13570.8173828125
2015-06-20,7,2015-07-08,Other 15,1,9204.0,timesfm,9601.13671875,9601.13671875,5881.36767578125,11626.0478515625,12802.2626953125
2015-06-20,7,2015-07-09,Other 15,1,9608.0,timesfm,8504.728515625,8504.728515625,4891.2265625,10514.6259765625,11768.294921875
2015-06-20,7,2015-07-10,Other 15,1,9499.0,timesfm,9057.388671875,9057.388671875,5147.1015625,11132.203125,12184.052734375
2015-06-20,7,2015-07-11,Other 15,1,6425.0,timesfm,6547.8134765625,6547.8134765625,2619.190185546875,8666.087890625,9877.5380859375
2015-06-20,7,2015-07-12,Other 15,0,0.0,timesfm,0.0,0.0,0.0,0.0,0.0
2015-06-20,7,2015-07-13,Other 15,1,13250.0,timesfm,8576.875,8576.875,4282.5673828125,10549.978515625,11890.1748046875
2015-06-20,7,2015-07-14,Other 15,1,12294.0,timesfm,10106.64453125,10106.64453125,6066.25537109375,12163.38671875,13346.609375
2015-06-20,7,2015-07-15,Other 15,1,10095.0,timesfm,9283.9775390625,9283.9775390625,5449.77880859375,11322.181640625,12680.5322265625
2015-06-20,7,2015-07-16,Other 15,1,10774.0,timesfm,8360.259765625,8360.259765625,4686.08203125,10418.16796875,11598.283203125
2015-06-20,7,2015-07-17,Other 15,1,10339.0,timesfm,8953.5791015625,8953.5791015625,5016.15771484375,10982.61328125,12224.9619140625
2015-06-20,7,2015-07-18,Other 15,1,6861.0,timesfm,6598.8056640625,6598.8056640625,2671.497314453125,8748.7236328125,9990.10546875
2015-06-20,7,2015-07-19,Other 15,0,0.0,timesfm,0.0,0.0,0.0,0.0,0.0
2015-06-20,7,2015-07-20,Other 15,1,10159.0,timesfm,8568.328125,8568.328125,4266.0224609375,10688.115234375,11954.1884765625
2015-06-20,7,2015-07-21,Other 15,1,9169.0,timesfm,10288.0185546875,10288.0185546875,6103.82275390625,12381.6953125,13598.916015625
2015-06-20,7,2015-07-22,Other 15,1,8214.0,timesfm,9681.14453125,9681.14453125,5729.6455078125,11719.138671875,13017.9833984375
2015-06-20,7,2015-07-23,Other 15,1,9550.0,timesfm,8675.8466796875,8675.8466796875,4653.8671875,10744.994140625,12039.83203125
2015-06-20,7,2015-07-24,Other 15,1,9203.0,timesfm,9100.3310546875,9100.3310546875,4931.34033203125,11065.33984375,12349.3076171875
2015-06-20,7,2015-07-25,Other 15,1,6574.0,timesfm,6596.4306640625,6596.4306640625,2358.6015625,8783.0302734375,10146.52734375
2015-06-20,7,2015-07-26,Other 15,0,0.0,timesfm,0.0,0.0,0.0,0.0,0.0
2015-06-20,7,2015-07-27,Other 15,1,14869.0,timesfm,8899.263671875,8899.263671875,4521.9033203125,11238.3017578125,12570.41015625
2015-06-20,7,2015-07-28,Other 15,1,12342.0,timesfm,10310.044921875,10310.044921875,6010.181640625,12646.5126953125,13945.8671875
2015-06-20,7,2015-07-29,Other 15,1,12074.0,timesfm,9370.8466796875,9370.8466796875,5123.71875,11618.294921875,12990.498046875
2015-06-20,7,2015-07-30,Other 15,1,11560.0,timesfm,8746.087890625,8746.087890625,4627.0537109375,10917.990234375,12307.896484375
2015-06-20,7,2015-07-31,Other 15,1,15344.0,timesfm,9173.41796875,9173.41796875,4886.8720703125,11521.546875,12808.400390625
2015-06-20,8,2015-06-20,Other 15,1,3611.0,seasonal_naive,3456.0,3456.0,,,
2015-06-20,8,2015-06-21,Other 15,0,0.0,seasonal_naive,0.0,0.0,,,
2015-06-20,8,2015-06-22,Other 15,1,4796.0,seasonal_naive,9937.0,9937.0,,,
2015-06-20,8,2015-06-23,Other 15,1,5501.0,seasonal_naive,8386.0,8386.0,,,
2015-06-20,8,2015-06-24,Other 15,1,5005.0,seasonal_naive,7751.0,7751.0,,,
2015-06-20,8,2015-06-25,Other 15,1,5956.0,seasonal_naive,7302.0,7302.0,,,
2015-06-20,8,2015-06-26,Other 15,1,5016.0,seasonal_naive,6773.0,6773.0,,,
2015-06-20,8,2015-06-27,Other 15,1,3611.0,seasonal_naive,3456.0,3456.0,,,
2015-06-20,8,2015-06-28,Other 15,0,0.0,seasonal_naive,0.0,0.0,,,
2015-06-20,8,2015-06-29,Other 15,1,10444.0,seasonal_naive,9937.0,9937.0,,,
2015-06-20,8,2015-06-30,Other 15,1,9836.0,seasonal_naive,8386.0,8386.0,,,
2015-06-20,8,2015-07-01,Other 15,1,8523.0,seasonal_naive,7751.0,7751.0,,,
2015-06-20,8,2015-07-02,Other 15,1,8658.0,seasonal_naive,7302.0,7302.0,,,
2015-06-20,8,2015-07-03,Other 15,1,6535.0,seasonal_naive,6773.0,6773.0,,,
2015-06-20,8,2015-07-04,Other 15,1,3418.0,seasonal_naive,3456.0,3456.0,,,
2015-06-20,8,2015-07-05,Other 15,0,0.0,seasonal_naive,0.0,0.0,,,
2015-06-20,8,2015-07-06,Other 15,1,6740.0,seasonal_naive,9937.0,9937.0,,,
2015-06-20,8,2015-07-07,Other 15,1,5365.0,seasonal_naive,8386.0,8386.0,,,
2015-06-20,8,2015-07-08,Other 15,1,5322.0,seasonal_naive,7751.0,7751.0,,,
2015-06-20,8,2015-07-09,Other 15,1,5602.0,seasonal_naive,7302.0,7302.0,,,
2015-06-20,8,2015-07-10,Other 15,1,6067.0,seasonal_naive,6773.0,6773.0,,,
2015-06-20,8,2015-07-11,Other 15,1,3707.0,seasonal_naive,3456.0,3456.0,,,
2015-06-20,8,2015-07-12,Other 15,0,0.0,seasonal_naive,0.0,0.0,,,
2015-06-20,8,2015-07-13,Other 15,1,9117.0,seasonal_naive,9937.0,9937.0,,,
2015-06-20,8,2015-07-14,Other 15,1,8845.0,seasonal_naive,8386.0,8386.0,,,
2015-06-20,8,2015-07-15,Other 15,1,7932.0,seasonal_naive,7751.0,7751.0,,,
2015-06-20,8,2015-07-16,Other 15,1,8808.0,seasonal_naive,7302.0,7302.0,,,
2015-06-20,8,2015-07-17,Other 15,1,6728.0,seasonal_naive,6773.0,6773.0,,,
2015-06-20,8,2015-07-18,Other 15,1,3813.0,seasonal_naive,3456.0,3456.0,,,
2015-06-20,8,2015-07-19,Other 15,0,0.0,seasonal_naive,0.0,0.0,,,
2015-06-20,8,2015-07-20,Other 15,1,5956.0,seasonal_naive,9937.0,9937.0,,,
2015-06-20,8,2015-07-21,Other 15,1,5168.0,seasonal_naive,8386.0,8386.0,,,
2015-06-20,8,2015-07-22,Other 15,1,4996.0,seasonal_naive,7751.0,7751.0,,,
2015-06-20,8,2015-07-23,Other 15,1,6109.0,seasonal_naive,7302.0,7302.0,,,
2015-06-20,8,2015-07-24,Other 15,1,4917.0,seasonal_naive,6773.0,6773.0,,,
2015-06-20,8,2015-07-25,Other 15,1,3288.0,seasonal_naive,3456.0,3456.0,,,
2015-06-20,8,2015-07-26,Other 15,0,0.0,seasonal_naive,0.0,0.0,,,
2015-06-20,8,2015-07-27,Other 15,1,8739.0,seasonal_naive,9937.0,9937.0,,,
2015-06-20,8,2015-07-28,Other 15,1,6717.0,seasonal_naive,8386.0,8386.0,,,
2015-06-20,8,2015-07-29,Other 15,1,7029.0,seasonal_naive,7751.0,7751.0,,,
2015-06-20,8,2015-07-30,Other 15,1,8420.0,seasonal_naive,7302.0,7302.0,,,
2015-06-20,8,2015-07-31,Other 15,1,8492.0,seasonal_naive,6773.0,6773.0,,,
2015-06-20,8,2015-06-20,Other 15,1,3611.0,weekday_mean,3705.875,3705.875,,,
2015-06-20,8,2015-06-21,Other 15,0,0.0,weekday_mean,0.0,0.0,,,
2015-06-20,8,2015-06-22,Other 15,1,4796.0,weekday_mean,7754.0,7754.0,,,
2015-06-20,8,2015-06-23,Other 15,1,5501.0,weekday_mean,7175.5,7175.5,,,
2015-06-20,8,2015-06-24,Other 15,1,5005.0,weekday_mean,6798.75,6798.75,,,
2015-06-20,8,2015-06-25,Other 15,1,5956.0,weekday_mean,6602.125,6602.125,,,
2015-06-20,8,2015-06-26,Other 15,1,5016.0,weekday_mean,5419.75,5419.75,,,
2015-06-20,8,2015-06-27,Other 15,1,3611.0,weekday_mean,3705.875,3705.875,,,
2015-06-20,8,2015-06-28,Other 15,0,0.0,weekday_mean,0.0,0.0,,,
2015-06-20,8,2015-06-29,Other 15,1,10444.0,weekday_mean,7754.0,7754.0,,,
2015-06-20,8,2015-06-30,Other 15,1,9836.0,weekday_mean,7175.5,7175.5,,,
2015-06-20,8,2015-07-01,Other 15,1,8523.0,weekday_mean,6798.75,6798.75,,,
2015-06-20,8,2015-07-02,Other 15,1,8658.0,weekday_mean,6602.125,6602.125,,,
2015-06-20,8,2015-07-03,Other 15,1,6535.0,weekday_mean,5419.75,5419.75,,,
2015-06-20,8,2015-07-04,Other 15,1,3418.0,weekday_mean,3705.875,3705.875,,,
2015-06-20,8,2015-07-05,Other 15,0,0.0,weekday_mean,0.0,0.0,,,
2015-06-20,8,2015-07-06,Other 15,1,6740.0,weekday_mean,7754.0,7754.0,,,
2015-06-20,8,2015-07-07,Other 15,1,5365.0,weekday_mean,7175.5,7175.5,,,
2015-06-20,8,2015-07-08,Other 15,1,5322.0,weekday_mean,6798.75,6798.75,,,
2015-06-20,8,2015-07-09,Other 15,1,5602.0,weekday_mean,6602.125,6602.125,,,
2015-06-20,8,2015-07-10,Other 15,1,6067.0,weekday_mean,5419.75,5419.75,,,
2015-06-20,8,2015-07-11,Other 15,1,3707.0,weekday_mean,3705.875,3705.875,,,
2015-06-20,8,2015-07-12,Other 15,0,0.0,weekday_mean,0.0,0.0,,,
2015-06-20,8,2015-07-13,Other 15,1,9117.0,weekday_mean,7754.0,7754.0,,,
2015-06-20,8,2015-07-14,Other 15,1,8845.0,weekday_mean,7175.5,7175.5,,,
2015-06-20,8,2015-07-15,Other 15,1,7932.0,weekday_mean,6798.75,6798.75,,,
2015-06-20,8,2015-07-16,Other 15,1,8808.0,weekday_mean,6602.125,6602.125,,,
2015-06-20,8,2015-07-17,Other 15,1,6728.0,weekday_mean,5419.75,5419.75,,,
2015-06-20,8,2015-07-18,Other 15,1,3813.0,weekday_mean,3705.875,3705.875,,,
2015-06-20,8,2015-07-19,Other 15,0,0.0,weekday_mean,0.0,0.0,,,
2015-06-20,8,2015-07-20,Other 15,1,5956.0,weekday_mean,7754.0,7754.0,,,
2015-06-20,8,2015-07-21,Other 15,1,5168.0,weekday_mean,7175.5,7175.5,,,
2015-06-20,8,2015-07-22,Other 15,1,4996.0,weekday_mean,6798.75,6798.75,,,
2015-06-20,8,2015-07-23,Other 15,1,6109.0,weekday_mean,6602.125,6602.125,,,
2015-06-20,8,2015-07-24,Other 15,1,4917.0,weekday_mean,5419.75,5419.75,,,
2015-06-20,8,2015-07-25,Other 15,1,3288.0,weekday_mean,3705.875,3705.875,,,
2015-06-20,8,2015-07-26,Other 15,0,0.0,weekday_mean,0.0,0.0,,,
2015-06-20,8,2015-07-27,Other 15,1,8739.0,weekday_mean,7754.0,7754.0,,,
2015-06-20,8,2015-07-28,Other 15,1,6717.0,weekday_mean,7175.5,7175.5,,,
2015-06-20,8,2015-07-29,Other 15,1,7029.0,weekday_mean,6798.75,6798.75,,,
2015-06-20,8,2015-07-30,Other 15,1,8420.0,weekday_mean,6602.125,6602.125,,,
2015-06-20,8,2015-07-31,Other 15,1,8492.0,weekday_mean,5419.75,5419.75,,,
2015-06-20,8,2015-06-20,Other 15,1,3611.0,timesfm,3676.36376953125,3676.36376953125,1316.530029296875,5114.75439453125,5925.9931640625
2015-06-20,8,2015-06-21,Other 15,0,0.0,timesfm,0.0,0.0,0.0,0.0,0.0
2015-06-20,8,2015-06-22,Other 15,1,4796.0,timesfm,6589.27197265625,6589.27197265625,4085.46923828125,8200.0322265625,8982.4013671875
2015-06-20,8,2015-06-23,Other 15,1,5501.0,timesfm,7060.271484375,7060.271484375,4618.93994140625,8492.046875,9389.3056640625
2015-06-20,8,2015-06-24,Other 15,1,5005.0,timesfm,6932.005859375,6932.005859375,4722.93701171875,8349.267578125,9238.1484375
2015-06-20,8,2015-06-25,Other 15,1,5956.0,timesfm,6660.193359375,6660.193359375,4461.01220703125,7994.8828125,8828.9296875
2015-06-20,8,2015-06-26,Other 15,1,5016.0,timesfm,6322.25341796875,6322.25341796875,4028.99609375,7726.1875,8539.447265625
2015-06-20,8,2015-06-27,Other 15,1,3611.0,timesfm,3778.72998046875,3778.72998046875,1334.05712890625,5272.06298828125,6254.5595703125
2015-06-20,8,2015-06-28,Other 15,0,0.0,timesfm,137.3212890625,0.0,0.0,0.0,0.0
2015-06-20,8,2015-06-29,Other 15,1,10444.0,timesfm,6770.9482421875,6770.9482421875,4082.20166015625,8256.75,9209.04296875
2015-06-20,8,2015-06-30,Other 15,1,9836.0,timesfm,6977.369140625,6977.369140625,4391.02734375,8428.3798828125,9322.642578125
2015-06-20,8,2015-07-01,Other 15,1,8523.0,timesfm,6899.26025390625,6899.26025390625,4443.05029296875,8392.591796875,9308.251953125
2015-06-20,8,2015-07-02,Other 15,1,8658.0,timesfm,6795.783203125,6795.783203125,4437.2939453125,8290.9169921875,9174.9375
2015-06-20,8,2015-07-03,Other 15,1,6535.0,timesfm,6407.9580078125,6407.9580078125,3710.85009765625,7824.34765625,8641.2587890625
2015-06-20,8,2015-07-04,Other 15,1,3418.0,timesfm,3650.66015625,3650.66015625,868.533203125,5170.5693359375,6053.650390625
2015-06-20,8,2015-07-05,Other 15,0,0.0,timesfm,0.0,0.0,0.0,0.0,0.0
2015-06-20,8,2015-07-06,Other 15,1,6740.0,timesfm,6898.2216796875,6898.2216796875,4032.485595703125,8351.95703125,9363.6787109375
2015-06-20,8,2015-07-07,Other 15,1,5365.0,timesfm,7256.572265625,7256.572265625,4524.96337890625,8872.6962890625,9661.34375
2015-06-20,8,2015-07-08,Other 15,1,5322.0,timesfm,7104.19384765625,7104.19384765625,4585.1103515625,8616.47265625,9556.4150390625
2015-06-20,8,2015-07-09,Other 15,1,5602.0,timesfm,6651.45263671875,6651.45263671875,4153.38525390625,8161.6396484375,9099.9326171875
2015-06-20,8,2015-07-10,Other 15,1,6067.0,timesfm,6227.92041015625,6227.92041015625,3507.00146484375,7761.478515625,8594.0986328125
2015-06-20,8,2015-07-11,Other 15,1,3707.0,timesfm,3618.30126953125,3618.30126953125,771.9287109375,5272.7607421875,6184.9794921875
2015-06-20,8,2015-07-12,Other 15,0,0.0,timesfm,0.0,0.0,0.0,0.0,0.0
2015-06-20,8,2015-07-13,Other 15,1,9117.0,timesfm,6967.3564453125,6967.3564453125,3991.18017578125,8449.5361328125,9426.1328125
2015-06-20,8,2015-07-14,Other 15,1,8845.0,timesfm,6972.0263671875,6972.0263671875,4133.12841796875,8392.7734375,9194.083984375
2015-06-20,8,2015-07-15,Other 15,1,7932.0,timesfm,6800.8388671875,6800.8388671875,4262.025390625,8134.888671875,9130.548828125
2015-06-20,8,2015-07-16,Other 15,1,8808.0,timesfm,6527.73291015625,6527.73291015625,3947.83740234375,7889.2421875,8668.970703125
2015-06-20,8,2015-07-17,Other 15,1,6728.0,timesfm,6319.82568359375,6319.82568359375,3595.445556640625,7721.5673828125,8578.2900390625
2015-06-20,8,2015-07-18,Other 15,1,3813.0,timesfm,3962.961181640625,3962.961181640625,1121.53466796875,5416.4482421875,6346.3369140625
2015-06-20,8,2015-07-19,Other 15,0,0.0,timesfm,39.00537109375,0.0,0.0,0.0,0.0
2015-06-20,8,2015-07-20,Other 15,1,5956.0,timesfm,6985.8564453125,6985.8564453125,3999.03076171875,8373.17578125,9245.5107421875
2015-06-20,8,2015-07-21,Other 15,1,5168.0,timesfm,7313.61572265625,7313.61572265625,4468.93017578125,8658.837890625,9457.892578125
2015-06-20,8,2015-07-22,Other 15,1,4996.0,timesfm,7343.6025390625,7343.6025390625,4717.77978515625,8627.287109375,9452.740234375
2015-06-20,8,2015-07-23,Other 15,1,6109.0,timesfm,6814.51953125,6814.51953125,4114.9658203125,8165.8759765625,8982.74609375
2015-06-20,8,2015-07-24,Other 15,1,4917.0,timesfm,6431.7841796875,6431.7841796875,3473.888916015625,7692.724609375,8547.0517578125
2015-06-20,8,2015-07-25,Other 15,1,3288.0,timesfm,3878.9658203125,3878.9658203125,760.4677734375,5344.67724609375,6285.0712890625
2015-06-20,8,2015-07-26,Other 15,0,0.0,timesfm,61.2783203125,0.0,0.0,0.0,0.0
2015-06-20,8,2015-07-27,Other 15,1,8739.0,timesfm,7190.7744140625,7190.7744140625,3998.150390625,8722.9482421875,9653.9921875
2015-06-20,8,2015-07-28,Other 15,1,6717.0,timesfm,7325.3486328125,7325.3486328125,4319.6337890625,8772.443359375,9641.029296875
2015-06-20,8,2015-07-29,Other 15,1,7029.0,timesfm,6920.537109375,6920.537109375,4045.1845703125,8255.103515625,9181.4326171875
2015-06-20,8,2015-07-30,Other 15,1,8420.0,timesfm,6778.04833984375,6778.04833984375,4034.40673828125,8088.4423828125,8982.19140625
2015-06-20,8,2015-07-31,Other 15,1,8492.0,timesfm,6490.02685546875,6490.02685546875,3580.36572265625,7981.052734375,8781.357421875
2015-06-20,9,2015-06-20,Other 15,1,6179.0,seasonal_naive,6165.0,6165.0,,,
2015-06-20,9,2015-06-21,Other 15,0,0.0,seasonal_naive,0.0,0.0,,,
2015-06-20,9,2015-06-22,Other 15,1,6121.0,seasonal_naive,11530.0,11530.0,,,
2015-06-20,9,2015-06-23,Other 15,1,5714.0,seasonal_naive,9078.0,9078.0,,,
2015-06-20,9,2015-06-24,Other 15,1,6888.0,seasonal_naive,8045.0,8045.0,,,
2015-06-20,9,2015-06-25,Other 15,1,6674.0,seasonal_naive,8098.0,8098.0,,,
2015-06-20,9,2015-06-26,Other 15,1,6549.0,seasonal_naive,7849.0,7849.0,,,
2015-06-20,9,2015-06-27,Other 15,1,7069.0,seasonal_naive,6165.0,6165.0,,,
2015-06-20,9,2015-06-28,Other 15,0,0.0,seasonal_naive,0.0,0.0,,,
2015-06-20,9,2015-06-29,Other 15,1,13457.0,seasonal_naive,11530.0,11530.0,,,
2015-06-20,9,2015-06-30,Other 15,1,10447.0,seasonal_naive,9078.0,9078.0,,,
2015-06-20,9,2015-07-01,Other 15,1,8490.0,seasonal_naive,8045.0,8045.0,,,
2015-06-20,9,2015-07-02,Other 15,1,8395.0,seasonal_naive,8098.0,8098.0,,,
2015-06-20,9,2015-07-03,Other 15,1,8363.0,seasonal_naive,7849.0,7849.0,,,
2015-06-20,9,2015-07-04,Other 15,1,6223.0,seasonal_naive,6165.0,6165.0,,,
2015-06-20,9,2015-07-05,Other 15,0,0.0,seasonal_naive,0.0,0.0,,,
2015-06-20,9,2015-07-06,Other 15,1,7758.0,seasonal_naive,11530.0,11530.0,,,
2015-06-20,9,2015-07-07,Other 15,1,6940.0,seasonal_naive,9078.0,9078.0,,,
2015-06-20,9,2015-07-08,Other 15,1,5621.0,seasonal_naive,8045.0,8045.0,,,
2015-06-20,9,2015-07-09,Other 15,1,6285.0,seasonal_naive,8098.0,8098.0,,,
2015-06-20,9,2015-07-10,Other 15,1,6007.0,seasonal_naive,7849.0,7849.0,,,
2015-06-20,9,2015-07-11,Other 15,1,5076.0,seasonal_naive,6165.0,6165.0,,,
2015-06-20,9,2015-07-12,Other 15,0,0.0,seasonal_naive,0.0,0.0,,,
2015-06-20,9,2015-07-13,Other 15,1,10399.0,seasonal_naive,11530.0,11530.0,,,
2015-06-20,9,2015-07-14,Other 15,1,7841.0,seasonal_naive,9078.0,9078.0,,,
2015-06-20,9,2015-07-15,Other 15,1,7013.0,seasonal_naive,8045.0,8045.0,,,
2015-06-20,9,2015-07-16,Other 15,1,8113.0,seasonal_naive,8098.0,8098.0,,,
2015-06-20,9,2015-07-17,Other 15,1,6845.0,seasonal_naive,7849.0,7849.0,,,
2015-06-20,9,2015-07-18,Other 15,1,5987.0,seasonal_naive,6165.0,6165.0,,,
2015-06-20,9,2015-07-19,Other 15,0,0.0,seasonal_naive,0.0,0.0,,,
2015-06-20,9,2015-07-20,Other 15,1,7152.0,seasonal_naive,11530.0,11530.0,,,
2015-06-20,9,2015-07-21,Other 15,1,5873.0,seasonal_naive,9078.0,9078.0,,,
2015-06-20,9,2015-07-22,Other 15,1,5649.0,seasonal_naive,8045.0,8045.0,,,
2015-06-20,9,2015-07-23,Other 15,1,6471.0,seasonal_naive,8098.0,8098.0,,,
2015-06-20,9,2015-07-24,Other 15,1,5464.0,seasonal_naive,7849.0,7849.0,,,
2015-06-20,9,2015-07-25,Other 15,1,5330.0,seasonal_naive,6165.0,6165.0,,,
2015-06-20,9,2015-07-26,Other 15,0,0.0,seasonal_naive,0.0,0.0,,,
2015-06-20,9,2015-07-27,Other 15,1,10649.0,seasonal_naive,11530.0,11530.0,,,
2015-06-20,9,2015-07-28,Other 15,1,8751.0,seasonal_naive,9078.0,9078.0,,,
2015-06-20,9,2015-07-29,Other 15,1,7776.0,seasonal_naive,8045.0,8045.0,,,
2015-06-20,9,2015-07-30,Other 15,1,7539.0,seasonal_naive,8098.0,8098.0,,,
2015-06-20,9,2015-07-31,Other 15,1,8565.0,seasonal_naive,7849.0,7849.0,,,
2015-06-20,9,2015-06-20,Other 15,1,6179.0,weekday_mean,6998.875,6998.875,,,
2015-06-20,9,2015-06-21,Other 15,0,0.0,weekday_mean,0.0,0.0,,,
2015-06-20,9,2015-06-22,Other 15,1,6121.0,weekday_mean,9074.0,9074.0,,,
2015-06-20,9,2015-06-23,Other 15,1,5714.0,weekday_mean,8244.875,8244.875,,,
2015-06-20,9,2015-06-24,Other 15,1,6888.0,weekday_mean,7668.625,7668.625,,,
2015-06-20,9,2015-06-25,Other 15,1,6674.0,weekday_mean,5690.5,5690.5,,,
2015-06-20,9,2015-06-26,Other 15,1,6549.0,weekday_mean,6935.375,6935.375,,,
2015-06-20,9,2015-06-27,Other 15,1,7069.0,weekday_mean,6998.875,6998.875,,,
2015-06-20,9,2015-06-28,Other 15,0,0.0,weekday_mean,0.0,0.0,,,
2015-06-20,9,2015-06-29,Other 15,1,13457.0,weekday_mean,9074.0,9074.0,,,
2015-06-20,9,2015-06-30,Other 15,1,10447.0,weekday_mean,8244.875,8244.875,,,
2015-06-20,9,2015-07-01,Other 15,1,8490.0,weekday_mean,7668.625,7668.625,,,
2015-06-20,9,2015-07-02,Other 15,1,8395.0,weekday_mean,5690.5,5690.5,,,
2015-06-20,9,2015-07-03,Other 15,1,8363.0,weekday_mean,6935.375,6935.375,,,
2015-06-20,9,2015-07-04,Other 15,1,6223.0,weekday_mean,6998.875,6998.875,,,
2015-06-20,9,2015-07-05,Other 15,0,0.0,weekday_mean,0.0,0.0,,,
2015-06-20,9,2015-07-06,Other 15,1,7758.0,weekday_mean,9074.0,9074.0,,,
2015-06-20,9,2015-07-07,Other 15,1,6940.0,weekday_mean,8244.875,8244.875,,,
2015-06-20,9,2015-07-08,Other 15,1,5621.0,weekday_mean,7668.625,7668.625,,,
2015-06-20,9,2015-07-09,Other 15,1,6285.0,weekday_mean,5690.5,5690.5,,,
2015-06-20,9,2015-07-10,Other 15,1,6007.0,weekday_mean,6935.375,6935.375,,,
2015-06-20,9,2015-07-11,Other 15,1,5076.0,weekday_mean,6998.875,6998.875,,,
2015-06-20,9,2015-07-12,Other 15,0,0.0,weekday_mean,0.0,0.0,,,
2015-06-20,9,2015-07-13,Other 15,1,10399.0,weekday_mean,9074.0,9074.0,,,
2015-06-20,9,2015-07-14,Other 15,1,7841.0,weekday_mean,8244.875,8244.875,,,
2015-06-20,9,2015-07-15,Other 15,1,7013.0,weekday_mean,7668.625,7668.625,,,
2015-06-20,9,2015-07-16,Other 15,1,8113.0,weekday_mean,5690.5,5690.5,,,
2015-06-20,9,2015-07-17,Other 15,1,6845.0,weekday_mean,6935.375,6935.375,,,
2015-06-20,9,2015-07-18,Other 15,1,5987.0,weekday_mean,6998.875,6998.875,,,
2015-06-20,9,2015-07-19,Other 15,0,0.0,weekday_mean,0.0,0.0,,,
2015-06-20,9,2015-07-20,Other 15,1,7152.0,weekday_mean,9074.0,9074.0,,,
2015-06-20,9,2015-07-21,Other 15,1,5873.0,weekday_mean,8244.875,8244.875,,,
2015-06-20,9,2015-07-22,Other 15,1,5649.0,weekday_mean,7668.625,7668.625,,,
2015-06-20,9,2015-07-23,Other 15,1,6471.0,weekday_mean,5690.5,5690.5,,,
2015-06-20,9,2015-07-24,Other 15,1,5464.0,weekday_mean,6935.375,6935.375,,,
2015-06-20,9,2015-07-25,Other 15,1,5330.0,weekday_mean,6998.875,6998.875,,,
2015-06-20,9,2015-07-26,Other 15,0,0.0,weekday_mean,0.0,0.0,,,
2015-06-20,9,2015-07-27,Other 15,1,10649.0,weekday_mean,9074.0,9074.0,,,
2015-06-20,9,2015-07-28,Other 15,1,8751.0,weekday_mean,8244.875,8244.875,,,
2015-06-20,9,2015-07-29,Other 15,1,7776.0,weekday_mean,7668.625,7668.625,,,
2015-06-20,9,2015-07-30,Other 15,1,7539.0,weekday_mean,5690.5,5690.5,,,
2015-06-20,9,2015-07-31,Other 15,1,8565.0,weekday_mean,6935.375,6935.375,,,
2015-06-20,9,2015-06-20,Other 15,1,6179.0,timesfm,6806.15087890625,6806.15087890625,3225.362060546875,8924.6376953125,10050.810546875
2015-06-20,9,2015-06-21,Other 15,0,0.0,timesfm,713.201171875,0.0,0.0,0.0,0.0
2015-06-20,9,2015-06-22,Other 15,1,6121.0,timesfm,7501.849609375,7501.849609375,3884.75390625,9617.68359375,10641.3173828125
2015-06-20,9,2015-06-23,Other 15,1,5714.0,timesfm,8173.337890625,8173.337890625,4749.546875,10028.31640625,10980.814453125
2015-06-20,9,2015-06-24,Other 15,1,6888.0,timesfm,7787.2958984375,7787.2958984375,4667.59228515625,9563.5947265625,10422.67578125
2015-06-20,9,2015-06-25,Other 15,1,6674.0,timesfm,6637.1962890625,6637.1962890625,3532.0615234375,8411.3095703125,9350.828125
2015-06-20,9,2015-06-26,Other 15,1,6549.0,timesfm,7238.48974609375,7238.48974609375,3813.634033203125,9099.837890625,10028.0615234375
2015-06-20,9,2015-06-27,Other 15,1,7069.0,timesfm,6878.08203125,6878.08203125,3176.872314453125,8855.869140625,9932.9169921875
2015-06-20,9,2015-06-28,Other 15,0,0.0,timesfm,753.53271484375,0.0,0.0,0.0,0.0
2015-06-20,9,2015-06-29,Other 15,1,13457.0,timesfm,7750.970703125,7750.970703125,3968.6552734375,9607.51171875,10758.4619140625
2015-06-20,9,2015-06-30,Other 15,1,10447.0,timesfm,8333.4921875,8333.4921875,4821.55908203125,10123.2900390625,11102.46484375
2015-06-20,9,2015-07-01,Other 15,1,8490.0,timesfm,7668.416015625,7668.416015625,4495.0947265625,9365.4443359375,10367.26171875
2015-06-20,9,2015-07-02,Other 15,1,8395.0,timesfm,6760.5,6760.5,3633.096435546875,8455.6796875,9550.6630859375
2015-06-20,9,2015-07-03,Other 15,1,8363.0,timesfm,7552.00439453125,7552.00439453125,4032.93603515625,9332.5390625,10342.6171875
2015-06-20,9,2015-07-04,Other 15,1,6223.0,timesfm,6797.90625,6797.90625,2971.083251953125,8751.2841796875,9884.0546875
2015-06-20,9,2015-07-05,Other 15,0,0.0,timesfm,665.04443359375,0.0,0.0,0.0,0.0
2015-06-20,9,2015-07-06,Other 15,1,7758.0,timesfm,7553.10009765625,7553.10009765625,3685.2685546875,9435.564453125,10603.212890625
2015-06-20,9,2015-07-07,Other 15,1,6940.0,timesfm,8234.880859375,8234.880859375,4669.5732421875,10069.265625,11019.7080078125
2015-06-20,9,2015-07-08,Other 15,1,5621.0,timesfm,7719.1572265625,7719.1572265625,4282.2353515625,9432.6728515625,10428.44140625
2015-06-20,9,2015-07-09,Other 15,1,6285.0,timesfm,6554.8876953125,6554.8876953125,3205.6845703125,8276.126953125,9371.228515625
2015-06-20,9,2015-07-10,Other 15,1,6007.0,timesfm,7092.1533203125,7092.1533203125,3379.785888671875,9034.91796875,10058.416015625
2015-06-20,9,2015-07-11,Other 15,1,5076.0,timesfm,6672.07373046875,6672.07373046875,2828.188232421875,8790.26171875,10014.736328125
2015-06-20,9,2015-07-12,Other 15,0,0.0,timesfm,731.06884765625,0.0,0.0,0.0,0.0
2015-06-20,9,2015-07-13,Other 15,1,10399.0,timesfm,7951.7958984375,7951.7958984375,3982.4501953125,9978.306640625,11233.625
2015-06-20,9,2015-07-14,Other 15,1,7841.0,timesfm,8278.21484375,8278.21484375,4566.5146484375,10206.71484375,11299.880859375
2015-06-20,9,2015-07-15,Other 15,1,7013.0,timesfm,7769.681640625,7769.681640625,4298.9501953125,9628.03515625,10802.5234375
2015-06-20,9,2015-07-16,Other 15,1,8113.0,timesfm,6836.9453125,6836.9453125,3421.544677734375,8731.125,9759.5419921875
2015-06-20,9,2015-07-17,Other 15,1,6845.0,timesfm,7498.38134765625,7498.38134765625,3723.388671875,9441.3916015625,10601.7939453125
2015-06-20,9,2015-07-18,Other 15,1,5987.0,timesfm,7077.40478515625,7077.40478515625,3066.333251953125,9268.529296875,10480.712890625
2015-06-20,9,2015-07-19,Other 15,0,0.0,timesfm,876.1396484375,0.0,0.0,0.0,0.0
2015-06-20,9,2015-07-20,Other 15,1,7152.0,timesfm,7631.80419921875,7631.80419921875,3442.96142578125,9908.615234375,11029.537109375
2015-06-20,9,2015-07-21,Other 15,1,5873.0,timesfm,8233.4609375,8233.4609375,4286.3046875,10277.841796875,11379.1845703125
2015-06-20,9,2015-07-22,Other 15,1,5649.0,timesfm,7842.404296875,7842.404296875,4170.1123046875,9688.990234375,10854.263671875
2015-06-20,9,2015-07-23,Other 15,1,6471.0,timesfm,6902.7880859375,6902.7880859375,3233.12353515625,8826.84765625,9980.28125
2015-06-20,9,2015-07-24,Other 15,1,5464.0,timesfm,7383.94482421875,7383.94482421875,3333.75146484375,9300.162109375,10581.837890625
2015-06-20,9,2015-07-25,Other 15,1,5330.0,timesfm,6855.0654296875,6855.0654296875,2566.912841796875,9096.244140625,10446.18359375
2015-06-20,9,2015-07-26,Other 15,0,0.0,timesfm,1036.630859375,0.0,0.0,0.0,0.0
2015-06-20,9,2015-07-27,Other 15,1,10649.0,timesfm,7960.46875,7960.46875,3676.45947265625,10298.90234375,11661.728515625
2015-06-20,9,2015-07-28,Other 15,1,8751.0,timesfm,8253.0859375,8253.0859375,4211.80419921875,10400.3466796875,11687.83203125
2015-06-20,9,2015-07-29,Other 15,1,7776.0,timesfm,7657.60302734375,7657.60302734375,3790.26416015625,9577.611328125,10788.384765625
2015-06-20,9,2015-07-30,Other 15,1,7539.0,timesfm,6901.994140625,6901.994140625,3078.36181640625,8862.916015625,10175.890625
2015-06-20,9,2015-07-31,Other 15,1,8565.0,timesfm,7429.1845703125,7429.1845703125,3288.846923828125,9539.005859375,10734.5068359375
2015-06-20,10,2015-06-20,Other 15,1,4736.0,seasonal_naive,5892.0,5892.0,,,
2015-06-20,10,2015-06-21,Other 15,0,0.0,seasonal_naive,0.0,0.0,,,
2015-06-20,10,2015-06-22,Other 15,1,4264.0,seasonal_naive,7902.0,7902.0,,,
2015-06-20,10,2015-06-23,Other 15,1,5244.0,seasonal_naive,6681.0,6681.0,,,
2015-06-20,10,2015-06-24,Other 15,1,4896.0,seasonal_naive,6338.0,6338.0,,,
2015-06-20,10,2015-06-25,Other 15,1,5018.0,seasonal_naive,5829.0,5829.0,,,
2015-06-20,10,2015-06-26,Other 15,1,4771.0,seasonal_naive,6191.0,6191.0,,,
2015-06-20,10,2015-06-27,Other 15,1,4595.0,seasonal_naive,5892.0,5892.0,,,
2015-06-20,10,2015-06-28,Other 15,0,0.0,seasonal_naive,0.0,0.0,,,
2015-06-20,10,2015-06-29,Other 15,1,8057.0,seasonal_naive,7902.0,7902.0,,,
2015-06-20,10,2015-06-30,Other 15,1,8565.0,seasonal_naive,6681.0,6681.0,,,
2015-06-20,10,2015-07-01,Other 15,1,7896.0,seasonal_naive,6338.0,6338.0,,,
2015-06-20,10,2015-07-02,Other 15,1,6317.0,seasonal_naive,5829.0,5829.0,,,
2015-06-20,10,2015-07-03,Other 15,1,5915.0,seasonal_naive,6191.0,6191.0,,,
2015-06-20,10,2015-07-04,Other 15,1,5120.0,seasonal_naive,5892.0,5892.0,,,
2015-06-20,10,2015-07-05,Other 15,0,0.0,seasonal_naive,0.0,0.0,,,
2015-06-20,10,2015-07-06,Other 15,1,6143.0,seasonal_naive,7902.0,7902.0,,,
2015-06-20,10,2015-07-07,Other 15,1,5476.0,seasonal_naive,6681.0,6681.0,,,
2015-06-20,10,2015-07-08,Other 15,1,4865.0,seasonal_naive,6338.0,6338.0,,,
2015-06-20,10,2015-07-09,Other 15,1,4871.0,seasonal_naive,5829.0,5829.0,,,
2015-06-20,10,2015-07-10,Other 15,1,5747.0,seasonal_naive,6191.0,6191.0,,,
2015-06-20,10,2015-07-11,Other 15,1,4636.0,seasonal_naive,5892.0,5892.0,,,
2015-06-20,10,2015-07-12,Other 15,0,0.0,seasonal_naive,0.0,0.0,,,
2015-06-20,10,2015-07-13,Other 15,1,6757.0,seasonal_naive,7902.0,7902.0,,,
2015-06-20,10,2015-07-14,Other 15,1,7491.0,seasonal_naive,6681.0,6681.0,,,
2015-06-20,10,2015-07-15,Other 15,1,6423.0,seasonal_naive,6338.0,6338.0,,,
2015-06-20,10,2015-07-16,Other 15,1,6275.0,seasonal_naive,5829.0,5829.0,,,
2015-06-20,10,2015-07-17,Other 15,1,5356.0,seasonal_naive,6191.0,6191.0,,,
2015-06-20,10,2015-07-18,Other 15,1,5761.0,seasonal_naive,5892.0,5892.0,,,
2015-06-20,10,2015-07-19,Other 15,0,0.0,seasonal_naive,0.0,0.0,,,
2015-06-20,10,2015-07-20,Other 15,1,6111.0,seasonal_naive,7902.0,7902.0,,,
2015-06-20,10,2015-07-21,Other 15,1,6479.0,seasonal_naive,6681.0,6681.0,,,
2015-06-20,10,2015-07-22,Other 15,1,5561.0,seasonal_naive,6338.0,6338.0,,,
2015-06-20,10,2015-07-23,Other 15,1,6401.0,seasonal_naive,5829.0,5829.0,,,
2015-06-20,10,2015-07-24,Other 15,1,6152.0,seasonal_naive,6191.0,6191.0,,,
2015-06-20,10,2015-07-25,Other 15,1,4713.0,seasonal_naive,5892.0,5892.0,,,
2015-06-20,10,2015-07-26,Other 15,0,0.0,seasonal_naive,0.0,0.0,,,
2015-06-20,10,2015-07-27,Other 15,1,7212.0,seasonal_naive,7902.0,7902.0,,,
2015-06-20,10,2015-07-28,Other 15,1,6140.0,seasonal_naive,6681.0,6681.0,,,
2015-06-20,10,2015-07-29,Other 15,1,5524.0,seasonal_naive,6338.0,6338.0,,,
2015-06-20,10,2015-07-30,Other 15,1,6186.0,seasonal_naive,5829.0,5829.0,,,
2015-06-20,10,2015-07-31,Other 15,1,7185.0,seasonal_naive,6191.0,6191.0,,,
2015-06-20,10,2015-06-20,Other 15,1,4736.0,weekday_mean,5327.25,5327.25,,,
2015-06-20,10,2015-06-21,Other 15,0,0.0,weekday_mean,0.0,0.0,,,
2015-06-20,10,2015-06-22,Other 15,1,4264.0,weekday_mean,6300.0,6300.0,,,
2015-06-20,10,2015-06-23,Other 15,1,5244.0,weekday_mean,6318.625,6318.625,,,
2015-06-20,10,2015-06-24,Other 15,1,4896.0,weekday_mean,6273.75,6273.75,,,
2015-06-20,10,2015-06-25,Other 15,1,5018.0,weekday_mean,5326.375,5326.375,,,
2015-06-20,10,2015-06-26,Other 15,1,4771.0,weekday_mean,5416.875,5416.875,,,
2015-06-20,10,2015-06-27,Other 15,1,4595.0,weekday_mean,5327.25,5327.25,,,
2015-06-20,10,2015-06-28,Other 15,0,0.0,weekday_mean,0.0,0.0,,,
2015-06-20,10,2015-06-29,Other 15,1,8057.0,weekday_mean,6300.0,6300.0,,,
2015-06-20,10,2015-06-30,Other 15,1,8565.0,weekday_mean,6318.625,6318.625,,,
2015-06-20,10,2015-07-01,Other 15,1,7896.0,weekday_mean,6273.75,6273.75,,,
2015-06-20,10,2015-07-02,Other 15,1,6317.0,weekday_mean,5326.375,5326.375,,,
2015-06-20,10,2015-07-03,Other 15,1,5915.0,weekday_mean,5416.875,5416.875,,,
2015-06-20,10,2015-07-04,Other 15,1,5120.0,weekday_mean,5327.25,5327.25,,,
2015-06-20,10,2015-07-05,Other 15,0,0.0,weekday_mean,0.0,0.0,,,
2015-06-20,10,2015-07-06,Other 15,1,6143.0,weekday_mean,6300.0,6300.0,,,
2015-06-20,10,2015-07-07,Other 15,1,5476.0,weekday_mean,6318.625,6318.625,,,
2015-06-20,10,2015-07-08,Other 15,1,4865.0,weekday_mean,6273.75,6273.75,,,
2015-06-20,10,2015-07-09,Other 15,1,4871.0,weekday_mean,5326.375,5326.375,,,
2015-06-20,10,2015-07-10,Other 15,1,5747.0,weekday_mean,5416.875,5416.875,,,
2015-06-20,10,2015-07-11,Other 15,1,4636.0,weekday_mean,5327.25,5327.25,,,
2015-06-20,10,2015-07-12,Other 15,0,0.0,weekday_mean,0.0,0.0,,,
2015-06-20,10,2015-07-13,Other 15,1,6757.0,weekday_mean,6300.0,6300.0,,,
2015-06-20,10,2015-07-14,Other 15,1,7491.0,weekday_mean,6318.625,6318.625,,,
2015-06-20,10,2015-07-15,Other 15,1,6423.0,weekday_mean,6273.75,6273.75,,,
2015-06-20,10,2015-07-16,Other 15,1,6275.0,weekday_mean,5326.375,5326.375,,,
2015-06-20,10,2015-07-17,Other 15,1,5356.0,weekday_mean,5416.875,5416.875,,,
2015-06-20,10,2015-07-18,Other 15,1,5761.0,weekday_mean,5327.25,5327.25,,,
2015-06-20,10,2015-07-19,Other 15,0,0.0,weekday_mean,0.0,0.0,,,
2015-06-20,10,2015-07-20,Other 15,1,6111.0,weekday_mean,6300.0,6300.0,,,
2015-06-20,10,2015-07-21,Other 15,1,6479.0,weekday_mean,6318.625,6318.625,,,
2015-06-20,10,2015-07-22,Other 15,1,5561.0,weekday_mean,6273.75,6273.75,,,
2015-06-20,10,2015-07-23,Other 15,1,6401.0,weekday_mean,5326.375,5326.375,,,
2015-06-20,10,2015-07-24,Other 15,1,6152.0,weekday_mean,5416.875,5416.875,,,
2015-06-20,10,2015-07-25,Other 15,1,4713.0,weekday_mean,5327.25,5327.25,,,
2015-06-20,10,2015-07-26,Other 15,0,0.0,weekday_mean,0.0,0.0,,,
2015-06-20,10,2015-07-27,Other 15,1,7212.0,weekday_mean,6300.0,6300.0,,,
2015-06-20,10,2015-07-28,Other 15,1,6140.0,weekday_mean,6318.625,6318.625,,,
2015-06-20,10,2015-07-29,Other 15,1,5524.0,weekday_mean,6273.75,6273.75,,,
2015-06-20,10,2015-07-30,Other 15,1,6186.0,weekday_mean,5326.375,5326.375,,,
2015-06-20,10,2015-07-31,Other 15,1,7185.0,weekday_mean,5416.875,5416.875,,,
2015-06-20,10,2015-06-20,Other 15,1,4736.0,timesfm,5218.82470703125,5218.82470703125,3187.86376953125,6408.8447265625,7087.9130859375
2015-06-20,10,2015-06-21,Other 15,0,0.0,timesfm,587.42333984375,0.0,0.0,0.0,0.0
2015-06-20,10,2015-06-22,Other 15,1,4264.0,timesfm,5554.33984375,5554.33984375,3544.61962890625,6754.0185546875,7377.7646484375
2015-06-20,10,2015-06-23,Other 15,1,5244.0,timesfm,6582.462890625,6582.462890625,4775.5341796875,7510.2216796875,8049.849609375
2015-06-20,10,2015-06-24,Other 15,1,4896.0,timesfm,6519.02099609375,6519.02099609375,5028.12255859375,7321.03271484375,7811.91162109375
2015-06-20,10,2015-06-25,Other 15,1,5018.0,timesfm,5948.10009765625,5948.10009765625,4440.93994140625,6779.66162109375,7224.28076171875
2015-06-20,10,2015-06-26,Other 15,1,4771.0,timesfm,6016.88330078125,6016.88330078125,4234.1669921875,6952.453125,7436.615234375
2015-06-20,10,2015-06-27,Other 15,1,4595.0,timesfm,5412.0693359375,5412.0693359375,3380.447509765625,6517.2861328125,7157.65087890625
2015-06-20,10,2015-06-28,Other 15,0,0.0,timesfm,625.682373046875,0.0,0.0,0.0,0.0
2015-06-20,10,2015-06-29,Other 15,1,8057.0,timesfm,5728.314453125,5728.314453125,3609.37744140625,6728.36865234375,7400.8828125
2015-06-20,10,2015-06-30,Other 15,1,8565.0,timesfm,6527.109375,6527.109375,4654.72802734375,7420.693359375,7971.40087890625
2015-06-20,10,2015-07-01,Other 15,1,7896.0,timesfm,6310.3095703125,6310.3095703125,4759.814453125,7102.9013671875,7591.423828125
2015-06-20,10,2015-07-02,Other 15,1,6317.0,timesfm,5893.955078125,5893.955078125,4285.01025390625,6664.89501953125,7225.41796875
2015-06-20,10,2015-07-03,Other 15,1,5915.0,timesfm,6059.8349609375,6059.8349609375,4098.14111328125,6934.1005859375,7470.017578125
2015-06-20,10,2015-07-04,Other 15,1,5120.0,timesfm,5223.79296875,5223.79296875,2947.529296875,6309.36279296875,6952.6171875
2015-06-20,10,2015-07-05,Other 15,0,0.0,timesfm,561.10107421875,0.0,0.0,0.0,0.0
2015-06-20,10,2015-07-06,Other 15,1,6143.0,timesfm,5646.49072265625,5646.49072265625,3319.663330078125,6681.52099609375,7399.84130859375
2015-06-20,10,2015-07-07,Other 15,1,5476.0,timesfm,6532.6640625,6532.6640625,4524.9833984375,7547.3798828125,8076.5888671875
2015-06-20,10,2015-07-08,Other 15,1,4865.0,timesfm,6524.0380859375,6524.0380859375,4670.3818359375,7410.138671875,8020.6494140625
2015-06-20,10,2015-07-09,Other 15,1,4871.0,timesfm,5873.46826171875,5873.46826171875,4026.722412109375,6780.7841796875,7432.361328125
2015-06-20,10,2015-07-10,Other 15,1,5747.0,timesfm,5962.8876953125,5962.8876953125,3770.029296875,7076.07666015625,7688.7119140625
2015-06-20,10,2015-07-11,Other 15,1,4636.0,timesfm,5294.8134765625,5294.8134765625,2918.15234375,6594.1982421875,7448.529296875
2015-06-20,10,2015-07-12,Other 15,0,0.0,timesfm,627.607421875,0.0,0.0,0.0,0.0
2015-06-20,10,2015-07-13,Other 15,1,6757.0,timesfm,5878.37109375,5878.37109375,3324.6728515625,7055.4267578125,7909.29638671875
2015-06-20,10,2015-07-14,Other 15,1,7491.0,timesfm,6703.35546875,6703.35546875,4448.36181640625,7782.310546875,8535.8720703125
2015-06-20,10,2015-07-15,Other 15,1,6423.0,timesfm,6415.16455078125,6415.16455078125,4406.73486328125,7395.8935546875,8229.0
2015-06-20,10,2015-07-16,Other 15,1,6275.0,timesfm,5899.55126953125,5899.55126953125,3938.124755859375,6922.85302734375,7607.55517578125
2015-06-20,10,2015-07-17,Other 15,1,5356.0,timesfm,5921.59619140625,5921.59619140625,3641.1875,7011.80322265625,7838.39013671875
2015-06-20,10,2015-07-18,Other 15,1,5761.0,timesfm,5297.0390625,5297.0390625,2726.70703125,6640.84765625,7534.7783203125
2015-06-20,10,2015-07-19,Other 15,0,0.0,timesfm,670.559814453125,0.0,0.0,0.0,0.0
2015-06-20,10,2015-07-20,Other 15,1,6111.0,timesfm,5819.3974609375,5819.3974609375,3077.58203125,7211.4892578125,8078.6298828125
2015-06-20,10,2015-07-21,Other 15,1,6479.0,timesfm,6672.4013671875,6672.4013671875,4239.81298828125,7888.873046875,8682.412109375
2015-06-20,10,2015-07-22,Other 15,1,5561.0,timesfm,6564.4501953125,6564.4501953125,4404.783203125,7628.958984375,8412.697265625
2015-06-20,10,2015-07-23,Other 15,1,6401.0,timesfm,6022.15283203125,6022.15283203125,3848.55322265625,7145.390625,7959.640625
2015-06-20,10,2015-07-24,Other 15,1,6152.0,timesfm,6018.0546875,6018.0546875,3491.312744140625,7173.71484375,8126.0673828125
2015-06-20,10,2015-07-25,Other 15,1,4713.0,timesfm,5280.666015625,5280.666015625,2446.69482421875,6705.91064453125,7705.0439453125
2015-06-20,10,2015-07-26,Other 15,0,0.0,timesfm,787.9638671875,0.0,0.0,0.0,0.0
2015-06-20,10,2015-07-27,Other 15,1,7212.0,timesfm,5997.390625,5997.390625,3099.257568359375,7464.7138671875,8450.404296875
2015-06-20,10,2015-07-28,Other 15,1,6140.0,timesfm,6627.87109375,6627.87109375,4025.9970703125,7920.578125,8832.966796875
2015-06-20,10,2015-07-29,Other 15,1,5524.0,timesfm,6321.9990234375,6321.9990234375,3936.787109375,7414.53173828125,8260.1640625
2015-06-20,10,2015-07-30,Other 15,1,6186.0,timesfm,5894.85595703125,5894.85595703125,3536.211669921875,7012.75146484375,7955.03466796875
2015-06-20,10,2015-07-31,Other 15,1,7185.0,timesfm,5969.8671875,5969.8671875,3330.550537109375,7279.185546875,8185.89306640625
2015-06-20,11,2015-06-20,Other 15,1,5293.0,seasonal_naive,5856.0,5856.0,,,
2015-06-20,11,2015-06-21,Other 15,0,0.0,seasonal_naive,0.0,0.0,,,
2015-06-20,11,2015-06-22,Other 15,1,6155.0,seasonal_naive,9241.0,9241.0,,,
2015-06-20,11,2015-06-23,Other 15,1,6003.0,seasonal_naive,8810.0,8810.0,,,
2015-06-20,11,2015-06-24,Other 15,1,5702.0,seasonal_naive,8557.0,8557.0,,,
2015-06-20,11,2015-06-25,Other 15,1,6012.0,seasonal_naive,6637.0,6637.0,,,
2015-06-20,11,2015-06-26,Other 15,1,6102.0,seasonal_naive,6592.0,6592.0,,,
2015-06-20,11,2015-06-27,Other 15,1,6001.0,seasonal_naive,5856.0,5856.0,,,
2015-06-20,11,2015-06-28,Other 15,0,0.0,seasonal_naive,0.0,0.0,,,
2015-06-20,11,2015-06-29,Other 15,1,11296.0,seasonal_naive,9241.0,9241.0,,,
2015-06-20,11,2015-06-30,Other 15,1,11706.0,seasonal_naive,8810.0,8810.0,,,
2015-06-20,11,2015-07-01,Other 15,1,9599.0,seasonal_naive,8557.0,8557.0,,,
2015-06-20,11,2015-07-02,Other 15,1,7961.0,seasonal_naive,6637.0,6637.0,,,
2015-06-20,11,2015-07-03,Other 15,1,7689.0,seasonal_naive,6592.0,6592.0,,,
2015-06-20,11,2015-07-04,Other 15,1,5372.0,seasonal_naive,5856.0,5856.0,,,
2015-06-20,11,2015-07-05,Other 15,0,0.0,seasonal_naive,0.0,0.0,,,
2015-06-20,11,2015-07-06,Other 15,1,7135.0,seasonal_naive,9241.0,9241.0,,,
2015-06-20,11,2015-07-07,Other 15,1,6620.0,seasonal_naive,8810.0,8810.0,,,
2015-06-20,11,2015-07-08,Other 15,1,6907.0,seasonal_naive,8557.0,8557.0,,,
2015-06-20,11,2015-07-09,Other 15,1,6595.0,seasonal_naive,6637.0,6637.0,,,
2015-06-20,11,2015-07-10,Other 15,1,6979.0,seasonal_naive,6592.0,6592.0,,,
2015-06-20,11,2015-07-11,Other 15,1,5756.0,seasonal_naive,5856.0,5856.0,,,
2015-06-20,11,2015-07-12,Other 15,0,0.0,seasonal_naive,0.0,0.0,,,
2015-06-20,11,2015-07-13,Other 15,1,10434.0,seasonal_naive,9241.0,9241.0,,,
2015-06-20,11,2015-07-14,Other 15,1,9319.0,seasonal_naive,8810.0,8810.0,,,
2015-06-20,11,2015-07-15,Other 15,1,9645.0,seasonal_naive,8557.0,8557.0,,,
2015-06-20,11,2015-07-16,Other 15,1,8149.0,seasonal_naive,6637.0,6637.0,,,
2015-06-20,11,2015-07-17,Other 15,1,7757.0,seasonal_naive,6592.0,6592.0,,,
2015-06-20,11,2015-07-18,Other 15,1,5740.0,seasonal_naive,5856.0,5856.0,,,
2015-06-20,11,2015-07-19,Other 15,0,0.0,seasonal_naive,0.0,0.0,,,
2015-06-20,11,2015-07-20,Other 15,1,7733.0,seasonal_naive,9241.0,9241.0,,,
2015-06-20,11,2015-07-21,Other 15,1,6315.0,seasonal_naive,8810.0,8810.0,,,
2015-06-20,11,2015-07-22,Other 15,1,7185.0,seasonal_naive,8557.0,8557.0,,,
2015-06-20,11,2015-07-23,Other 15,1,6151.0,seasonal_naive,6637.0,6637.0,,,
2015-06-20,11,2015-07-24,Other 15,1,6192.0,seasonal_naive,6592.0,6592.0,,,
2015-06-20,11,2015-07-25,Other 15,1,4712.0,seasonal_naive,5856.0,5856.0,,,
2015-06-20,11,2015-07-26,Other 15,0,0.0,seasonal_naive,0.0,0.0,,,
2015-06-20,11,2015-07-27,Other 15,1,8796.0,seasonal_naive,9241.0,9241.0,,,
2015-06-20,11,2015-07-28,Other 15,1,6938.0,seasonal_naive,8810.0,8810.0,,,
2015-06-20,11,2015-07-29,Other 15,1,8378.0,seasonal_naive,8557.0,8557.0,,,
2015-06-20,11,2015-07-30,Other 15,1,7361.0,seasonal_naive,6637.0,6637.0,,,
2015-06-20,11,2015-07-31,Other 15,1,10457.0,seasonal_naive,6592.0,6592.0,,,
2015-06-20,11,2015-06-20,Other 15,1,5293.0,weekday_mean,5895.25,5895.25,,,
2015-06-20,11,2015-06-21,Other 15,0,0.0,weekday_mean,0.0,0.0,,,
2015-06-20,11,2015-06-22,Other 15,1,6155.0,weekday_mean,7773.375,7773.375,,,
2015-06-20,11,2015-06-23,Other 15,1,6003.0,weekday_mean,7555.25,7555.25,,,
2015-06-20,11,2015-06-24,Other 15,1,5702.0,weekday_mean,8492.25,8492.25,,,
2015-06-20,11,2015-06-25,Other 15,1,6012.0,weekday_mean,6660.75,6660.75,,,
2015-06-20,11,2015-06-26,Other 15,1,6102.0,weekday_mean,6651.125,6651.125,,,
2015-06-20,11,2015-06-27,Other 15,1,6001.0,weekday_mean,5895.25,5895.25,,,
2015-06-20,11,2015-06-28,Other 15,0,0.0,weekday_mean,0.0,0.0,,,
2015-06-20,11,2015-06-29,Other 15,1,11296.0,weekday_mean,7773.375,7773.375,,,
2015-06-20,11,2015-06-30,Other 15,1,11706.0,weekday_mean,7555.25,7555.25,,,
2015-06-20,11,2015-07-01,Other 15,1,9599.0,weekday_mean,8492.25,8492.25,,,
2015-06-20,11,2015-07-02,Other 15,1,7961.0,weekday_mean,6660.75,6660.75,,,
2015-06-20,11,2015-07-03,Other 15,1,7689.0,weekday_mean,6651.125,6651.125,,,
2015-06-20,11,2015-07-04,Other 15,1,5372.0,weekday_mean,5895.25,5895.25,,,
2015-06-20,11,2015-07-05,Other 15,0,0.0,weekday_mean,0.0,0.0,,,
2015-06-20,11,2015-07-06,Other 15,1,7135.0,weekday_mean,7773.375,7773.375,,,
2015-06-20,11,2015-07-07,Other 15,1,6620.0,weekday_mean,7555.25,7555.25,,,
2015-06-20,11,2015-07-08,Other 15,1,6907.0,weekday_mean,8492.25,8492.25,,,
2015-06-20,11,2015-07-09,Other 15,1,6595.0,weekday_mean,6660.75,6660.75,,,
2015-06-20,11,2015-07-10,Other 15,1,6979.0,weekday_mean,6651.125,6651.125,,,
2015-06-20,11,2015-07-11,Other 15,1,5756.0,weekday_mean,5895.25,5895.25,,,
2015-06-20,11,2015-07-12,Other 15,0,0.0,weekday_mean,0.0,0.0,,,
2015-06-20,11,2015-07-13,Other 15,1,10434.0,weekday_mean,7773.375,7773.375,,,
2015-06-20,11,2015-07-14,Other 15,1,9319.0,weekday_mean,7555.25,7555.25,,,
2015-06-20,11,2015-07-15,Other 15,1,9645.0,weekday_mean,8492.25,8492.25,,,
2015-06-20,11,2015-07-16,Other 15,1,8149.0,weekday_mean,6660.75,6660.75,,,
2015-06-20,11,2015-07-17,Other 15,1,7757.0,weekday_mean,6651.125,6651.125,,,
2015-06-20,11,2015-07-18,Other 15,1,5740.0,weekday_mean,5895.25,5895.25,,,
2015-06-20,11,2015-07-19,Other 15,0,0.0,weekday_mean,0.0,0.0,,,
2015-06-20,11,2015-07-20,Other 15,1,7733.0,weekday_mean,7773.375,7773.375,,,
2015-06-20,11,2015-07-21,Other 15,1,6315.0,weekday_mean,7555.25,7555.25,,,
2015-06-20,11,2015-07-22,Other 15,1,7185.0,weekday_mean,8492.25,8492.25,,,
2015-06-20,11,2015-07-23,Other 15,1,6151.0,weekday_mean,6660.75,6660.75,,,
2015-06-20,11,2015-07-24,Other 15,1,6192.0,weekday_mean,6651.125,6651.125,,,
2015-06-20,11,2015-07-25,Other 15,1,4712.0,weekday_mean,5895.25,5895.25,,,
2015-06-20,11,2015-07-26,Other 15,0,0.0,weekday_mean,0.0,0.0,,,
2015-06-20,11,2015-07-27,Other 15,1,8796.0,weekday_mean,7773.375,7773.375,,,
2015-06-20,11,2015-07-28,Other 15,1,6938.0,weekday_mean,7555.25,7555.25,,,
2015-06-20,11,2015-07-29,Other 15,1,8378.0,weekday_mean,8492.25,8492.25,,,
2015-06-20,11,2015-07-30,Other 15,1,7361.0,weekday_mean,6660.75,6660.75,,,
2015-06-20,11,2015-07-31,Other 15,1,10457.0,weekday_mean,6651.125,6651.125,,,
2015-06-20,11,2015-06-20,Other 15,1,5293.0,timesfm,5246.56640625,5246.56640625,2733.56640625,6740.66259765625,7587.3955078125
2015-06-20,11,2015-06-21,Other 15,0,0.0,timesfm,0.0,0.0,0.0,0.0,0.0
2015-06-20,11,2015-06-22,Other 15,1,6155.0,timesfm,6739.20166015625,6739.20166015625,4136.32177734375,8260.703125,9038.3310546875
2015-06-20,11,2015-06-23,Other 15,1,6003.0,timesfm,7832.33642578125,7832.33642578125,5375.52197265625,9101.548828125,9894.8828125
2015-06-20,11,2015-06-24,Other 15,1,5702.0,timesfm,8396.982421875,8396.982421875,6156.021484375,9546.984375,10331.33984375
2015-06-20,11,2015-06-25,Other 15,1,6012.0,timesfm,7036.26953125,7036.26953125,4814.15673828125,8220.8125,8974.2626953125
2015-06-20,11,2015-06-26,Other 15,1,6102.0,timesfm,7200.7705078125,7200.7705078125,4692.12109375,8523.8076171875,9282.2490234375
2015-06-20,11,2015-06-27,Other 15,1,6001.0,timesfm,5643.732421875,5643.732421875,2928.063232421875,7045.5166015625,7985.56494140625
2015-06-20,11,2015-06-28,Other 15,0,0.0,timesfm,0.6845703125,0.0,0.0,0.0,0.0
2015-06-20,11,2015-06-29,Other 15,1,11296.0,timesfm,6984.2685546875,6984.2685546875,4130.87841796875,8293.28515625,9237.203125
2015-06-20,11,2015-06-30,Other 15,1,11706.0,timesfm,7801.69091796875,7801.69091796875,5096.66455078125,9015.818359375,9861.88671875
2015-06-20,11,2015-07-01,Other 15,1,9599.0,timesfm,8230.095703125,8230.095703125,5824.43701171875,9386.34765625,10244.171875
2015-06-20,11,2015-07-02,Other 15,1,7961.0,timesfm,7063.47509765625,7063.47509765625,4596.85986328125,8235.4931640625,9127.1904296875
2015-06-20,11,2015-07-03,Other 15,1,7689.0,timesfm,7281.4677734375,7281.4677734375,4508.0859375,8500.3603515625,9293.068359375
2015-06-20,11,2015-07-04,Other 15,1,5372.0,timesfm,5561.568359375,5561.568359375,2530.218017578125,6998.5458984375,7885.857421875
2015-06-20,11,2015-07-05,Other 15,0,0.0,timesfm,0.0,0.0,0.0,0.0,0.0
2015-06-20,11,2015-07-06,Other 15,1,7135.0,timesfm,6907.26708984375,6907.26708984375,3816.9140625,8277.984375,9284.55078125
2015-06-20,11,2015-07-07,Other 15,1,6620.0,timesfm,7831.375,7831.375,4989.42919921875,9214.6044921875,10060.107421875
2015-06-20,11,2015-07-08,Other 15,1,6907.0,timesfm,8428.130859375,8428.130859375,5650.13720703125,9725.03125,10677.9453125
2015-06-20,11,2015-07-09,Other 15,1,6595.0,timesfm,7079.3896484375,7079.3896484375,4361.728515625,8415.4833984375,9426.951171875
2015-06-20,11,2015-07-10,Other 15,1,6979.0,timesfm,7213.822265625,7213.822265625,4162.59130859375,8702.2626953125,9626.40234375
2015-06-20,11,2015-07-11,Other 15,1,5756.0,timesfm,5586.1337890625,5586.1337890625,2504.603271484375,7214.80859375,8324.6201171875
2015-06-20,11,2015-07-12,Other 15,0,0.0,timesfm,0.0,0.0,0.0,0.0,0.0
2015-06-20,11,2015-07-13,Other 15,1,10434.0,timesfm,7034.90234375,7034.90234375,3794.6953125,8513.5439453125,9665.2353515625
2015-06-20,11,2015-07-14,Other 15,1,9319.0,timesfm,7850.0,7850.0,4849.93017578125,9264.4541015625,10343.388671875
2015-06-20,11,2015-07-15,Other 15,1,9645.0,timesfm,8348.890625,8348.890625,5576.9755859375,9666.416015625,10819.4130859375
2015-06-20,11,2015-07-16,Other 15,1,8149.0,timesfm,7130.1708984375,7130.1708984375,4365.1865234375,8546.091796875,9507.400390625
2015-06-20,11,2015-07-17,Other 15,1,7757.0,timesfm,7181.27001953125,7181.27001953125,4170.2939453125,8582.0712890625,9643.27734375
2015-06-20,11,2015-07-18,Other 15,1,5740.0,timesfm,5677.42578125,5677.42578125,2476.4970703125,7304.3154296875,8468.890625
2015-06-20,11,2015-07-19,Other 15,0,0.0,timesfm,0.0,0.0,0.0,0.0,0.0
2015-06-20,11,2015-07-20,Other 15,1,7733.0,timesfm,6931.7490234375,6931.7490234375,3515.24462890625,8563.1455078125,9715.3681640625
2015-06-20,11,2015-07-21,Other 15,1,6315.0,timesfm,7871.2080078125,7871.2080078125,4656.734375,9327.45703125,10413.71875
2015-06-20,11,2015-07-22,Other 15,1,7185.0,timesfm,8470.298828125,8470.298828125,5476.232421875,9754.36328125,10877.962890625
2015-06-20,11,2015-07-23,Other 15,1,6151.0,timesfm,7169.05322265625,7169.05322265625,4214.13037109375,8515.6201171875,9637.0556640625
2015-06-20,11,2015-07-24,Other 15,1,6192.0,timesfm,7231.40869140625,7231.40869140625,3967.9609375,8548.896484375,9744.544921875
2015-06-20,11,2015-07-25,Other 15,1,4712.0,timesfm,5584.3310546875,5584.3310546875,2185.220947265625,7163.69580078125,8396.4609375
2015-06-20,11,2015-07-26,Other 15,0,0.0,timesfm,97.392578125,0.0,0.0,0.0,0.0
2015-06-20,11,2015-07-27,Other 15,1,8796.0,timesfm,7123.8232421875,7123.8232421875,3626.32373046875,8747.4697265625,9950.88671875
2015-06-20,11,2015-07-28,Other 15,1,6938.0,timesfm,7859.02490234375,7859.02490234375,4580.5703125,9355.0,10525.908203125
2015-06-20,11,2015-07-29,Other 15,1,8378.0,timesfm,8273.5859375,8273.5859375,5214.09765625,9611.416015625,10739.181640625
2015-06-20,11,2015-07-30,Other 15,1,7361.0,timesfm,7108.404296875,7108.404296875,4049.3251953125,8463.705078125,9731.98046875
2015-06-20,11,2015-07-31,Other 15,1,10457.0,timesfm,7259.69287109375,7259.69287109375,4030.1669921875,8835.4111328125,9968.875
2015-06-20,12,2015-06-20,Other 15,1,6602.0,seasonal_naive,6214.0,6214.0,,,
2015-06-20,12,2015-06-21,Other 15,0,0.0,seasonal_naive,0.0,0.0,,,
2015-06-20,12,2015-06-22,Other 15,1,5525.0,seasonal_naive,12031.0,12031.0,,,
2015-06-20,12,2015-06-23,Other 15,1,6046.0,seasonal_naive,9626.0,9626.0,,,
2015-06-20,12,2015-06-24,Other 15,1,5403.0,seasonal_naive,10070.0,10070.0,,,
2015-06-20,12,2015-06-25,Other 15,1,6205.0,seasonal_naive,8058.0,8058.0,,,
2015-06-20,12,2015-06-26,Other 15,1,6275.0,seasonal_naive,8836.0,8836.0,,,
2015-06-20,12,2015-06-27,Other 15,1,6546.0,seasonal_naive,6214.0,6214.0,,,
2015-06-20,12,2015-06-28,Other 15,0,0.0,seasonal_naive,0.0,0.0,,,
2015-06-20,12,2015-06-29,Other 15,1,13738.0,seasonal_naive,12031.0,12031.0,,,
2015-06-20,12,2015-06-30,Other 15,1,13704.0,seasonal_naive,9626.0,9626.0,,,
2015-06-20,12,2015-07-01,Other 15,1,7765.0,seasonal_naive,10070.0,10070.0,,,
2015-06-20,12,2015-07-02,Other 15,1,7886.0,seasonal_naive,8058.0,8058.0,,,
2015-06-20,12,2015-07-03,Other 15,1,7311.0,seasonal_naive,8836.0,8836.0,,,
2015-06-20,12,2015-07-04,Other 15,1,5119.0,seasonal_naive,6214.0,6214.0,,,
2015-06-20,12,2015-07-05,Other 15,0,0.0,seasonal_naive,0.0,0.0,,,
2015-06-20,12,2015-07-06,Other 15,1,6226.0,seasonal_naive,12031.0,12031.0,,,
2015-06-20,12,2015-07-07,Other 15,1,5808.0,seasonal_naive,9626.0,9626.0,,,
2015-06-20,12,2015-07-08,Other 15,1,6350.0,seasonal_naive,10070.0,10070.0,,,
2015-06-20,12,2015-07-09,Other 15,1,6090.0,seasonal_naive,8058.0,8058.0,,,
2015-06-20,12,2015-07-10,Other 15,1,6730.0,seasonal_naive,8836.0,8836.0,,,
2015-06-20,12,2015-07-11,Other 15,1,6612.0,seasonal_naive,6214.0,6214.0,,,
2015-06-20,12,2015-07-12,Other 15,0,0.0,seasonal_naive,0.0,0.0,,,
2015-06-20,12,2015-07-13,Other 15,1,11730.0,seasonal_naive,12031.0,12031.0,,,
2015-06-20,12,2015-07-14,Other 15,1,9336.0,seasonal_naive,9626.0,9626.0,,,
2015-06-20,12,2015-07-15,Other 15,1,10008.0,seasonal_naive,10070.0,10070.0,,,
2015-06-20,12,2015-07-16,Other 15,1,9234.0,seasonal_naive,8058.0,8058.0,,,
2015-06-20,12,2015-07-17,Other 15,1,7684.0,seasonal_naive,8836.0,8836.0,,,
2015-06-20,12,2015-07-18,Other 15,1,7213.0,seasonal_naive,6214.0,6214.0,,,
2015-06-20,12,2015-07-19,Other 15,0,0.0,seasonal_naive,0.0,0.0,,,
2015-06-20,12,2015-07-20,Other 15,1,6754.0,seasonal_naive,12031.0,12031.0,,,
2015-06-20,12,2015-07-21,Other 15,1,6314.0,seasonal_naive,9626.0,9626.0,,,
2015-06-20,12,2015-07-22,Other 15,1,6201.0,seasonal_naive,10070.0,10070.0,,,
2015-06-20,12,2015-07-23,Other 15,1,5784.0,seasonal_naive,8058.0,8058.0,,,
2015-06-20,12,2015-07-24,Other 15,1,6078.0,seasonal_naive,8836.0,8836.0,,,
2015-06-20,12,2015-07-25,Other 15,1,5185.0,seasonal_naive,6214.0,6214.0,,,
2015-06-20,12,2015-07-26,Other 15,0,0.0,seasonal_naive,0.0,0.0,,,
2015-06-20,12,2015-07-27,Other 15,1,10227.0,seasonal_naive,12031.0,12031.0,,,
2015-06-20,12,2015-07-28,Other 15,1,8822.0,seasonal_naive,9626.0,9626.0,,,
2015-06-20,12,2015-07-29,Other 15,1,9236.0,seasonal_naive,10070.0,10070.0,,,
2015-06-20,12,2015-07-30,Other 15,1,7996.0,seasonal_naive,8058.0,8058.0,,,
2015-06-20,12,2015-07-31,Other 15,1,8959.0,seasonal_naive,8836.0,8836.0,,,
2015-06-20,12,2015-06-20,Other 15,1,6602.0,weekday_mean,6291.0,6291.0,,,
2015-06-20,12,2015-06-21,Other 15,0,0.0,weekday_mean,0.0,0.0,,,
2015-06-20,12,2015-06-22,Other 15,1,5525.0,weekday_mean,9062.5,9062.5,,,
2015-06-20,12,2015-06-23,Other 15,1,6046.0,weekday_mean,8261.0,8261.0,,,
2015-06-20,12,2015-06-24,Other 15,1,5403.0,weekday_mean,8570.25,8570.25,,,
2015-06-20,12,2015-06-25,Other 15,1,6205.0,weekday_mean,7021.75,7021.75,,,
2015-06-20,12,2015-06-26,Other 15,1,6275.0,weekday_mean,7025.0,7025.0,,,
2015-06-20,12,2015-06-27,Other 15,1,6546.0,weekday_mean,6291.0,6291.0,,,
2015-06-20,12,2015-06-28,Other 15,0,0.0,weekday_mean,0.0,0.0,,,
2015-06-20,12,2015-06-29,Other 15,1,13738.0,weekday_mean,9062.5,9062.5,,,
2015-06-20,12,2015-06-30,Other 15,1,13704.0,weekday_mean,8261.0,8261.0,,,
2015-06-20,12,2015-07-01,Other 15,1,7765.0,weekday_mean,8570.25,8570.25,,,
2015-06-20,12,2015-07-02,Other 15,1,7886.0,weekday_mean,7021.75,7021.75,,,
2015-06-20,12,2015-07-03,Other 15,1,7311.0,weekday_mean,7025.0,7025.0,,,
2015-06-20,12,2015-07-04,Other 15,1,5119.0,weekday_mean,6291.0,6291.0,,,
2015-06-20,12,2015-07-05,Other 15,0,0.0,weekday_mean,0.0,0.0,,,
2015-06-20,12,2015-07-06,Other 15,1,6226.0,weekday_mean,9062.5,9062.5,,,
2015-06-20,12,2015-07-07,Other 15,1,5808.0,weekday_mean,8261.0,8261.0,,,
2015-06-20,12,2015-07-08,Other 15,1,6350.0,weekday_mean,8570.25,8570.25,,,
2015-06-20,12,2015-07-09,Other 15,1,6090.0,weekday_mean,7021.75,7021.75,,,
2015-06-20,12,2015-07-10,Other 15,1,6730.0,weekday_mean,7025.0,7025.0,,,
2015-06-20,12,2015-07-11,Other 15,1,6612.0,weekday_mean,6291.0,6291.0,,,
2015-06-20,12,2015-07-12,Other 15,0,0.0,weekday_mean,0.0,0.0,,,
2015-06-20,12,2015-07-13,Other 15,1,11730.0,weekday_mean,9062.5,9062.5,,,
2015-06-20,12,2015-07-14,Other 15,1,9336.0,weekday_mean,8261.0,8261.0,,,
2015-06-20,12,2015-07-15,Other 15,1,10008.0,weekday_mean,8570.25,8570.25,,,
2015-06-20,12,2015-07-16,Other 15,1,9234.0,weekday_mean,7021.75,7021.75,,,
2015-06-20,12,2015-07-17,Other 15,1,7684.0,weekday_mean,7025.0,7025.0,,,
2015-06-20,12,2015-07-18,Other 15,1,7213.0,weekday_mean,6291.0,6291.0,,,
2015-06-20,12,2015-07-19,Other 15,0,0.0,weekday_mean,0.0,0.0,,,
2015-06-20,12,2015-07-20,Other 15,1,6754.0,weekday_mean,9062.5,9062.5,,,
2015-06-20,12,2015-07-21,Other 15,1,6314.0,weekday_mean,8261.0,8261.0,,,
2015-06-20,12,2015-07-22,Other 15,1,6201.0,weekday_mean,8570.25,8570.25,,,
2015-06-20,12,2015-07-23,Other 15,1,5784.0,weekday_mean,7021.75,7021.75,,,
2015-06-20,12,2015-07-24,Other 15,1,6078.0,weekday_mean,7025.0,7025.0,,,
2015-06-20,12,2015-07-25,Other 15,1,5185.0,weekday_mean,6291.0,6291.0,,,
2015-06-20,12,2015-07-26,Other 15,0,0.0,weekday_mean,0.0,0.0,,,
2015-06-20,12,2015-07-27,Other 15,1,10227.0,weekday_mean,9062.5,9062.5,,,
2015-06-20,12,2015-07-28,Other 15,1,8822.0,weekday_mean,8261.0,8261.0,,,
2015-06-20,12,2015-07-29,Other 15,1,9236.0,weekday_mean,8570.25,8570.25,,,
2015-06-20,12,2015-07-30,Other 15,1,7996.0,weekday_mean,7021.75,7021.75,,,
2015-06-20,12,2015-07-31,Other 15,1,8959.0,weekday_mean,7025.0,7025.0,,,
2015-06-20,12,2015-06-20,Other 15,1,6602.0,timesfm,6234.78271484375,6234.78271484375,3056.378173828125,8143.953125,9232.5390625
2015-06-20,12,2015-06-21,Other 15,0,0.0,timesfm,470.29052734375,0.0,0.0,0.0,0.0
2015-06-20,12,2015-06-22,Other 15,1,5525.0,timesfm,7211.39794921875,7211.39794921875,3984.123046875,9269.3232421875,10298.919921875
2015-06-20,12,2015-06-23,Other 15,1,6046.0,timesfm,8138.5009765625,8138.5009765625,4943.05322265625,10011.107421875,11096.2001953125
2015-06-20,12,2015-06-24,Other 15,1,5403.0,timesfm,8551.2685546875,8551.2685546875,5551.78466796875,10382.8486328125,11459.005859375
2015-06-20,12,2015-06-25,Other 15,1,6205.0,timesfm,7327.32421875,7327.32421875,4386.88671875,9102.80078125,10198.27734375
2015-06-20,12,2015-06-26,Other 15,1,6275.0,timesfm,7473.68310546875,7473.68310546875,4372.41015625,9312.677734375,10306.515625
2015-06-20,12,2015-06-27,Other 15,1,6546.0,timesfm,5865.1005859375,5865.1005859375,2566.048828125,7697.3125,8848.392578125
2015-06-20,12,2015-06-28,Other 15,0,0.0,timesfm,163.0751953125,0.0,0.0,0.0,0.0
2015-06-20,12,2015-06-29,Other 15,1,13738.0,timesfm,7631.5615234375,7631.5615234375,4212.5517578125,9471.494140625,10707.517578125
2015-06-20,12,2015-06-30,Other 15,1,13704.0,timesfm,8480.52734375,8480.52734375,5180.15234375,10373.76171875,11530.603515625
2015-06-20,12,2015-07-01,Other 15,1,7765.0,timesfm,8762.845703125,8762.845703125,5635.9931640625,10661.623046875,11875.2890625
2015-06-20,12,2015-07-02,Other 15,1,7886.0,timesfm,7601.130859375,7601.130859375,4560.298828125,9474.08203125,10700.9560546875
2015-06-20,12,2015-07-03,Other 15,1,7311.0,timesfm,7874.83056640625,7874.83056640625,4534.80615234375,9709.2255859375,10767.271484375
2015-06-20,12,2015-07-04,Other 15,1,5119.0,timesfm,6060.6533203125,6060.6533203125,2593.612548828125,7983.78857421875,9153.49609375
2015-06-20,12,2015-07-05,Other 15,0,0.0,timesfm,80.4736328125,0.0,0.0,0.0,0.0
2015-06-20,12,2015-07-06,Other 15,1,6226.0,timesfm,7383.0576171875,7383.0576171875,3798.698486328125,9276.99609375,10535.841796875
2015-06-20,12,2015-07-07,Other 15,1,5808.0,timesfm,8311.33984375,8311.33984375,4864.36474609375,10343.9892578125,11431.9912109375
2015-06-20,12,2015-07-08,Other 15,1,6350.0,timesfm,8686.828125,8686.828125,5278.7060546875,10650.2373046875,11854.443359375
2015-06-20,12,2015-07-09,Other 15,1,6090.0,timesfm,7310.1396484375,7310.1396484375,4014.322265625,9291.7548828125,10583.892578125
2015-06-20,12,2015-07-10,Other 15,1,6730.0,timesfm,7410.82421875,7410.82421875,3878.17919921875,9468.326171875,10616.556640625
2015-06-20,12,2015-07-11,Other 15,1,6612.0,timesfm,5857.0947265625,5857.0947265625,2383.15625,7993.609375,9287.697265625
2015-06-20,12,2015-07-12,Other 15,0,0.0,timesfm,0.0,0.0,0.0,0.0,0.0
2015-06-20,12,2015-07-13,Other 15,1,11730.0,timesfm,7614.73291015625,7614.73291015625,3845.12744140625,9587.087890625,10953.875
2015-06-20,12,2015-07-14,Other 15,1,9336.0,timesfm,8357.98046875,8357.98046875,4740.9208984375,10392.4013671875,11673.2744140625
2015-06-20,12,2015-07-15,Other 15,1,10008.0,timesfm,8627.9482421875,8627.9482421875,5160.85107421875,10638.361328125,12033.92578125
2015-06-20,12,2015-07-16,Other 15,1,9234.0,timesfm,7585.453125,7585.453125,4207.375,9643.140625,10822.724609375
2015-06-20,12,2015-07-17,Other 15,1,7684.0,timesfm,7811.109375,7811.109375,4260.63525390625,9842.078125,11127.873046875
2015-06-20,12,2015-07-18,Other 15,1,7213.0,timesfm,6284.60791015625,6284.60791015625,2615.1865234375,8425.30078125,9694.333984375
2015-06-20,12,2015-07-19,Other 15,0,0.0,timesfm,314.69921875,0.0,0.0,0.0,0.0
2015-06-20,12,2015-07-20,Other 15,1,6754.0,timesfm,7643.3115234375,7643.3115234375,3665.2509765625,9824.34375,11104.390625
2015-06-20,12,2015-07-21,Other 15,1,6314.0,timesfm,8485.1640625,8485.1640625,4556.9462890625,10603.091796875,11866.470703125
2015-06-20,12,2015-07-22,Other 15,1,6201.0,timesfm,8983.09765625,8983.09765625,5261.44091796875,11022.60546875,12339.8076171875
2015-06-20,12,2015-07-23,Other 15,1,5784.0,timesfm,7702.36669921875,7702.36669921875,3946.82080078125,9776.2802734375,11097.466796875
2015-06-20,12,2015-07-24,Other 15,1,6078.0,timesfm,7764.794921875,7764.794921875,3861.61962890625,9783.2890625,11123.685546875
2015-06-20,12,2015-07-25,Other 15,1,5185.0,timesfm,6148.5576171875,6148.5576171875,2111.01904296875,8347.3056640625,9765.568359375
2015-06-20,12,2015-07-26,Other 15,0,0.0,timesfm,444.92919921875,0.0,0.0,0.0,0.0
2015-06-20,12,2015-07-27,Other 15,1,10227.0,timesfm,7920.126953125,7920.126953125,3741.884765625,10245.3056640625,11658.708984375
2015-06-20,12,2015-07-28,Other 15,1,8822.0,timesfm,8589.9111328125,8589.9111328125,4495.82275390625,10866.8974609375,12207.224609375
2015-06-20,12,2015-07-29,Other 15,1,9236.0,timesfm,8791.4677734375,8791.4677734375,4796.19677734375,10957.3974609375,12307.7822265625
2015-06-20,12,2015-07-30,Other 15,1,7996.0,timesfm,7876.03564453125,7876.03564453125,3903.50390625,10009.501953125,11441.048828125
2015-06-20,12,2015-07-31,Other 15,1,8959.0,timesfm,8083.2314453125,8083.2314453125,4017.20751953125,10381.6015625,11698.021484375
2015-06-20,13,2015-06-20,Other 15,1,4391.0,seasonal_naive,4728.0,4728.0,,,
2015-06-20,13,2015-06-21,Other 15,0,0.0,seasonal_naive,0.0,0.0,,,
2015-06-20,13,2015-06-22,Other 15,1,2603.0,seasonal_naive,7808.0,7808.0,,,
2015-06-20,13,2015-06-23,Other 15,1,3681.0,seasonal_naive,7159.0,7159.0,,,
2015-06-20,13,2015-06-24,Other 15,1,3056.0,seasonal_naive,5885.0,5885.0,,,
2015-06-20,13,2015-06-25,Other 15,1,5830.0,seasonal_naive,5047.0,5047.0,,,
2015-06-20,13,2015-06-26,Other 15,1,3702.0,seasonal_naive,5546.0,5546.0,,,
2015-06-20,13,2015-06-27,Other 15,1,4801.0,seasonal_naive,4728.0,4728.0,,,
2015-06-20,13,2015-06-28,Other 15,0,0.0,seasonal_naive,0.0,0.0,,,
2015-06-20,13,2015-06-29,Other 15,1,6741.0,seasonal_naive,7808.0,7808.0,,,
2015-06-20,13,2015-06-30,Other 15,1,6110.0,seasonal_naive,7159.0,7159.0,,,
2015-06-20,13,2015-07-01,Other 15,1,6796.0,seasonal_naive,5885.0,5885.0,,,
2015-06-20,13,2015-07-02,Other 15,1,5652.0,seasonal_naive,5047.0,5047.0,,,
2015-06-20,13,2015-07-03,Other 15,1,8948.0,seasonal_naive,5546.0,5546.0,,,
2015-06-20,13,2015-07-04,Other 15,1,3906.0,seasonal_naive,4728.0,4728.0,,,
2015-06-20,13,2015-07-05,Other 15,0,0.0,seasonal_naive,0.0,0.0,,,
2015-06-20,13,2015-07-06,Other 15,1,3055.0,seasonal_naive,7808.0,7808.0,,,
2015-06-20,13,2015-07-07,Other 15,1,3129.0,seasonal_naive,7159.0,7159.0,,,
2015-06-20,13,2015-07-08,Other 15,1,3709.0,seasonal_naive,5885.0,5885.0,,,
2015-06-20,13,2015-07-09,Other 15,1,4350.0,seasonal_naive,5047.0,5047.0,,,
2015-06-20,13,2015-07-10,Other 15,1,3639.0,seasonal_naive,5546.0,5546.0,,,
2015-06-20,13,2015-07-11,Other 15,1,4031.0,seasonal_naive,4728.0,4728.0,,,
2015-06-20,13,2015-07-12,Other 15,0,0.0,seasonal_naive,0.0,0.0,,,
2015-06-20,13,2015-07-13,Other 15,1,7525.0,seasonal_naive,7808.0,7808.0,,,
2015-06-20,13,2015-07-14,Other 15,1,6422.0,seasonal_naive,7159.0,7159.0,,,
2015-06-20,13,2015-07-15,Other 15,1,10334.0,seasonal_naive,5885.0,5885.0,,,
2015-06-20,13,2015-07-16,Other 15,1,5921.0,seasonal_naive,5047.0,5047.0,,,
2015-06-20,13,2015-07-17,Other 15,1,5740.0,seasonal_naive,5546.0,5546.0,,,
2015-06-20,13,2015-07-18,Other 15,1,4956.0,seasonal_naive,4728.0,4728.0,,,
2015-06-20,13,2015-07-19,Other 15,0,0.0,seasonal_naive,0.0,0.0,,,
2015-06-20,13,2015-07-20,Other 15,1,3868.0,seasonal_naive,7808.0,7808.0,,,
2015-06-20,13,2015-07-21,Other 15,1,3080.0,seasonal_naive,7159.0,7159.0,,,
2015-06-20,13,2015-07-22,Other 15,1,3164.0,seasonal_naive,5885.0,5885.0,,,
2015-06-20,13,2015-07-23,Other 15,1,3959.0,seasonal_naive,5047.0,5047.0,,,
2015-06-20,13,2015-07-24,Other 15,1,3483.0,seasonal_naive,5546.0,5546.0,,,
2015-06-20,13,2015-07-25,Other 15,1,4361.0,seasonal_naive,4728.0,4728.0,,,
2015-06-20,13,2015-07-26,Other 15,0,0.0,seasonal_naive,0.0,0.0,,,
2015-06-20,13,2015-07-27,Other 15,1,7926.0,seasonal_naive,7808.0,7808.0,,,
2015-06-20,13,2015-07-28,Other 15,1,6819.0,seasonal_naive,7159.0,7159.0,,,
2015-06-20,13,2015-07-29,Other 15,1,6648.0,seasonal_naive,5885.0,5885.0,,,
2015-06-20,13,2015-07-30,Other 15,1,7648.0,seasonal_naive,5047.0,5047.0,,,
2015-06-20,13,2015-07-31,Other 15,1,8821.0,seasonal_naive,5546.0,5546.0,,,
2015-06-20,13,2015-06-20,Other 15,1,4391.0,weekday_mean,5072.0,5072.0,,,
2015-06-20,13,2015-06-21,Other 15,0,0.0,weekday_mean,0.0,0.0,,,
2015-06-20,13,2015-06-22,Other 15,1,2603.0,weekday_mean,5457.5,5457.5,,,
2015-06-20,13,2015-06-23,Other 15,1,3681.0,weekday_mean,5208.875,5208.875,,,
2015-06-20,13,2015-06-24,Other 15,1,3056.0,weekday_mean,5574.875,5574.875,,,
2015-06-20,13,2015-06-25,Other 15,1,5830.0,weekday_mean,3893.25,3893.25,,,
2015-06-20,13,2015-06-26,Other 15,1,3702.0,weekday_mean,4341.75,4341.75,,,
2015-06-20,13,2015-06-27,Other 15,1,4801.0,weekday_mean,5072.0,5072.0,,,
2015-06-20,13,2015-06-28,Other 15,0,0.0,weekday_mean,0.0,0.0,,,
2015-06-20,13,2015-06-29,Other 15,1,6741.0,weekday_mean,5457.5,5457.5,,,
2015-06-20,13,2015-06-30,Other 15,1,6110.0,weekday_mean,5208.875,5208.875,,,
2015-06-20,13,2015-07-01,Other 15,1,6796.0,weekday_mean,5574.875,5574.875,,,
2015-06-20,13,2015-07-02,Other 15,1,5652.0,weekday_mean,3893.25,3893.25,,,
2015-06-20,13,2015-07-03,Other 15,1,8948.0,weekday_mean,4341.75,4341.75,,,
2015-06-20,13,2015-07-04,Other 15,1,3906.0,weekday_mean,5072.0,5072.0,,,
2015-06-20,13,2015-07-05,Other 15,0,0.0,weekday_mean,0.0,0.0,,,
2015-06-20,13,2015-07-06,Other 15,1,3055.0,weekday_mean,5457.5,5457.5,,,
2015-06-20,13,2015-07-07,Other 15,1,3129.0,weekday_mean,5208.875,5208.875,,,
2015-06-20,13,2015-07-08,Other 15,1,3709.0,weekday_mean,5574.875,5574.875,,,
2015-06-20,13,2015-07-09,Other 15,1,4350.0,weekday_mean,3893.25,3893.25,,,
2015-06-20,13,2015-07-10,Other 15,1,3639.0,weekday_mean,4341.75,4341.75,,,
2015-06-20,13,2015-07-11,Other 15,1,4031.0,weekday_mean,5072.0,5072.0,,,
2015-06-20,13,2015-07-12,Other 15,0,0.0,weekday_mean,0.0,0.0,,,
2015-06-20,13,2015-07-13,Other 15,1,7525.0,weekday_mean,5457.5,5457.5,,,
2015-06-20,13,2015-07-14,Other 15,1,6422.0,weekday_mean,5208.875,5208.875,,,
2015-06-20,13,2015-07-15,Other 15,1,10334.0,weekday_mean,5574.875,5574.875,,,
2015-06-20,13,2015-07-16,Other 15,1,5921.0,weekday_mean,3893.25,3893.25,,,
2015-06-20,13,2015-07-17,Other 15,1,5740.0,weekday_mean,4341.75,4341.75,,,
2015-06-20,13,2015-07-18,Other 15,1,4956.0,weekday_mean,5072.0,5072.0,,,
2015-06-20,13,2015-07-19,Other 15,0,0.0,weekday_mean,0.0,0.0,,,
2015-06-20,13,2015-07-20,Other 15,1,3868.0,weekday_mean,5457.5,5457.5,,,
2015-06-20,13,2015-07-21,Other 15,1,3080.0,weekday_mean,5208.875,5208.875,,,
2015-06-20,13,2015-07-22,Other 15,1,3164.0,weekday_mean,5574.875,5574.875,,,
2015-06-20,13,2015-07-23,Other 15,1,3959.0,weekday_mean,3893.25,3893.25,,,
2015-06-20,13,2015-07-24,Other 15,1,3483.0,weekday_mean,4341.75,4341.75,,,
2015-06-20,13,2015-07-25,Other 15,1,4361.0,weekday_mean,5072.0,5072.0,,,
2015-06-20,13,2015-07-26,Other 15,0,0.0,weekday_mean,0.0,0.0,,,
2015-06-20,13,2015-07-27,Other 15,1,7926.0,weekday_mean,5457.5,5457.5,,,
2015-06-20,13,2015-07-28,Other 15,1,6819.0,weekday_mean,5208.875,5208.875,,,
2015-06-20,13,2015-07-29,Other 15,1,6648.0,weekday_mean,5574.875,5574.875,,,
2015-06-20,13,2015-07-30,Other 15,1,7648.0,weekday_mean,3893.25,3893.25,,,
2015-06-20,13,2015-07-31,Other 15,1,8821.0,weekday_mean,4341.75,4341.75,,,
2015-06-20,13,2015-06-20,Other 15,1,4391.0,timesfm,4517.88818359375,4517.88818359375,1799.4105224609375,6122.7958984375,6987.5498046875
2015-06-20,13,2015-06-21,Other 15,0,0.0,timesfm,864.833984375,0.0,0.0,0.0,0.0
2015-06-20,13,2015-06-22,Other 15,1,2603.0,timesfm,4579.94873046875,4579.94873046875,1785.5572509765625,6260.705078125,7096.9208984375
2015-06-20,13,2015-06-23,Other 15,1,3681.0,timesfm,5247.05859375,5247.05859375,2449.6103515625,6863.07958984375,7744.5576171875
2015-06-20,13,2015-06-24,Other 15,1,3056.0,timesfm,5376.5048828125,5376.5048828125,2648.5341796875,6988.837890625,7834.9755859375
2015-06-20,13,2015-06-25,Other 15,1,5830.0,timesfm,4550.26708984375,4550.26708984375,1852.7413330078125,6181.2939453125,7069.2666015625
2015-06-20,13,2015-06-26,Other 15,1,3702.0,timesfm,4779.40380859375,4779.40380859375,1958.0809326171875,6404.7734375,7251.5927734375
2015-06-20,13,2015-06-27,Other 15,1,4801.0,timesfm,4379.6240234375,4379.6240234375,1514.62841796875,5989.728515625,6886.578125
2015-06-20,13,2015-06-28,Other 15,0,0.0,timesfm,682.762451171875,0.0,0.0,0.0,0.0
2015-06-20,13,2015-06-29,Other 15,1,6741.0,timesfm,4686.33154296875,4686.33154296875,1723.4869384765625,6259.9228515625,7223.1328125
2015-06-20,13,2015-06-30,Other 15,1,6110.0,timesfm,5229.09912109375,5229.09912109375,2285.20703125,6841.2998046875,7738.75927734375
2015-06-20,13,2015-07-01,Other 15,1,6796.0,timesfm,5137.26318359375,5137.26318359375,2314.51513671875,6774.876953125,7691.8525390625
2015-06-20,13,2015-07-02,Other 15,1,5652.0,timesfm,4481.0107421875,4481.0107421875,1720.3642578125,6098.07861328125,7029.50146484375
2015-06-20,13,2015-07-03,Other 15,1,8948.0,timesfm,4973.0029296875,4973.0029296875,2045.1876220703125,6561.07470703125,7420.2578125
2015-06-20,13,2015-07-04,Other 15,1,3906.0,timesfm,4442.21533203125,4442.21533203125,1469.1416015625,6052.609375,6939.185546875
2015-06-20,13,2015-07-05,Other 15,0,0.0,timesfm,779.931884765625,0.0,0.0,0.0,0.0
2015-06-20,13,2015-07-06,Other 15,1,3055.0,timesfm,4579.0126953125,4579.0126953125,1541.666748046875,6176.09716796875,7076.44970703125
2015-06-20,13,2015-07-07,Other 15,1,3129.0,timesfm,5123.763671875,5123.763671875,2126.361328125,6777.5859375,7622.4404296875
2015-06-20,13,2015-07-08,Other 15,1,3709.0,timesfm,5188.80029296875,5188.80029296875,2159.58935546875,6825.162109375,7761.3818359375
2015-06-20,13,2015-07-09,Other 15,1,4350.0,timesfm,4513.5703125,4513.5703125,1586.607666015625,6191.01123046875,7192.369140625
2015-06-20,13,2015-07-10,Other 15,1,3639.0,timesfm,4779.3232421875,4779.3232421875,1696.1431884765625,6506.17578125,7406.7626953125
2015-06-20,13,2015-07-11,Other 15,1,4031.0,timesfm,4329.33056640625,4329.33056640625,1293.80224609375,6059.51025390625,7034.71142578125
2015-06-20,13,2015-07-12,Other 15,0,0.0,timesfm,661.076171875,0.0,0.0,0.0,0.0
2015-06-20,13,2015-07-13,Other 15,1,7525.0,timesfm,4700.34375,4700.34375,1530.778076171875,6395.89453125,7439.97900390625
2015-06-20,13,2015-07-14,Other 15,1,6422.0,timesfm,5075.5087890625,5075.5087890625,1954.2412109375,6838.33837890625,7781.5654296875
2015-06-20,13,2015-07-15,Other 15,1,10334.0,timesfm,5167.8525390625,5167.8525390625,2075.8046875,6939.4033203125,8008.11328125
2015-06-20,13,2015-07-16,Other 15,1,5921.0,timesfm,4636.49169921875,4636.49169921875,1651.4652099609375,6398.3525390625,7353.4111328125
2015-06-20,13,2015-07-17,Other 15,1,5740.0,timesfm,4963.541015625,4963.541015625,1886.574462890625,6721.501953125,7706.71630859375
2015-06-20,13,2015-07-18,Other 15,1,4956.0,timesfm,4582.4443359375,4582.4443359375,1479.026611328125,6376.123046875,7375.4091796875
2015-06-20,13,2015-07-19,Other 15,0,0.0,timesfm,884.385498046875,0.0,0.0,0.0,0.0
2015-06-20,13,2015-07-20,Other 15,1,3868.0,timesfm,4544.69482421875,4544.69482421875,1323.76953125,6420.83837890625,7387.94775390625
2015-06-20,13,2015-07-21,Other 15,1,3080.0,timesfm,5068.26416015625,5068.26416015625,1817.5576171875,6876.77490234375,7862.861328125
2015-06-20,13,2015-07-22,Other 15,1,3164.0,timesfm,5265.91357421875,5265.91357421875,2119.357421875,7043.16162109375,8081.3271484375
2015-06-20,13,2015-07-23,Other 15,1,3959.0,timesfm,4679.4853515625,4679.4853515625,1544.7294921875,6466.14892578125,7495.81787109375
2015-06-20,13,2015-07-24,Other 15,1,3483.0,timesfm,4865.2802734375,4865.2802734375,1624.684326171875,6563.6015625,7653.3349609375
2015-06-20,13,2015-07-25,Other 15,1,4361.0,timesfm,4383.0361328125,4383.0361328125,1146.43701171875,6212.78125,7247.83203125
2015-06-20,13,2015-07-26,Other 15,0,0.0,timesfm,936.46630859375,0.0,0.0,0.0,0.0
2015-06-20,13,2015-07-27,Other 15,1,7926.0,timesfm,4769.11328125,4769.11328125,1491.663330078125,6666.0654296875,7730.08056640625
2015-06-20,13,2015-07-28,Other 15,1,6819.0,timesfm,5139.3271484375,5139.3271484375,1845.743408203125,7019.6005859375,8091.458984375
2015-06-20,13,2015-07-29,Other 15,1,6648.0,timesfm,5174.0234375,5174.0234375,1880.175048828125,6979.47509765625,8024.7255859375
2015-06-20,13,2015-07-30,Other 15,1,7648.0,timesfm,4678.81982421875,4678.81982421875,1456.1083984375,6491.2666015625,7600.517578125
2015-06-20,13,2015-07-31,Other 15,1,8821.0,timesfm,4936.5166015625,4936.5166015625,1633.548583984375,6762.35205078125,7780.396484375
2015-06-20,14,2015-06-20,Other 15,1,3472.0,seasonal_naive,3541.0,3541.0,,,
2015-06-20,14,2015-06-21,Other 15,0,0.0,seasonal_naive,0.0,0.0,,,
2015-06-20,14,2015-06-22,Other 15,1,4687.0,seasonal_naive,8077.0,8077.0,,,
2015-06-20,14,2015-06-23,Other 15,1,5346.0,seasonal_naive,7071.0,7071.0,,,
2015-06-20,14,2015-06-24,Other 15,1,5344.0,seasonal_naive,6108.0,6108.0,,,
2015-06-20,14,2015-06-25,Other 15,1,5089.0,seasonal_naive,5918.0,5918.0,,,
2015-06-20,14,2015-06-26,Other 15,1,5232.0,seasonal_naive,6239.0,6239.0,,,
2015-06-20,14,2015-06-27,Other 15,1,3498.0,seasonal_naive,3541.0,3541.0,,,
2015-06-20,14,2015-06-28,Other 15,0,0.0,seasonal_naive,0.0,0.0,,,
2015-06-20,14,2015-06-29,Other 15,1,8671.0,seasonal_naive,8077.0,8077.0,,,
2015-06-20,14,2015-06-30,Other 15,1,10175.0,seasonal_naive,7071.0,7071.0,,,
2015-06-20,14,2015-07-01,Other 15,1,5881.0,seasonal_naive,6108.0,6108.0,,,
2015-06-20,14,2015-07-02,Other 15,1,6153.0,seasonal_naive,5918.0,5918.0,,,
2015-06-20,14,2015-07-03,Other 15,1,6252.0,seasonal_naive,6239.0,6239.0,,,
2015-06-20,14,2015-07-04,Other 15,1,3649.0,seasonal_naive,3541.0,3541.0,,,
2015-06-20,14,2015-07-05,Other 15,0,0.0,seasonal_naive,0.0,0.0,,,
2015-06-20,14,2015-07-06,Other 15,1,5706.0,seasonal_naive,8077.0,8077.0,,,
2015-06-20,14,2015-07-07,Other 15,1,4955.0,seasonal_naive,7071.0,7071.0,,,
2015-06-20,14,2015-07-08,Other 15,1,4720.0,seasonal_naive,6108.0,6108.0,,,
2015-06-20,14,2015-07-09,Other 15,1,5050.0,seasonal_naive,5918.0,5918.0,,,
2015-06-20,14,2015-07-10,Other 15,1,4981.0,seasonal_naive,6239.0,6239.0,,,
2015-06-20,14,2015-07-11,Other 15,1,3103.0,seasonal_naive,3541.0,3541.0,,,
2015-06-20,14,2015-07-12,Other 15,0,0.0,seasonal_naive,0.0,0.0,,,
2015-06-20,14,2015-07-13,Other 15,1,7202.0,seasonal_naive,8077.0,8077.0,,,
2015-06-20,14,2015-07-14,Other 15,1,6509.0,seasonal_naive,7071.0,7071.0,,,
2015-06-20,14,2015-07-15,Other 15,1,6143.0,seasonal_naive,6108.0,6108.0,,,
2015-06-20,14,2015-07-16,Other 15,1,6152.0,seasonal_naive,5918.0,5918.0,,,
2015-06-20,14,2015-07-17,Other 15,1,5346.0,seasonal_naive,6239.0,6239.0,,,
2015-06-20,14,2015-07-18,Other 15,1,3254.0,seasonal_naive,3541.0,3541.0,,,
2015-06-20,14,2015-07-19,Other 15,0,0.0,seasonal_naive,0.0,0.0,,,
2015-06-20,14,2015-07-20,Other 15,1,4780.0,seasonal_naive,8077.0,8077.0,,,
2015-06-20,14,2015-07-21,Other 15,1,4518.0,seasonal_naive,7071.0,7071.0,,,
2015-06-20,14,2015-07-22,Other 15,1,4409.0,seasonal_naive,6108.0,6108.0,,,
2015-06-20,14,2015-07-23,Other 15,1,4080.0,seasonal_naive,5918.0,5918.0,,,
2015-06-20,14,2015-07-24,Other 15,1,4775.0,seasonal_naive,6239.0,6239.0,,,
2015-06-20,14,2015-07-25,Other 15,1,2952.0,seasonal_naive,3541.0,3541.0,,,
2015-06-20,14,2015-07-26,Other 15,0,0.0,seasonal_naive,0.0,0.0,,,
2015-06-20,14,2015-07-27,Other 15,1,6614.0,seasonal_naive,8077.0,8077.0,,,
2015-06-20,14,2015-07-28,Other 15,1,5957.0,seasonal_naive,7071.0,7071.0,,,
2015-06-20,14,2015-07-29,Other 15,1,5412.0,seasonal_naive,6108.0,6108.0,,,
2015-06-20,14,2015-07-30,Other 15,1,5672.0,seasonal_naive,5918.0,5918.0,,,
2015-06-20,14,2015-07-31,Other 15,1,6544.0,seasonal_naive,6239.0,6239.0,,,
2015-06-20,14,2015-06-20,Other 15,1,3472.0,weekday_mean,3816.25,3816.25,,,
2015-06-20,14,2015-06-21,Other 15,0,0.0,weekday_mean,0.0,0.0,,,
2015-06-20,14,2015-06-22,Other 15,1,4687.0,weekday_mean,6492.125,6492.125,,,
2015-06-20,14,2015-06-23,Other 15,1,5346.0,weekday_mean,6306.25,6306.25,,,
2015-06-20,14,2015-06-24,Other 15,1,5344.0,weekday_mean,5893.0,5893.0,,,
2015-06-20,14,2015-06-25,Other 15,1,5089.0,weekday_mean,4703.625,4703.625,,,
2015-06-20,14,2015-06-26,Other 15,1,5232.0,weekday_mean,5582.875,5582.875,,,
2015-06-20,14,2015-06-27,Other 15,1,3498.0,weekday_mean,3816.25,3816.25,,,
2015-06-20,14,2015-06-28,Other 15,0,0.0,weekday_mean,0.0,0.0,,,
2015-06-20,14,2015-06-29,Other 15,1,8671.0,weekday_mean,6492.125,6492.125,,,
2015-06-20,14,2015-06-30,Other 15,1,10175.0,weekday_mean,6306.25,6306.25,,,
2015-06-20,14,2015-07-01,Other 15,1,5881.0,weekday_mean,5893.0,5893.0,,,
2015-06-20,14,2015-07-02,Other 15,1,6153.0,weekday_mean,4703.625,4703.625,,,
2015-06-20,14,2015-07-03,Other 15,1,6252.0,weekday_mean,5582.875,5582.875,,,
2015-06-20,14,2015-07-04,Other 15,1,3649.0,weekday_mean,3816.25,3816.25,,,
2015-06-20,14,2015-07-05,Other 15,0,0.0,weekday_mean,0.0,0.0,,,
2015-06-20,14,2015-07-06,Other 15,1,5706.0,weekday_mean,6492.125,6492.125,,,
2015-06-20,14,2015-07-07,Other 15,1,4955.0,weekday_mean,6306.25,6306.25,,,
2015-06-20,14,2015-07-08,Other 15,1,4720.0,weekday_mean,5893.0,5893.0,,,
2015-06-20,14,2015-07-09,Other 15,1,5050.0,weekday_mean,4703.625,4703.625,,,
2015-06-20,14,2015-07-10,Other 15,1,4981.0,weekday_mean,5582.875,5582.875,,,
2015-06-20,14,2015-07-11,Other 15,1,3103.0,weekday_mean,3816.25,3816.25,,,
2015-06-20,14,2015-07-12,Other 15,0,0.0,weekday_mean,0.0,0.0,,,
2015-06-20,14,2015-07-13,Other 15,1,7202.0,weekday_mean,6492.125,6492.125,,,
2015-06-20,14,2015-07-14,Other 15,1,6509.0,weekday_mean,6306.25,6306.25,,,
2015-06-20,14,2015-07-15,Other 15,1,6143.0,weekday_mean,5893.0,5893.0,,,
2015-06-20,14,2015-07-16,Other 15,1,6152.0,weekday_mean,4703.625,4703.625,,,
2015-06-20,14,2015-07-17,Other 15,1,5346.0,weekday_mean,5582.875,5582.875,,,
2015-06-20,14,2015-07-18,Other 15,1,3254.0,weekday_mean,3816.25,3816.25,,,
2015-06-20,14,2015-07-19,Other 15,0,0.0,weekday_mean,0.0,0.0,,,
2015-06-20,14,2015-07-20,Other 15,1,4780.0,weekday_mean,6492.125,6492.125,,,
2015-06-20,14,2015-07-21,Other 15,1,4518.0,weekday_mean,6306.25,6306.25,,,
2015-06-20,14,2015-07-22,Other 15,1,4409.0,weekday_mean,5893.0,5893.0,,,
2015-06-20,14,2015-07-23,Other 15,1,4080.0,weekday_mean,4703.625,4703.625,,,
2015-06-20,14,2015-07-24,Other 15,1,4775.0,weekday_mean,5582.875,5582.875,,,
2015-06-20,14,2015-07-25,Other 15,1,2952.0,weekday_mean,3816.25,3816.25,,,
2015-06-20,14,2015-07-26,Other 15,0,0.0,weekday_mean,0.0,0.0,,,
2015-06-20,14,2015-07-27,Other 15,1,6614.0,weekday_mean,6492.125,6492.125,,,
2015-06-20,14,2015-07-28,Other 15,1,5957.0,weekday_mean,6306.25,6306.25,,,
2015-06-20,14,2015-07-29,Other 15,1,5412.0,weekday_mean,5893.0,5893.0,,,
2015-06-20,14,2015-07-30,Other 15,1,5672.0,weekday_mean,4703.625,4703.625,,,
2015-06-20,14,2015-07-31,Other 15,1,6544.0,weekday_mean,5582.875,5582.875,,,
2015-06-20,14,2015-06-20,Other 15,1,3472.0,timesfm,3326.820556640625,3326.820556640625,1016.322509765625,4611.984375,5339.3603515625
2015-06-20,14,2015-06-21,Other 15,0,0.0,timesfm,0.0,0.0,0.0,0.0,0.0
2015-06-20,14,2015-06-22,Other 15,1,4687.0,timesfm,5850.5576171875,5850.5576171875,3368.805419921875,7245.0009765625,7878.708984375
2015-06-20,14,2015-06-23,Other 15,1,5346.0,timesfm,6413.05078125,6413.05078125,3994.31005859375,7615.650390625,8344.12109375
2015-06-20,14,2015-06-24,Other 15,1,5344.0,timesfm,6017.3935546875,6017.3935546875,3803.3798828125,7232.69140625,7902.60546875
2015-06-20,14,2015-06-25,Other 15,1,5089.0,timesfm,5425.76806640625,5425.76806640625,3230.2373046875,6580.9580078125,7232.443359375
2015-06-20,14,2015-06-26,Other 15,1,5232.0,timesfm,5952.94091796875,5952.94091796875,3614.6591796875,7141.3330078125,7779.97265625
2015-06-20,14,2015-06-27,Other 15,1,3498.0,timesfm,3486.2255859375,3486.2255859375,1027.697998046875,4753.28515625,5521.2099609375
2015-06-20,14,2015-06-28,Other 15,0,0.0,timesfm,0.0,0.0,0.0,0.0,0.0
2015-06-20,14,2015-06-29,Other 15,1,8671.0,timesfm,5945.51123046875,5945.51123046875,3316.419189453125,7145.0234375,7927.30029296875
2015-06-20,14,2015-06-30,Other 15,1,10175.0,timesfm,6220.08642578125,6220.08642578125,3645.787109375,7414.4853515625,8095.6923828125
2015-06-20,14,2015-07-01,Other 15,1,5881.0,timesfm,5880.1669921875,5880.1669921875,3500.834716796875,7055.3271484375,7769.033203125
2015-06-20,14,2015-07-02,Other 15,1,6153.0,timesfm,5244.99755859375,5244.99755859375,2913.58154296875,6449.4228515625,7147.802734375
2015-06-20,14,2015-07-03,Other 15,1,6252.0,timesfm,5937.361328125,5937.361328125,3422.33984375,7124.2021484375,7738.6669921875
2015-06-20,14,2015-07-04,Other 15,1,3649.0,timesfm,3376.8759765625,3376.8759765625,761.804443359375,4668.00439453125,5340.41455078125
2015-06-20,14,2015-07-05,Other 15,0,0.0,timesfm,0.0,0.0,0.0,0.0,0.0
2015-06-20,14,2015-07-06,Other 15,1,5706.0,timesfm,5877.62451171875,5877.62451171875,3146.711181640625,7090.05029296875,7805.0322265625
2015-06-20,14,2015-07-07,Other 15,1,4955.0,timesfm,6387.90283203125,6387.90283203125,3778.306884765625,7628.3037109375,8237.5234375
2015-06-20,14,2015-07-08,Other 15,1,4720.0,timesfm,6128.453125,6128.453125,3585.677978515625,7327.6142578125,8007.58203125
2015-06-20,14,2015-07-09,Other 15,1,5050.0,timesfm,5277.36328125,5277.36328125,2790.145751953125,6466.04296875,7192.3427734375
2015-06-20,14,2015-07-10,Other 15,1,4981.0,timesfm,5869.5693359375,5869.5693359375,3112.79833984375,7091.21240234375,7708.54296875
2015-06-20,14,2015-07-11,Other 15,1,3103.0,timesfm,3444.39794921875,3444.39794921875,677.658203125,4757.990234375,5503.38232421875
2015-06-20,14,2015-07-12,Other 15,0,0.0,timesfm,0.0,0.0,0.0,0.0,0.0
2015-06-20,14,2015-07-13,Other 15,1,7202.0,timesfm,6161.375,6161.375,3231.56884765625,7425.5927734375,8226.3955078125
2015-06-20,14,2015-07-14,Other 15,1,6509.0,timesfm,6203.6142578125,6203.6142578125,3434.24853515625,7471.0927734375,8194.7314453125
2015-06-20,14,2015-07-15,Other 15,1,6143.0,timesfm,5922.5673828125,5922.5673828125,3285.84619140625,7180.57763671875,8006.724609375
2015-06-20,14,2015-07-16,Other 15,1,6152.0,timesfm,5294.2490234375,5294.2490234375,2696.165771484375,6580.8857421875,7246.37890625
2015-06-20,14,2015-07-17,Other 15,1,5346.0,timesfm,5911.58056640625,5911.58056640625,3093.96142578125,7195.0107421875,7904.51513671875
2015-06-20,14,2015-07-18,Other 15,1,3254.0,timesfm,3543.55859375,3543.55859375,719.81298828125,4937.74951171875,5700.0361328125
2015-06-20,14,2015-07-19,Other 15,0,0.0,timesfm,0.0,0.0,0.0,0.0,0.0
2015-06-20,14,2015-07-20,Other 15,1,4780.0,timesfm,5825.87353515625,5825.87353515625,2846.96826171875,7206.22900390625,7931.533203125
2015-06-20,14,2015-07-21,Other 15,1,4518.0,timesfm,6238.37451171875,6238.37451171875,3406.183349609375,7578.8818359375,8282.4462890625
2015-06-20,14,2015-07-22,Other 15,1,4409.0,timesfm,6094.435546875,6094.435546875,3369.98828125,7342.3115234375,8117.5390625
2015-06-20,14,2015-07-23,Other 15,1,4080.0,timesfm,5432.771484375,5432.771484375,2637.2021484375,6737.9716796875,7498.33935546875
2015-06-20,14,2015-07-24,Other 15,1,4775.0,timesfm,5907.01904296875,5907.01904296875,2888.1904296875,7143.3193359375,7945.5625
2015-06-20,14,2015-07-25,Other 15,1,2952.0,timesfm,3473.115478515625,3473.115478515625,414.021728515625,4930.06689453125,5775.9873046875
2015-06-20,14,2015-07-26,Other 15,0,0.0,timesfm,0.0,0.0,0.0,0.0,0.0
2015-06-20,14,2015-07-27,Other 15,1,6614.0,timesfm,6094.05615234375,6094.05615234375,2928.24609375,7608.0068359375,8414.01171875
2015-06-20,14,2015-07-28,Other 15,1,5957.0,timesfm,6227.23388671875,6227.23388671875,3201.32958984375,7706.484375,8514.4306640625
2015-06-20,14,2015-07-29,Other 15,1,5412.0,timesfm,5766.97216796875,5766.97216796875,2783.7255859375,7150.88427734375,7956.8984375
2015-06-20,14,2015-07-30,Other 15,1,5672.0,timesfm,5253.74609375,5253.74609375,2327.71923828125,6624.37060546875,7445.1552734375
2015-06-20,14,2015-07-31,Other 15,1,6544.0,timesfm,5771.8896484375,5771.8896484375,2666.4384765625,7214.50390625,7945.806640625
2015-06-20,15,2015-06-20,Other 15,1,5405.0,seasonal_naive,5787.0,5787.0,,,
2015-06-20,15,2015-06-21,Other 15,0,0.0,seasonal_naive,0.0,0.0,,,
2015-06-20,15,2015-06-22,Other 15,1,5513.0,seasonal_naive,8825.0,8825.0,,,
2015-06-20,15,2015-06-23,Other 15,1,5143.0,seasonal_naive,8600.0,8600.0,,,
2015-06-20,15,2015-06-24,Other 15,1,5339.0,seasonal_naive,7026.0,7026.0,,,
2015-06-20,15,2015-06-25,Other 15,1,4979.0,seasonal_naive,6786.0,6786.0,,,
2015-06-20,15,2015-06-26,Other 15,1,6376.0,seasonal_naive,7851.0,7851.0,,,
2015-06-20,15,2015-06-27,Other 15,1,6275.0,seasonal_naive,5787.0,5787.0,,,
2015-06-20,15,2015-06-28,Other 15,0,0.0,seasonal_naive,0.0,0.0,,,
2015-06-20,15,2015-06-29,Other 15,1,11290.0,seasonal_naive,8825.0,8825.0,,,
2015-06-20,15,2015-06-30,Other 15,1,11332.0,seasonal_naive,8600.0,8600.0,,,
2015-06-20,15,2015-07-01,Other 15,1,6043.0,seasonal_naive,7026.0,7026.0,,,
2015-06-20,15,2015-07-02,Other 15,1,7242.0,seasonal_naive,6786.0,6786.0,,,
2015-06-20,15,2015-07-03,Other 15,1,7554.0,seasonal_naive,7851.0,7851.0,,,
2015-06-20,15,2015-07-04,Other 15,1,5388.0,seasonal_naive,5787.0,5787.0,,,
2015-06-20,15,2015-07-05,Other 15,0,0.0,seasonal_naive,0.0,0.0,,,
2015-06-20,15,2015-07-06,Other 15,1,5431.0,seasonal_naive,8825.0,8825.0,,,
2015-06-20,15,2015-07-07,Other 15,1,5555.0,seasonal_naive,8600.0,8600.0,,,
2015-06-20,15,2015-07-08,Other 15,1,5466.0,seasonal_naive,7026.0,7026.0,,,
2015-06-20,15,2015-07-09,Other 15,1,5609.0,seasonal_naive,6786.0,6786.0,,,
2015-06-20,15,2015-07-10,Other 15,1,6323.0,seasonal_naive,7851.0,7851.0,,,
2015-06-20,15,2015-07-11,Other 15,1,5738.0,seasonal_naive,5787.0,5787.0,,,
2015-06-20,15,2015-07-12,Other 15,0,0.0,seasonal_naive,0.0,0.0,,,
2015-06-20,15,2015-07-13,Other 15,1,8691.0,seasonal_naive,8825.0,8825.0,,,
2015-06-20,15,2015-07-14,Other 15,1,7857.0,seasonal_naive,8600.0,8600.0,,,
2015-06-20,15,2015-07-15,Other 15,1,7885.0,seasonal_naive,7026.0,7026.0,,,
2015-06-20,15,2015-07-16,Other 15,1,8501.0,seasonal_naive,6786.0,6786.0,,,
2015-06-20,15,2015-07-17,Other 15,1,9368.0,seasonal_naive,7851.0,7851.0,,,
2015-06-20,15,2015-07-18,Other 15,1,5770.0,seasonal_naive,5787.0,5787.0,,,
2015-06-20,15,2015-07-19,Other 15,0,0.0,seasonal_naive,0.0,0.0,,,
2015-06-20,15,2015-07-20,Other 15,1,6898.0,seasonal_naive,8825.0,8825.0,,,
2015-06-20,15,2015-07-21,Other 15,1,5449.0,seasonal_naive,8600.0,8600.0,,,
2015-06-20,15,2015-07-22,Other 15,1,4899.0,seasonal_naive,7026.0,7026.0,,,
2015-06-20,15,2015-07-23,Other 15,1,5623.0,seasonal_naive,6786.0,6786.0,,,
2015-06-20,15,2015-07-24,Other 15,1,5255.0,seasonal_naive,7851.0,7851.0,,,
2015-06-20,15,2015-07-25,Other 15,1,5209.0,seasonal_naive,5787.0,5787.0,,,
2015-06-20,15,2015-07-26,Other 15,0,0.0,seasonal_naive,0.0,0.0,,,
2015-06-20,15,2015-07-27,Other 15,1,9053.0,seasonal_naive,8825.0,8825.0,,,
2015-06-20,15,2015-07-28,Other 15,1,7516.0,seasonal_naive,8600.0,8600.0,,,
2015-06-20,15,2015-07-29,Other 15,1,7583.0,seasonal_naive,7026.0,7026.0,,,
2015-06-20,15,2015-07-30,Other 15,1,8891.0,seasonal_naive,6786.0,6786.0,,,
2015-06-20,15,2015-07-31,Other 15,1,9191.0,seasonal_naive,7851.0,7851.0,,,
2015-06-20,15,2015-06-20,Other 15,1,5405.0,weekday_mean,6393.875,6393.875,,,
2015-06-20,15,2015-06-21,Other 15,0,0.0,weekday_mean,0.0,0.0,,,
2015-06-20,15,2015-06-22,Other 15,1,5513.0,weekday_mean,7360.875,7360.875,,,
2015-06-20,15,2015-06-23,Other 15,1,5143.0,weekday_mean,7037.875,7037.875,,,
2015-06-20,15,2015-06-24,Other 15,1,5339.0,weekday_mean,7296.125,7296.125,,,
2015-06-20,15,2015-06-25,Other 15,1,4979.0,weekday_mean,6672.625,6672.625,,,
2015-06-20,15,2015-06-26,Other 15,1,6376.0,weekday_mean,6469.375,6469.375,,,
2015-06-20,15,2015-06-27,Other 15,1,6275.0,weekday_mean,6393.875,6393.875,,,
2015-06-20,15,2015-06-28,Other 15,0,0.0,weekday_mean,0.0,0.0,,,
2015-06-20,15,2015-06-29,Other 15,1,11290.0,weekday_mean,7360.875,7360.875,,,
2015-06-20,15,2015-06-30,Other 15,1,11332.0,weekday_mean,7037.875,7037.875,,,
2015-06-20,15,2015-07-01,Other 15,1,6043.0,weekday_mean,7296.125,7296.125,,,
2015-06-20,15,2015-07-02,Other 15,1,7242.0,weekday_mean,6672.625,6672.625,,,
2015-06-20,15,2015-07-03,Other 15,1,7554.0,weekday_mean,6469.375,6469.375,,,
2015-06-20,15,2015-07-04,Other 15,1,5388.0,weekday_mean,6393.875,6393.875,,,
2015-06-20,15,2015-07-05,Other 15,0,0.0,weekday_mean,0.0,0.0,,,
2015-06-20,15,2015-07-06,Other 15,1,5431.0,weekday_mean,7360.875,7360.875,,,
2015-06-20,15,2015-07-07,Other 15,1,5555.0,weekday_mean,7037.875,7037.875,,,
2015-06-20,15,2015-07-08,Other 15,1,5466.0,weekday_mean,7296.125,7296.125,,,
2015-06-20,15,2015-07-09,Other 15,1,5609.0,weekday_mean,6672.625,6672.625,,,
2015-06-20,15,2015-07-10,Other 15,1,6323.0,weekday_mean,6469.375,6469.375,,,
2015-06-20,15,2015-07-11,Other 15,1,5738.0,weekday_mean,6393.875,6393.875,,,
2015-06-20,15,2015-07-12,Other 15,0,0.0,weekday_mean,0.0,0.0,,,
2015-06-20,15,2015-07-13,Other 15,1,8691.0,weekday_mean,7360.875,7360.875,,,
2015-06-20,15,2015-07-14,Other 15,1,7857.0,weekday_mean,7037.875,7037.875,,,
2015-06-20,15,2015-07-15,Other 15,1,7885.0,weekday_mean,7296.125,7296.125,,,
2015-06-20,15,2015-07-16,Other 15,1,8501.0,weekday_mean,6672.625,6672.625,,,
2015-06-20,15,2015-07-17,Other 15,1,9368.0,weekday_mean,6469.375,6469.375,,,
2015-06-20,15,2015-07-18,Other 15,1,5770.0,weekday_mean,6393.875,6393.875,,,
2015-06-20,15,2015-07-19,Other 15,0,0.0,weekday_mean,0.0,0.0,,,
2015-06-20,15,2015-07-20,Other 15,1,6898.0,weekday_mean,7360.875,7360.875,,,
2015-06-20,15,2015-07-21,Other 15,1,5449.0,weekday_mean,7037.875,7037.875,,,
2015-06-20,15,2015-07-22,Other 15,1,4899.0,weekday_mean,7296.125,7296.125,,,
2015-06-20,15,2015-07-23,Other 15,1,5623.0,weekday_mean,6672.625,6672.625,,,
2015-06-20,15,2015-07-24,Other 15,1,5255.0,weekday_mean,6469.375,6469.375,,,
2015-06-20,15,2015-07-25,Other 15,1,5209.0,weekday_mean,6393.875,6393.875,,,
2015-06-20,15,2015-07-26,Other 15,0,0.0,weekday_mean,0.0,0.0,,,
2015-06-20,15,2015-07-27,Other 15,1,9053.0,weekday_mean,7360.875,7360.875,,,
2015-06-20,15,2015-07-28,Other 15,1,7516.0,weekday_mean,7037.875,7037.875,,,
2015-06-20,15,2015-07-29,Other 15,1,7583.0,weekday_mean,7296.125,7296.125,,,
2015-06-20,15,2015-07-30,Other 15,1,8891.0,weekday_mean,6672.625,6672.625,,,
2015-06-20,15,2015-07-31,Other 15,1,9191.0,weekday_mean,6469.375,6469.375,,,
2015-06-20,15,2015-06-20,Other 15,1,5405.0,timesfm,5940.46728515625,5940.46728515625,3430.10546875,7383.7919921875,8188.2353515625
2015-06-20,15,2015-06-21,Other 15,0,0.0,timesfm,42.33544921875,0.0,0.0,0.0,0.0
2015-06-20,15,2015-06-22,Other 15,1,5513.0,timesfm,6366.34765625,6366.34765625,3737.000244140625,7908.6669921875,8665.1025390625
2015-06-20,15,2015-06-23,Other 15,1,5143.0,timesfm,7339.166015625,7339.166015625,4681.81982421875,8705.28125,9568.630859375
2015-06-20,15,2015-06-24,Other 15,1,5339.0,timesfm,7466.72607421875,7466.72607421875,5002.189453125,8806.7646484375,9659.4765625
2015-06-20,15,2015-06-25,Other 15,1,4979.0,timesfm,6763.4609375,6763.4609375,4351.48046875,8073.4716796875,8859.537109375
2015-06-20,15,2015-06-26,Other 15,1,6376.0,timesfm,7619.88623046875,7619.88623046875,5161.4453125,8987.142578125,9696.8046875
2015-06-20,15,2015-06-27,Other 15,1,6275.0,timesfm,6061.17333984375,6061.17333984375,3546.375244140625,7421.6572265625,8301.296875
2015-06-20,15,2015-06-28,Other 15,0,0.0,timesfm,0.0,0.0,0.0,0.0,0.0
2015-06-20,15,2015-06-29,Other 15,1,11290.0,timesfm,6578.34716796875,6578.34716796875,3877.865966796875,7895.4453125,8773.513671875
2015-06-20,15,2015-06-30,Other 15,1,11332.0,timesfm,7408.8818359375,7408.8818359375,4744.71484375,8729.021484375,9545.544921875
2015-06-20,15,2015-07-01,Other 15,1,6043.0,timesfm,7369.40478515625,7369.40478515625,4878.9111328125,8678.919921875,9535.5
2015-06-20,15,2015-07-02,Other 15,1,7242.0,timesfm,6674.6044921875,6674.6044921875,4240.95263671875,7962.7470703125,8828.0185546875
2015-06-20,15,2015-07-03,Other 15,1,7554.0,timesfm,7404.345703125,7404.345703125,4673.60498046875,8626.640625,9321.32421875
2015-06-20,15,2015-07-04,Other 15,1,5388.0,timesfm,5967.267578125,5967.267578125,3147.65966796875,7306.36328125,8098.486328125
2015-06-20,15,2015-07-05,Other 15,0,0.0,timesfm,0.0,0.0,0.0,0.0,0.0
2015-06-20,15,2015-07-06,Other 15,1,5431.0,timesfm,6519.861328125,6519.861328125,3553.097900390625,7846.70654296875,8762.2294921875
2015-06-20,15,2015-07-07,Other 15,1,5555.0,timesfm,7306.9208984375,7306.9208984375,4466.88427734375,8837.9140625,9604.294921875
2015-06-20,15,2015-07-08,Other 15,1,5466.0,timesfm,7539.390625,7539.390625,4735.205078125,9008.615234375,9923.2880859375
2015-06-20,15,2015-07-09,Other 15,1,5609.0,timesfm,6692.7255859375,6692.7255859375,3987.24755859375,8153.28759765625,9140.1494140625
2015-06-20,15,2015-07-10,Other 15,1,6323.0,timesfm,7402.041015625,7402.041015625,4436.38818359375,8928.654296875,9697.044921875
2015-06-20,15,2015-07-11,Other 15,1,5738.0,timesfm,5975.07275390625,5975.07275390625,3061.71484375,7507.228515625,8536.9453125
2015-06-20,15,2015-07-12,Other 15,0,0.0,timesfm,0.0,0.0,0.0,0.0,0.0
2015-06-20,15,2015-07-13,Other 15,1,8691.0,timesfm,6707.1572265625,6707.1572265625,3538.977783203125,8184.61767578125,9234.8369140625
2015-06-20,15,2015-07-14,Other 15,1,7857.0,timesfm,7505.01416015625,7505.01416015625,4404.20166015625,9047.72265625,9986.9765625
2015-06-20,15,2015-07-15,Other 15,1,7885.0,timesfm,7480.4541015625,7480.4541015625,4527.67529296875,9000.23046875,10105.890625
2015-06-20,15,2015-07-16,Other 15,1,8501.0,timesfm,6738.70751953125,6738.70751953125,3835.6474609375,8278.267578125,9225.7578125
2015-06-20,15,2015-07-17,Other 15,1,9368.0,timesfm,7423.14404296875,7423.14404296875,4397.2490234375,8911.064453125,9907.46875
2015-06-20,15,2015-07-18,Other 15,1,5770.0,timesfm,6131.037109375,6131.037109375,3100.0361328125,7739.740234375,8744.8134765625
2015-06-20,15,2015-07-19,Other 15,0,0.0,timesfm,0.0,0.0,0.0,0.0,0.0
2015-06-20,15,2015-07-20,Other 15,1,6898.0,timesfm,6773.76953125,6773.76953125,3429.45458984375,8436.130859375,9462.416015625
2015-06-20,15,2015-07-21,Other 15,1,5449.0,timesfm,7690.04833984375,7690.04833984375,4385.1240234375,9345.4833984375,10378.919921875
2015-06-20,15,2015-07-22,Other 15,1,4899.0,timesfm,7873.3740234375,7873.3740234375,4724.6728515625,9497.765625,10571.271484375
2015-06-20,15,2015-07-23,Other 15,1,5623.0,timesfm,7124.2822265625,7124.2822265625,3941.866943359375,8734.8896484375,9824.322265625
2015-06-20,15,2015-07-24,Other 15,1,5255.0,timesfm,7725.78515625,7725.78515625,4387.48095703125,9184.59375,10323.3671875
2015-06-20,15,2015-07-25,Other 15,1,5209.0,timesfm,6298.76171875,6298.76171875,2931.341796875,7946.42041015625,9065.072265625
2015-06-20,15,2015-07-26,Other 15,0,0.0,timesfm,169.03515625,0.0,0.0,0.0,0.0
2015-06-20,15,2015-07-27,Other 15,1,9053.0,timesfm,7192.302734375,7192.302734375,3599.23876953125,8982.58984375,10094.2001953125
2015-06-20,15,2015-07-28,Other 15,1,7516.0,timesfm,7932.31787109375,7932.31787109375,4374.89599609375,9745.173828125,10839.48046875
2015-06-20,15,2015-07-29,Other 15,1,7583.0,timesfm,7794.8671875,7794.8671875,4283.318359375,9506.841796875,10664.4384765625
2015-06-20,15,2015-07-30,Other 15,1,8891.0,timesfm,7216.3779296875,7216.3779296875,3793.822265625,8922.1787109375,10123.5361328125
2015-06-20,15,2015-07-31,Other 15,1,9191.0,timesfm,7802.8759765625,7802.8759765625,4315.95703125,9610.220703125,10729.39453125
2015-06-20,85,2015-06-20,Sunday-trading,1,4615.0,seasonal_naive,4676.0,4676.0,,,
2015-06-20,85,2015-06-21,Sunday-trading,1,11522.0,seasonal_naive,12421.0,12421.0,,,
2015-06-20,85,2015-06-22,Sunday-trading,1,5944.0,seasonal_naive,8961.0,8961.0,,,
2015-06-20,85,2015-06-23,Sunday-trading,1,6086.0,seasonal_naive,7425.0,7425.0,,,
2015-06-20,85,2015-06-24,Sunday-trading,1,6067.0,seasonal_naive,6809.0,6809.0,,,
2015-06-20,85,2015-06-25,Sunday-trading,1,5968.0,seasonal_naive,6745.0,6745.0,,,
2015-06-20,85,2015-06-26,Sunday-trading,1,5524.0,seasonal_naive,6796.0,6796.0,,,
2015-06-20,85,2015-06-27,Sunday-trading,1,5339.0,seasonal_naive,4676.0,4676.0,,,
2015-06-20,85,2015-06-28,Sunday-trading,1,11055.0,seasonal_naive,12421.0,12421.0,,,
2015-06-20,85,2015-06-29,Sunday-trading,1,8833.0,seasonal_naive,8961.0,8961.0,,,
2015-06-20,85,2015-06-30,Sunday-trading,1,8471.0,seasonal_naive,7425.0,7425.0,,,
2015-06-20,85,2015-07-01,Sunday-trading,1,7820.0,seasonal_naive,6809.0,6809.0,,,
2015-06-20,85,2015-07-02,Sunday-trading,1,7553.0,seasonal_naive,6745.0,6745.0,,,
2015-06-20,85,2015-07-03,Sunday-trading,1,8581.0,seasonal_naive,6796.0,6796.0,,,
2015-06-20,85,2015-07-04,Sunday-trading,1,5347.0,seasonal_naive,4676.0,4676.0,,,
2015-06-20,85,2015-07-05,Sunday-trading,1,12070.0,seasonal_naive,12421.0,12421.0,,,
2015-06-20,85,2015-07-06,Sunday-trading,1,6584.0,seasonal_naive,8961.0,8961.0,,,
2015-06-20,85,2015-07-07,Sunday-trading,1,5215.0,seasonal_naive,7425.0,7425.0,,,
2015-06-20,85,2015-07-08,Sunday-trading,1,6705.0,seasonal_naive,6809.0,6809.0,,,
2015-06-20,85,2015-07-09,Sunday-trading,1,5766.0,seasonal_naive,6745.0,6745.0,,,
2015-06-20,85,2015-07-10,Sunday-trading,1,6471.0,seasonal_naive,6796.0,6796.0,,,
2015-06-20,85,2015-07-11,Sunday-trading,1,5383.0,seasonal_naive,4676.0,4676.0,,,
2015-06-20,85,2015-07-12,Sunday-trading,1,13183.0,seasonal_naive,12421.0,12421.0,,,
2015-06-20,85,2015-07-13,Sunday-trading,1,9198.0,seasonal_naive,8961.0,8961.0,,,
2015-06-20,85,2015-07-14,Sunday-trading,1,7626.0,seasonal_naive,7425.0,7425.0,,,
2015-06-20,85,2015-07-15,Sunday-trading,1,7476.0,seasonal_naive,6809.0,6809.0,,,
2015-06-20,85,2015-07-16,Sunday-trading,1,6985.0,seasonal_naive,6745.0,6745.0,,,
2015-06-20,85,2015-07-17,Sunday-trading,1,7750.0,seasonal_naive,6796.0,6796.0,,,
2015-06-20,85,2015-07-18,Sunday-trading,1,5424.0,seasonal_naive,4676.0,4676.0,,,
2015-06-20,85,2015-07-19,Sunday-trading,1,13275.0,seasonal_naive,12421.0,12421.0,,,
2015-06-20,85,2015-07-20,Sunday-trading,1,6502.0,seasonal_naive,8961.0,8961.0,,,
2015-06-20,85,2015-07-21,Sunday-trading,1,5206.0,seasonal_naive,7425.0,7425.0,,,
2015-06-20,85,2015-07-22,Sunday-trading,1,5504.0,seasonal_naive,6809.0,6809.0,,,
2015-06-20,85,2015-07-23,Sunday-trading,1,5223.0,seasonal_naive,6745.0,6745.0,,,
2015-06-20,85,2015-07-24,Sunday-trading,1,5791.0,seasonal_naive,6796.0,6796.0,,,
2015-06-20,85,2015-07-25,Sunday-trading,1,5099.0,seasonal_naive,4676.0,4676.0,,,
2015-06-20,85,2015-07-26,Sunday-trading,1,11421.0,seasonal_naive,12421.0,12421.0,,,
2015-06-20,85,2015-07-27,Sunday-trading,1,7788.0,seasonal_naive,8961.0,8961.0,,,
2015-06-20,85,2015-07-28,Sunday-trading,1,7533.0,seasonal_naive,7425.0,7425.0,,,
2015-06-20,85,2015-07-29,Sunday-trading,1,7719.0,seasonal_naive,6809.0,6809.0,,,
2015-06-20,85,2015-07-30,Sunday-trading,1,7187.0,seasonal_naive,6745.0,6745.0,,,
2015-06-20,85,2015-07-31,Sunday-trading,1,7791.0,seasonal_naive,6796.0,6796.0,,,
2015-06-20,85,2015-06-20,Sunday-trading,1,4615.0,weekday_mean,5356.75,5356.75,,,
2015-06-20,85,2015-06-21,Sunday-trading,1,11522.0,weekday_mean,11606.375,11606.375,,,
2015-06-20,85,2015-06-22,Sunday-trading,1,5944.0,weekday_mean,8754.5,8754.5,,,
2015-06-20,85,2015-06-23,Sunday-trading,1,6086.0,weekday_mean,6900.125,6900.125,,,
2015-06-20,85,2015-06-24,Sunday-trading,1,6067.0,weekday_mean,6790.75,6790.75,,,
2015-06-20,85,2015-06-25,Sunday-trading,1,5968.0,weekday_mean,7739.0,7739.0,,,
2015-06-20,85,2015-06-26,Sunday-trading,1,5524.0,weekday_mean,7127.75,7127.75,,,
2015-06-20,85,2015-06-27,Sunday-trading,1,5339.0,weekday_mean,5356.75,5356.75,,,
2015-06-20,85,2015-06-28,Sunday-trading,1,11055.0,weekday_mean,11606.375,11606.375,,,
2015-06-20,85,2015-06-29,Sunday-trading,1,8833.0,weekday_mean,8754.5,8754.5,,,
2015-06-20,85,2015-06-30,Sunday-trading,1,8471.0,weekday_mean,6900.125,6900.125,,,
2015-06-20,85,2015-07-01,Sunday-trading,1,7820.0,weekday_mean,6790.75,6790.75,,,
2015-06-20,85,2015-07-02,Sunday-trading,1,7553.0,weekday_mean,7739.0,7739.0,,,
2015-06-20,85,2015-07-03,Sunday-trading,1,8581.0,weekday_mean,7127.75,7127.75,,,
2015-06-20,85,2015-07-04,Sunday-trading,1,5347.0,weekday_mean,5356.75,5356.75,,,
2015-06-20,85,2015-07-05,Sunday-trading,1,12070.0,weekday_mean,11606.375,11606.375,,,
2015-06-20,85,2015-07-06,Sunday-trading,1,6584.0,weekday_mean,8754.5,8754.5,,,
2015-06-20,85,2015-07-07,Sunday-trading,1,5215.0,weekday_mean,6900.125,6900.125,,,
2015-06-20,85,2015-07-08,Sunday-trading,1,6705.0,weekday_mean,6790.75,6790.75,,,
2015-06-20,85,2015-07-09,Sunday-trading,1,5766.0,weekday_mean,7739.0,7739.0,,,
2015-06-20,85,2015-07-10,Sunday-trading,1,6471.0,weekday_mean,7127.75,7127.75,,,
2015-06-20,85,2015-07-11,Sunday-trading,1,5383.0,weekday_mean,5356.75,5356.75,,,
2015-06-20,85,2015-07-12,Sunday-trading,1,13183.0,weekday_mean,11606.375,11606.375,,,
2015-06-20,85,2015-07-13,Sunday-trading,1,9198.0,weekday_mean,8754.5,8754.5,,,
2015-06-20,85,2015-07-14,Sunday-trading,1,7626.0,weekday_mean,6900.125,6900.125,,,
2015-06-20,85,2015-07-15,Sunday-trading,1,7476.0,weekday_mean,6790.75,6790.75,,,
2015-06-20,85,2015-07-16,Sunday-trading,1,6985.0,weekday_mean,7739.0,7739.0,,,
2015-06-20,85,2015-07-17,Sunday-trading,1,7750.0,weekday_mean,7127.75,7127.75,,,
2015-06-20,85,2015-07-18,Sunday-trading,1,5424.0,weekday_mean,5356.75,5356.75,,,
2015-06-20,85,2015-07-19,Sunday-trading,1,13275.0,weekday_mean,11606.375,11606.375,,,
2015-06-20,85,2015-07-20,Sunday-trading,1,6502.0,weekday_mean,8754.5,8754.5,,,
2015-06-20,85,2015-07-21,Sunday-trading,1,5206.0,weekday_mean,6900.125,6900.125,,,
2015-06-20,85,2015-07-22,Sunday-trading,1,5504.0,weekday_mean,6790.75,6790.75,,,
2015-06-20,85,2015-07-23,Sunday-trading,1,5223.0,weekday_mean,7739.0,7739.0,,,
2015-06-20,85,2015-07-24,Sunday-trading,1,5791.0,weekday_mean,7127.75,7127.75,,,
2015-06-20,85,2015-07-25,Sunday-trading,1,5099.0,weekday_mean,5356.75,5356.75,,,
2015-06-20,85,2015-07-26,Sunday-trading,1,11421.0,weekday_mean,11606.375,11606.375,,,
2015-06-20,85,2015-07-27,Sunday-trading,1,7788.0,weekday_mean,8754.5,8754.5,,,
2015-06-20,85,2015-07-28,Sunday-trading,1,7533.0,weekday_mean,6900.125,6900.125,,,
2015-06-20,85,2015-07-29,Sunday-trading,1,7719.0,weekday_mean,6790.75,6790.75,,,
2015-06-20,85,2015-07-30,Sunday-trading,1,7187.0,weekday_mean,7739.0,7739.0,,,
2015-06-20,85,2015-07-31,Sunday-trading,1,7791.0,weekday_mean,7127.75,7127.75,,,
2015-06-20,85,2015-06-20,Sunday-trading,1,4615.0,timesfm,5936.05712890625,5936.05712890625,4087.08251953125,7349.48388671875,8355.9990234375
2015-06-20,85,2015-06-21,Sunday-trading,1,11522.0,timesfm,10283.7470703125,10283.7470703125,8014.1904296875,12047.14453125,13084.775390625
2015-06-20,85,2015-06-22,Sunday-trading,1,5944.0,timesfm,8820.443359375,8820.443359375,6521.7763671875,10578.70703125,11653.2021484375
2015-06-20,85,2015-06-23,Sunday-trading,1,6086.0,timesfm,6918.0693359375,6918.0693359375,5020.96923828125,8510.720703125,9578.3291015625
2015-06-20,85,2015-06-24,Sunday-trading,1,6067.0,timesfm,6489.6845703125,6489.6845703125,4949.376953125,7856.5263671875,8763.845703125
2015-06-20,85,2015-06-25,Sunday-trading,1,5968.0,timesfm,6562.513671875,6562.513671875,5107.02880859375,7773.4033203125,8641.03515625
2015-06-20,85,2015-06-26,Sunday-trading,1,5524.0,timesfm,6738.8994140625,6738.8994140625,5163.998046875,8132.15673828125,9061.2509765625
2015-06-20,85,2015-06-27,Sunday-trading,1,5339.0,timesfm,5870.17822265625,5870.17822265625,3881.5302734375,7575.65673828125,8694.5107421875
2015-06-20,85,2015-06-28,Sunday-trading,1,11055.0,timesfm,10209.13671875,10209.13671875,7822.60595703125,12102.08984375,13346.533203125
2015-06-20,85,2015-06-29,Sunday-trading,1,8833.0,timesfm,8919.111328125,8919.111328125,6519.18115234375,10803.01953125,12057.380859375
2015-06-20,85,2015-06-30,Sunday-trading,1,8471.0,timesfm,7055.78076171875,7055.78076171875,4988.4658203125,8816.3994140625,10007.158203125
2015-06-20,85,2015-07-01,Sunday-trading,1,7820.0,timesfm,6802.2109375,6802.2109375,5101.04296875,8210.626953125,9299.482421875
2015-06-20,85,2015-07-02,Sunday-trading,1,7553.0,timesfm,6744.126953125,6744.126953125,5210.322265625,8062.927734375,9034.84375
2015-06-20,85,2015-07-03,Sunday-trading,1,8581.0,timesfm,6654.1708984375,6654.1708984375,5029.18310546875,8106.4736328125,9264.6328125
2015-06-20,85,2015-07-04,Sunday-trading,1,5347.0,timesfm,5860.16552734375,5860.16552734375,3914.598876953125,7600.96044921875,8907.4462890625
2015-06-20,85,2015-07-05,Sunday-trading,1,12070.0,timesfm,10212.8642578125,10212.8642578125,7781.435546875,12179.693359375,13495.166015625
2015-06-20,85,2015-07-06,Sunday-trading,1,6584.0,timesfm,9001.287109375,9001.287109375,6608.63232421875,11018.080078125,12338.4404296875
2015-06-20,85,2015-07-07,Sunday-trading,1,5215.0,timesfm,7034.70068359375,7034.70068359375,5009.55126953125,8840.078125,10110.4853515625
2015-06-20,85,2015-07-08,Sunday-trading,1,6705.0,timesfm,6644.8466796875,6644.8466796875,4918.25341796875,8159.7021484375,9378.0546875
2015-06-20,85,2015-07-09,Sunday-trading,1,5766.0,timesfm,6607.318359375,6607.318359375,4978.9765625,7957.1005859375,9104.48828125
2015-06-20,85,2015-07-10,Sunday-trading,1,6471.0,timesfm,6723.82470703125,6723.82470703125,4998.66845703125,8193.76953125,9420.2841796875
2015-06-20,85,2015-07-11,Sunday-trading,1,5383.0,timesfm,5895.46044921875,5895.46044921875,3711.16357421875,7649.1259765625,8837.6259765625
2015-06-20,85,2015-07-12,Sunday-trading,1,13183.0,timesfm,10157.94140625,10157.94140625,7590.24267578125,12078.697265625,13404.478515625
2015-06-20,85,2015-07-13,Sunday-trading,1,9198.0,timesfm,8787.7783203125,8787.7783203125,6313.6787109375,10772.52734375,12154.283203125
2015-06-20,85,2015-07-14,Sunday-trading,1,7626.0,timesfm,6931.736328125,6931.736328125,4791.279296875,8727.65625,10006.7353515625
2015-06-20,85,2015-07-15,Sunday-trading,1,7476.0,timesfm,6605.3330078125,6605.3330078125,4752.66943359375,8136.6962890625,9303.255859375
2015-06-20,85,2015-07-16,Sunday-trading,1,6985.0,timesfm,6587.154296875,6587.154296875,5032.98046875,7928.962890625,8986.68359375
2015-06-20,85,2015-07-17,Sunday-trading,1,7750.0,timesfm,6822.57275390625,6822.57275390625,5115.05126953125,8419.720703125,9441.123046875
2015-06-20,85,2015-07-18,Sunday-trading,1,5424.0,timesfm,6001.7861328125,6001.7861328125,3818.689453125,7818.048828125,9095.96875
2015-06-20,85,2015-07-19,Sunday-trading,1,13275.0,timesfm,10175.9765625,10175.9765625,7590.46630859375,12213.966796875,13533.888671875
2015-06-20,85,2015-07-20,Sunday-trading,1,6502.0,timesfm,8924.9765625,8924.9765625,6264.69091796875,11051.1171875,12377.716796875
2015-06-20,85,2015-07-21,Sunday-trading,1,5206.0,timesfm,6917.53466796875,6917.53466796875,4635.8857421875,8846.8271484375,10143.2666015625
2015-06-20,85,2015-07-22,Sunday-trading,1,5504.0,timesfm,6543.6513671875,6543.6513671875,4670.744140625,8143.3310546875,9307.3740234375
2015-06-20,85,2015-07-23,Sunday-trading,1,5223.0,timesfm,6642.51513671875,6642.51513671875,4911.7021484375,8100.78466796875,9223.673828125
2015-06-20,85,2015-07-24,Sunday-trading,1,5791.0,timesfm,6793.85400390625,6793.85400390625,4929.4892578125,8451.5078125,9692.3359375
2015-06-20,85,2015-07-25,Sunday-trading,1,5099.0,timesfm,6001.22021484375,6001.22021484375,3765.575927734375,7986.884765625,9338.5400390625
2015-06-20,85,2015-07-26,Sunday-trading,1,11421.0,timesfm,10070.12109375,10070.12109375,7370.904296875,12266.423828125,13759.4140625
2015-06-20,85,2015-07-27,Sunday-trading,1,7788.0,timesfm,8687.5771484375,8687.5771484375,6004.916015625,10950.5947265625,12383.57421875
2015-06-20,85,2015-07-28,Sunday-trading,1,7533.0,timesfm,6810.8662109375,6810.8662109375,4518.86669921875,8803.46484375,10246.4638671875
2015-06-20,85,2015-07-29,Sunday-trading,1,7719.0,timesfm,6629.7568359375,6629.7568359375,4850.94384765625,8392.201171875,9648.4716796875
2015-06-20,85,2015-07-30,Sunday-trading,1,7187.0,timesfm,6647.98779296875,6647.98779296875,4955.56591796875,8173.92822265625,9410.8837890625
2015-06-20,85,2015-07-31,Sunday-trading,1,7791.0,timesfm,6822.10791015625,6822.10791015625,5052.212890625,8517.171875,9822.4453125
2015-06-20,122,2015-06-20,Sunday-trading,1,6314.0,seasonal_naive,7122.0,7122.0,,,
2015-06-20,122,2015-06-21,Sunday-trading,1,2907.0,seasonal_naive,3709.0,3709.0,,,
2015-06-20,122,2015-06-22,Sunday-trading,1,6451.0,seasonal_naive,10554.0,10554.0,,,
2015-06-20,122,2015-06-23,Sunday-trading,1,5463.0,seasonal_naive,8426.0,8426.0,,,
2015-06-20,122,2015-06-24,Sunday-trading,1,6295.0,seasonal_naive,7839.0,7839.0,,,
2015-06-20,122,2015-06-25,Sunday-trading,1,5570.0,seasonal_naive,6900.0,6900.0,,,
2015-06-20,122,2015-06-26,Sunday-trading,1,6033.0,seasonal_naive,7357.0,7357.0,,,
2015-06-20,122,2015-06-27,Sunday-trading,1,6690.0,seasonal_naive,7122.0,7122.0,,,
2015-06-20,122,2015-06-28,Sunday-trading,1,3019.0,seasonal_naive,3709.0,3709.0,,,
2015-06-20,122,2015-06-29,Sunday-trading,1,10519.0,seasonal_naive,10554.0,10554.0,,,
2015-06-20,122,2015-06-30,Sunday-trading,1,9767.0,seasonal_naive,8426.0,8426.0,,,
2015-06-20,122,2015-07-01,Sunday-trading,1,9601.0,seasonal_naive,7839.0,7839.0,,,
2015-06-20,122,2015-07-02,Sunday-trading,1,8593.0,seasonal_naive,6900.0,6900.0,,,
2015-06-20,122,2015-07-03,Sunday-trading,1,9151.0,seasonal_naive,7357.0,7357.0,,,
2015-06-20,122,2015-07-04,Sunday-trading,1,7563.0,seasonal_naive,7122.0,7122.0,,,
2015-06-20,122,2015-07-05,Sunday-trading,1,3092.0,seasonal_naive,3709.0,3709.0,,,
2015-06-20,122,2015-07-06,Sunday-trading,1,9779.0,seasonal_naive,10554.0,10554.0,,,
2015-06-20,122,2015-07-07,Sunday-trading,1,7092.0,seasonal_naive,8426.0,8426.0,,,
2015-06-20,122,2015-07-08,Sunday-trading,1,9215.0,seasonal_naive,7839.0,7839.0,,,
2015-06-20,122,2015-07-09,Sunday-trading,1,7343.0,seasonal_naive,6900.0,6900.0,,,
2015-06-20,122,2015-07-10,Sunday-trading,1,7661.0,seasonal_naive,7357.0,7357.0,,,
2015-06-20,122,2015-07-11,Sunday-trading,1,7323.0,seasonal_naive,7122.0,7122.0,,,
2015-06-20,122,2015-07-12,Sunday-trading,1,3689.0,seasonal_naive,3709.0,3709.0,,,
2015-06-20,122,2015-07-13,Sunday-trading,1,11566.0,seasonal_naive,10554.0,10554.0,,,
2015-06-20,122,2015-07-14,Sunday-trading,1,9001.0,seasonal_naive,8426.0,8426.0,,,
2015-06-20,122,2015-07-15,Sunday-trading,1,8906.0,seasonal_naive,7839.0,7839.0,,,
2015-06-20,122,2015-07-16,Sunday-trading,1,9062.0,seasonal_naive,6900.0,6900.0,,,
2015-06-20,122,2015-07-17,Sunday-trading,1,8998.0,seasonal_naive,7357.0,7357.0,,,
2015-06-20,122,2015-07-18,Sunday-trading,1,8543.0,seasonal_naive,7122.0,7122.0,,,
2015-06-20,122,2015-07-19,Sunday-trading,1,5171.0,seasonal_naive,3709.0,3709.0,,,
2015-06-20,122,2015-07-20,Sunday-trading,1,10774.0,seasonal_naive,10554.0,10554.0,,,
2015-06-20,122,2015-07-21,Sunday-trading,1,8174.0,seasonal_naive,8426.0,8426.0,,,
2015-06-20,122,2015-07-22,Sunday-trading,1,7914.0,seasonal_naive,7839.0,7839.0,,,
2015-06-20,122,2015-07-23,Sunday-trading,1,10588.0,seasonal_naive,6900.0,6900.0,,,
2015-06-20,122,2015-07-24,Sunday-trading,1,7956.0,seasonal_naive,7357.0,7357.0,,,
2015-06-20,122,2015-07-25,Sunday-trading,1,8191.0,seasonal_naive,7122.0,7122.0,,,
2015-06-20,122,2015-07-26,Sunday-trading,1,5773.0,seasonal_naive,3709.0,3709.0,,,
2015-06-20,122,2015-07-27,Sunday-trading,1,14461.0,seasonal_naive,10554.0,10554.0,,,
2015-06-20,122,2015-07-28,Sunday-trading,1,12205.0,seasonal_naive,8426.0,8426.0,,,
2015-06-20,122,2015-07-29,Sunday-trading,1,11446.0,seasonal_naive,7839.0,7839.0,,,
2015-06-20,122,2015-07-30,Sunday-trading,1,10576.0,seasonal_naive,6900.0,6900.0,,,
2015-06-20,122,2015-07-31,Sunday-trading,1,12336.0,seasonal_naive,7357.0,7357.0,,,
2015-06-20,122,2015-06-20,Sunday-trading,1,6314.0,weekday_mean,7763.75,7763.75,,,
2015-06-20,122,2015-06-21,Sunday-trading,1,2907.0,weekday_mean,2849.875,2849.875,,,
2015-06-20,122,2015-06-22,Sunday-trading,1,6451.0,weekday_mean,8224.875,8224.875,,,
2015-06-20,122,2015-06-23,Sunday-trading,1,5463.0,weekday_mean,7147.625,7147.625,,,
2015-06-20,122,2015-06-24,Sunday-trading,1,6295.0,weekday_mean,7433.125,7433.125,,,
2015-06-20,122,2015-06-25,Sunday-trading,1,5570.0,weekday_mean,6649.25,6649.25,,,
2015-06-20,122,2015-06-26,Sunday-trading,1,6033.0,weekday_mean,6584.125,6584.125,,,
2015-06-20,122,2015-06-27,Sunday-trading,1,6690.0,weekday_mean,7763.75,7763.75,,,
2015-06-20,122,2015-06-28,Sunday-trading,1,3019.0,weekday_mean,2849.875,2849.875,,,
2015-06-20,122,2015-06-29,Sunday-trading,1,10519.0,weekday_mean,8224.875,8224.875,,,
2015-06-20,122,2015-06-30,Sunday-trading,1,9767.0,weekday_mean,7147.625,7147.625,,,
2015-06-20,122,2015-07-01,Sunday-trading,1,9601.0,weekday_mean,7433.125,7433.125,,,
2015-06-20,122,2015-07-02,Sunday-trading,1,8593.0,weekday_mean,6649.25,6649.25,,,
2015-06-20,122,2015-07-03,Sunday-trading,1,9151.0,weekday_mean,6584.125,6584.125,,,
2015-06-20,122,2015-07-04,Sunday-trading,1,7563.0,weekday_mean,7763.75,7763.75,,,
2015-06-20,122,2015-07-05,Sunday-trading,1,3092.0,weekday_mean,2849.875,2849.875,,,
2015-06-20,122,2015-07-06,Sunday-trading,1,9779.0,weekday_mean,8224.875,8224.875,,,
2015-06-20,122,2015-07-07,Sunday-trading,1,7092.0,weekday_mean,7147.625,7147.625,,,
2015-06-20,122,2015-07-08,Sunday-trading,1,9215.0,weekday_mean,7433.125,7433.125,,,
2015-06-20,122,2015-07-09,Sunday-trading,1,7343.0,weekday_mean,6649.25,6649.25,,,
2015-06-20,122,2015-07-10,Sunday-trading,1,7661.0,weekday_mean,6584.125,6584.125,,,
2015-06-20,122,2015-07-11,Sunday-trading,1,7323.0,weekday_mean,7763.75,7763.75,,,
2015-06-20,122,2015-07-12,Sunday-trading,1,3689.0,weekday_mean,2849.875,2849.875,,,
2015-06-20,122,2015-07-13,Sunday-trading,1,11566.0,weekday_mean,8224.875,8224.875,,,
2015-06-20,122,2015-07-14,Sunday-trading,1,9001.0,weekday_mean,7147.625,7147.625,,,
2015-06-20,122,2015-07-15,Sunday-trading,1,8906.0,weekday_mean,7433.125,7433.125,,,
2015-06-20,122,2015-07-16,Sunday-trading,1,9062.0,weekday_mean,6649.25,6649.25,,,
2015-06-20,122,2015-07-17,Sunday-trading,1,8998.0,weekday_mean,6584.125,6584.125,,,
2015-06-20,122,2015-07-18,Sunday-trading,1,8543.0,weekday_mean,7763.75,7763.75,,,
2015-06-20,122,2015-07-19,Sunday-trading,1,5171.0,weekday_mean,2849.875,2849.875,,,
2015-06-20,122,2015-07-20,Sunday-trading,1,10774.0,weekday_mean,8224.875,8224.875,,,
2015-06-20,122,2015-07-21,Sunday-trading,1,8174.0,weekday_mean,7147.625,7147.625,,,
2015-06-20,122,2015-07-22,Sunday-trading,1,7914.0,weekday_mean,7433.125,7433.125,,,
2015-06-20,122,2015-07-23,Sunday-trading,1,10588.0,weekday_mean,6649.25,6649.25,,,
2015-06-20,122,2015-07-24,Sunday-trading,1,7956.0,weekday_mean,6584.125,6584.125,,,
2015-06-20,122,2015-07-25,Sunday-trading,1,8191.0,weekday_mean,7763.75,7763.75,,,
2015-06-20,122,2015-07-26,Sunday-trading,1,5773.0,weekday_mean,2849.875,2849.875,,,
2015-06-20,122,2015-07-27,Sunday-trading,1,14461.0,weekday_mean,8224.875,8224.875,,,
2015-06-20,122,2015-07-28,Sunday-trading,1,12205.0,weekday_mean,7147.625,7147.625,,,
2015-06-20,122,2015-07-29,Sunday-trading,1,11446.0,weekday_mean,7433.125,7433.125,,,
2015-06-20,122,2015-07-30,Sunday-trading,1,10576.0,weekday_mean,6649.25,6649.25,,,
2015-06-20,122,2015-07-31,Sunday-trading,1,12336.0,weekday_mean,6584.125,6584.125,,,
2015-06-20,122,2015-06-20,Sunday-trading,1,6314.0,timesfm,7645.15771484375,7645.15771484375,5735.14892578125,8828.646484375,9502.51953125
2015-06-20,122,2015-06-21,Sunday-trading,1,2907.0,timesfm,3448.208984375,3448.208984375,1486.9609375,4700.7373046875,5410.419921875
2015-06-20,122,2015-06-22,Sunday-trading,1,6451.0,timesfm,7347.19189453125,7347.19189453125,5356.47314453125,8634.3466796875,9292.2001953125
2015-06-20,122,2015-06-23,Sunday-trading,1,5463.0,timesfm,7277.201171875,7277.201171875,5309.89013671875,8465.521484375,9136.109375
2015-06-20,122,2015-06-24,Sunday-trading,1,6295.0,timesfm,7369.3857421875,7369.3857421875,5508.14501953125,8534.8837890625,9235.3779296875
2015-06-20,122,2015-06-25,Sunday-trading,1,5570.0,timesfm,7011.0166015625,7011.0166015625,5195.3916015625,8197.37109375,8899.353515625
2015-06-20,122,2015-06-26,Sunday-trading,1,6033.0,timesfm,7146.99609375,7146.99609375,5136.6640625,8367.69140625,9080.6318359375
2015-06-20,122,2015-06-27,Sunday-trading,1,6690.0,timesfm,7532.82568359375,7532.82568359375,5439.001953125,8786.7666015625,9601.634765625
2015-06-20,122,2015-06-28,Sunday-trading,1,3019.0,timesfm,3396.606689453125,3396.606689453125,1296.2470703125,4760.8876953125,5579.1640625
2015-06-20,122,2015-06-29,Sunday-trading,1,10519.0,timesfm,7492.77587890625,7492.77587890625,5327.8818359375,8767.9541015625,9601.3427734375
2015-06-20,122,2015-06-30,Sunday-trading,1,9767.0,timesfm,7507.08984375,7507.08984375,5343.173828125,8770.494140625,9531.8173828125
2015-06-20,122,2015-07-01,Sunday-trading,1,9601.0,timesfm,7541.52978515625,7541.52978515625,5484.93359375,8764.43359375,9583.970703125
2015-06-20,122,2015-07-02,Sunday-trading,1,8593.0,timesfm,7329.08349609375,7329.08349609375,5337.453125,8586.97265625,9420.7158203125
2015-06-20,122,2015-07-03,Sunday-trading,1,9151.0,timesfm,7527.33203125,7527.33203125,5376.29931640625,8736.693359375,9551.92578125
2015-06-20,122,2015-07-04,Sunday-trading,1,7563.0,timesfm,7675.79541015625,7675.79541015625,5385.94775390625,8947.9365234375,9826.9638671875
2015-06-20,122,2015-07-05,Sunday-trading,1,3092.0,timesfm,3424.515869140625,3424.515869140625,1233.65576171875,4840.18701171875,5776.73291015625
2015-06-20,122,2015-07-06,Sunday-trading,1,9779.0,timesfm,7366.93212890625,7366.93212890625,5032.4853515625,8741.443359375,9663.1826171875
2015-06-20,122,2015-07-07,Sunday-trading,1,7092.0,timesfm,7343.3466796875,7343.3466796875,5083.94384765625,8709.5234375,9559.3671875
2015-06-20,122,2015-07-08,Sunday-trading,1,9215.0,timesfm,7396.57080078125,7396.57080078125,5116.43359375,8707.681640625,9627.830078125
2015-06-20,122,2015-07-09,Sunday-trading,1,7343.0,timesfm,7049.361328125,7049.361328125,4826.06787109375,8368.21875,9330.5390625
2015-06-20,122,2015-07-10,Sunday-trading,1,7661.0,timesfm,7024.47119140625,7024.47119140625,4683.8798828125,8412.03125,9363.046875
2015-06-20,122,2015-07-11,Sunday-trading,1,7323.0,timesfm,7259.3056640625,7259.3056640625,4889.697265625,8682.0380859375,9694.95703125
2015-06-20,122,2015-07-12,Sunday-trading,1,3689.0,timesfm,3249.056396484375,3249.056396484375,902.77734375,4758.22216796875,5805.30029296875
2015-06-20,122,2015-07-13,Sunday-trading,1,11566.0,timesfm,7522.36279296875,7522.36279296875,5145.14453125,8877.7080078125,9903.7109375
2015-06-20,122,2015-07-14,Sunday-trading,1,9001.0,timesfm,7620.1943359375,7620.1943359375,5339.3349609375,8984.7265625,9874.689453125
2015-06-20,122,2015-07-15,Sunday-trading,1,8906.0,timesfm,7535.3037109375,7535.3037109375,5304.35400390625,8824.23046875,9796.13671875
2015-06-20,122,2015-07-16,Sunday-trading,1,9062.0,timesfm,7346.54833984375,7346.54833984375,5171.994140625,8624.044921875,9489.228515625
2015-06-20,122,2015-07-17,Sunday-trading,1,8998.0,timesfm,7583.1435546875,7583.1435546875,5376.0029296875,8889.4189453125,9819.5849609375
2015-06-20,122,2015-07-18,Sunday-trading,1,8543.0,timesfm,7842.935546875,7842.935546875,5511.76220703125,9192.51953125,10186.564453125
2015-06-20,122,2015-07-19,Sunday-trading,1,5171.0,timesfm,3642.988525390625,3642.988525390625,1323.18603515625,5039.04443359375,6037.00537109375
2015-06-20,122,2015-07-20,Sunday-trading,1,10774.0,timesfm,7525.255859375,7525.255859375,5137.13330078125,8975.435546875,9849.791015625
2015-06-20,122,2015-07-21,Sunday-trading,1,8174.0,timesfm,7415.529296875,7415.529296875,5131.955078125,8794.0849609375,9715.826171875
2015-06-20,122,2015-07-22,Sunday-trading,1,7914.0,timesfm,7508.3056640625,7508.3056640625,5296.45947265625,8811.3115234375,9775.962890625
2015-06-20,122,2015-07-23,Sunday-trading,1,10588.0,timesfm,7176.93408203125,7176.93408203125,5004.19091796875,8530.3486328125,9476.822265625
2015-06-20,122,2015-07-24,Sunday-trading,1,7956.0,timesfm,7123.39453125,7123.39453125,4765.65478515625,8386.419921875,9451.515625
2015-06-20,122,2015-07-25,Sunday-trading,1,8191.0,timesfm,7375.23095703125,7375.23095703125,4894.3154296875,8698.435546875,9741.03515625
2015-06-20,122,2015-07-26,Sunday-trading,1,5773.0,timesfm,3460.29443359375,3460.29443359375,973.0283203125,4898.60595703125,6047.8544921875
2015-06-20,122,2015-07-27,Sunday-trading,1,14461.0,timesfm,7509.8173828125,7509.8173828125,5003.9912109375,8927.65234375,10012.697265625
2015-06-20,122,2015-07-28,Sunday-trading,1,12205.0,timesfm,7471.908203125,7471.908203125,5029.2841796875,8877.140625,9925.400390625
2015-06-20,122,2015-07-29,Sunday-trading,1,11446.0,timesfm,7560.36767578125,7560.36767578125,5229.29443359375,8894.9248046875,9973.9365234375
2015-06-20,122,2015-07-30,Sunday-trading,1,10576.0,timesfm,7380.5009765625,7380.5009765625,5052.607421875,8780.169921875,9852.0009765625
2015-06-20,122,2015-07-31,Sunday-trading,1,12336.0,timesfm,7515.568359375,7515.568359375,5062.0966796875,8923.90234375,9950.6640625
2015-06-20,209,2015-06-20,Sunday-trading,1,4331.0,seasonal_naive,5414.0,5414.0,,,
2015-06-20,209,2015-06-21,Sunday-trading,1,1897.0,seasonal_naive,3152.0,3152.0,,,
2015-06-20,209,2015-06-22,Sunday-trading,1,5732.0,seasonal_naive,7993.0,7993.0,,,
2015-06-20,209,2015-06-23,Sunday-trading,1,5360.0,seasonal_naive,6989.0,6989.0,,,
2015-06-20,209,2015-06-24,Sunday-trading,1,4822.0,seasonal_naive,5997.0,5997.0,,,
2015-06-20,209,2015-06-25,Sunday-trading,1,5050.0,seasonal_naive,6220.0,6220.0,,,
2015-06-20,209,2015-06-26,Sunday-trading,1,5189.0,seasonal_naive,6548.0,6548.0,,,
2015-06-20,209,2015-06-27,Sunday-trading,1,4901.0,seasonal_naive,5414.0,5414.0,,,
2015-06-20,209,2015-06-28,Sunday-trading,1,2243.0,seasonal_naive,3152.0,3152.0,,,
2015-06-20,209,2015-06-29,Sunday-trading,1,9846.0,seasonal_naive,7993.0,7993.0,,,
2015-06-20,209,2015-06-30,Sunday-trading,1,9852.0,seasonal_naive,6989.0,6989.0,,,
2015-06-20,209,2015-07-01,Sunday-trading,1,7277.0,seasonal_naive,5997.0,5997.0,,,
2015-06-20,209,2015-07-02,Sunday-trading,1,7462.0,seasonal_naive,6220.0,6220.0,,,
2015-06-20,209,2015-07-03,Sunday-trading,1,7420.0,seasonal_naive,6548.0,6548.0,,,
2015-06-20,209,2015-07-04,Sunday-trading,1,5720.0,seasonal_naive,5414.0,5414.0,,,
2015-06-20,209,2015-07-05,Sunday-trading,1,2447.0,seasonal_naive,3152.0,3152.0,,,
2015-06-20,209,2015-07-06,Sunday-trading,1,7511.0,seasonal_naive,7993.0,7993.0,,,
2015-06-20,209,2015-07-07,Sunday-trading,1,5836.0,seasonal_naive,6989.0,6989.0,,,
2015-06-20,209,2015-07-08,Sunday-trading,1,5817.0,seasonal_naive,5997.0,5997.0,,,
2015-06-20,209,2015-07-09,Sunday-trading,1,6737.0,seasonal_naive,6220.0,6220.0,,,
2015-06-20,209,2015-07-10,Sunday-trading,1,6323.0,seasonal_naive,6548.0,6548.0,,,
2015-06-20,209,2015-07-11,Sunday-trading,1,4503.0,seasonal_naive,5414.0,5414.0,,,
2015-06-20,209,2015-07-12,Sunday-trading,1,2488.0,seasonal_naive,3152.0,3152.0,,,
2015-06-20,209,2015-07-13,Sunday-trading,1,9285.0,seasonal_naive,7993.0,7993.0,,,
2015-06-20,209,2015-07-14,Sunday-trading,1,6647.0,seasonal_naive,6989.0,6989.0,,,
2015-06-20,209,2015-07-15,Sunday-trading,1,7470.0,seasonal_naive,5997.0,5997.0,,,
2015-06-20,209,2015-07-16,Sunday-trading,1,7779.0,seasonal_naive,6220.0,6220.0,,,
2015-06-20,209,2015-07-17,Sunday-trading,1,7167.0,seasonal_naive,6548.0,6548.0,,,
2015-06-20,209,2015-07-18,Sunday-trading,1,5899.0,seasonal_naive,5414.0,5414.0,,,
2015-06-20,209,2015-07-19,Sunday-trading,1,3077.0,seasonal_naive,3152.0,3152.0,,,
2015-06-20,209,2015-07-20,Sunday-trading,1,8522.0,seasonal_naive,7993.0,7993.0,,,
2015-06-20,209,2015-07-21,Sunday-trading,1,6266.0,seasonal_naive,6989.0,6989.0,,,
2015-06-20,209,2015-07-22,Sunday-trading,1,5631.0,seasonal_naive,5997.0,5997.0,,,
2015-06-20,209,2015-07-23,Sunday-trading,1,7577.0,seasonal_naive,6220.0,6220.0,,,
2015-06-20,209,2015-07-24,Sunday-trading,1,5650.0,seasonal_naive,6548.0,6548.0,,,
2015-06-20,209,2015-07-25,Sunday-trading,1,5220.0,seasonal_naive,5414.0,5414.0,,,
2015-06-20,209,2015-07-26,Sunday-trading,1,3742.0,seasonal_naive,3152.0,3152.0,,,
2015-06-20,209,2015-07-27,Sunday-trading,1,10640.0,seasonal_naive,7993.0,7993.0,,,
2015-06-20,209,2015-07-28,Sunday-trading,1,7521.0,seasonal_naive,6989.0,6989.0,,,
2015-06-20,209,2015-07-29,Sunday-trading,1,7171.0,seasonal_naive,5997.0,5997.0,,,
2015-06-20,209,2015-07-30,Sunday-trading,1,8144.0,seasonal_naive,6220.0,6220.0,,,
2015-06-20,209,2015-07-31,Sunday-trading,1,8912.0,seasonal_naive,6548.0,6548.0,,,
2015-06-20,209,2015-06-20,Sunday-trading,1,4331.0,weekday_mean,5485.875,5485.875,,,
2015-06-20,209,2015-06-21,Sunday-trading,1,1897.0,weekday_mean,1942.375,1942.375,,,
2015-06-20,209,2015-06-22,Sunday-trading,1,5732.0,weekday_mean,6608.75,6608.75,,,
2015-06-20,209,2015-06-23,Sunday-trading,1,5360.0,weekday_mean,6467.375,6467.375,,,
2015-06-20,209,2015-06-24,Sunday-trading,1,4822.0,weekday_mean,5999.5,5999.5,,,
2015-06-20,209,2015-06-25,Sunday-trading,1,5050.0,weekday_mean,5746.875,5746.875,,,
2015-06-20,209,2015-06-26,Sunday-trading,1,5189.0,weekday_mean,5453.5,5453.5,,,
2015-06-20,209,2015-06-27,Sunday-trading,1,4901.0,weekday_mean,5485.875,5485.875,,,
2015-06-20,209,2015-06-28,Sunday-trading,1,2243.0,weekday_mean,1942.375,1942.375,,,
2015-06-20,209,2015-06-29,Sunday-trading,1,9846.0,weekday_mean,6608.75,6608.75,,,
2015-06-20,209,2015-06-30,Sunday-trading,1,9852.0,weekday_mean,6467.375,6467.375,,,
2015-06-20,209,2015-07-01,Sunday-trading,1,7277.0,weekday_mean,5999.5,5999.5,,,
2015-06-20,209,2015-07-02,Sunday-trading,1,7462.0,weekday_mean,5746.875,5746.875,,,
2015-06-20,209,2015-07-03,Sunday-trading,1,7420.0,weekday_mean,5453.5,5453.5,,,
2015-06-20,209,2015-07-04,Sunday-trading,1,5720.0,weekday_mean,5485.875,5485.875,,,
2015-06-20,209,2015-07-05,Sunday-trading,1,2447.0,weekday_mean,1942.375,1942.375,,,
2015-06-20,209,2015-07-06,Sunday-trading,1,7511.0,weekday_mean,6608.75,6608.75,,,
2015-06-20,209,2015-07-07,Sunday-trading,1,5836.0,weekday_mean,6467.375,6467.375,,,
2015-06-20,209,2015-07-08,Sunday-trading,1,5817.0,weekday_mean,5999.5,5999.5,,,
2015-06-20,209,2015-07-09,Sunday-trading,1,6737.0,weekday_mean,5746.875,5746.875,,,
2015-06-20,209,2015-07-10,Sunday-trading,1,6323.0,weekday_mean,5453.5,5453.5,,,
2015-06-20,209,2015-07-11,Sunday-trading,1,4503.0,weekday_mean,5485.875,5485.875,,,
2015-06-20,209,2015-07-12,Sunday-trading,1,2488.0,weekday_mean,1942.375,1942.375,,,
2015-06-20,209,2015-07-13,Sunday-trading,1,9285.0,weekday_mean,6608.75,6608.75,,,
2015-06-20,209,2015-07-14,Sunday-trading,1,6647.0,weekday_mean,6467.375,6467.375,,,
2015-06-20,209,2015-07-15,Sunday-trading,1,7470.0,weekday_mean,5999.5,5999.5,,,
2015-06-20,209,2015-07-16,Sunday-trading,1,7779.0,weekday_mean,5746.875,5746.875,,,
2015-06-20,209,2015-07-17,Sunday-trading,1,7167.0,weekday_mean,5453.5,5453.5,,,
2015-06-20,209,2015-07-18,Sunday-trading,1,5899.0,weekday_mean,5485.875,5485.875,,,
2015-06-20,209,2015-07-19,Sunday-trading,1,3077.0,weekday_mean,1942.375,1942.375,,,
2015-06-20,209,2015-07-20,Sunday-trading,1,8522.0,weekday_mean,6608.75,6608.75,,,
2015-06-20,209,2015-07-21,Sunday-trading,1,6266.0,weekday_mean,6467.375,6467.375,,,
2015-06-20,209,2015-07-22,Sunday-trading,1,5631.0,weekday_mean,5999.5,5999.5,,,
2015-06-20,209,2015-07-23,Sunday-trading,1,7577.0,weekday_mean,5746.875,5746.875,,,
2015-06-20,209,2015-07-24,Sunday-trading,1,5650.0,weekday_mean,5453.5,5453.5,,,
2015-06-20,209,2015-07-25,Sunday-trading,1,5220.0,weekday_mean,5485.875,5485.875,,,
2015-06-20,209,2015-07-26,Sunday-trading,1,3742.0,weekday_mean,1942.375,1942.375,,,
2015-06-20,209,2015-07-27,Sunday-trading,1,10640.0,weekday_mean,6608.75,6608.75,,,
2015-06-20,209,2015-07-28,Sunday-trading,1,7521.0,weekday_mean,6467.375,6467.375,,,
2015-06-20,209,2015-07-29,Sunday-trading,1,7171.0,weekday_mean,5999.5,5999.5,,,
2015-06-20,209,2015-07-30,Sunday-trading,1,8144.0,weekday_mean,5746.875,5746.875,,,
2015-06-20,209,2015-07-31,Sunday-trading,1,8912.0,weekday_mean,5453.5,5453.5,,,
2015-06-20,209,2015-06-20,Sunday-trading,1,4331.0,timesfm,5233.1669921875,5233.1669921875,3081.69970703125,6483.8046875,7187.33251953125
2015-06-20,209,2015-06-21,Sunday-trading,1,1897.0,timesfm,2435.2861328125,2435.2861328125,195.01953125,3779.03076171875,4517.4697265625
2015-06-20,209,2015-06-22,Sunday-trading,1,5732.0,timesfm,5748.68603515625,5748.68603515625,3625.580078125,7027.1826171875,7661.04638671875
2015-06-20,209,2015-06-23,Sunday-trading,1,5360.0,timesfm,6624.26953125,6624.26953125,4664.6259765625,7687.70849609375,8290.6787109375
2015-06-20,209,2015-06-24,Sunday-trading,1,4822.0,timesfm,6280.51318359375,6280.51318359375,4531.0029296875,7261.3271484375,7828.5283203125
2015-06-20,209,2015-06-25,Sunday-trading,1,5050.0,timesfm,6130.68408203125,6130.68408203125,4337.97119140625,7113.54296875,7689.60302734375
2015-06-20,209,2015-06-26,Sunday-trading,1,5189.0,timesfm,5945.779296875,5945.779296875,3901.72607421875,7051.57763671875,7638.173828125
2015-06-20,209,2015-06-27,Sunday-trading,1,4901.0,timesfm,5233.72265625,5233.72265625,2926.259033203125,6454.9033203125,7170.0654296875
2015-06-20,209,2015-06-28,Sunday-trading,1,2243.0,timesfm,2455.39208984375,2455.39208984375,83.40478515625,3728.8369140625,4511.47900390625
2015-06-20,209,2015-06-29,Sunday-trading,1,9846.0,timesfm,5930.5859375,5930.5859375,3599.9873046875,7121.4189453125,7847.97216796875
2015-06-20,209,2015-06-30,Sunday-trading,1,9852.0,timesfm,6653.60693359375,6653.60693359375,4517.21728515625,7724.7099609375,8374.181640625
2015-06-20,209,2015-07-01,Sunday-trading,1,7277.0,timesfm,6264.4033203125,6264.4033203125,4345.02685546875,7284.45947265625,7900.21875
2015-06-20,209,2015-07-02,Sunday-trading,1,7462.0,timesfm,6195.1474609375,6195.1474609375,4263.95556640625,7191.947265625,7880.0498046875
2015-06-20,209,2015-07-03,Sunday-trading,1,7420.0,timesfm,6097.2587890625,6097.2587890625,3879.489990234375,7172.0,7832.3681640625
2015-06-20,209,2015-07-04,Sunday-trading,1,5720.0,timesfm,5212.50732421875,5212.50732421875,2771.81005859375,6447.1083984375,7190.94921875
2015-06-20,209,2015-07-05,Sunday-trading,1,2447.0,timesfm,2421.78662109375,2421.78662109375,5.58984375,3784.8330078125,4576.345703125
2015-06-20,209,2015-07-06,Sunday-trading,1,7511.0,timesfm,5809.75341796875,5809.75341796875,3371.21337890625,7010.1650390625,7770.19482421875
2015-06-20,209,2015-07-07,Sunday-trading,1,5836.0,timesfm,6559.017578125,6559.017578125,4366.95458984375,7681.21630859375,8312.48828125
2015-06-20,209,2015-07-08,Sunday-trading,1,5817.0,timesfm,6240.0625,6240.0625,4163.62060546875,7265.982421875,7921.345703125
2015-06-20,209,2015-07-09,Sunday-trading,1,6737.0,timesfm,6112.30078125,6112.30078125,4020.910400390625,7165.62109375,7882.85302734375
2015-06-20,209,2015-07-10,Sunday-trading,1,6323.0,timesfm,5903.5908203125,5903.5908203125,3558.7822265625,7119.716796875,7809.06494140625
2015-06-20,209,2015-07-11,Sunday-trading,1,4503.0,timesfm,5137.7548828125,5137.7548828125,2638.010009765625,6496.908203125,7320.9189453125
2015-06-20,209,2015-07-12,Sunday-trading,1,2488.0,timesfm,2418.371337890625,2418.371337890625,0.0,3844.502685546875,4729.47900390625
2015-06-20,209,2015-07-13,Sunday-trading,1,9285.0,timesfm,5990.09130859375,5990.09130859375,3417.86572265625,7249.2109375,8073.5810546875
2015-06-20,209,2015-07-14,Sunday-trading,1,6647.0,timesfm,6643.17919921875,6643.17919921875,4318.63671875,7773.78125,8498.2568359375
2015-06-20,209,2015-07-15,Sunday-trading,1,7470.0,timesfm,6184.326171875,6184.326171875,4034.294921875,7231.087890625,7990.7060546875
2015-06-20,209,2015-07-16,Sunday-trading,1,7779.0,timesfm,6175.8876953125,6175.8876953125,4076.571533203125,7249.244140625,7923.71435546875
2015-06-20,209,2015-07-17,Sunday-trading,1,7167.0,timesfm,6054.3837890625,6054.3837890625,3718.773681640625,7243.0595703125,7979.9619140625
2015-06-20,209,2015-07-18,Sunday-trading,1,5899.0,timesfm,5400.41796875,5400.41796875,2846.448486328125,6727.69091796875,7579.875
2015-06-20,209,2015-07-19,Sunday-trading,1,3077.0,timesfm,2580.87109375,2580.87109375,0.0,3950.69970703125,4885.70556640625
2015-06-20,209,2015-07-20,Sunday-trading,1,8522.0,timesfm,5929.23583984375,5929.23583984375,3273.3984375,7245.6748046875,8051.150390625
2015-06-20,209,2015-07-21,Sunday-trading,1,6266.0,timesfm,6601.5849609375,6601.5849609375,4162.6171875,7729.939453125,8484.810546875
2015-06-20,209,2015-07-22,Sunday-trading,1,5631.0,timesfm,6258.36279296875,6258.36279296875,4071.36181640625,7286.72265625,8028.81689453125
2015-06-20,209,2015-07-23,Sunday-trading,1,7577.0,timesfm,6176.00830078125,6176.00830078125,3931.325439453125,7248.88330078125,7992.03076171875
2015-06-20,209,2015-07-24,Sunday-trading,1,5650.0,timesfm,5972.06396484375,5972.06396484375,3463.10595703125,7114.7802734375,7929.1708984375
2015-06-20,209,2015-07-25,Sunday-trading,1,5220.0,timesfm,5199.90576171875,5199.90576171875,2462.968017578125,6551.53955078125,7433.73681640625
2015-06-20,209,2015-07-26,Sunday-trading,1,3742.0,timesfm,2566.3115234375,2566.3115234375,0.0,3992.88525390625,4993.14892578125
2015-06-20,209,2015-07-27,Sunday-trading,1,10640.0,timesfm,6008.3798828125,6008.3798828125,3260.556884765625,7372.57958984375,8255.4609375
2015-06-20,209,2015-07-28,Sunday-trading,1,7521.0,timesfm,6607.9296875,6607.9296875,4110.3671875,7800.97216796875,8642.39453125
2015-06-20,209,2015-07-29,Sunday-trading,1,7171.0,timesfm,6257.2333984375,6257.2333984375,3919.85595703125,7307.708984375,8113.32421875
2015-06-20,209,2015-07-30,Sunday-trading,1,8144.0,timesfm,6272.7099609375,6272.7099609375,3901.3994140625,7360.22119140625,8184.189453125
2015-06-20,209,2015-07-31,Sunday-trading,1,8912.0,timesfm,6081.07177734375,6081.07177734375,3489.6943359375,7357.267578125,8160.36572265625
2015-06-20,259,2015-06-20,Sunday-trading,1,9130.0,seasonal_naive,9678.0,9678.0,,,
2015-06-20,259,2015-06-21,Sunday-trading,1,17446.0,seasonal_naive,18535.0,18535.0,,,
2015-06-20,259,2015-06-22,Sunday-trading,1,13192.0,seasonal_naive,14116.0,14116.0,,,
2015-06-20,259,2015-06-23,Sunday-trading,1,12124.0,seasonal_naive,13727.0,13727.0,,,
2015-06-20,259,2015-06-24,Sunday-trading,1,10821.0,seasonal_naive,13025.0,13025.0,,,
2015-06-20,259,2015-06-25,Sunday-trading,1,12151.0,seasonal_naive,12992.0,12992.0,,,
2015-06-20,259,2015-06-26,Sunday-trading,1,11271.0,seasonal_naive,14085.0,14085.0,,,
2015-06-20,259,2015-06-27,Sunday-trading,1,9061.0,seasonal_naive,9678.0,9678.0,,,
2015-06-20,259,2015-06-28,Sunday-trading,1,16923.0,seasonal_naive,18535.0,18535.0,,,
2015-06-20,259,2015-06-29,Sunday-trading,1,14102.0,seasonal_naive,14116.0,14116.0,,,
2015-06-20,259,2015-06-30,Sunday-trading,1,14709.0,seasonal_naive,13727.0,13727.0,,,
2015-06-20,259,2015-07-01,Sunday-trading,1,13566.0,seasonal_naive,13025.0,13025.0,,,
2015-06-20,259,2015-07-02,Sunday-trading,1,13902.0,seasonal_naive,12992.0,12992.0,,,
2015-06-20,259,2015-07-03,Sunday-trading,1,13874.0,seasonal_naive,14085.0,14085.0,,,
2015-06-20,259,2015-07-04,Sunday-trading,1,10512.0,seasonal_naive,9678.0,9678.0,,,
2015-06-20,259,2015-07-05,Sunday-trading,1,17285.0,seasonal_naive,18535.0,18535.0,,,
2015-06-20,259,2015-07-06,Sunday-trading,1,12812.0,seasonal_naive,14116.0,14116.0,,,
2015-06-20,259,2015-07-07,Sunday-trading,1,11761.0,seasonal_naive,13727.0,13727.0,,,
2015-06-20,259,2015-07-08,Sunday-trading,1,11528.0,seasonal_naive,13025.0,13025.0,,,
2015-06-20,259,2015-07-09,Sunday-trading,1,11575.0,seasonal_naive,12992.0,12992.0,,,
2015-06-20,259,2015-07-10,Sunday-trading,1,11539.0,seasonal_naive,14085.0,14085.0,,,
2015-06-20,259,2015-07-11,Sunday-trading,1,9508.0,seasonal_naive,9678.0,9678.0,,,
2015-06-20,259,2015-07-12,Sunday-trading,1,15585.0,seasonal_naive,18535.0,18535.0,,,
2015-06-20,259,2015-07-13,Sunday-trading,1,12743.0,seasonal_naive,14116.0,14116.0,,,
2015-06-20,259,2015-07-14,Sunday-trading,1,12364.0,seasonal_naive,13727.0,13727.0,,,
2015-06-20,259,2015-07-15,Sunday-trading,1,12997.0,seasonal_naive,13025.0,13025.0,,,
2015-06-20,259,2015-07-16,Sunday-trading,1,12933.0,seasonal_naive,12992.0,12992.0,,,
2015-06-20,259,2015-07-17,Sunday-trading,1,12774.0,seasonal_naive,14085.0,14085.0,,,
2015-06-20,259,2015-07-18,Sunday-trading,1,10146.0,seasonal_naive,9678.0,9678.0,,,
2015-06-20,259,2015-07-19,Sunday-trading,1,17075.0,seasonal_naive,18535.0,18535.0,,,
2015-06-20,259,2015-07-20,Sunday-trading,1,11728.0,seasonal_naive,14116.0,14116.0,,,
2015-06-20,259,2015-07-21,Sunday-trading,1,11729.0,seasonal_naive,13727.0,13727.0,,,
2015-06-20,259,2015-07-22,Sunday-trading,1,11050.0,seasonal_naive,13025.0,13025.0,,,
2015-06-20,259,2015-07-23,Sunday-trading,1,11283.0,seasonal_naive,12992.0,12992.0,,,
2015-06-20,259,2015-07-24,Sunday-trading,1,11711.0,seasonal_naive,14085.0,14085.0,,,
2015-06-20,259,2015-07-25,Sunday-trading,1,8958.0,seasonal_naive,9678.0,9678.0,,,
2015-06-20,259,2015-07-26,Sunday-trading,1,15998.0,seasonal_naive,18535.0,18535.0,,,
2015-06-20,259,2015-07-27,Sunday-trading,1,12708.0,seasonal_naive,14116.0,14116.0,,,
2015-06-20,259,2015-07-28,Sunday-trading,1,12503.0,seasonal_naive,13727.0,13727.0,,,
2015-06-20,259,2015-07-29,Sunday-trading,1,11963.0,seasonal_naive,13025.0,13025.0,,,
2015-06-20,259,2015-07-30,Sunday-trading,1,12178.0,seasonal_naive,12992.0,12992.0,,,
2015-06-20,259,2015-07-31,Sunday-trading,1,14096.0,seasonal_naive,14085.0,14085.0,,,
2015-06-20,259,2015-06-20,Sunday-trading,1,9130.0,weekday_mean,9540.625,9540.625,,,
2015-06-20,259,2015-06-21,Sunday-trading,1,17446.0,weekday_mean,17586.75,17586.75,,,
2015-06-20,259,2015-06-22,Sunday-trading,1,13192.0,weekday_mean,14540.625,14540.625,,,
2015-06-20,259,2015-06-23,Sunday-trading,1,12124.0,weekday_mean,12619.75,12619.75,,,
2015-06-20,259,2015-06-24,Sunday-trading,1,10821.0,weekday_mean,12881.75,12881.75,,,
2015-06-20,259,2015-06-25,Sunday-trading,1,12151.0,weekday_mean,15289.375,15289.375,,,
2015-06-20,259,2015-06-26,Sunday-trading,1,11271.0,weekday_mean,14129.25,14129.25,,,
2015-06-20,259,2015-06-27,Sunday-trading,1,9061.0,weekday_mean,9540.625,9540.625,,,
2015-06-20,259,2015-06-28,Sunday-trading,1,16923.0,weekday_mean,17586.75,17586.75,,,
2015-06-20,259,2015-06-29,Sunday-trading,1,14102.0,weekday_mean,14540.625,14540.625,,,
2015-06-20,259,2015-06-30,Sunday-trading,1,14709.0,weekday_mean,12619.75,12619.75,,,
2015-06-20,259,2015-07-01,Sunday-trading,1,13566.0,weekday_mean,12881.75,12881.75,,,
2015-06-20,259,2015-07-02,Sunday-trading,1,13902.0,weekday_mean,15289.375,15289.375,,,
2015-06-20,259,2015-07-03,Sunday-trading,1,13874.0,weekday_mean,14129.25,14129.25,,,
2015-06-20,259,2015-07-04,Sunday-trading,1,10512.0,weekday_mean,9540.625,9540.625,,,
2015-06-20,259,2015-07-05,Sunday-trading,1,17285.0,weekday_mean,17586.75,17586.75,,,
2015-06-20,259,2015-07-06,Sunday-trading,1,12812.0,weekday_mean,14540.625,14540.625,,,
2015-06-20,259,2015-07-07,Sunday-trading,1,11761.0,weekday_mean,12619.75,12619.75,,,
2015-06-20,259,2015-07-08,Sunday-trading,1,11528.0,weekday_mean,12881.75,12881.75,,,
2015-06-20,259,2015-07-09,Sunday-trading,1,11575.0,weekday_mean,15289.375,15289.375,,,
2015-06-20,259,2015-07-10,Sunday-trading,1,11539.0,weekday_mean,14129.25,14129.25,,,
2015-06-20,259,2015-07-11,Sunday-trading,1,9508.0,weekday_mean,9540.625,9540.625,,,
2015-06-20,259,2015-07-12,Sunday-trading,1,15585.0,weekday_mean,17586.75,17586.75,,,
2015-06-20,259,2015-07-13,Sunday-trading,1,12743.0,weekday_mean,14540.625,14540.625,,,
2015-06-20,259,2015-07-14,Sunday-trading,1,12364.0,weekday_mean,12619.75,12619.75,,,
2015-06-20,259,2015-07-15,Sunday-trading,1,12997.0,weekday_mean,12881.75,12881.75,,,
2015-06-20,259,2015-07-16,Sunday-trading,1,12933.0,weekday_mean,15289.375,15289.375,,,
2015-06-20,259,2015-07-17,Sunday-trading,1,12774.0,weekday_mean,14129.25,14129.25,,,
2015-06-20,259,2015-07-18,Sunday-trading,1,10146.0,weekday_mean,9540.625,9540.625,,,
2015-06-20,259,2015-07-19,Sunday-trading,1,17075.0,weekday_mean,17586.75,17586.75,,,
2015-06-20,259,2015-07-20,Sunday-trading,1,11728.0,weekday_mean,14540.625,14540.625,,,
2015-06-20,259,2015-07-21,Sunday-trading,1,11729.0,weekday_mean,12619.75,12619.75,,,
2015-06-20,259,2015-07-22,Sunday-trading,1,11050.0,weekday_mean,12881.75,12881.75,,,
2015-06-20,259,2015-07-23,Sunday-trading,1,11283.0,weekday_mean,15289.375,15289.375,,,
2015-06-20,259,2015-07-24,Sunday-trading,1,11711.0,weekday_mean,14129.25,14129.25,,,
2015-06-20,259,2015-07-25,Sunday-trading,1,8958.0,weekday_mean,9540.625,9540.625,,,
2015-06-20,259,2015-07-26,Sunday-trading,1,15998.0,weekday_mean,17586.75,17586.75,,,
2015-06-20,259,2015-07-27,Sunday-trading,1,12708.0,weekday_mean,14540.625,14540.625,,,
2015-06-20,259,2015-07-28,Sunday-trading,1,12503.0,weekday_mean,12619.75,12619.75,,,
2015-06-20,259,2015-07-29,Sunday-trading,1,11963.0,weekday_mean,12881.75,12881.75,,,
2015-06-20,259,2015-07-30,Sunday-trading,1,12178.0,weekday_mean,15289.375,15289.375,,,
2015-06-20,259,2015-07-31,Sunday-trading,1,14096.0,weekday_mean,14129.25,14129.25,,,
2015-06-20,259,2015-06-20,Sunday-trading,1,9130.0,timesfm,9731.62109375,9731.62109375,6946.87939453125,11813.5419921875,13136.775390625
2015-06-20,259,2015-06-21,Sunday-trading,1,17446.0,timesfm,16629.12109375,16629.12109375,13628.8515625,18874.984375,20153.658203125
2015-06-20,259,2015-06-22,Sunday-trading,1,13192.0,timesfm,14612.5869140625,14612.5869140625,11608.7734375,16879.580078125,18187.79296875
2015-06-20,259,2015-06-23,Sunday-trading,1,12124.0,timesfm,13072.98046875,13072.98046875,10366.779296875,15239.990234375,16649.98828125
2015-06-20,259,2015-06-24,Sunday-trading,1,10821.0,timesfm,12669.779296875,12669.779296875,10028.7080078125,14753.03515625,16008.48828125
2015-06-20,259,2015-06-25,Sunday-trading,1,12151.0,timesfm,14079.4697265625,14079.4697265625,11449.08203125,16011.30078125,17223.61328125
2015-06-20,259,2015-06-26,Sunday-trading,1,11271.0,timesfm,13727.791015625,13727.791015625,11105.6435546875,15771.1142578125,17087.322265625
2015-06-20,259,2015-06-27,Sunday-trading,1,9061.0,timesfm,9588.935546875,9588.935546875,6878.12109375,11844.453125,13282.6650390625
2015-06-20,259,2015-06-28,Sunday-trading,1,16923.0,timesfm,16660.283203125,16660.283203125,13676.2294921875,18966.626953125,20383.748046875
2015-06-20,259,2015-06-29,Sunday-trading,1,14102.0,timesfm,14670.8935546875,14670.8935546875,11668.2158203125,16969.857421875,18416.03515625
2015-06-20,259,2015-06-30,Sunday-trading,1,14709.0,timesfm,13187.0869140625,13187.0869140625,10343.8583984375,15474.1396484375,16880.91796875
2015-06-20,259,2015-07-01,Sunday-trading,1,13566.0,timesfm,12895.1015625,12895.1015625,10165.912109375,14933.658203125,16316.8115234375
2015-06-20,259,2015-07-02,Sunday-trading,1,13902.0,timesfm,14189.9111328125,14189.9111328125,11448.41015625,16205.75,17427.25390625
2015-06-20,259,2015-07-03,Sunday-trading,1,13874.0,timesfm,13785.810546875,13785.810546875,11124.5791015625,15805.1904296875,17175.8984375
2015-06-20,259,2015-07-04,Sunday-trading,1,10512.0,timesfm,9940.2353515625,9940.2353515625,7219.18505859375,12119.6005859375,13618.0478515625
2015-06-20,259,2015-07-05,Sunday-trading,1,17285.0,timesfm,16976.478515625,16976.478515625,13921.3701171875,19195.001953125,20581.171875
2015-06-20,259,2015-07-06,Sunday-trading,1,12812.0,timesfm,14946.3349609375,14946.3349609375,11912.7705078125,17242.76171875,18689.71484375
2015-06-20,259,2015-07-07,Sunday-trading,1,11761.0,timesfm,13260.6357421875,13260.6357421875,10444.58984375,15441.4892578125,16897.482421875
2015-06-20,259,2015-07-08,Sunday-trading,1,11528.0,timesfm,12872.94921875,12872.94921875,10050.474609375,14939.595703125,16391.763671875
2015-06-20,259,2015-07-09,Sunday-trading,1,11575.0,timesfm,14238.04296875,14238.04296875,11427.59765625,16234.0126953125,17592.78125
2015-06-20,259,2015-07-10,Sunday-trading,1,11539.0,timesfm,13802.052734375,13802.052734375,10927.814453125,15878.671875,17349.966796875
2015-06-20,259,2015-07-11,Sunday-trading,1,9508.0,timesfm,9697.4599609375,9697.4599609375,6618.35009765625,11939.791015625,13350.26171875
2015-06-20,259,2015-07-12,Sunday-trading,1,15585.0,timesfm,16581.701171875,16581.701171875,13205.875,18881.5546875,20346.1015625
2015-06-20,259,2015-07-13,Sunday-trading,1,12743.0,timesfm,14425.9140625,14425.9140625,11085.8837890625,16795.826171875,18273.126953125
2015-06-20,259,2015-07-14,Sunday-trading,1,12364.0,timesfm,12942.7578125,12942.7578125,9826.4013671875,15211.572265625,16644.642578125
2015-06-20,259,2015-07-15,Sunday-trading,1,12997.0,timesfm,12663.8291015625,12663.8291015625,9521.99609375,14814.220703125,16233.9287109375
2015-06-20,259,2015-07-16,Sunday-trading,1,12933.0,timesfm,14005.498046875,14005.498046875,11023.2412109375,16045.162109375,17362.0703125
2015-06-20,259,2015-07-17,Sunday-trading,1,12774.0,timesfm,13842.859375,13842.859375,10849.080078125,16066.568359375,17356.609375
2015-06-20,259,2015-07-18,Sunday-trading,1,10146.0,timesfm,9995.5341796875,9995.5341796875,6739.38134765625,12266.2216796875,13717.3798828125
2015-06-20,259,2015-07-19,Sunday-trading,1,17075.0,timesfm,16894.5859375,16894.5859375,13455.3759765625,19204.541015625,20629.1875
2015-06-20,259,2015-07-20,Sunday-trading,1,11728.0,timesfm,14852.7646484375,14852.7646484375,11376.44921875,17206.78515625,18705.44921875
2015-06-20,259,2015-07-21,Sunday-trading,1,11729.0,timesfm,13243.244140625,13243.244140625,10070.5263671875,15617.166015625,17121.365234375
2015-06-20,259,2015-07-22,Sunday-trading,1,11050.0,timesfm,12902.4365234375,12902.4365234375,9785.5205078125,15129.205078125,16557.296875
2015-06-20,259,2015-07-23,Sunday-trading,1,11283.0,timesfm,14068.4228515625,14068.4228515625,11018.8876953125,16186.197265625,17574.8515625
2015-06-20,259,2015-07-24,Sunday-trading,1,11711.0,timesfm,13743.5712890625,13743.5712890625,10633.658203125,15984.6328125,17445.625
2015-06-20,259,2015-07-25,Sunday-trading,1,8958.0,timesfm,9809.326171875,9809.326171875,6575.69970703125,12239.345703125,13777.0712890625
2015-06-20,259,2015-07-26,Sunday-trading,1,15998.0,timesfm,16726.369140625,16726.369140625,13094.5419921875,19221.515625,20736.98828125
2015-06-20,259,2015-07-27,Sunday-trading,1,12708.0,timesfm,14615.826171875,14615.826171875,10987.642578125,17112.55078125,18631.3359375
2015-06-20,259,2015-07-28,Sunday-trading,1,12503.0,timesfm,13248.966796875,13248.966796875,9804.4521484375,15601.095703125,17157.88671875
2015-06-20,259,2015-07-29,Sunday-trading,1,11963.0,timesfm,12883.34765625,12883.34765625,9686.7646484375,15141.7255859375,16603.693359375
2015-06-20,259,2015-07-30,Sunday-trading,1,12178.0,timesfm,14084.513671875,14084.513671875,10807.75390625,16177.162109375,17579.759765625
2015-06-20,259,2015-07-31,Sunday-trading,1,14096.0,timesfm,13999.564453125,13999.564453125,10832.7275390625,16223.287109375,17679.43359375
2015-06-20,262,2015-06-20,Sunday-trading,1,16392.0,seasonal_naive,18043.0,18043.0,,,
2015-06-20,262,2015-06-21,Sunday-trading,1,28187.0,seasonal_naive,29937.0,29937.0,,,
2015-06-20,262,2015-06-22,Sunday-trading,1,18027.0,seasonal_naive,21022.0,21022.0,,,
2015-06-20,262,2015-06-23,Sunday-trading,1,15797.0,seasonal_naive,19982.0,19982.0,,,
2015-06-20,262,2015-06-24,Sunday-trading,1,16249.0,seasonal_naive,19639.0,19639.0,,,
2015-06-20,262,2015-06-25,Sunday-trading,1,15896.0,seasonal_naive,19724.0,19724.0,,,
2015-06-20,262,2015-06-26,Sunday-trading,1,17936.0,seasonal_naive,20772.0,20772.0,,,
2015-06-20,262,2015-06-27,Sunday-trading,1,17864.0,seasonal_naive,18043.0,18043.0,,,
2015-06-20,262,2015-06-28,Sunday-trading,1,28817.0,seasonal_naive,29937.0,29937.0,,,
2015-06-20,262,2015-06-29,Sunday-trading,1,20112.0,seasonal_naive,21022.0,21022.0,,,
2015-06-20,262,2015-06-30,Sunday-trading,1,21554.0,seasonal_naive,19982.0,19982.0,,,
2015-06-20,262,2015-07-01,Sunday-trading,1,21418.0,seasonal_naive,19639.0,19639.0,,,
2015-06-20,262,2015-07-02,Sunday-trading,1,21564.0,seasonal_naive,19724.0,19724.0,,,
2015-06-20,262,2015-07-03,Sunday-trading,1,23253.0,seasonal_naive,20772.0,20772.0,,,
2015-06-20,262,2015-07-04,Sunday-trading,1,17090.0,seasonal_naive,18043.0,18043.0,,,
2015-06-20,262,2015-07-05,Sunday-trading,1,30255.0,seasonal_naive,29937.0,29937.0,,,
2015-06-20,262,2015-07-06,Sunday-trading,1,19894.0,seasonal_naive,21022.0,21022.0,,,
2015-06-20,262,2015-07-07,Sunday-trading,1,17208.0,seasonal_naive,19982.0,19982.0,,,
2015-06-20,262,2015-07-08,Sunday-trading,1,19142.0,seasonal_naive,19639.0,19639.0,,,
2015-06-20,262,2015-07-09,Sunday-trading,1,18631.0,seasonal_naive,19724.0,19724.0,,,
2015-06-20,262,2015-07-10,Sunday-trading,1,20519.0,seasonal_naive,20772.0,20772.0,,,
2015-06-20,262,2015-07-11,Sunday-trading,1,17885.0,seasonal_naive,18043.0,18043.0,,,
2015-06-20,262,2015-07-12,Sunday-trading,1,32271.0,seasonal_naive,29937.0,29937.0,,,
2015-06-20,262,2015-07-13,Sunday-trading,1,22257.0,seasonal_naive,21022.0,21022.0,,,
2015-06-20,262,2015-07-14,Sunday-trading,1,21455.0,seasonal_naive,19982.0,19982.0,,,
2015-06-20,262,2015-07-15,Sunday-trading,1,20977.0,seasonal_naive,19639.0,19639.0,,,
2015-06-20,262,2015-07-16,Sunday-trading,1,21595.0,seasonal_naive,19724.0,19724.0,,,
2015-06-20,262,2015-07-17,Sunday-trading,1,22986.0,seasonal_naive,20772.0,20772.0,,,
2015-06-20,262,2015-07-18,Sunday-trading,1,19042.0,seasonal_naive,18043.0,18043.0,,,
2015-06-20,262,2015-07-19,Sunday-trading,1,31665.0,seasonal_naive,29937.0,29937.0,,,
2015-06-20,262,2015-07-20,Sunday-trading,1,19169.0,seasonal_naive,21022.0,21022.0,,,
2015-06-20,262,2015-07-21,Sunday-trading,1,17836.0,seasonal_naive,19982.0,19982.0,,,
2015-06-20,262,2015-07-22,Sunday-trading,1,17663.0,seasonal_naive,19639.0,19639.0,,,
2015-06-20,262,2015-07-23,Sunday-trading,1,17513.0,seasonal_naive,19724.0,19724.0,,,
2015-06-20,262,2015-07-24,Sunday-trading,1,18985.0,seasonal_naive,20772.0,20772.0,,,
2015-06-20,262,2015-07-25,Sunday-trading,1,17118.0,seasonal_naive,18043.0,18043.0,,,
2015-06-20,262,2015-07-26,Sunday-trading,1,32547.0,seasonal_naive,29937.0,29937.0,,,
2015-06-20,262,2015-07-27,Sunday-trading,1,22185.0,seasonal_naive,21022.0,21022.0,,,
2015-06-20,262,2015-07-28,Sunday-trading,1,22442.0,seasonal_naive,19982.0,19982.0,,,
2015-06-20,262,2015-07-29,Sunday-trading,1,21041.0,seasonal_naive,19639.0,19639.0,,,
2015-06-20,262,2015-07-30,Sunday-trading,1,22253.0,seasonal_naive,19724.0,19724.0,,,
2015-06-20,262,2015-07-31,Sunday-trading,1,25774.0,seasonal_naive,20772.0,20772.0,,,
2015-06-20,262,2015-06-20,Sunday-trading,1,16392.0,weekday_mean,18287.5,18287.5,,,
2015-06-20,262,2015-06-21,Sunday-trading,1,28187.0,weekday_mean,30322.125,30322.125,,,
2015-06-20,262,2015-06-22,Sunday-trading,1,18027.0,weekday_mean,22349.875,22349.875,,,
2015-06-20,262,2015-06-23,Sunday-trading,1,15797.0,weekday_mean,19180.375,19180.375,,,
2015-06-20,262,2015-06-24,Sunday-trading,1,16249.0,weekday_mean,18993.5,18993.5,,,
2015-06-20,262,2015-06-25,Sunday-trading,1,15896.0,weekday_mean,22594.875,22594.875,,,
2015-06-20,262,2015-06-26,Sunday-trading,1,17936.0,weekday_mean,23196.0,23196.0,,,
2015-06-20,262,2015-06-27,Sunday-trading,1,17864.0,weekday_mean,18287.5,18287.5,,,
2015-06-20,262,2015-06-28,Sunday-trading,1,28817.0,weekday_mean,30322.125,30322.125,,,
2015-06-20,262,2015-06-29,Sunday-trading,1,20112.0,weekday_mean,22349.875,22349.875,,,
2015-06-20,262,2015-06-30,Sunday-trading,1,21554.0,weekday_mean,19180.375,19180.375,,,
2015-06-20,262,2015-07-01,Sunday-trading,1,21418.0,weekday_mean,18993.5,18993.5,,,
2015-06-20,262,2015-07-02,Sunday-trading,1,21564.0,weekday_mean,22594.875,22594.875,,,
2015-06-20,262,2015-07-03,Sunday-trading,1,23253.0,weekday_mean,23196.0,23196.0,,,
2015-06-20,262,2015-07-04,Sunday-trading,1,17090.0,weekday_mean,18287.5,18287.5,,,
2015-06-20,262,2015-07-05,Sunday-trading,1,30255.0,weekday_mean,30322.125,30322.125,,,
2015-06-20,262,2015-07-06,Sunday-trading,1,19894.0,weekday_mean,22349.875,22349.875,,,
2015-06-20,262,2015-07-07,Sunday-trading,1,17208.0,weekday_mean,19180.375,19180.375,,,
2015-06-20,262,2015-07-08,Sunday-trading,1,19142.0,weekday_mean,18993.5,18993.5,,,
2015-06-20,262,2015-07-09,Sunday-trading,1,18631.0,weekday_mean,22594.875,22594.875,,,
2015-06-20,262,2015-07-10,Sunday-trading,1,20519.0,weekday_mean,23196.0,23196.0,,,
2015-06-20,262,2015-07-11,Sunday-trading,1,17885.0,weekday_mean,18287.5,18287.5,,,
2015-06-20,262,2015-07-12,Sunday-trading,1,32271.0,weekday_mean,30322.125,30322.125,,,
2015-06-20,262,2015-07-13,Sunday-trading,1,22257.0,weekday_mean,22349.875,22349.875,,,
2015-06-20,262,2015-07-14,Sunday-trading,1,21455.0,weekday_mean,19180.375,19180.375,,,
2015-06-20,262,2015-07-15,Sunday-trading,1,20977.0,weekday_mean,18993.5,18993.5,,,
2015-06-20,262,2015-07-16,Sunday-trading,1,21595.0,weekday_mean,22594.875,22594.875,,,
2015-06-20,262,2015-07-17,Sunday-trading,1,22986.0,weekday_mean,23196.0,23196.0,,,
2015-06-20,262,2015-07-18,Sunday-trading,1,19042.0,weekday_mean,18287.5,18287.5,,,
2015-06-20,262,2015-07-19,Sunday-trading,1,31665.0,weekday_mean,30322.125,30322.125,,,
2015-06-20,262,2015-07-20,Sunday-trading,1,19169.0,weekday_mean,22349.875,22349.875,,,
2015-06-20,262,2015-07-21,Sunday-trading,1,17836.0,weekday_mean,19180.375,19180.375,,,
2015-06-20,262,2015-07-22,Sunday-trading,1,17663.0,weekday_mean,18993.5,18993.5,,,
2015-06-20,262,2015-07-23,Sunday-trading,1,17513.0,weekday_mean,22594.875,22594.875,,,
2015-06-20,262,2015-07-24,Sunday-trading,1,18985.0,weekday_mean,23196.0,23196.0,,,
2015-06-20,262,2015-07-25,Sunday-trading,1,17118.0,weekday_mean,18287.5,18287.5,,,
2015-06-20,262,2015-07-26,Sunday-trading,1,32547.0,weekday_mean,30322.125,30322.125,,,
2015-06-20,262,2015-07-27,Sunday-trading,1,22185.0,weekday_mean,22349.875,22349.875,,,
2015-06-20,262,2015-07-28,Sunday-trading,1,22442.0,weekday_mean,19180.375,19180.375,,,
2015-06-20,262,2015-07-29,Sunday-trading,1,21041.0,weekday_mean,18993.5,18993.5,,,
2015-06-20,262,2015-07-30,Sunday-trading,1,22253.0,weekday_mean,22594.875,22594.875,,,
2015-06-20,262,2015-07-31,Sunday-trading,1,25774.0,weekday_mean,23196.0,23196.0,,,
2015-06-20,262,2015-06-20,Sunday-trading,1,16392.0,timesfm,19124.046875,19124.046875,15147.88671875,22420.859375,24814.37109375
2015-06-20,262,2015-06-21,Sunday-trading,1,28187.0,timesfm,24219.22265625,24219.22265625,19897.962890625,27948.46484375,30374.244140625
2015-06-20,262,2015-06-22,Sunday-trading,1,18027.0,timesfm,20930.841796875,20930.841796875,17055.595703125,24386.546875,26743.90625
2015-06-20,262,2015-06-23,Sunday-trading,1,15797.0,timesfm,18782.28515625,18782.28515625,15870.201171875,21775.013671875,24039.751953125
2015-06-20,262,2015-06-24,Sunday-trading,1,16249.0,timesfm,19012.296875,19012.296875,16731.087890625,21672.298828125,23589.107421875
2015-06-20,262,2015-06-25,Sunday-trading,1,15896.0,timesfm,19509.830078125,19509.830078125,17148.30078125,22103.517578125,24166.94140625
2015-06-20,262,2015-06-26,Sunday-trading,1,17936.0,timesfm,20310.625,20310.625,17470.0625,23382.068359375,25674.787109375
2015-06-20,262,2015-06-27,Sunday-trading,1,17864.0,timesfm,19332.6484375,19332.6484375,15656.4990234375,23068.923828125,25723.794921875
2015-06-20,262,2015-06-28,Sunday-trading,1,28817.0,timesfm,24118.49609375,24118.49609375,19911.279296875,28066.296875,30793.576171875
2015-06-20,262,2015-06-29,Sunday-trading,1,20112.0,timesfm,21062.83984375,21062.83984375,17156.734375,24759.46875,27520.05078125
2015-06-20,262,2015-06-30,Sunday-trading,1,21554.0,timesfm,18989.67578125,18989.67578125,15827.6982421875,22318.341796875,24792.33984375
2015-06-20,262,2015-07-01,Sunday-trading,1,21418.0,timesfm,19079.734375,19079.734375,16531.201171875,21861.3828125,24261.7578125
2015-06-20,262,2015-07-02,Sunday-trading,1,21564.0,timesfm,19205.365234375,19205.365234375,16726.7109375,21974.28515625,24291.6875
2015-06-20,262,2015-07-03,Sunday-trading,1,23253.0,timesfm,19867.09765625,19867.09765625,16885.0078125,23118.115234375,25775.078125
2015-06-20,262,2015-07-04,Sunday-trading,1,17090.0,timesfm,19173.970703125,19173.970703125,15490.8515625,22955.2890625,25997.9375
2015-06-20,262,2015-07-05,Sunday-trading,1,30255.0,timesfm,23783.265625,23783.265625,19547.275390625,27824.2109375,30904.291015625
2015-06-20,262,2015-07-06,Sunday-trading,1,19894.0,timesfm,20933.6875,20933.6875,17082.693359375,24892.255859375,27843.9453125
2015-06-20,262,2015-07-07,Sunday-trading,1,17208.0,timesfm,19000.6171875,19000.6171875,16023.3046875,22482.716796875,25294.5625
2015-06-20,262,2015-07-08,Sunday-trading,1,19142.0,timesfm,19148.23046875,19148.23046875,16649.4453125,22196.880859375,24914.83984375
2015-06-20,262,2015-07-09,Sunday-trading,1,18631.0,timesfm,19166.27734375,19166.27734375,16551.4921875,22164.794921875,24963.140625
2015-06-20,262,2015-07-10,Sunday-trading,1,20519.0,timesfm,20122.025390625,20122.025390625,17033.935546875,23603.49609375,26545.271484375
2015-06-20,262,2015-07-11,Sunday-trading,1,17885.0,timesfm,19333.1953125,19333.1953125,15381.2568359375,23418.3671875,26480.904296875
2015-06-20,262,2015-07-12,Sunday-trading,1,32271.0,timesfm,23855.978515625,23855.978515625,19475.26953125,28142.6953125,31332.544921875
2015-06-20,262,2015-07-13,Sunday-trading,1,22257.0,timesfm,20966.546875,20966.546875,17032.00390625,25116.87890625,28295.203125
2015-06-20,262,2015-07-14,Sunday-trading,1,21455.0,timesfm,19032.630859375,19032.630859375,15913.9462890625,22561.267578125,25560.029296875
2015-06-20,262,2015-07-15,Sunday-trading,1,20977.0,timesfm,19160.86328125,19160.86328125,16518.73828125,22310.138671875,25065.27734375
2015-06-20,262,2015-07-16,Sunday-trading,1,21595.0,timesfm,19352.689453125,19352.689453125,16945.259765625,22438.31640625,25075.193359375
2015-06-20,262,2015-07-17,Sunday-trading,1,22986.0,timesfm,20318.8671875,20318.8671875,17324.564453125,23998.328125,26702.1953125
2015-06-20,262,2015-07-18,Sunday-trading,1,19042.0,timesfm,19327.064453125,19327.064453125,15399.7216796875,23451.7421875,26664.267578125
2015-06-20,262,2015-07-19,Sunday-trading,1,31665.0,timesfm,23525.681640625,23525.681640625,19142.3203125,27991.71484375,31220.380859375
2015-06-20,262,2015-07-20,Sunday-trading,1,19169.0,timesfm,20862.634765625,20862.634765625,16758.451171875,25204.765625,28324.46484375
2015-06-20,262,2015-07-21,Sunday-trading,1,17836.0,timesfm,18769.6875,18769.6875,15492.0126953125,22650.099609375,25584.861328125
2015-06-20,262,2015-07-22,Sunday-trading,1,17663.0,timesfm,18977.9140625,18977.9140625,16377.255859375,22344.767578125,25092.224609375
2015-06-20,262,2015-07-23,Sunday-trading,1,17513.0,timesfm,19232.3828125,19232.3828125,16499.357421875,22592.46875,25394.0078125
2015-06-20,262,2015-07-24,Sunday-trading,1,18985.0,timesfm,20079.27734375,20079.27734375,16656.77734375,23933.28125,26941.8203125
2015-06-20,262,2015-07-25,Sunday-trading,1,17118.0,timesfm,19212.126953125,19212.126953125,15083.5,23752.40625,27063.6171875
2015-06-20,262,2015-07-26,Sunday-trading,1,32547.0,timesfm,23377.1171875,23377.1171875,18641.150390625,28166.515625,31651.18359375
2015-06-20,262,2015-07-27,Sunday-trading,1,22185.0,timesfm,20721.759765625,20721.759765625,16400.966796875,25280.66015625,28616.81640625
2015-06-20,262,2015-07-28,Sunday-trading,1,22442.0,timesfm,18845.861328125,18845.861328125,15491.951171875,22767.4140625,25982.341796875
2015-06-20,262,2015-07-29,Sunday-trading,1,21041.0,timesfm,19154.671875,19154.671875,16526.21484375,22682.9140625,25654.49609375
2015-06-20,262,2015-07-30,Sunday-trading,1,22253.0,timesfm,19423.044921875,19423.044921875,16720.775390625,22861.65625,25940.1328125
2015-06-20,262,2015-07-31,Sunday-trading,1,25774.0,timesfm,20226.263671875,20226.263671875,16997.046875,24250.767578125,27476.171875
