Id,Cluster,Segment,PC1,PC2,PC3
1826,2,Affluent omnichannel loyalists,4.4722080869281955,-1.7556814021336076,-2.3436069431475715
1,3,Deal-oriented wine shoppers,0.2531249636151603,-0.01887677790063312,0.2629157227867027
10476,3,Deal-oriented wine shoppers,-0.19913859205201803,-0.3931305517824357,1.5233938582069821
1386,1,Budget family browsers,-2.9479798558046375,-0.466661323814121,0.01832557222990204
5371,1,Budget family browsers,-2.434817262305971,-0.8238362057595252,-1.4566049937025336
7348,2,Affluent omnichannel loyalists,3.6007920921038266,-2.171919445001551,-1.416388194065591
4073,2,Affluent omnichannel loyalists,2.744259730231403,0.43696034990305294,-0.7474967791680952
1991,1,Budget family browsers,-1.648483331711373,-0.36897786352163836,1.0823953922204952
4047,3,Deal-oriented wine shoppers,0.43696927980636546,1.1192253846649045,0.9654188895122047
9477,3,Deal-oriented wine shoppers,0.43696927980636546,1.1192253846649045,0.9654188895122047
2079,2,Affluent omnichannel loyalists,3.305789978092443,-1.3002975379392379,0.2708894092217954
5642,1,Budget family browsers,-1.1028802024233968,-0.8354290936967844,-0.11926255489564981
10530,2,Affluent omnichannel loyalists,2.657482476161134,-1.6203539514813408,-0.27566960345121366
2964,1,Budget family browsers,-1.8864270226162558,-1.491801520754146,-0.34585252381299575
10311,3,Deal-oriented wine shoppers,0.9970043807022627,2.9264238038496284,-2.0011652630816474
837,1,Budget family browsers,-1.4550402963564115,0.4315920768598641,0.045110125308933983
10521,1,Budget family browsers,-1.4550402963564115,0.4315920768598641,0.045110125308933983
10175,1,Budget family browsers,-2.0232426313035816,-0.7122420935773822,1.1349752018964394
1473,1,Budget family browsers,-2.0599709426556574,0.25460069613709246,0.4534139723022285
2795,1,Budget family browsers,-3.4532763208990427,-0.4896930908263836,-0.6794819448388327
2285,3,Deal-oriented wine shoppers,-1.0975873136904528,1.07569106892121,0.11223785350992037
115,3,Deal-oriented wine shoppers,-0.5117191680945631,0.9462395517568956,0.5806854260455281
10470,1,Budget family browsers,-1.941353891985193,-1.171280070795452,-0.4806590716497537
4065,1,Budget family browsers,-1.1581864465800968,0.09755839374170402,-0.7061790370166959
10968,3,Deal-oriented wine shoppers,1.195855109358449,1.588736599920018,-0.21356101302844482
5985,1,Budget family browsers,-1.9802164205331358,0.45134371705913023,0.39952931895149474
5430,3,Deal-oriented wine shoppers,-0.6431500674000536,4.691505525385487,-1.8753305288514466
8432,3,Deal-oriented wine shoppers,-0.6431500674000536,4.691505525385487,-1.8753305288514466
453,1,Budget family browsers,-2.4816362116636626,-0.17029446075590307,0.1638153454774773
9687,2,Affluent omnichannel loyalists,2.3360219203945047,-1.661871224462869,-0.7514769129256281
8890,1,Budget family browsers,-1.2045283412952048,0.8657668251468797,-0.018023229204681124
9264,2,Affluent omnichannel loyalists,4.996047917569147,-1.2974904333357657,-1.6114725952111602
5824,1,Budget family browsers,-3.3032377261999253,-0.60816111365088,-0.4426694949221248
5794,3,Deal-oriented wine shoppers,-0.8878700897617521,1.7860599348687551,0.28124516773228175
3068,1,Budget family browsers,-2.198518837200688,-1.2537096268849113,-0.4696992186668908
7962,2,Affluent omnichannel loyalists,2.771011670309058,-1.1578303741633644,1.0174897270689967
2681,2,Affluent omnichannel loyalists,2.0887176364771864,-1.7216271902135953,-0.05632927473598047
10141,1,Budget family browsers,-1.8683262141632955,-1.808008044100547,0.5166816462186051
3725,2,Affluent omnichannel loyalists,2.1029356078616406,-0.6235295024460911,1.1469253710146614
3767,2,Affluent omnichannel loyalists,3.26689458908365,0.660550942239761,-0.8649507954962244
5585,1,Budget family browsers,-2.874428153534163,-0.814636154653343,-1.2613360550222046
7030,3,Deal-oriented wine shoppers,2.6814753735232677,2.7544906597006182,0.7973239110519259
1524,2,Affluent omnichannel loyalists,2.258796416100496,-0.34641819066721696,-0.971658611593221
3657,1,Budget family browsers,-2.1575436420637244,-0.11594341458114123,-1.3635069282199523
5740,1,Budget family browsers,-2.5346010039981133,-0.2623562122372201,-0.24624853151550682
9595,2,Affluent omnichannel loyalists,2.6397073123189156,-1.7964677071993178,-0.5185840740649393
3158,1,Budget family browsers,-2.749616445336483,-1.2529068102727152,-0.9436064251925058
5114,3,Deal-oriented wine shoppers,0.8005575966766519,0.5940615434624876,1.336112958726691
340,3,Deal-oriented wine shoppers,0.821761682265917,1.2275045026591445,0.22140471378066512
8805,3,Deal-oriented wine shoppers,-0.9222676754981148,1.790500739248784,-0.17742077877359236
1241,1,Budget family browsers,-3.1185787693781153,-0.8543999449155223,-1.495246418147088
1402,2,Affluent omnichannel loyalists,2.892361448790168,-1.0950098731432252,-0.8338543147973837
7264,1,Budget family browsers,-3.225806513222925,-0.3387852487014652,-0.5379123200034587
1619,2,Affluent omnichannel loyalists,3.933735912261642,-2.334567302027777,-0.23523519958820835
6398,1,Budget family browsers,-2.7758250827328728,-0.7325433322364322,-1.4158172991183815
1857,1,Budget family browsers,-2.386322685365682,0.08827879925393738,-0.11331406384232705
4877,1,Budget family browsers,-2.2333852708254422,-0.3537511069569818,0.7902206145627259
3066,3,Deal-oriented wine shoppers,-0.8450101967937768,0.3599582850123486,1.0372183957130534
10286,2,Affluent omnichannel loyalists,3.1936929850053595,-1.7192477242715258,0.9649231636294672
1992,3,Deal-oriented wine shoppers,0.1666473595335262,1.2515778068058445,0.26042724277860624
4246,1,Budget family browsers,-2.5521927688112487,0.07388339118434717,-3.376321862138438
10623,1,Budget family browsers,-1.870704898390932,-0.5656181166865321,1.202601876317247
4867,1,Budget family browsers,-2.4732346613411327,0.8887474944417193,-0.4282803055607311
3112,1,Budget family browsers,-2.6190574501935178,-1.6140423357210631,-0.5599512529308569
4865,3,Deal-oriented wine shoppers,-1.2309685431522426,2.3347932548044446,-0.7187591145141485
6287,1,Budget family browsers,-2.546363720911435,-1.502854374008017,-0.5354151672801183
4405,3,Deal-oriented wine shoppers,0.7844256479582837,2.2630859131016368,1.9395566827863344
5332,2,Affluent omnichannel loyalists,2.8592841431430265,-1.7738390594318136,0.0483172645461807
1519,1,Budget family browsers,-2.6299977651769573,0.5960714549753963,-0.48639577570842013
9080,1,Budget family browsers,-2.6299977651769573,0.5960714549753963,-0.48639577570842013
1772,2,Affluent omnichannel loyalists,4.56407626121827,-1.0106045083274446,-0.9935979385515047
5341,2,Affluent omnichannel loyalists,2.9530962223308386,0.12839752932864346,-1.0989609594644143
5510,3,Deal-oriented wine shoppers,-0.3353264647925523,1.1644257237253903,0.13966259633314887
3887,1,Budget family browsers,-2.573670160874748,-0.6958200914640716,-1.6932819564244694
7022,2,Affluent omnichannel loyalists,2.91362218138612,-1.0762976902566972,-1.6472634331890774
9999,2,Affluent omnichannel loyalists,2.839494770563603,-0.25852147709694234,-1.086356821790465
10352,1,Budget family browsers,-2.650515783457392,0.7084114733541744,-0.8490785020212731
7919,2,Affluent omnichannel loyalists,2.9906954727676274,0.5246857819495417,-0.6196384363379112
4114,2,Affluent omnichannel loyalists,4.609444895620378,-0.8068730991779091,-0.21674662252177174
7990,1,Budget family browsers,-2.2804013183060965,-1.6121274160256054,0.0973748074855117
9888,2,Affluent omnichannel loyalists,2.4763045343498082,-1.5415483960670684,-0.3865775703685184
4399,2,Affluent omnichannel loyalists,2.4763045343498082,-1.5415483960670684,-0.3865775703685184
4452,3,Deal-oriented wine shoppers,-0.855768948525692,1.7028650654016904,0.16934017822369424
4785,3,Deal-oriented wine shoppers,1.028582790440448,1.940333358990959,2.3941694823719843
8461,1,Budget family browsers,-3.216785294538405,-0.4630572065453881,-0.44677663758435365
3878,1,Budget family browsers,-2.557340603972206,-1.3933092276289751,-0.8872027915337876
9612,1,Budget family browsers,-2.2020231211413623,-1.3517149922252139,-0.3367186035605233
4098,1,Budget family browsers,-2.6718177545193713,0.2420797130491762,-0.22464119691539514
158,2,Affluent omnichannel loyalists,2.6499967000426783,-0.7879904511242746,-1.2788537048372914
3896,1,Budget family browsers,-2.797485393444554,-1.3569912069997565,-0.7345986452493409
9970,1,Budget family browsers,-0.5710321043845591,-0.8126847019567676,1.4601420599395027
4002,2,Affluent omnichannel loyalists,3.7388082971804852,0.03631456369221586,0.04008391482640098
10914,1,Budget family browsers,-2.653035010890821,-0.48703803198462825,0.2529209475669239
7279,2,Affluent omnichannel loyalists,2.1927233712532552,-1.6875946986533015,-0.25115281301903
10582,3,Deal-oriented wine shoppers,2.0529458053518894,0.3830737666351678,0.5318255074251832
4470,1,Budget family browsers,-1.056089391588512,-0.4114176357093111,1.279686265589412
6183,1,Budget family browsers,-1.056089391588512,-0.4114176357093111,1.279686265589412
6379,1,Budget family browsers,-2.2214794724632196,0.4145698617193455,-0.27216928570463855
8601,2,Affluent omnichannel loyalists,3.884736934793543,0.2711580144415182,-1.2910440502608418
4827,3,Deal-oriented wine shoppers,0.24946856722084018,1.08481796680942,0.33851384015457947
6715,3,Deal-oriented wine shoppers,0.3283096923463008,2.5039369009821697,0.3279712731450539
10676,2,Affluent omnichannel loyalists,4.226278486747195,-1.863570013034507,-2.410069353826298
1041,3,Deal-oriented wine shoppers,-0.8628088332101014,2.289840806204326,-0.2392270756518346
492,3,Deal-oriented wine shoppers,-0.8628088332101014,2.289840806204326,-0.2392270756518346
11133,3,Deal-oriented wine shoppers,-0.8628088332101014,2.289840806204326,-0.2392270756518346
4491,3,Deal-oriented wine shoppers,-0.31050290719157075,4.168697081234959,-0.7368141336136201
873,3,Deal-oriented wine shoppers,-0.31050290719157075,4.168697081234959,-0.7368141336136201
1631,3,Deal-oriented wine shoppers,1.5265384758178486,0.9856967412101945,-0.49039458741805964
8278,2,Affluent omnichannel loyalists,2.992462570288412,-0.6684592211693922,-1.1414735508261702
6815,2,Affluent omnichannel loyalists,2.893217792877556,-0.8626675155928665,0.26416525383966794
254,3,Deal-oriented wine shoppers,-0.5090278921908061,1.6763470581522641,0.3778348538486231
1349,1,Budget family browsers,-2.29100496044399,-1.070935499162957,-1.2410422778478059
2534,1,Budget family browsers,-1.585524032612324,0.5093801313681113,0.22859393978293135
2130,1,Budget family browsers,-2.323048217687283,-1.1646898652144946,-1.3545871277765034
2296,1,Budget family browsers,-2.576581125654602,-1.5112321250732526,-0.5682280020679579
3799,3,Deal-oriented wine shoppers,1.698178747989478,1.6216471074448073,-0.21174687327363229
11084,3,Deal-oriented wine shoppers,0.629431779117106,0.9220067809223255,0.8305987349516438
5172,3,Deal-oriented wine shoppers,0.629431779117106,0.9220067809223255,0.8305987349516438
9504,2,Affluent omnichannel loyalists,3.8773221658641335,-1.6610292347101154,-0.05272373362792247
850,3,Deal-oriented wine shoppers,1.7317656874655227,0.4873522809203225,0.7816126944412697
4477,3,Deal-oriented wine shoppers,1.6014728956020743,0.4037269060886427,0.14250439620911134
1945,2,Affluent omnichannel loyalists,3.337012391876978,1.1365317352960769,-1.3166298800338616
7685,1,Budget family browsers,-2.1237918915591694,-1.3865408219600799,-0.5770191788376728
6310,1,Budget family browsers,-2.1237918915591694,-1.3865408219600799,-0.5770191788376728
10832,3,Deal-oriented wine shoppers,-0.14449710323359727,-0.01719898400607463,-0.6440129199165493
3025,3,Deal-oriented wine shoppers,-1.0079287597993096,1.1641182150714557,0.3492971093331631
2404,1,Budget family browsers,-1.6292201376541375,1.3503999220265217,-0.5452079260654913
8581,3,Deal-oriented wine shoppers,-0.6159476506427243,4.0937997516888895,-1.3719627982342988
8755,2,Affluent omnichannel loyalists,2.1146344075287584,-1.0297470120728212,-0.7382401378030087
10177,2,Affluent omnichannel loyalists,3.779776663552646,0.31731840668747135,-1.233191086167044
2429,2,Affluent omnichannel loyalists,3.779776663552646,0.31731840668747135,-1.233191086167044
8920,3,Deal-oriented wine shoppers,1.6271681992395735,1.2963260834993335,-2.010195217149361
8430,1,Budget family browsers,-2.3469404341337077,-0.7846884493838499,0.9277089986570907
8619,1,Budget family browsers,-2.3469404341337077,-0.7846884493838499,0.9277089986570907
8996,3,Deal-oriented wine shoppers,-0.8788319805556287,4.1134309085031235,-3.4027214500649214
7233,2,Affluent omnichannel loyalists,3.537071967961366,-1.1054590200557204,-1.756041837714652
6678,1,Budget family browsers,-2.4087656972623788,-0.7045954873089673,-0.9538920605025879
830,2,Affluent omnichannel loyalists,3.303853764902294,-1.5203928706482115,-0.6885792454956062
6365,1,Budget family browsers,-1.7824201496050989,-1.3360519562360613,-0.26581269986458633
6770,1,Budget family browsers,-2.4805092647885556,-1.0696665179575973,-1.1387635890831418
2261,1,Budget family browsers,-2.916237027021791,-1.4240501393157294,-0.7815285734412102
1031,2,Affluent omnichannel loyalists,2.8469609813530337,-0.5060890774355372,0.9606060172650449
10089,2,Affluent omnichannel loyalists,5.549567672495936,-0.992270683141702,-1.4705365553209961
9256,3,Deal-oriented wine shoppers,2.2294674716041056,1.913128757181947,-0.9248708701598841
10641,1,Budget family browsers,-2.7910931671226757,0.4728957579614166,-0.7887646605412209
624,1,Budget family browsers,-2.291238965717214,-1.6622065913060584,-0.12199135810512125
4211,1,Budget family browsers,-2.615438230763621,-0.9661948108548764,-1.2816666115130255
1407,1,Budget family browsers,-2.615438230763621,-0.9661948108548764,-1.2816666115130255
10356,1,Budget family browsers,-2.6890300798677216,-0.37438641676043566,0.19828520295342272
9323,3,Deal-oriented wine shoppers,0.8895525857521779,2.3682373255080664,-0.5618515747109656
1146,3,Deal-oriented wine shoppers,0.8895525857521779,2.3682373255080664,-0.5618515747109656
6343,2,Affluent omnichannel loyalists,3.8084698993145145,-0.07195107311335927,0.46170689089130873
8545,2,Affluent omnichannel loyalists,3.0591605142828002,-0.8851477973256523,1.1478752912400054
8275,1,Budget family browsers,-2.7020426126093073,-0.43228487010699007,0.23470183259533878
10673,2,Affluent omnichannel loyalists,2.6731272047996346,0.26329340312498434,0.7036523984156272
8799,1,Budget family browsers,-2.125317616962208,-0.4072486035315713,-0.988731188807683
67,1,Budget family browsers,-2.4069048078843642,0.46754493855379897,-0.07266012420721883
9923,1,Budget family browsers,-2.4069048078843642,0.46754493855379897,-0.07266012420721883
2814,1,Budget family browsers,-2.693382367121265,-1.359658706566574,-0.7506862464545223
2711,1,Budget family browsers,-2.693382367121265,-1.359658706566574,-0.7506862464545223
4320,2,Affluent omnichannel loyalists,2.7464465002115737,0.22765985177703849,-0.14681098600751213
10451,1,Budget family browsers,-2.797750204945622,-0.6699624107304748,0.19891496035624828
4198,1,Budget family browsers,-2.797750204945622,-0.6699624107304748,0.19891496035624828
10814,2,Affluent omnichannel loyalists,3.4955851283488135,-0.2471524346018228,-0.846853552452654
944,3,Deal-oriented wine shoppers,0.6590559634784523,-0.22759192550988214,0.13521174449464382
8151,1,Budget family browsers,-0.8564552001513258,-0.7607735833922148,-1.7815800372927255
6184,2,Affluent omnichannel loyalists,3.515983899255203,-1.995450189688966,-0.45500101185719793
3498,3,Deal-oriented wine shoppers,1.6100921840255324,1.8748291611014614,-0.6460634791165878
2870,3,Deal-oriented wine shoppers,-0.28782591078289665,2.016927842873761,0.00541177441797606
7342,2,Affluent omnichannel loyalists,4.303817801142662,0.28493280599321685,-2.4747783838318806
1911,2,Affluent omnichannel loyalists,4.331515065517982,0.3480904525679517,-2.3812468455650357
10862,3,Deal-oriented wine shoppers,-0.5634915699261344,0.6200445755534532,0.8089830212296779
2546,1,Budget family browsers,-1.6077826793455667,-0.7547718575381684,1.140764882678278
3005,2,Affluent omnichannel loyalists,4.949685164254891,-1.5372879125266408,-0.9111693419340327
8318,2,Affluent omnichannel loyalists,4.7231474412056125,-1.973277186216329,-0.44269610411691757
2930,2,Affluent omnichannel loyalists,2.2397107289924274,-0.5055364700055921,-0.1893431391125749
8216,3,Deal-oriented wine shoppers,-1.0772701949233536,1.5438601879059721,-0.6386607846982264
1212,2,Affluent omnichannel loyalists,1.5305313218523615,0.19947520192310214,-2.0890376585015327
2541,1,Budget family browsers,-2.8040039247079105,-0.8438382767382079,-1.2036237089879183
10659,1,Budget family browsers,-2.723219015216988,-0.26867166270009535,-1.6987427609426446
10905,1,Budget family browsers,-2.0280917248560013,1.6136572285972033,-0.5020407635853483
8910,1,Budget family browsers,-2.0280917248560013,1.6136572285972033,-0.5020407635853483
7349,1,Budget family browsers,-2.5774957640789538,-0.08801120319487372,-2.063019397521255
7872,2,Affluent omnichannel loyalists,1.7201002395671918,-0.4303771299656406,0.29317532541000035
4290,1,Budget family browsers,-2.794752975316106,-1.433910016393654,-0.7613731474281129
7408,1,Budget family browsers,-1.2691200853900684,0.7740321354973617,0.7073282921832293
9986,1,Budget family browsers,-2.6558775692672727,-0.3828088466999073,-1.319082038910299
8235,3,Deal-oriented wine shoppers,2.028404999766839,0.68642850757582,0.6125018594515421
10949,2,Affluent omnichannel loyalists,3.4977695346355233,-0.8509065379541035,-0.11285099950844298
7284,1,Budget family browsers,-2.8656764231861973,0.6170429406985516,0.8354825049755698
9529,2,Affluent omnichannel loyalists,5.007456945655315,-1.5662993945710026,-1.7644776576858614
9930,2,Affluent omnichannel loyalists,4.390918962077398,-0.9071793355825283,-0.5046855137583383
10270,1,Budget family browsers,-2.3683696859114067,-0.78291500917688,-1.0297592916297469
760,3,Deal-oriented wine shoppers,0.7536693658359108,0.3555945526667513,-1.0192033154361613
5519,2,Affluent omnichannel loyalists,2.1268675328474553,0.32382869006139114,-0.5208513963897416
232,3,Deal-oriented wine shoppers,1.0172905714757547,-0.03638651561799411,0.8152738314540475
3009,3,Deal-oriented wine shoppers,1.702286124413472,0.655126120703151,0.07562873425004091
6518,3,Deal-oriented wine shoppers,0.3038183445917828,0.9945222835820186,1.466249141369038
10669,3,Deal-oriented wine shoppers,0.4879710440573207,0.17081056927952207,0.9534630051334322
5682,3,Deal-oriented wine shoppers,1.7601428869904958,2.094360418062112,1.0798417730406709
1570,3,Deal-oriented wine shoppers,2.0759681640859524,1.242650620979559,0.9385247252057215
1497,3,Deal-oriented wine shoppers,-0.37627672336074464,0.704317022796088,0.7097882846900104
9723,3,Deal-oriented wine shoppers,2.6067811670573757,1.6310995959283534,-0.4889726657717934
7261,1,Budget family browsers,-1.695463787396256,1.618765184736483,-1.0321755318350674
2452,1,Budget family browsers,-1.695463787396256,1.618765184736483,-1.0321755318350674
5621,3,Deal-oriented wine shoppers,-1.1440505706143784,1.5123860565145695,-1.6471879544370394
10995,1,Budget family browsers,-2.6529984479742517,-0.30924056336770545,-1.5974732692544233
7373,3,Deal-oriented wine shoppers,-0.8143423634195908,2.5327208118324123,0.40257372307597933
5331,2,Affluent omnichannel loyalists,4.01310426454883,-1.925291507372946,-0.6661964446261616
263,1,Budget family browsers,-1.4619905442983763,-0.8800718426052764,-0.4265388735107611
4619,2,Affluent omnichannel loyalists,3.305174404281071,1.0274941640164745,-1.2915568966236466
940,1,Budget family browsers,-0.6300303216431008,-0.9231863478710605,-0.09468101869731439
10084,1,Budget family browsers,-3.1116673212308057,-1.020303880484785,-1.774693598097361
6019,1,Budget family browsers,-2.302054410761206,-1.4949287193309877,-0.4915773871210899
1463,1,Budget family browsers,-2.6962846510480194,-0.4498888313435893,0.19404666603272297
6424,1,Budget family browsers,-2.234844881944028,-1.6954032331911302,-0.34570126169861465
8233,3,Deal-oriented wine shoppers,0.09689692372133726,1.7789185204064006,0.8834648338336812
1515,1,Budget family browsers,-1.8307811077951246,-0.8510551094199316,1.336339051290567
10855,1,Budget family browsers,-0.7173149567766886,-0.38814784131910984,-0.6693304419211018
10909,2,Affluent omnichannel loyalists,3.9559359462009893,-1.114342288522754,0.8254304937189973
3376,1,Budget family browsers,-1.1231100050888179,-1.1213965574081755,-0.0754407601270909
10232,3,Deal-oriented wine shoppers,-0.2829699275049768,0.32182515407075535,0.9212081910895563
5547,2,Affluent omnichannel loyalists,2.568075427539615,0.0004392283691048122,1.3747246241389568
8362,2,Affluent omnichannel loyalists,2.568075427539615,0.0004392283691048122,1.3747246241389568
3524,1,Budget family browsers,-2.2659800548790745,-0.23318284300730135,-1.346694753554008
10095,2,Affluent omnichannel loyalists,1.8846328683623075,-0.3668801866953581,1.3861282061062479
8897,3,Deal-oriented wine shoppers,-0.48080152900153234,3.2955346370226017,-1.9321791149321772
466,2,Affluent omnichannel loyalists,1.7161787381164635,-0.8863317361629122,0.6959207981863849
11025,1,Budget family browsers,-2.4669339587548658,0.9488766608717626,-0.6427525171679812
2387,1,Budget family browsers,-1.904517634439795,1.969767568999376,-0.8713904568141115
1618,3,Deal-oriented wine shoppers,0.08064491981557419,1.2598244414909823,-0.40113841465019856
25,3,Deal-oriented wine shoppers,2.0845967628886566,0.9157723029385306,0.12236984541075105
3277,3,Deal-oriented wine shoppers,-0.8909672634911431,1.1450020463988353,0.2201413399367554
8566,1,Budget family browsers,-2.941286488173013,-0.468295286627551,0.09935806335534568
2634,1,Budget family browsers,-2.5411350791800245,-0.821279126078056,-1.1504202378816253
8036,1,Budget family browsers,-2.2826752714897527,0.33858279040918987,-0.01281406025163798
8159,1,Budget family browsers,-1.9310825483914371,0.7820091089249087,-0.29047033129735683
7628,1,Budget family browsers,-2.0570791656149656,-1.067531116221154,-0.46473460872638833
9597,2,Affluent omnichannel loyalists,2.1678720568856966,-0.3666490963711219,-0.9990186511020008
1384,1,Budget family browsers,-2.8013919653787,-0.8731814588449794,-1.3870099265474967
10150,2,Affluent omnichannel loyalists,2.7434015514851295,-1.230564079228323,0.8004208696277918
3885,1,Budget family browsers,-2.6651307556942148,-1.238326723653524,-0.9155822518246451
11003,1,Budget family browsers,-2.5860821939723113,-0.9328695353562055,-1.1364443294455255
8026,3,Deal-oriented wine shoppers,1.011952951922677,1.0265171243598057,-0.8779799746925487
577,1,Budget family browsers,-2.9255597114882694,-0.133856680020306,-0.10778392213510911
8702,1,Budget family browsers,-2.9255597114882694,-0.133856680020306,-0.10778392213510911
5429,1,Budget family browsers,-1.4052316390541928,0.11146179735769966,0.9773480222039354
977,3,Deal-oriented wine shoppers,-0.3453849009545672,1.8045250652103602,-0.2110601726660238
2793,3,Deal-oriented wine shoppers,2.7277417030713536,1.6485238978884018,-0.6258695918192484
1071,3,Deal-oriented wine shoppers,2.7277417030713536,1.6485238978884018,-0.6258695918192484
5074,1,Budget family browsers,-2.7671410312529385,-1.3414944375990503,-0.6745808073474591
2632,3,Deal-oriented wine shoppers,-0.7111555936822394,2.5075322609423085,-1.335439861942389
6404,3,Deal-oriented wine shoppers,-1.3188598763620099,2.246968893691945,0.6279829432976781
10240,3,Deal-oriented wine shoppers,1.9911120155246156,0.34665099912458763,0.23950101621496053
2521,1,Budget family browsers,-2.5573115257753214,-1.3588832756200524,-0.7076651995175555
4301,1,Budget family browsers,-2.5573115257753214,-1.3588832756200524,-0.7076651995175555
7381,2,Affluent omnichannel loyalists,3.6547049012641875,-0.3201710122178964,-1.4263206229200631
2407,2,Affluent omnichannel loyalists,2.921467268803103,-0.5117521052968551,-0.44237431664861865
9064,2,Affluent omnichannel loyalists,2.921467268803103,-0.5117521052968551,-0.44237431664861865
5067,2,Affluent omnichannel loyalists,2.3256471005747024,-0.5566346897154897,0.7878627312099938
10281,2,Affluent omnichannel loyalists,0.8958326023205739,-0.6766020327183782,-1.0569486616721935
11191,1,Budget family browsers,-1.2677009824337129,-1.2816350804182381,-0.10526567137059945
1994,1,Budget family browsers,-2.4852982891507973,-1.3924370297488031,-0.44749012339594146
2552,3,Deal-oriented wine shoppers,-1.3727215243438684,4.11911793009031,-0.004272292030598215
6720,3,Deal-oriented wine shoppers,-0.3895207955455722,1.6243046235557095,-0.25966090276739934
4557,1,Budget family browsers,-2.4088892371629376,-1.0859897430995669,-0.9815653733344447
1183,1,Budget family browsers,-2.7209257506948306,-0.5829723097223714,0.2572444078438143
4186,1,Budget family browsers,-2.2112177136151883,0.08771576562183364,-0.11553640236398334
1419,1,Budget family browsers,-2.2112177136151883,0.08771576562183364,-0.11553640236398334
967,3,Deal-oriented wine shoppers,-0.9884305998060375,3.3161443598863634,-1.2318240060336567
1048,1,Budget family browsers,-1.9837945556678207,-0.656809404892887,-1.0286232797526087
9262,1,Budget family browsers,-2.094383716032248,-1.3205153668951681,-0.10721551554704221
3427,3,Deal-oriented wine shoppers,0.022296321870294556,3.4574746596629478,-0.138357410882385
5892,1,Budget family browsers,-2.014413561400428,0.872750566210479,-1.482552287288174
8911,3,Deal-oriented wine shoppers,1.9165969948989263,0.5342740117859359,-0.6663636742265154
6606,3,Deal-oriented wine shoppers,0.30840096035859166,0.5656522553167699,-0.4422871342372433
2677,3,Deal-oriented wine shoppers,-0.6466148120859956,0.7453701820184135,0.2534053471772592
252,2,Affluent omnichannel loyalists,1.3781966370345156,-0.7797277184133963,-1.903389696712716
9860,1,Budget family browsers,-1.4556159999359006,0.9117965038953645,0.3830208876922026
1388,1,Budget family browsers,-1.995938865456344,-1.0162365717191502,-1.1185618555868382
979,1,Budget family browsers,-1.995938865456344,-1.0162365717191502,-1.1185618555868382
7494,1,Budget family browsers,-1.949173432593134,1.5589852052007498,-0.5933097754506153
10490,3,Deal-oriented wine shoppers,-0.3952493062854249,0.7206227011638123,-1.4277205090432523
3403,2,Affluent omnichannel loyalists,3.5958746295996575,0.8737989739285624,0.10891351617487799
2715,1,Budget family browsers,-2.4651280646475446,1.1204955512901256,-1.1414484197925643
4828,2,Affluent omnichannel loyalists,3.808846370834341,-1.2306376225155309,-0.4658461097948688
92,1,Budget family browsers,-2.0922486304426418,-0.27889252667511766,-1.2757500006959313
3312,1,Budget family browsers,-2.0922486304426418,-0.27889252667511766,-1.2757500006959313
11176,3,Deal-oriented wine shoppers,0.369914497743306,0.4969603986440087,1.5272272948012835
1446,2,Affluent omnichannel loyalists,4.1938292163347555,-0.9814206517612051,0.16282180606182642
9699,3,Deal-oriented wine shoppers,1.1539309151422745,1.217414262330821,0.684396188095559
9790,2,Affluent omnichannel loyalists,2.501057316747517,0.33076513211579656,-0.6689754788539404
2324,2,Affluent omnichannel loyalists,3.0958093489519225,1.2497692961083031,0.7165526071828695
5080,2,Affluent omnichannel loyalists,3.0849822142451506,-1.1812116190190165,-0.9738546325971206
4992,1,Budget family browsers,-2.6124409209466117,-0.5145146380227851,-1.449114952566279
7849,2,Affluent omnichannel loyalists,4.239000239848181,-1.8387316512925618,-0.32911561796608185
4808,1,Budget family browsers,-2.5666949778743073,-1.4341639373012545,-0.2210283517019173
10401,1,Budget family browsers,-1.9505253799374598,-1.9326107766465253,0.5862430185861491
7793,3,Deal-oriented wine shoppers,0.801293648722346,2.1334830923563137,0.4555849605760313
9303,1,Budget family browsers,-3.604317210040325,-0.22695555820721558,-0.4548336779892623
6853,2,Affluent omnichannel loyalists,3.0347814804709894,-1.0418269536687028,0.8207806888221629
7366,2,Affluent omnichannel loyalists,3.0347814804709894,-1.0418269536687028,0.8207806888221629
9780,3,Deal-oriented wine shoppers,2.0352628457382367,1.2280111948009527,0.5678766967246747
7573,1,Budget family browsers,-2.4618621983938054,-1.154800946336366,-0.868726944343489
1379,1,Budget family browsers,-0.8163765329912601,-1.0775481440924168,0.3498068388577023
8923,2,Affluent omnichannel loyalists,4.114835391854461,-1.1579882699460387,-0.7840451691052973
3547,1,Budget family browsers,-2.2042371194454122,-1.0427999108586123,-0.7787323319829416
8707,2,Affluent omnichannel loyalists,2.9225363833989855,-1.162026294023685,-0.484547710802062
1891,2,Affluent omnichannel loyalists,3.3105995411727385,-1.4484124022248859,0.014120488542483283
6271,1,Budget family browsers,-1.7120175583711246,-0.39079437896654273,1.2686431572965633
9635,1,Budget family browsers,-1.6087454487341302,-1.0904321954557927,0.05047429776071052
9727,1,Budget family browsers,-1.7451782818924306,-1.2918602609038634,-0.3148229680116076
6205,1,Budget family browsers,-2.250812076383202,-0.8281357015258196,-0.6872344582093759
10681,2,Affluent omnichannel loyalists,3.383259173449039,0.9099452427234235,-1.9927200495772883
5156,2,Affluent omnichannel loyalists,3.383259173449039,0.9099452427234235,-1.9927200495772883
3050,1,Budget family browsers,-1.4710371143285963,1.3706047909889096,0.09162218890256736
8164,2,Affluent omnichannel loyalists,3.724303593011735,-1.0998132118947173,0.22310288832879924
5626,3,Deal-oriented wine shoppers,0.1599803238321736,-0.6483788476818563,0.823248565125325
7600,1,Budget family browsers,-2.9382396716594608,-1.0921667608364671,-1.0549937961614362
6406,2,Affluent omnichannel loyalists,3.8469607662953487,-1.115198813600486,-0.9508072462636309
7002,3,Deal-oriented wine shoppers,0.5412033728779453,-0.21614297184570513,0.9386764404083479
8234,1,Budget family browsers,-2.981341443214067,-1.3257859007064634,-0.8802274114958544
6116,1,Budget family browsers,-1.2875804020014952,-0.8591639267034464,1.3802818069351193
291,2,Affluent omnichannel loyalists,3.3059106071864006,-2.128077499142651,-1.5148435851529127
8779,1,Budget family browsers,-2.297153138117825,0.2046461776710336,-1.6294963899243642
4931,2,Affluent omnichannel loyalists,5.651717253921362,-3.24469151686532,2.72251518705114
1650,2,Affluent omnichannel loyalists,4.440168139720597,-0.4331625746651507,-0.36437261725434106
9701,1,Budget family browsers,-0.8699358711909544,-0.2785769005425361,-2.290863296047853
6431,1,Budget family browsers,-2.4958813673636318,0.07449461017377372,0.08126005216992697
10789,1,Budget family browsers,-2.4958813673636318,0.07449461017377372,0.08126005216992697
5302,2,Affluent omnichannel loyalists,3.6003068929725917,-1.6249608795225914,-1.0792139613631433
4459,1,Budget family browsers,-2.803168067250229,-1.2739613328773443,-0.8247594591476224
10642,1,Budget family browsers,-2.803168067250229,-1.2739613328773443,-0.8247594591476224
9213,1,Budget family browsers,-2.9384694573449943,-1.3011279636598825,-0.7924623872127817
3678,3,Deal-oriented wine shoppers,-0.39239208138520704,4.202069768411162,-1.5737237973940656
3698,2,Affluent omnichannel loyalists,5.622654436348018,-1.2770638796025697,-2.183819169866372
5929,1,Budget family browsers,-2.5383334451545774,-0.910021279725419,-0.7595356880896111
10795,1,Budget family browsers,-2.5383334451545774,-0.910021279725419,-0.7595356880896111
4390,2,Affluent omnichannel loyalists,2.238717322063247,0.41395604169645284,1.0118321329918714
9362,3,Deal-oriented wine shoppers,0.15693051816300335,1.3184381751026844,1.00156930197782
1577,2,Affluent omnichannel loyalists,4.786485550329709,-2.2781940753668564,-1.717803663358838
4609,3,Deal-oriented wine shoppers,-0.31619221304971,1.676888195633001,0.5334610011542655
7143,2,Affluent omnichannel loyalists,3.5360479192776513,0.3723203837414476,-0.951496890847276
1729,3,Deal-oriented wine shoppers,1.8936462643546552,1.4292435404512844,0.39522707557453224
10664,3,Deal-oriented wine shoppers,-0.7066278902033818,1.6604165385303626,0.323448039288385
5029,1,Budget family browsers,-2.307509252148246,-1.7520770732413329,0.226402511810206
10507,3,Deal-oriented wine shoppers,-0.536825794393927,1.4726574224827191,0.6905127702199702
3865,1,Budget family browsers,-2.033660117174213,-0.9847647088284027,-0.7089576867780484
6982,2,Affluent omnichannel loyalists,3.8561949057421714,-1.348705438778291,0.21137288056027917
7042,1,Budget family browsers,-2.0122075139038826,-1.0618979347607835,-0.5368221139796192
9668,1,Budget family browsers,-2.6291553761884354,-0.5093011458711029,-1.5223503933104223
6878,1,Budget family browsers,-0.5896972173147271,-0.3023991382604384,-1.3924221867761413
4099,1,Budget family browsers,-2.695503275136599,-1.2246612488433946,-0.9377531355970866
5031,2,Affluent omnichannel loyalists,4.77409582446898,-0.8058381928262575,-0.194850328732493
1970,1,Budget family browsers,-2.117015046555494,0.08100399072383792,0.4799566584951696
5726,1,Budget family browsers,-2.1904615227387336,-0.662559406331343,-0.7590352676097439
5231,1,Budget family browsers,-1.9108913430525,0.3947495162113887,1.913649273656351
1307,1,Budget family browsers,-1.5083528324066455,0.24432361218725876,0.8579416044971111
10609,1,Budget family browsers,-1.5968688289987512,-0.32285220340400517,1.3033694643249236
5782,3,Deal-oriented wine shoppers,1.6593771407942535,1.0917899416643453,-0.3373294535451459
7533,1,Budget family browsers,-2.008606933967488,1.0974971047155662,-0.19418618545884792
9493,2,Affluent omnichannel loyalists,3.0425568742239837,-1.0576692153488865,0.3724245402606213
2253,1,Budget family browsers,-2.0201851407173765,-1.4072457406118577,-0.12040534758866862
2326,1,Budget family browsers,-2.0201851407173765,-1.4072457406118577,-0.12040534758866862
1876,1,Budget family browsers,-2.0201851407173765,-1.4072457406118577,-0.12040534758866862
7141,1,Budget family browsers,-2.4794015492858206,0.5632327072958107,-2.2451810921601667
7393,1,Budget family browsers,-2.2098324808845224,0.12184000424775915,0.20327551732498342
4713,1,Budget family browsers,-2.357642249378472,-0.8158620957458063,-0.7412292887337871
5093,1,Budget family browsers,-2.7444205697030633,-0.262598441241732,-1.5042800366996687
8524,1,Budget family browsers,-2.7444205697030633,-0.262598441241732,-1.5042800366996687
3766,3,Deal-oriented wine shoppers,1.799966148461326,0.8578898025260046,-3.7346908882800425
9725,1,Budget family browsers,-3.1065989877858304,-0.3596385546634636,-0.04174059127127972
8933,1,Budget family browsers,-2.3628106844573553,-0.9892218834663815,-0.661347287637629
10779,1,Budget family browsers,-2.294418760047526,-1.3382272187042599,-0.13924968653658168
9289,1,Budget family browsers,-2.57502881273397,-1.0993838778824008,-0.8103868543114622
2613,1,Budget family browsers,-0.366426744438027,-0.4867223751398726,1.8125916811988938
10133,2,Affluent omnichannel loyalists,5.428170370532158,-0.9234842897851936,0.2902447827534417
8443,1,Budget family browsers,-2.487944549634482,-0.38373866328230766,-1.6148669512993492
10796,1,Budget family browsers,-2.4699143316947816,-1.4116983239681762,-0.45757097019324167
10241,1,Budget family browsers,-2.5213993036899573,-1.5457754442185234,-0.09973152503273414
3388,3,Deal-oriented wine shoppers,-0.7900475358524748,1.5265882552614194,-0.7539619428316096
6507,1,Budget family browsers,-2.007314094354188,-1.4612964834910662,-0.20806812357130205
7446,3,Deal-oriented wine shoppers,0.933719874562649,1.1364901011515498,0.7192200300803212
87,1,Budget family browsers,-2.508439738876327,-0.9642791913059787,-1.097508770095597
10477,1,Budget family browsers,-2.3340222324931736,-1.0224808001622123,-0.6430181045723926
6072,2,Affluent omnichannel loyalists,4.138428533707705,-0.9300101874232772,-0.49821257413524794
2518,1,Budget family browsers,-2.4052074712685485,-1.5543132573395266,-0.11401696101518825
247,1,Budget family browsers,-1.5900224996497843,1.2922791394752646,-2.095908473580333
9463,3,Deal-oriented wine shoppers,2.7658707890769993,1.6652670245111554,-0.3496455824101087
1459,3,Deal-oriented wine shoppers,1.047355034770326,0.08621798243809847,1.1690496350473176
9530,1,Budget family browsers,-3.0352126753293573,-1.336355308318148,-0.8627505140928431
9653,1,Budget family browsers,-2.199243073414635,0.23469987822128865,0.3693768724603315
10785,1,Budget family browsers,-2.337870482980127,-0.16249529609150978,0.3983275893099304
9392,1,Budget family browsers,-2.9187646808202325,-1.4303948761285956,-0.6412741408504802
3769,1,Budget family browsers,-2.3973205709635366,-1.301978823044378,-0.3258999013052527
10146,1,Budget family browsers,-2.605890875766099,-1.3284280176216514,-0.4762687249141912
4741,3,Deal-oriented wine shoppers,0.19750270662477096,-0.07064093868115695,-0.55655391178685
1880,1,Budget family browsers,-2.0384395399756423,-0.08740032111125469,0.5526772621809102
6471,1,Budget family browsers,-2.1825767099285303,-1.3948142594830613,-0.30010816240367433
5718,2,Affluent omnichannel loyalists,5.048595766001476,-0.908460789419217,-2.2876541156534964
3478,3,Deal-oriented wine shoppers,0.6845116137728982,3.024587005774456,-1.4709833061755464
7848,3,Deal-oriented wine shoppers,-0.5925151672816216,0.8603143364682637,0.25075248254298627
7999,2,Affluent omnichannel loyalists,2.373220894318652,-0.684166927973855,1.1775195396539893
11101,2,Affluent omnichannel loyalists,2.9208374888700908,0.7155957319327276,-0.6720395639073926
9212,3,Deal-oriented wine shoppers,2.3132501908256846,3.629916764699275,-0.2576500444286665
10983,2,Affluent omnichannel loyalists,3.4280189870379667,-0.8881531974972655,-1.0392668304950234
3629,1,Budget family browsers,-2.127703734998867,-0.664466491073851,-0.9048093146204609
4673,3,Deal-oriented wine shoppers,1.4085448729916563,2.0541000038237196,0.8576187553249494
796,3,Deal-oriented wine shoppers,1.8331059578347337,2.68177449464213,-1.0727633687737315
618,3,Deal-oriented wine shoppers,1.5894722540078787,0.6762157259050032,1.027780898718757
380,3,Deal-oriented wine shoppers,2.8571410556441856,3.609871929353616,-1.297425884927814
1092,2,Affluent omnichannel loyalists,2.325840148951734,0.8659311825891216,-1.9395571146551476
8962,1,Budget family browsers,-2.357127417125408,-0.15459526165878787,0.43461918207457484
8207,1,Budget family browsers,-1.6574990868487305,-0.6817198882200269,1.5343896337212253
6521,2,Affluent omnichannel loyalists,2.6513721044064917,-1.2330506904977363,0.8099979849209022
535,2,Affluent omnichannel loyalists,3.1949048149892842,-1.1670320665583678,0.783975130810197
4608,2,Affluent omnichannel loyalists,3.1949048149892842,-1.1670320665583678,0.783975130810197
11086,1,Budget family browsers,-2.7602606244473646,-1.3990770556089323,-0.7182032494116307
1064,1,Budget family browsers,-2.629362884743543,-1.2185716675784037,-0.6112666872579393
7000,2,Affluent omnichannel loyalists,3.680607335875652,-1.116135854663856,-1.1128895228987894
1581,1,Budget family browsers,-2.8402553833855015,-1.2947800213958953,-0.6916943495241794
7384,3,Deal-oriented wine shoppers,0.05394510490028769,0.012755725672088747,-1.3417577406823913
10552,3,Deal-oriented wine shoppers,0.1772512613675298,0.15418188094600657,0.10400071711702429
6409,2,Affluent omnichannel loyalists,2.5454146321097753,-0.5670701763538725,-1.574703143844117
9507,3,Deal-oriented wine shoppers,-0.4451083554215793,0.9485378199291009,0.09082745756872328
9560,2,Affluent omnichannel loyalists,3.5107481402331913,-0.24573653256812392,-0.04056016369351081
10991,2,Affluent omnichannel loyalists,2.4724496578026556,-1.464580236950719,-0.41123768616334794
4712,1,Budget family browsers,-1.6017518159287674,-1.7191325611685973,0.17082397181161504
11056,2,Affluent omnichannel loyalists,2.7142052857075245,-1.5969884932863339,0.4003215515297369
7414,1,Budget family browsers,-2.1299360116691473,1.0562579550850932,-0.5538433425404192
3076,3,Deal-oriented wine shoppers,0.23813606996792336,1.1823311737756645,0.7203943863157661
6355,1,Budget family browsers,-2.022320077256907,-0.06837459354866995,0.587926928057562
7959,2,Affluent omnichannel loyalists,2.3427872741440265,-1.9054974463950571,0.37182649425865505
5512,3,Deal-oriented wine shoppers,-0.13865193719773336,0.962062505727777,1.2656786574128611
10102,2,Affluent omnichannel loyalists,5.088100164615201,-2.1878388789956853,-1.9042264774822522
9369,2,Affluent omnichannel loyalists,3.857091681175893,1.2481817181203894,0.3019328634071213
3711,2,Affluent omnichannel loyalists,3.5249564850990778,-0.8045124485117603,0.24491106298286716
6931,2,Affluent omnichannel loyalists,2.5393754335515606,-0.9927304542543428,-1.084503794562965
9596,2,Affluent omnichannel loyalists,1.8888896485289184,-1.167932666562199,0.48618453400091777
2727,3,Deal-oriented wine shoppers,0.3875976524805802,-1.0577618906983253,0.16766582613481715
8416,1,Budget family browsers,-2.4982180854290768,-1.085747893224194,-0.7442443131528703
3967,2,Affluent omnichannel loyalists,4.460966099458572,-1.9932497757909338,-0.8598345103438739
2139,1,Budget family browsers,-2.8189595459217354,-0.8835868365574976,-0.9484845997396566
2162,3,Deal-oriented wine shoppers,1.0835144226741213,0.08738194250295489,0.6480939799063196
9242,2,Affluent omnichannel loyalists,3.371417903566775,-0.7475762572729326,-0.9205499952121002
10595,1,Budget family browsers,-1.9811396723823864,-1.207411055726211,-0.1914935669323919
4855,1,Budget family browsers,-2.861991773112634,-0.900190885458204,-1.0339868319679446
5049,1,Budget family browsers,-2.861991773112634,-0.900190885458204,-1.0339868319679446
4967,3,Deal-oriented wine shoppers,-1.5596494292906058,1.5149504172226576,0.21440120580453742
5255,2,Affluent omnichannel loyalists,3.430523201587282,1.8823397954700287,-4.661403719181014
9215,3,Deal-oriented wine shoppers,-0.7733916795536987,1.173570409553206,-1.3627372945072456
3525,1,Budget family browsers,-2.8420929649268722,-0.4537646707061764,0.24579074456889666
3619,2,Affluent omnichannel loyalists,3.090831721123918,-1.2670535919289052,-0.3004608303394765
4415,1,Budget family browsers,-2.9115785598258888,0.16324725067161955,-0.3773277856058008
3645,1,Budget family browsers,-2.6410739478589327,-0.5028389157310518,-1.183525779579856
4692,1,Budget family browsers,-2.953561649886808,0.43356434721809245,-2.161047090799303
3955,1,Budget family browsers,-3.780914539221455,-1.205389108556998,-1.1505194551231965
5313,1,Budget family browsers,-2.3816039346098155,0.18644009604173734,0.27239662099760964
7196,1,Budget family browsers,-2.3521291218253313,-0.9997239142595591,0.9811637378897033
1381,1,Budget family browsers,-1.694656088923369,0.8661860785365598,-1.5232348588780618
10951,3,Deal-oriented wine shoppers,-0.812546072026476,0.3868319634670999,1.444021696362531
4322,2,Affluent omnichannel loyalists,2.2581159993149424,-0.7316451250082726,1.2667498494918767
7444,1,Budget family browsers,-2.8043369811494947,0.02604692404260154,0.03473953761530018
2942,3,Deal-oriented wine shoppers,-0.09323060745545875,0.94637740622544,0.2615328690475912
2874,1,Budget family browsers,-2.6011212619055875,-1.35507783713718,-0.5885202790269788
3667,2,Affluent omnichannel loyalists,3.784732122246182,-0.03895296099312059,-1.2466192244678016
3697,1,Budget family browsers,-1.7051471092686064,0.2790662900185207,0.5126404463520474
9955,1,Budget family browsers,-1.7051471092686064,0.2790662900185207,0.5126404463520474
5320,1,Budget family browsers,-1.953053757759079,0.7646987551984333,-0.17079635681287786
6422,2,Affluent omnichannel loyalists,3.9020182626047233,-1.3772088283075035,-1.3361168293668948
3690,2,Affluent omnichannel loyalists,3.635975484230872,-0.07775876099788374,-0.3365442531079678
2408,3,Deal-oriented wine shoppers,-0.23133724593853106,4.309919650112245,-1.3132988458451755
9260,3,Deal-oriented wine shoppers,2.5102999802339405,1.2624235690195593,0.22500196757522745
9648,1,Budget family browsers,-1.8579442773726953,1.396404954065871,-0.5864352881821936
4939,1,Budget family browsers,-0.4179625877048515,-0.684366126200373,-1.0461241516388666
8652,1,Budget family browsers,-0.4179625877048515,-0.684366126200373,-1.0461241516388666
4702,2,Affluent omnichannel loyalists,3.6992632160345797,-0.9233098381781154,-2.4511070557677175
2587,1,Budget family browsers,-2.521870537646555,-1.1407269907254902,-0.42194879124165957
2811,1,Budget family browsers,-2.145620938650075,-0.3420826019044418,0.7763635819049948
9150,1,Budget family browsers,-2.145620938650075,-0.3420826019044418,0.7763635819049948
10127,3,Deal-oriented wine shoppers,-0.5276449119247237,0.9229230860469398,0.7376067320042787
5493,1,Budget family browsers,-2.692782954594716,-0.5492939313006739,0.4001593289070789
2666,3,Deal-oriented wine shoppers,2.3260979822725054,0.6724319011325044,0.7757783098307725
10099,2,Affluent omnichannel loyalists,2.4929571700141744,-0.5214408539398153,-2.4820472701367864
10562,2,Affluent omnichannel loyalists,2.5222350189334457,0.016100163110854358,0.3104401433259676
7881,2,Affluent omnichannel loyalists,2.5222350189334457,0.016100163110854358,0.3104401433259676
6721,3,Deal-oriented wine shoppers,2.240002902648371,1.3290749266662447,-0.4240012559559582
5204,2,Affluent omnichannel loyalists,4.024499246818246,-1.4112573807812623,-1.095032603788685
5209,3,Deal-oriented wine shoppers,0.14935234314027654,1.6150110076231283,0.12893690922712941
10128,3,Deal-oriented wine shoppers,1.2214058617727832,2.1870981785554937,0.4678843985689769
9284,3,Deal-oriented wine shoppers,1.2214058617727832,2.1870981785554937,0.4678843985689769
8643,2,Affluent omnichannel loyalists,5.0042923284071,-1.4510869619832898,-2.0936535023539795
1685,2,Affluent omnichannel loyalists,2.5218193528110286,-0.7356195339172488,0.9861540326888255
2877,3,Deal-oriented wine shoppers,-1.0351584441062058,3.7337055123641574,-1.3205729333406373
8369,1,Budget family browsers,-3.047082910096443,-1.4704031109286078,-0.8907129683471203
6233,3,Deal-oriented wine shoppers,1.5520793854578583,1.8285201519200245,0.34716550108176675
195,1,Budget family browsers,-1.751848165317483,0.35167992298817946,-1.579417748335897
1501,2,Affluent omnichannel loyalists,5.626988367340695,1.102534900693072,0.6983295440787859
10846,3,Deal-oriented wine shoppers,-0.36547448292332163,1.768056943045983,-2.1604105633542128
8341,1,Budget family browsers,-2.7266124546880453,-1.0844605333993107,-0.7421677675194096
10766,3,Deal-oriented wine shoppers,0.541398741102919,0.029140595960962332,1.9628418504298597
9971,3,Deal-oriented wine shoppers,0.541398741102919,0.029140595960962332,1.9628418504298597
1740,3,Deal-oriented wine shoppers,0.8984103530739925,-0.09469489036308042,-0.0549260021033165
8737,1,Budget family browsers,-1.4207104676924702,-0.6344247545407445,1.676260254123087
6466,1,Budget family browsers,-1.6622358647713964,0.042750201939597554,0.8350320288214125
10430,3,Deal-oriented wine shoppers,0.9638622955077412,1.0246592503487033,0.43216404375481976
8773,3,Deal-oriented wine shoppers,-0.9365908234016816,1.2724948874940938,0.7357632790517327
2371,1,Budget family browsers,-2.5567114961016255,0.4116687490922085,-0.16382952268202705
7786,1,Budget family browsers,-2.304745070747846,-0.017597113278564468,-1.343551536554508
4088,1,Budget family browsers,-1.9181402079666818,0.4143667499614219,0.444755480836691
4971,1,Budget family browsers,-1.9181402079666818,0.4143667499614219,0.444755480836691
10560,1,Budget family browsers,-2.45360526206221,-1.5672767203230653,-0.13579570131269936
6892,3,Deal-oriented wine shoppers,0.06293726205396442,3.8186984262250894,-0.2409584490098199
11004,1,Budget family browsers,-1.6310606788778708,-0.7425635400186095,1.5866297652265302
1818,1,Budget family browsers,-2.98358372865496,-1.0198838881602577,-0.9245416384219711
9485,1,Budget family browsers,-0.8390929091167033,-1.3295148937525625,0.5765346367563279
6646,1,Budget family browsers,-2.830152362823769,-1.5321080705280936,-0.5868373823814091
4248,2,Affluent omnichannel loyalists,4.591722734550158,-1.6557568219880974,0.6483011946615072
7451,2,Affluent omnichannel loyalists,4.591722734550158,-1.6557568219880974,0.6483011946615072
7861,3,Deal-oriented wine shoppers,1.5817027556685426,1.0185331438990803,1.0395413044074346
5232,3,Deal-oriented wine shoppers,-0.3488561254802877,-0.19787459450684647,1.3041653708933185
3011,3,Deal-oriented wine shoppers,-0.3488561254802877,-0.19787459450684647,1.3041653708933185
5758,3,Deal-oriented wine shoppers,1.7007696750520185,1.3585664176859638,0.7060756815349054
2173,1,Budget family browsers,-2.039228611959462,-0.4955234217013478,1.0538023240787706
10711,2,Affluent omnichannel loyalists,3.06842995490755,-1.4357808885794598,-0.03697795441737527
8268,3,Deal-oriented wine shoppers,-0.6529591166070399,1.3470859295981394,0.8345824378312608
2782,3,Deal-oriented wine shoppers,-0.6133244625476861,1.352112074994106,0.8631570535259253
9432,1,Budget family browsers,-1.9245672761210373,-0.2789472772641453,-0.8509845154318972
5872,3,Deal-oriented wine shoppers,1.4130515449525067,0.643075666046735,0.40623922651346495
11187,1,Budget family browsers,-2.1752208496110055,-0.8796243344055508,-0.9194603828703283
2428,1,Budget family browsers,-2.385724813596215,-0.6449040885044938,-1.1536859527431795
1726,1,Budget family browsers,-2.28342227564152,-1.131018861076901,-0.6438309105682635
1802,3,Deal-oriented wine shoppers,1.2770961393511862,0.7798319339063415,1.2294601047636717
1162,2,Affluent omnichannel loyalists,1.440351344911102,-0.7137925037207861,-1.1362927553659463
10643,2,Affluent omnichannel loyalists,1.440351344911102,-0.7137925037207861,-1.1362927553659463
11112,2,Affluent omnichannel loyalists,3.6602074067113137,1.7413216045114992,-1.3472457793893384
2114,2,Affluent omnichannel loyalists,3.1405729019463657,0.1072638831317203,0.6015577507068323
4261,2,Affluent omnichannel loyalists,3.1405729019463657,0.1072638831317203,0.6015577507068323
2457,1,Budget family browsers,-2.2349318004096057,-0.11526567451741156,0.5480537983639572
2495,2,Affluent omnichannel loyalists,2.9753325052752646,-0.6618771055335497,1.1037216563573158
6983,1,Budget family browsers,-2.6439507298370297,0.03344605872218947,0.0966118353208995
3436,1,Budget family browsers,-3.02280987657325,-1.3926210589604222,-0.7029893617338556
7505,1,Budget family browsers,-2.2278004475483066,-0.7439765472179957,0.7476728747887205
4286,3,Deal-oriented wine shoppers,0.5358832784296387,1.3887480464498718,1.1862094453880332
7224,1,Budget family browsers,-2.9174074247212163,-0.05254811919506249,-0.12516945008409813
6215,1,Budget family browsers,-2.9174074247212163,-0.05254811919506249,-0.12516945008409813
968,1,Budget family browsers,-1.7711955829357693,-0.28907239481110825,-1.0797305814551068
4096,1,Budget family browsers,-1.7711955829357693,-0.28907239481110825,-1.0797305814551068
3153,1,Budget family browsers,-3.400183972263936,-0.3608178051746549,-0.4824423693796081
6504,1,Budget family browsers,-2.251484993084632,-0.8907963087973657,-1.0277761839181208
5329,1,Budget family browsers,-2.6563156335220572,-0.7841169485292971,0.6596267818689076
1175,1,Budget family browsers,0.2604840046497535,-0.9846828640987257,-1.3357235758331338
1377,3,Deal-oriented wine shoppers,-1.136715630812558,0.7806136888887306,0.4578331446174985
4607,2,Affluent omnichannel loyalists,1.6765699818679978,-1.1942036260881812,0.48739295065989624
4944,2,Affluent omnichannel loyalists,1.6765699818679978,-1.1942036260881812,0.48739295065989624
9483,3,Deal-oriented wine shoppers,1.1870589013745767,1.5308731463992216,0.08215740347063143
1378,3,Deal-oriented wine shoppers,0.8384531782505844,2.2788058380254372,-0.9906407884856631
5991,3,Deal-oriented wine shoppers,-1.188163281212194,1.1025245769528949,0.3606321015661775
2807,3,Deal-oriented wine shoppers,1.8020712540535286,1.63907146724335,-0.11599542502864611
1052,3,Deal-oriented wine shoppers,1.8020712540535286,1.63907146724335,-0.11599542502864611
9760,3,Deal-oriented wine shoppers,1.3475791405330064,4.076148843697677,-0.5904690075879907
7101,3,Deal-oriented wine shoppers,1.3475791405330064,4.076148843697677,-0.5904690075879907
9909,1,Budget family browsers,-2.0693907375286877,-0.2585387203037626,-1.445295269972636
5907,1,Budget family browsers,-3.018710676334609,-0.35068949442620057,0.07593143080919157
793,1,Budget family browsers,-2.9950730195684745,-1.0005881169339228,-1.0214547910859142
8832,1,Budget family browsers,-2.175575064286641,-0.7471271803284059,-0.8128604479355865
2535,2,Affluent omnichannel loyalists,1.3412796196518386,-0.18109914817684897,-1.4284018615890004
1523,1,Budget family browsers,-1.9283574645813906,-0.04967850014599177,0.6578646104272396
1839,1,Budget family browsers,-1.5348884284706636,-0.9329407182729521,0.015833265586431597
9972,1,Budget family browsers,-2.5814672352144727,-0.3465874950360675,0.40126094568079435
2945,1,Budget family browsers,-2.5814672352144727,-0.3465874950360675,0.40126094568079435
9291,1,Budget family browsers,-2.168422485815604,-0.7622847165277902,1.2721960258530516
2829,3,Deal-oriented wine shoppers,0.4976634378286129,1.7945227329248226,1.073781530341175
8594,1,Budget family browsers,-1.5388021040847608,0.23591830285358076,0.9722373240938679
1592,2,Affluent omnichannel loyalists,4.294275002136113,-2.487157777114851,-0.2296558175502211
4310,2,Affluent omnichannel loyalists,4.306725951378345,-2.023459162359863,-0.5900890948776875
6950,1,Budget family browsers,-2.4641569908214898,0.07521961440041512,0.25483592580116327
8492,2,Affluent omnichannel loyalists,2.559214696104116,-0.05179924895868414,0.08765536248945463
5684,1,Budget family browsers,-2.539071250210948,0.09289136624633669,0.20962109778221488
5909,3,Deal-oriented wine shoppers,0.660175815901085,2.429522614656156,-0.08089569992260448
9855,3,Deal-oriented wine shoppers,1.4564924212298278,1.2708720170138845,2.0572015214999846
975,1,Budget family browsers,-1.490825144593593,1.4433244111696353,-0.28034375095424746
8754,1,Budget family browsers,-2.227319632803071,-0.4037087394628838,1.010675950462217
1456,2,Affluent omnichannel loyalists,3.833629532868248,2.6232296447990455,-3.4928381322794366
2849,2,Affluent omnichannel loyalists,3.833629532868248,2.6232296447990455,-3.4928381322794366
9984,3,Deal-oriented wine shoppers,0.13038237522331683,2.583244482508319,-1.7079945664819502
5527,1,Budget family browsers,-2.708374200164785,-0.8505651733628766,-1.20379085384038
5628,2,Affluent omnichannel loyalists,4.143541422717085,-0.12528476519564552,-2.312485861130776
7627,2,Affluent omnichannel loyalists,5.922409975082147,-2.3778700279719973,-1.0516219265665576
1351,3,Deal-oriented wine shoppers,1.8964325584740493,2.364239492292302,0.999537795993063
10629,1,Budget family browsers,-2.1633965387188545,-0.334606805167339,-1.0214443317705284
10395,1,Budget family browsers,-2.461574672749617,-0.4332889944236752,-1.902218245952615
6961,1,Budget family browsers,-3.5139158185870065,-1.3505523952347143,-1.3793037298274682
10196,2,Affluent omnichannel loyalists,0.831347914695089,-0.4392886006487809,-2.0140090742276464
6182,1,Budget family browsers,-2.445320092811158,-1.011074642843767,-0.6673723467773037
10432,1,Budget family browsers,-3.0046651997700633,-1.2859868137990553,-0.8229799210903194
1542,3,Deal-oriented wine shoppers,-1.1389570577367976,2.770528279299563,0.9392130246723109
4220,1,Budget family browsers,-1.2133881909960034,-0.5960095770151802,1.8174131624562346
4141,2,Affluent omnichannel loyalists,1.9329839066093615,-0.2586686914488803,-0.2263489465745847
1940,1,Budget family browsers,-3.0042035955331694,-1.3184310251920188,-0.8003771747659781
1506,1,Budget family browsers,-2.0178700406171184,0.5773282180265955,-0.180295839316975
6347,1,Budget family browsers,-2.9622513619175805,-1.2976864073501189,-0.9781161827882564
1361,2,Affluent omnichannel loyalists,2.918918866468585,-0.9862295948858435,0.5748488404945504
9422,1,Budget family browsers,-1.5828233740618252,-1.3699611131961824,-0.23857479200081783
1081,3,Deal-oriented wine shoppers,0.16127721425678357,4.512597811564041,-0.00748505555561677
7458,1,Budget family browsers,-2.566111901021679,0.3570225985095951,-0.2884725648251543
1012,3,Deal-oriented wine shoppers,1.1943309043991082,2.62109066192574,-0.44985949204341696
5453,2,Affluent omnichannel loyalists,6.5708602430513166,-1.4568571288401664,-1.5285011589517297
6818,3,Deal-oriented wine shoppers,-0.5155199820673113,1.5823543569021412,-0.42146886478920736
7807,3,Deal-oriented wine shoppers,-0.5155199820673113,1.5823543569021412,-0.42146886478920736
7532,1,Budget family browsers,-1.8908172043309266,0.7849834929060278,0.43635301104904206
8346,1,Budget family browsers,-1.6801218503870394,0.011328996909018674,-1.8707249931475993
5564,2,Affluent omnichannel loyalists,2.8497731902927255,0.39331570019654716,-0.550643710735265
3267,3,Deal-oriented wine shoppers,-0.02295741165322952,1.9827631050254881,0.708875660556506
3091,2,Affluent omnichannel loyalists,2.112681682896501,-0.8155189696794358,-1.413751867378375
762,2,Affluent omnichannel loyalists,2.112681682896501,-0.8155189696794358,-1.413751867378375
8029,2,Affluent omnichannel loyalists,2.3573044763768083,-0.9615582993790766,1.7430124768951958
4376,1,Budget family browsers,-1.674942373473656,-1.192305034903918,-0.27015058531475145
10981,2,Affluent omnichannel loyalists,3.76561842097825,-1.8368724615325314,-0.384067398572243
486,2,Affluent omnichannel loyalists,3.76561842097825,-1.8368724615325314,-0.384067398572243
1158,1,Budget family browsers,-1.617330002648951,0.12645455892292568,0.9127340129596696
9119,3,Deal-oriented wine shoppers,0.35816819634709124,-0.03484610844126559,1.354820888265678
6694,3,Deal-oriented wine shoppers,2.7123626045759166,1.083875200719505,0.5014177112354498
10573,2,Affluent omnichannel loyalists,1.2579653892598124,-1.196380391220958,-0.07635087262960856
10140,2,Affluent omnichannel loyalists,1.8136934505512108,-0.5033606506047036,1.5111264210954534
2286,1,Budget family browsers,-2.075328421395609,0.056429472882023705,0.3127551743544566
8420,1,Budget family browsers,-1.921914224227965,-1.1080594732344158,-0.12283621749508135
10065,1,Budget family browsers,-1.921914224227965,-1.1080594732344158,-0.12283621749508135
1029,3,Deal-oriented wine shoppers,-0.5933224820573951,0.299204511479068,1.301713834941932
4207,2,Affluent omnichannel loyalists,3.227561584456899,-0.21487201906329828,0.883685265375462
10277,1,Budget family browsers,-2.3509885015028202,-0.35672374922347877,0.8904691702776067
4436,1,Budget family browsers,-1.5391575210837125,-1.292158418255487,-0.5688639779741818
2929,1,Budget family browsers,-1.5391575210837125,-1.292158418255487,-0.5688639779741818
6281,3,Deal-oriented wine shoppers,0.7389854813708927,0.6713190999713161,0.9288304202919203
10390,1,Budget family browsers,-2.2154127273968527,-0.5289692975239257,0.8881836729832133
2574,3,Deal-oriented wine shoppers,0.9092252303152285,1.6958190255595655,1.3988537986771294
709,3,Deal-oriented wine shoppers,0.362019833966126,1.5572187039000465,0.5488147338991363
5955,2,Affluent omnichannel loyalists,4.340564447176054,-0.8675740099575254,-1.6864727465398934
8486,1,Budget family browsers,-2.0015647112610733,1.3083565261055894,-1.8475946385673756
10343,2,Affluent omnichannel loyalists,2.8654375518782653,-0.4569046179188711,-0.8199405291654763
6652,2,Affluent omnichannel loyalists,3.3779051959450372,-2.1597872034548162,-0.3596371567502115
8746,3,Deal-oriented wine shoppers,0.9088806216968455,-0.09508798628365238,0.04557231072534653
4686,2,Affluent omnichannel loyalists,4.090756837847763,-0.7449854293940388,0.44262801071636587
3551,1,Budget family browsers,-0.5023922795466378,-0.2667635284678492,1.4469500080672557
4338,1,Budget family browsers,-2.2501490514411744,-1.6436917695209357,0.03047692946162228
4444,1,Budget family browsers,-2.631437678749382,-1.0675091018429113,-0.8696903219848712
498,1,Budget family browsers,-2.4174841300286882,-1.2322602468533184,-0.3250901661436888
8230,1,Budget family browsers,-2.5111575235268146,-1.2246631360303424,-0.5874642053162057
2826,1,Budget family browsers,-3.407834783256884,-0.006704257880044596,-0.6787931603388335
6222,1,Budget family browsers,-3.407834783256884,-0.006704257880044596,-0.6787931603388335
7352,3,Deal-oriented wine shoppers,0.16109371085260576,0.5633758195402062,0.8112842913894464
10928,3,Deal-oriented wine shoppers,0.8048223932337041,1.2897134462399098,0.11046890168886009
10736,2,Affluent omnichannel loyalists,4.212862004598284,-0.1022504476864152,-0.6757656515998695
10163,2,Affluent omnichannel loyalists,2.5917218746526944,-0.3468226266974135,0.0874919757587186
6168,1,Budget family browsers,-2.2368682376464717,-0.4352786572819953,0.6588651213383611
4656,3,Deal-oriented wine shoppers,0.009065129156069005,1.4693616027196046,-2.24257679535467
626,1,Budget family browsers,-2.4417545789342645,-0.7467660666610149,0.7007321504685681
3870,2,Affluent omnichannel loyalists,2.987783037649375,-0.38727678351903805,-0.8672385361959817
6299,3,Deal-oriented wine shoppers,1.1501827162953964,2.3286125944312857,-1.5076182614090403
7798,3,Deal-oriented wine shoppers,-0.4407965373963128,1.7981430086246708,-0.3588517182377759
9973,3,Deal-oriented wine shoppers,-0.5428945165132004,2.5174341697780025,1.3729363716132477
4299,3,Deal-oriented wine shoppers,3.552287741402565,2.8983999005695327,-0.9920686256713367
10971,1,Budget family browsers,-1.5820730543812713,1.1486360751680025,-3.141435358304361
9931,1,Budget family browsers,-5.328242101480931,4.664355239001212,-3.877591403024849
6679,1,Budget family browsers,-1.8698818756578868,-1.9402730291592576,0.8693596495875489
5961,1,Budget family browsers,-2.1993925759159674,-1.5592809690540412,-0.18103778816100666
6255,3,Deal-oriented wine shoppers,0.502525324676434,-0.3642608966324504,1.3408957898212734
8614,3,Deal-oriented wine shoppers,1.059895863656952,-0.18669540555013764,1.395768197681342
7828,2,Affluent omnichannel loyalists,2.546885200813544,-2.5279137272458505,-0.543184675200345
1277,2,Affluent omnichannel loyalists,2.8813871781483837,0.011673101052983317,0.08610138379691207
3595,2,Affluent omnichannel loyalists,3.3851731132284892,0.5723015786987256,0.6691291037993027
5735,2,Affluent omnichannel loyalists,5.664357580096491,-1.635136364968853,-0.5356333556994793
5350,2,Affluent omnichannel loyalists,5.664357580096491,-1.635136364968853,-0.5356333556994793
4137,2,Affluent omnichannel loyalists,2.444474896651379,-1.18159849580767,-0.9030402290774916
6357,3,Deal-oriented wine shoppers,0.6012577677391702,0.9764539296282514,0.01290258194653901
9316,1,Budget family browsers,-2.352779632620243,-1.4780238196382192,0.024889462966474953
3578,1,Budget family browsers,-0.8831139202403593,0.26251567651712354,0.7468458939268771
153,1,Budget family browsers,-1.9583203740243154,-1.670640604665998,0.4446576674871872
10524,3,Deal-oriented wine shoppers,1.9472102198502828,0.7240829838200165,-0.06554299499831022
1518,3,Deal-oriented wine shoppers,0.6145606730951125,2.3971651236218734,-1.3648791824908268
2036,3,Deal-oriented wine shoppers,-0.16166784432085834,0.7325888651609478,1.264941023246467
9495,2,Affluent omnichannel loyalists,3.4965832108933137,-2.3831784587099656,-0.5073816836555277
2631,2,Affluent omnichannel loyalists,3.4965832108933137,-2.3831784587099656,-0.5073816836555277
6312,3,Deal-oriented wine shoppers,2.5304935301949674,2.1674542381086686,-1.1625129048878722
615,1,Budget family browsers,-0.5356792004298142,-0.5959131099646545,-1.2072139571468707
4406,3,Deal-oriented wine shoppers,2.7811296221092263,1.6936755626977222,-0.41483791820643484
10061,3,Deal-oriented wine shoppers,1.6198269447963194,2.5725560558930796,-0.07843704047622897
10619,2,Affluent omnichannel loyalists,4.1374455735087645,-1.2439423011071198,-0.26555347237089527
4945,3,Deal-oriented wine shoppers,1.9733171611301983,1.3640656314569566,-0.3199161720743034
1777,1,Budget family browsers,-2.057670681284958,-1.169647683945566,-0.408380860230169
4023,1,Budget family browsers,-2.2804769346484415,-0.5076550692053036,-1.576321644268279
7922,3,Deal-oriented wine shoppers,0.9632738542584536,2.5283148322633533,0.7421101041498367
10699,1,Budget family browsers,-2.4282373140142965,-0.6149640923561613,-0.7116644743890566
7516,1,Budget family browsers,-2.437475021461259,-1.3507351225108803,-0.522578997076457
3129,1,Budget family browsers,-2.437475021461259,-1.3507351225108803,-0.522578997076457
5121,3,Deal-oriented wine shoppers,1.0341270697493778,1.4468427813974598,0.20615197613800276
2186,2,Affluent omnichannel loyalists,5.920704129677279,-1.313873308845436,-1.5971062906279123
10548,2,Affluent omnichannel loyalists,3.4421855868336104,-1.5983652309101897,0.14911509840762896
6384,3,Deal-oriented wine shoppers,1.8152870529038367,2.5020262159707096,-0.22710439431487592
2625,3,Deal-oriented wine shoppers,-0.03264554799219615,-0.01213725170495034,0.7806319345550269
1676,3,Deal-oriented wine shoppers,-1.1124998316465606,0.9788235657922953,0.8966147921944699
5534,1,Budget family browsers,-1.2812589309409999,0.5088544051364768,0.5122724203637188
6859,1,Budget family browsers,-2.5429017171364103,-0.4223271838170139,-1.2862313489083668
271,1,Budget family browsers,-1.6438515848637774,1.1118993582294947,-0.32812800249121915
7699,1,Budget family browsers,-1.6438515848637774,1.1118993582294947,-0.32812800249121915
7832,2,Affluent omnichannel loyalists,2.9629573153324156,0.8735942112420155,0.8662817382342893
938,1,Budget family browsers,-2.5819123555921366,0.19373151739557432,-0.11839251630770609
7873,3,Deal-oriented wine shoppers,-0.9475788120568589,0.931156407451286,0.27481929602152455
9967,3,Deal-oriented wine shoppers,-1.049816747101101,2.812224712782078,-1.257245461339205
1087,1,Budget family browsers,-2.2108962239395593,-0.2192578493768756,-2.023546828821009
8314,2,Affluent omnichannel loyalists,4.79753318961869,-1.5961938371271516,-1.2803289975473868
3762,2,Affluent omnichannel loyalists,2.3634966334611542,-1.7128464121144136,0.37486253271979836
10383,2,Affluent omnichannel loyalists,3.130997236047187,-1.31769707251148,-0.505090224619723
6798,3,Deal-oriented wine shoppers,-1.3674137834166136,2.954129760036488,-1.1510055257965763
4168,3,Deal-oriented wine shoppers,-1.3674137834166136,2.954129760036488,-1.1510055257965763
6690,1,Budget family browsers,-2.3630408308028557,0.8247609433800899,-0.3179367392147127
10602,1,Budget family browsers,-2.0701557128673933,-0.5687307160548193,-1.111146748923307
3220,1,Budget family browsers,-2.0701557128673933,-0.5687307160548193,-1.111146748923307
5424,1,Budget family browsers,-2.0701557128673933,-0.5687307160548193,-1.111146748923307
7488,3,Deal-oriented wine shoppers,1.975288115529347,0.7185995494507686,0.6791726241408431
5289,1,Budget family browsers,-2.106246958644121,-0.48010990932772035,0.40977378575652523
347,3,Deal-oriented wine shoppers,-1.022216411688146,1.8506682271647412,-0.34702344419919806
5236,2,Affluent omnichannel loyalists,4.792552007951396,1.1327488516829902,-1.3877817820180838
9478,1,Budget family browsers,0.34118358277155403,-1.03493561526686,-0.6980380347243543
477,2,Affluent omnichannel loyalists,4.445097688318983,-0.9833473663743324,0.6288145404419823
7411,1,Budget family browsers,-2.7695604727013547,-0.23071790771526982,0.31636276294032945
3107,3,Deal-oriented wine shoppers,0.38680309311275723,-0.2215984627561327,1.5223751839529207
7437,1,Budget family browsers,-2.250264486284186,-1.7528879798675285,0.13122627718581523
255,1,Budget family browsers,-2.9142322104138576,-0.24157102824182144,0.2050598295795104
3790,1,Budget family browsers,-3.2777382897326586,-0.6114338412607987,-0.19151583193950752
749,1,Budget family browsers,-1.9280908110511308,-0.8141877903825686,-0.6235555941369648
1503,1,Budget family browsers,-0.24102443725319594,-1.3678062815249086,2.852970946369277
8650,1,Budget family browsers,-2.016464584426442,-0.7323565711565724,0.8559055085624351
607,3,Deal-oriented wine shoppers,-0.4740804140880862,2.5382445811300394,-0.48703430196635794
1008,3,Deal-oriented wine shoppers,1.3930345514133717,0.7344782877769164,-0.13582317766882127
9396,1,Budget family browsers,-2.924734882481563,-1.1715402040679816,-0.7376854551724977
933,1,Budget family browsers,-2.924734882481563,-1.1715402040679816,-0.7376854551724977
5710,1,Budget family browsers,-1.6336899571291044,-0.019971747117591566,1.2205264129526334
2882,3,Deal-oriented wine shoppers,0.6318479954826015,1.0060493896579372,0.6007582655344929
2379,2,Affluent omnichannel loyalists,2.455161465458039,-0.4565222870500166,-1.3596079865876212
5342,1,Budget family browsers,-3.121692989558163,-1.0120689269137138,-1.1185446754241335
3262,2,Affluent omnichannel loyalists,3.5435088716312952,-0.7491334129176233,0.11249558926843296
5832,2,Affluent omnichannel loyalists,4.62432797790574,-2.2424855235480368,-0.050343280133301534
5025,1,Budget family browsers,-1.2122896853425162,-1.7403586581653214,-0.14850861648158065
569,2,Affluent omnichannel loyalists,4.953561629417627,-1.511683502116114,-0.8625646985065535
3102,1,Budget family browsers,-2.961309094622092,-1.2804059581631209,-0.8144801525204765
9449,3,Deal-oriented wine shoppers,1.0519804498192202,0.4330253377375524,1.918677844383212
8104,1,Budget family browsers,-0.9834953589672012,-0.3405076645479654,0.27911323457659337
75,3,Deal-oriented wine shoppers,0.48359908567420606,-0.5505805524102851,-1.8175375426152207
6421,2,Affluent omnichannel loyalists,5.722906952156452,-1.437810248428535,-1.0011164968380675
3037,3,Deal-oriented wine shoppers,0.501454674838546,-0.7443218076228211,-0.5594054589585068
4698,3,Deal-oriented wine shoppers,0.501454674838546,-0.7443218076228211,-0.5594054589585068
948,1,Budget family browsers,-2.6454828380151794,-1.1043694837364517,-0.8221615751640717
6177,1,Budget family browsers,-2.213684553929505,-0.3912451618132925,-1.0315374333684666
3517,1,Budget family browsers,-2.2780587100282523,0.7938666247682101,-0.6445190331523977
3491,2,Affluent omnichannel loyalists,3.4960106577951886,2.3663123938429824,-2.4677785950584106
7610,1,Budget family browsers,-1.119214437752464,1.060350302940333,-1.7285874709113906
4377,3,Deal-oriented wine shoppers,0.3413424228102582,1.5197471858385316,-0.7574038612635721
9850,1,Budget family browsers,-2.8973858569860416,-1.5339329038636407,-0.4921813354501588
5544,2,Affluent omnichannel loyalists,3.0112821772458704,0.9727979876989997,-0.3444364317344054
6497,3,Deal-oriented wine shoppers,-0.589266488522466,1.8975938693499799,-0.15177525107576256
4543,2,Affluent omnichannel loyalists,4.899106531324235,-1.2734390828666067,-1.6406273775006024
5117,2,Affluent omnichannel loyalists,1.5768547921922111,-1.243405770964067,-1.8814451793485774
1448,1,Budget family browsers,-2.3380729620500107,0.9551543027313288,1.1027327867112227
6887,3,Deal-oriented wine shoppers,0.21900897319384355,1.0950388136659182,0.12389044863636259
7500,3,Deal-oriented wine shoppers,0.21900897319384355,1.0950388136659182,0.12389044863636259
2724,1,Budget family browsers,-2.2938276514824185,-1.9904307279427071,0.26591983608069225
2256,1,Budget family browsers,-2.8387618782354975,-0.2351850027696051,0.28462438561827375
1100,1,Budget family browsers,-2.272130863247288,1.5136129576688255,0.8546334982432459
7725,2,Affluent omnichannel loyalists,1.8749383893046028,-1.347124643817385,0.41853597836002443
2612,2,Affluent omnichannel loyalists,4.189576749674005,-0.6933737398281553,-0.3883407823436115
113,1,Budget family browsers,-2.6263787687127835,-0.344162729778072,0.42371655087111604
2868,1,Budget family browsers,-2.9278066905951463,0.40997908870321786,-0.27490909966530225
4216,2,Affluent omnichannel loyalists,5.235389969648409,-0.6804834146268806,-1.484899448840939
199,1,Budget family browsers,-0.8695051269237908,-0.5247360582931312,0.23286646573718411
359,3,Deal-oriented wine shoppers,-0.3875411570624196,1.641132039496926,0.434572819870705
8842,1,Budget family browsers,-2.7487250681725124,0.31651591846316324,-0.12243492182207248
2154,1,Budget family browsers,-2.7487250681725124,0.31651591846316324,-0.12243492182207248
6050,3,Deal-oriented wine shoppers,1.4543732372901603,2.6576435854571843,0.278425717180471
9204,2,Affluent omnichannel loyalists,2.7853624837720012,0.4068277138151925,-1.320461579816352
4472,1,Budget family browsers,-1.9027704149612203,-1.8766397585765549,0.2830332256445793
6864,1,Budget family browsers,-2.1744741889422827,-1.0145276475980314,-0.016759475867950444
10617,1,Budget family browsers,-2.1744741889422827,-1.0145276475980314,-0.016759475867950444
3924,3,Deal-oriented wine shoppers,0.8538756384364051,2.7670590248138156,1.0518683545756373
5654,1,Budget family browsers,-2.941482545534923,-0.0874004035028705,-0.4859255145043868
9216,1,Budget family browsers,-2.554936426391068,-0.07414468488215543,0.2818067766562752
8086,1,Budget family browsers,-2.5835251580809024,0.09256378215266324,0.24715905595905902
9097,3,Deal-oriented wine shoppers,-0.5790510289271128,1.0121220624810032,0.9246818934679489
7631,2,Affluent omnichannel loyalists,1.9989293384466555,-0.35770126805821933,-0.723173915506723
7275,1,Budget family browsers,-2.2844025363898,0.31766039160744963,0.11495245323513692
8334,1,Budget family browsers,-2.2844025363898,0.31766039160744963,0.11495245323513692
1987,1,Budget family browsers,-2.5111757761576663,-1.0960141403827433,-0.8448634792635443
2281,1,Budget family browsers,-2.7341436126578698,-1.399812114793061,-0.5059763943826201
7034,1,Budget family browsers,-2.695253580200681,-0.8429177826705926,-1.0378489489009186
2797,3,Deal-oriented wine shoppers,2.4529618659963397,1.195149953309976,0.6834887995710937
3934,3,Deal-oriented wine shoppers,0.4842678825569766,1.3716777586139097,0.5963997077422944
2493,3,Deal-oriented wine shoppers,0.4842678825569766,1.3716777586139097,0.5963997077422944
3759,3,Deal-oriented wine shoppers,2.1474264667952934,2.9379647192520304,1.1628820831081859
965,3,Deal-oriented wine shoppers,0.839175178796775,1.2885815848805462,-0.3292238494196155
7378,3,Deal-oriented wine shoppers,-1.068377307765509,1.806625028772708,-1.6753030728370881
1859,2,Affluent omnichannel loyalists,3.433309895051839,-1.0715982987806034,-0.4976026699504396
6263,1,Budget family browsers,-2.5869986458750733,1.4060204648491312,0.4015934266251496
2072,3,Deal-oriented wine shoppers,-0.06310978932618126,2.6711526863838624,0.21279034497376895
8908,2,Affluent omnichannel loyalists,3.1591083700886595,-1.9923997336491301,0.7198338071178341
738,1,Budget family browsers,-1.8616253849236137,0.7874600170833952,-0.4780263553691178
10129,2,Affluent omnichannel loyalists,4.6900733989198224,-1.6804473505666577,-0.803252644964611
807,1,Budget family browsers,-1.8700271442380347,2.1512018132944464,-0.7662262337504352
3334,2,Affluent omnichannel loyalists,6.172001276750071,-1.7191173087166847,-0.9935076203735355
5423,1,Budget family browsers,-2.88435959438417,-1.4251509517735415,-0.4807911493177889
4426,3,Deal-oriented wine shoppers,-0.7381841325168352,2.623156166099281,-0.8072315097581017
10489,2,Affluent omnichannel loyalists,3.7572628968057553,-0.6975387627184687,0.935972613065979
2570,3,Deal-oriented wine shoppers,0.36997540626079595,2.753209043036825,0.2662879646685195
3834,2,Affluent omnichannel loyalists,2.945919836271255,0.5074365967151149,-1.0494941523778905
590,2,Affluent omnichannel loyalists,4.008300285740295,-1.4223119892465679,-1.0559973027305676
4791,1,Budget family browsers,-2.700107662025756,-0.2737912786066694,0.3217595643444921
5304,1,Budget family browsers,-2.672168396488716,-1.168551221118638,-0.38132443084716283
2426,2,Affluent omnichannel loyalists,3.6192415684589823,-0.8665866594295094,0.05327783138212736
35,1,Budget family browsers,-1.8471763736024862,-0.5845603914638133,-1.2734953343318085
8041,3,Deal-oriented wine shoppers,1.390534013624154,1.696609126799956,-1.5942529731055033
3584,3,Deal-oriented wine shoppers,1.2568753951437721,0.5034153613878406,0.03919426777237183
7718,2,Affluent omnichannel loyalists,1.141430493469078,-2.0945978176421924,0.5789730511927459
8605,1,Budget family browsers,-2.3787634383030793,-0.01720302485765814,0.46225765808895186
1646,1,Budget family browsers,-2.1695806317353257,-1.5719758437426665,-0.15461302738587096
9206,2,Affluent omnichannel loyalists,3.9278869198431035,0.3828383771382674,0.2235838022444239
10757,1,Budget family browsers,-2.7780251769644595,-1.5504501298467706,-0.3174669452417979
6885,1,Budget family browsers,-2.6004393536903416,-1.1934388267372131,-0.43318846462976024
907,3,Deal-oriented wine shoppers,-0.7292646082857397,1.5982548458688381,0.6795577742335714
1150,2,Affluent omnichannel loyalists,4.6862267421767445,-1.4356531619967783,-1.3527016458595775
3867,2,Affluent omnichannel loyalists,3.1353544280911576,0.8731965618984053,0.17985398410909148
3859,2,Affluent omnichannel loyalists,3.1353544280911576,0.8731965618984053,0.17985398410909148
3265,1,Budget family browsers,-1.9918364610123973,-1.4402125621818387,0.38036408923965864
4418,2,Affluent omnichannel loyalists,4.5155440737958195,-0.9890381423368078,-0.009984732674551395
4611,2,Affluent omnichannel loyalists,6.287999242834596,-0.015355211835500763,-1.4903390527119103
4530,2,Affluent omnichannel loyalists,4.0359695250611995,-0.2750336178312028,-0.39444811603921376
7736,1,Budget family browsers,-2.414623076338949,-1.1704961138150487,-0.6231488139612857
9949,3,Deal-oriented wine shoppers,0.10659844587586158,2.0105001891538072,1.0326985382712484
942,1,Budget family browsers,-1.653012721815619,0.41217071404310385,-1.6484743701200675
6181,2,Affluent omnichannel loyalists,2.3145751579160545,-0.026717445712073688,-0.5248197252750353
7660,1,Budget family browsers,-2.445979921871579,-0.3525485358155487,0.40927610305347123
2055,1,Budget family browsers,-2.445979921871579,-0.3525485358155487,0.40927610305347123
5107,1,Budget family browsers,-2.445979921871579,-0.3525485358155487,0.40927610305347123
1626,1,Budget family browsers,-2.445979921871579,-0.3525485358155487,0.40927610305347123
6428,2,Affluent omnichannel loyalists,2.527180819651336,-1.8608171555460393,1.2614454478720623
9617,1,Budget family browsers,-2.029354638135808,-1.83933170435981,0.6054370079320487
4339,3,Deal-oriented wine shoppers,1.6182154599984087,1.8329519293905547,1.6361277743998577
7235,1,Budget family browsers,-2.516849540711333,-0.8485103181998174,-0.6942801760173528
8527,3,Deal-oriented wine shoppers,-0.9358929613635817,1.8157148324454682,-0.1285064381928646
1968,1,Budget family browsers,-2.543339651087433,-1.3971391649383789,-0.3366684310568882
9862,1,Budget family browsers,-2.6134583224463888,-1.0989241540879275,-0.6796704778214712
11075,1,Budget family browsers,-1.2630447918170489,0.6777404703921623,0.5408442642561203
6658,3,Deal-oriented wine shoppers,2.1742490113225155,3.886837735603058,-0.9598151540049241
4552,1,Budget family browsers,0.34649730392633676,-1.2024165175323431,-0.26030123130477706
10377,3,Deal-oriented wine shoppers,-0.45820686637138136,1.1899813092418252,0.1311902190252389
5336,1,Budget family browsers,-0.173566520346004,-2.1720362657738543,2.018743051804902
10350,1,Budget family browsers,-2.6410267414945476,-0.7255281225057443,0.44570174414556796
11071,2,Affluent omnichannel loyalists,4.82660978950956,-1.9000577131362764,-1.2682144250718241
11100,1,Budget family browsers,-2.4127321612265096,0.09392429483002195,0.3806332254047056
6516,1,Budget family browsers,-3.003287092317213,-1.4564018283688225,-0.6590110173313617
1734,1,Budget family browsers,-2.927903509419782,0.8440520096090529,-0.7290259850707089
2131,3,Deal-oriented wine shoppers,1.5142413693206378,2.178023837297684,0.2488686450003751
6439,3,Deal-oriented wine shoppers,1.5015219006796916,4.039649309641492,-0.6120288927963188
10591,1,Budget family browsers,-1.2745238094921134,0.4050593037362386,0.5472157563080479
9797,3,Deal-oriented wine shoppers,0.36252702333977804,0.12352838873640745,1.5686581568076718
9336,3,Deal-oriented wine shoppers,0.4034308404496936,1.4866884998227512,1.4550583421315644
2174,1,Budget family browsers,-2.357611224024798,-0.3679203856598188,0.628459479734489
3197,2,Affluent omnichannel loyalists,2.0944990557101266,0.4327326646717028,0.09374138059174594
9185,2,Affluent omnichannel loyalists,1.3509948104772378,-0.7048417953678257,0.7418223506156021
905,1,Budget family browsers,-2.5191442619711903,0.04904314580279665,-1.5927502504249214
10858,3,Deal-oriented wine shoppers,1.8820870492027741,1.3765122875378084,-1.1264156582078995
8925,2,Affluent omnichannel loyalists,3.18457768887394,1.2982406250434706,-0.9168431091935216
2499,2,Affluent omnichannel loyalists,1.8763536464562482,-0.06869564662707471,0.3324929459628243
1109,1,Budget family browsers,-2.917956526887715,-1.4224510290290473,-0.4404882015062253
326,1,Budget family browsers,-1.354754237612315,1.2722437715186607,0.0743653299614889
10967,1,Budget family browsers,-2.4896617049811884,0.36882576527439814,-0.074711104995671
5370,1,Budget family browsers,-1.5046637112951486,0.8365556617827656,-1.282884682252227
2098,1,Budget family browsers,-3.4211165003428303,-1.3214898083129,-1.1646813770516018
1773,1,Budget family browsers,-2.4953436058498397,-1.0153490505682568,-0.5186249541494901
5036,1,Budget family browsers,-0.921654466228372,-0.2834244906649,-0.8770967434607441
4856,2,Affluent omnichannel loyalists,5.217437561246015,-1.2560770217483337,-1.10098284796196
8722,2,Affluent omnichannel loyalists,5.217437561246015,-1.2560770217483337,-1.10098284796196
2156,1,Budget family browsers,-2.6539885373698793,0.4476644303651872,0.10207247575692907
2569,1,Budget family browsers,-2.4324525670200803,-1.2948051681031385,-0.2008654438180404
10151,2,Affluent omnichannel loyalists,2.7801432367869876,1.0130480929664407,0.7464436940499244
10473,3,Deal-oriented wine shoppers,0.7472478969566816,0.7698332280777583,1.0437787969888497
7079,3,Deal-oriented wine shoppers,2.0959184098728416,3.0766142250231163,0.3672341052838373
6875,3,Deal-oriented wine shoppers,-0.049921190082587365,0.04303861355571507,-1.2270513921859123
6728,1,Budget family browsers,-2.9449425238099347,-0.8453815849278491,-0.9135080156312801
2471,2,Affluent omnichannel loyalists,0.6735643609749605,-1.5969303722114652,0.23146729145810677
49,1,Budget family browsers,-2.834299451553401,-1.4323446266032342,-0.5944198079296269
4973,1,Budget family browsers,-2.834299451553401,-1.4323446266032342,-0.5944198079296269
6387,1,Budget family browsers,-2.0484787111775287,0.20489243629672085,0.5013964021002526
5866,1,Budget family browsers,-1.66272420953992,-0.156119410421341,-0.8672448131952541
8523,1,Budget family browsers,-2.749174221492184,-0.2451449147936993,-1.2048565447582307
7901,1,Budget family browsers,-2.0330464472429393,-0.8738907454869295,1.5180843612055683
898,1,Budget family browsers,-2.4040885981011035,-0.3071307313898145,-1.3002500850672951
10242,1,Budget family browsers,-2.156883688926185,-0.0581221332530402,0.6694025988939329
5835,1,Budget family browsers,-2.8950874582591033,-0.47557210143691275,-1.0952326451404564
6919,1,Budget family browsers,-2.346947967672715,-0.7784695886786085,-0.852074359872991
6197,1,Budget family browsers,-2.9842930470957656,0.7146725687151552,-0.3782220573621724
10475,3,Deal-oriented wine shoppers,-0.49176321151552516,0.3559912676000157,1.053149304141312
4201,3,Deal-oriented wine shoppers,-0.052227030652742944,1.660592280455964,0.5474545239453418
5092,3,Deal-oriented wine shoppers,-0.7046470931901393,2.0878854327677123,0.3877372951174753
6566,3,Deal-oriented wine shoppers,1.0674811452063828,3.3442419150578364,-1.1505214781678377
6613,3,Deal-oriented wine shoppers,-0.25322676804316224,1.738049813578197,-1.5205831020728486
9094,3,Deal-oriented wine shoppers,0.5392989692717665,1.398235959999239,-0.10530920710230253
9847,3,Deal-oriented wine shoppers,0.5392989692717665,1.398235959999239,-0.10530920710230253
10767,2,Affluent omnichannel loyalists,2.689767717306859,-1.0066194144434601,1.5361744386439014
7943,1,Budget family browsers,-1.9600701355951569,-1.908387484738707,0.4304595358536701
1055,1,Budget family browsers,-2.1272062841703105,-0.6912910808891447,1.0543450804133152
1458,1,Budget family browsers,-2.607231800637269,-0.6122551453435795,-0.813910597204658
8402,3,Deal-oriented wine shoppers,1.9672964852539072,0.5609152526090708,0.3291600914401342
6246,2,Affluent omnichannel loyalists,3.6924032230950017,-1.5055715365041271,0.7541338056581912
4654,2,Affluent omnichannel loyalists,2.611379019712383,-1.5563483346058113,0.8868210017736092
6103,1,Budget family browsers,-1.271495517121745,-1.5589288548785516,0.5714183559428986
8147,1,Budget family browsers,-2.877259187431523,0.47143675694098186,-0.14977644156719938
10207,1,Budget family browsers,-3.092210005895795,-1.3227481823821585,-0.6375124012612537
4838,1,Budget family browsers,-3.092210005895795,-1.3227481823821585,-0.6375124012612537
10219,1,Budget family browsers,-2.7595833067088016,-1.2735734545595447,-0.5944991276392111
2176,3,Deal-oriented wine shoppers,1.5097956243357258,0.21952400431508035,-0.5303866259672716
9121,3,Deal-oriented wine shoppers,1.5097956243357258,0.21952400431508035,-0.5303866259672716
5802,1,Budget family browsers,-1.9271379447971062,-1.2823601504467255,-0.14377191209597479
10790,1,Budget family browsers,-3.1468159385297265,-1.3079724837964308,-0.7161342886968025
178,3,Deal-oriented wine shoppers,2.2003292113391306,1.9507810763196913,-0.4163231503696552
2308,3,Deal-oriented wine shoppers,-0.7179606432580607,0.7592419484274148,0.38956688831204583
7431,3,Deal-oriented wine shoppers,1.7997203361532967,0.6685044719941962,-0.3682407162137167
9405,1,Budget family browsers,-1.9308617830134487,0.6403233184682378,0.1442972364386217
10525,1,Budget family browsers,-3.1071643372522835,-1.1716183520171946,-0.782315524845686
7503,2,Affluent omnichannel loyalists,4.99870524404155,-1.441037683400392,-0.6444941036207688
8783,3,Deal-oriented wine shoppers,0.15057171043895873,0.6912149453515766,1.462094136791048
1403,1,Budget family browsers,-2.7242899571647343,-0.14239183422317583,0.19104968898530378
4643,1,Budget family browsers,-1.9847203934364726,-0.668793898899725,-1.4988665468950382
3463,3,Deal-oriented wine shoppers,1.5396296847240205,1.9784000189520792,0.9544983020067529
4055,1,Budget family browsers,-2.4411077616502674,-0.9308646577211659,-0.8982590908975496
7010,2,Affluent omnichannel loyalists,4.03905587252958,-1.2362487705350433,-1.4188378788829907
4767,2,Affluent omnichannel loyalists,4.03905587252958,-1.2362487705350433,-1.4188378788829907
1927,3,Deal-oriented wine shoppers,0.8702836178246919,0.6075625950528851,1.1184187201398177
437,2,Affluent omnichannel loyalists,4.380275592513974,-1.5779382283766117,-1.0837287598757628
4331,2,Affluent omnichannel loyalists,2.662987111452904,-0.8975931424094269,1.8739706301185368
4084,2,Affluent omnichannel loyalists,3.39720292522514,-0.06190400096193468,-1.2700756678114675
8135,1,Budget family browsers,-2.695239903624876,-1.373626505267223,-0.5140933786581354
9750,3,Deal-oriented wine shoppers,1.6750589770049782,2.3945063460540585,-0.6586993967560918
6682,1,Budget family browsers,-2.8918258840507276,-1.2745614314995932,-0.8402599831513721
10581,3,Deal-oriented wine shoppers,-0.9669202638728094,1.917090497833445,-2.214721221875074
3710,1,Budget family browsers,-2.375935121607936,-0.9369312805988399,-0.6082428782832688
5207,3,Deal-oriented wine shoppers,-0.1549255618473394,4.319769138631897,-1.8017558960872773
9360,1,Budget family browsers,-0.6227029350689604,-0.7325341045812578,-0.7330562355022774
4679,3,Deal-oriented wine shoppers,2.6839136364938856,1.5186140453008614,0.8247620727936819
1340,2,Affluent omnichannel loyalists,5.850575800411211,-1.6119062857784903,-0.6039375119362139
10839,1,Budget family browsers,-2.3853789298687724,-0.47802309617325145,0.664264168345498
5303,2,Affluent omnichannel loyalists,2.2947012366004484,-0.933739256511496,0.9920451574847572
9829,1,Budget family browsers,-2.3384441159648386,-0.7057980482928362,-0.7433901398539255
10469,2,Affluent omnichannel loyalists,3.4465599686401918,-1.198595607547695,0.2731455440747019
3602,1,Budget family browsers,-0.9825872544879543,0.0539704445643874,1.4316237081037915
4756,2,Affluent omnichannel loyalists,2.6919114250612477,-0.395776675674927,0.035692942453847486
8181,1,Budget family browsers,-1.9181603508251805,-0.24543053739955126,-1.2928637156970677
6958,1,Budget family browsers,-2.654958317074712,-1.505959580799697,-0.27256040172531065
10856,1,Budget family browsers,-1.9615220957943855,-0.43672956498366167,1.3229298084853802
3321,3,Deal-oriented wine shoppers,-0.036155944364323546,2.309699824084662,1.8710634818911813
5394,1,Budget family browsers,-2.367704845664224,-0.006369996885929712,0.25753887480988047
433,3,Deal-oriented wine shoppers,-0.6401811707321067,3.0183566453130193,-0.5369770727442534
6320,2,Affluent omnichannel loyalists,3.0641700514559274,-0.7389265451706937,0.553976885444183
5376,2,Affluent omnichannel loyalists,2.2903926850028533,0.793567587634593,-1.57416507256825
1867,2,Affluent omnichannel loyalists,2.6887559891517676,-0.15158438338638258,-1.107899139742902
4324,3,Deal-oriented wine shoppers,-0.2693371895766828,1.7465654742334955,-2.3563980688823314
3661,2,Affluent omnichannel loyalists,3.107530277905152,-1.3879949967871328,0.5902644207101562
521,3,Deal-oriented wine shoppers,0.20419086183977045,0.25308353112616816,-1.7408605667837838
10403,1,Budget family browsers,-2.6914485178871534,-0.5383255127564315,-1.1160083301384363
7186,1,Budget family browsers,-2.609036704480579,-0.37066467883760995,0.5068241429302884
4329,1,Budget family browsers,-2.970193506144041,-1.095033891872809,-0.6231620298784407
4394,2,Affluent omnichannel loyalists,2.801351915926102,-0.2859544441803433,1.5383152309620238
1717,1,Budget family browsers,-1.5536224905332858,0.04901937451672398,-1.4216824249808167
1016,1,Budget family browsers,-2.0837694375592433,-0.0237401145883744,1.0118132247303733
3783,1,Budget family browsers,-1.9442014410097979,-0.03648831582974683,0.8424923667315076
5848,2,Affluent omnichannel loyalists,4.37699102966551,-1.245951974736507,-0.3376800524966363
10727,3,Deal-oriented wine shoppers,2.066050899943455,0.8568504970361865,-1.0603186988167215
5299,3,Deal-oriented wine shoppers,2.066050899943455,0.8568504970361865,-1.0603186988167215
6872,3,Deal-oriented wine shoppers,-0.05194469129707924,0.5520662473563607,1.654298450141625
1143,1,Budget family browsers,-2.64212762430128,-0.967234021160635,-0.8468981235001694
10381,1,Budget family browsers,-2.068764680035527,-0.5113454677623583,1.3444170957035577
11007,1,Budget family browsers,-2.883955902327346,-1.2295952327856405,-0.4959637382930791
9145,2,Affluent omnichannel loyalists,3.96438552567346,-0.14097727102177657,-0.08353250259390847
5267,1,Budget family browsers,-2.645828915280857,-1.3525267578466766,-0.34424059859059447
9738,1,Budget family browsers,-2.3708764500266684,-0.8771425405997336,-0.5527270675522677
10212,1,Budget family browsers,-2.3708764500266684,-0.8771425405997336,-0.5527270675522677
10010,1,Budget family browsers,-2.5123732659513633,1.0814837382675206,-0.5420569215905806
10069,1,Budget family browsers,-3.0009653119736677,-1.0581072912537708,-1.2272553559417676
2694,1,Budget family browsers,-2.0680871874270492,-0.46790745116673604,1.3527735738586621
10613,1,Budget family browsers,-2.1418646448720446,0.5287353443005179,0.32196168438735706
4646,2,Affluent omnichannel loyalists,3.33364821664595,-0.3840084099423465,-0.06567440047029231
6935,2,Affluent omnichannel loyalists,3.33364821664595,-0.3840084099423465,-0.06567440047029231
5596,3,Deal-oriented wine shoppers,0.5787031719841093,1.3536708288627484,1.110651141685841
1044,3,Deal-oriented wine shoppers,0.7027571833911127,-0.014839213688831135,0.3320368117602286
9274,2,Affluent omnichannel loyalists,4.912260609285521,-1.5245017020249978,-1.667030504104398
9076,1,Budget family browsers,-2.3389293659802193,0.236077088072236,-0.9910317438021696
4947,2,Affluent omnichannel loyalists,5.543266604135339,-1.2688069117796794,-1.2940898488386374
10176,3,Deal-oriented wine shoppers,-0.1744087319648084,2.727554958826915,-0.3473840772941244
3507,2,Affluent omnichannel loyalists,2.884129147236456,-1.5646469764179005,-2.3753058244923637
9235,1,Budget family browsers,-2.6050479838652545,-0.4375149045581587,0.6195520719788746
10341,1,Budget family browsers,-0.15027686805862098,-1.6355111411999197,0.6672837925196233
2639,1,Budget family browsers,-2.219415994619146,0.3387908005087527,0.0921124687669547
6201,1,Budget family browsers,-2.601523744733109,0.06794446715801243,0.24015854047934587
7397,3,Deal-oriented wine shoppers,0.17496187355121903,2.0199318970602853,0.39865562398226945
2181,2,Affluent omnichannel loyalists,2.2149796634838923,-1.799212434403413,0.5501230441609462
1204,3,Deal-oriented wine shoppers,2.6441914810254414,2.7895430741833844,0.48001053547314715
1170,1,Budget family browsers,-1.8260289265677634,0.13238540518928574,-1.5973123288210687
8812,1,Budget family browsers,-2.8520389965898354,-0.9280659092963062,-0.8644326065937012
4690,3,Deal-oriented wine shoppers,-0.2799016177986391,2.3217270242243755,0.2392494579551448
1715,1,Budget family browsers,-2.6613944081184466,-0.9566897561787644,-0.6893923018354613
10821,3,Deal-oriented wine shoppers,-1.6283680538932066,1.8720933418288752,-0.29728592571064993
6543,2,Affluent omnichannel loyalists,3.567356440017226,-2.240245533586264,-0.8934053968507586
7119,2,Affluent omnichannel loyalists,1.3442851686639083,-1.7174045391597805,0.8979355347045318
3518,1,Budget family browsers,-2.9213854198931046,-1.2170718152473676,-0.8129336187832239
1245,3,Deal-oriented wine shoppers,1.2871006433872838,2.3112402124449964,0.5538663755932459
2561,3,Deal-oriented wine shoppers,1.2871006433872838,2.3112402124449964,0.5538663755932459
9624,2,Affluent omnichannel loyalists,1.5022006240294425,-1.3103046104128586,0.9651843079006709
10509,1,Budget family browsers,-2.6771023536207736,0.3387421665767714,0.08774467832968108
7629,1,Budget family browsers,-2.858951428887341,-0.0041914573115244946,0.0305710400119225
7875,2,Affluent omnichannel loyalists,3.2761785521435365,-0.7136510245851541,1.6121252654373694
2815,1,Budget family browsers,-2.0874877100634475,-0.61182449790449,-1.0263206820704684
2936,1,Budget family browsers,-2.87745038782456,-1.3622466023347712,-0.3791268476302312
3665,1,Budget family browsers,-2.6291784118155523,-0.3699729358143258,-1.1837171955707766
10888,3,Deal-oriented wine shoppers,0.9088712597823797,-0.08788612659889285,-0.7383233566921361
6637,2,Affluent omnichannel loyalists,3.7384943898867253,-2.1210455913881687,-1.4881319583977177
5077,2,Affluent omnichannel loyalists,2.919004879946577,0.35532608569281027,0.7593199359102274
6173,2,Affluent omnichannel loyalists,2.919004879946577,0.35532608569281027,0.7593199359102274
3969,1,Budget family browsers,-1.3190885867531164,-0.3413566328793398,0.9938758035446356
4580,2,Affluent omnichannel loyalists,4.92777702764498,0.5938877307276935,-0.7912311728900997
663,1,Budget family browsers,-1.66592523340599,-1.6559629633601676,0.7744956783801903
8299,1,Budget family browsers,-1.66592523340599,-1.6559629633601676,0.7744956783801903
8945,1,Budget family browsers,-1.2297408009606063,0.5092599491962015,1.170748962708215
10870,3,Deal-oriented wine shoppers,2.674920835645247,1.544783681224494,-1.2639405582648509
1184,3,Deal-oriented wine shoppers,1.13915684518705,2.916719518935309,1.7000801083499553
6141,1,Budget family browsers,-1.050317227829316,0.10658950103971163,-0.9530189996531186
8825,3,Deal-oriented wine shoppers,-0.4293863500320251,3.0436896654426175,-1.8000347113896706
2217,1,Budget family browsers,-2.686089792273368,-0.6584892152837096,0.6593510015639664
4102,1,Budget family browsers,-2.686089792273368,-0.6584892152837096,0.6593510015639664
4653,1,Budget family browsers,-2.108513116510192,0.19745902926225248,-1.007798760557383
10092,3,Deal-oriented wine shoppers,2.446173155412511,1.5566555524764114,0.7057063120754373
5788,1,Budget family browsers,-1.3974880867254178,-0.6400797132341136,-0.5098304250452357
4669,1,Budget family browsers,-2.1473377497381954,-0.5607347725234594,-1.2841611389715433
6295,3,Deal-oriented wine shoppers,1.0496387711834252,2.950554927787711,-0.405668576199722
7453,3,Deal-oriented wine shoppers,0.5716833248722117,0.850109226127944,-0.277760259813953
10841,3,Deal-oriented wine shoppers,0.44417716715619704,0.5882344300005699,0.8895613383240949
821,2,Affluent omnichannel loyalists,4.221169591454155,-0.9573077920725235,0.9809240937397667
3933,3,Deal-oriented wine shoppers,0.19978314001122405,1.5446663881071543,-2.9642356510224843
1225,2,Affluent omnichannel loyalists,4.884104305348039,-1.482414391569548,-1.5095859870297406
7059,2,Affluent omnichannel loyalists,4.884104305348039,-1.482414391569548,-1.5095859870297406
5633,1,Budget family browsers,-1.4777773245142887,1.597664859830516,-0.17152616053442973
843,3,Deal-oriented wine shoppers,1.354254223096669,0.6070228535863091,-1.5543847456166024
6211,1,Budget family browsers,-2.491536205018414,-1.4263831387026296,-0.12664560699186594
7007,1,Budget family browsers,-2.9684671320982616,-0.8247367483193975,-1.3846126681230808
9671,1,Budget family browsers,-2.8695465011684944,0.8592649635005712,-0.5974955325356329
8975,1,Budget family browsers,-2.8695465011684944,0.8592649635005712,-0.5974955325356329
6616,3,Deal-oriented wine shoppers,0.9294163633050952,-0.10184474475876373,1.0193921492121079
6248,2,Affluent omnichannel loyalists,4.5808685546691805,-0.1224956689435159,0.9920729289986311
7428,2,Affluent omnichannel loyalists,5.464748819564696,-2.532713285765637,-2.1184239377028335
3075,2,Affluent omnichannel loyalists,0.7040979993185199,-1.6273865965600574,1.1584442195661142
2937,3,Deal-oriented wine shoppers,1.3844343460349615,1.7695541227201905,0.7302171407128444
203,2,Affluent omnichannel loyalists,3.8384198678638954,-0.696336796995533,1.091524104351068
2021,2,Affluent omnichannel loyalists,4.531394561897781,1.1220436549645556,-0.9212600943969126
880,1,Budget family browsers,-1.9654450275494153,-1.1119325424797628,-0.48132421052807095
524,1,Budget family browsers,-1.9654450275494153,-1.1119325424797628,-0.48132421052807095
10837,1,Budget family browsers,-2.423712085895459,-1.3776890967346755,-0.5525599459818045
7011,1,Budget family browsers,-2.3457773292381,-0.38761198864719887,-0.7550390795779031
4184,3,Deal-oriented wine shoppers,-0.751005387226621,0.23113622623859856,1.424335099411497
7679,1,Budget family browsers,-1.674172090408041,-1.8143595920938138,0.9189798976035267
7485,1,Budget family browsers,-1.6084640424366614,0.10125728575258579,0.7015372221442792
7530,1,Budget family browsers,-1.6084640424366614,0.10125728575258579,0.7015372221442792
4369,2,Affluent omnichannel loyalists,2.932741395595761,-1.114836600554071,-1.1609018694946205
10652,2,Affluent omnichannel loyalists,2.932741395595761,-1.114836600554071,-1.1609018694946205
286,1,Budget family browsers,-1.9951486826450322,0.6651992539240388,0.23586252010295244
5922,1,Budget family browsers,-1.5243842117528217,0.6347234098839434,1.037781630810716
7250,3,Deal-oriented wine shoppers,-0.03901196830511508,1.5774619983372586,-1.2607754687886334
2478,1,Budget family browsers,-2.260082315205486,-1.7116316125720457,-0.0471420183050684
1160,1,Budget family browsers,-3.0356773152132854,0.8165376251053194,-0.57990995954107
9214,1,Budget family browsers,-0.34170302346836495,-0.6451169626864944,0.08330615362574076
273,1,Budget family browsers,-2.3829811891425385,1.215428804810874,-0.10476502205038583
851,3,Deal-oriented wine shoppers,0.34364210936580303,2.966261099022035,-1.485049775945021
9729,3,Deal-oriented wine shoppers,0.042317999703838066,2.2961947214985616,-1.1653646812834093
9665,3,Deal-oriented wine shoppers,-0.6858479195196157,1.4466320200589324,0.6792635601235654
2620,1,Budget family browsers,-2.882988335303883,-1.2703886348730697,-0.45457682698469876
8254,1,Budget family browsers,-2.882988335303883,-1.2703886348730697,-0.45457682698469876
3852,3,Deal-oriented wine shoppers,1.6058325816318808,2.0250739868114196,-0.3495674867094432
1000,3,Deal-oriented wine shoppers,1.6058325816318808,2.0250739868114196,-0.3495674867094432
3099,1,Budget family browsers,-1.8020395100987163,1.8648443980410598,-0.7392963058829523
6318,2,Affluent omnichannel loyalists,3.4614585186557965,0.424504864941714,0.12005981410906356
5396,2,Affluent omnichannel loyalists,3.4614585186557965,0.424504864941714,0.12005981410906356
7966,2,Affluent omnichannel loyalists,2.9693221846286457,1.4887815503087722,-0.8679951286226543
454,3,Deal-oriented wine shoppers,1.7144027233027463,1.1741329337192148,-0.686651370104285
309,3,Deal-oriented wine shoppers,0.6294521079517794,1.773886403947607,0.9911107429540825
3571,3,Deal-oriented wine shoppers,0.6294521079517794,1.773886403947607,0.9911107429540825
8395,2,Affluent omnichannel loyalists,3.249264702017126,-0.5046804865411021,0.05141426489623981
2591,3,Deal-oriented wine shoppers,1.5884093467863007,0.1529769947296947,1.0534649461653183
1640,1,Budget family browsers,-1.5213392861148756,-0.3766420845230142,1.2249901233244684
810,2,Affluent omnichannel loyalists,2.656770223517917,-0.27212285246728085,-0.060591195092899494
9423,1,Budget family browsers,-2.2689169759643706,-1.1070212520990121,-0.20771034756623552
4345,1,Budget family browsers,-2.584122543304327,-0.43399906009161443,0.6289735678439883
89,1,Budget family browsers,-2.3970189684995202,-0.9960049291536364,-0.6593997233403881
5294,1,Budget family browsers,-2.5722062923019644,-0.504292866573315,-0.9747229333535022
1321,1,Budget family browsers,-2.7434148072023086,-0.3398616477126284,-0.9675541412624625
2686,1,Budget family browsers,-2.398547139525464,-1.43850419200359,0.12202074566315334
1215,2,Affluent omnichannel loyalists,4.2334838295423225,-1.199642855200949,-0.7181763962949158
9283,1,Budget family browsers,-2.2254818524510553,0.08063970954886233,2.019800271069635
3120,1,Budget family browsers,-2.8149283073449927,-1.285698455132438,-0.40085388141775913
5868,1,Budget family browsers,-2.8010851194645405,-1.09767882173076,-0.7554932420609585
8143,1,Budget family browsers,-1.2281694188620058,-0.3301809615314029,0.20752453995240921
3479,1,Budget family browsers,-2.22687928965872,-1.2319134439719857,-0.05650692360302341
7214,2,Affluent omnichannel loyalists,2.1669757429406977,-0.6464433070402561,0.3819146466730609
5543,3,Deal-oriented wine shoppers,0.9735581796614189,2.334976885171053,0.45327980506488286
9347,1,Budget family browsers,-1.7746129564831252,-0.5506182607462081,1.6011600153983792
10160,1,Budget family browsers,-1.7746129564831252,-0.5506182607462081,1.6011600153983792
1406,3,Deal-oriented wine shoppers,-1.1580137569173958,2.698239063075752,-0.6681239415286003
7019,1,Budget family browsers,-1.1734715529293145,0.5281833984105164,0.23183924954016666
2157,1,Budget family browsers,-2.4727657416207083,0.547279381543818,-0.1684716376835471
8939,3,Deal-oriented wine shoppers,1.725494263288271,1.8108969200754117,-0.561622029485586
10250,1,Budget family browsers,-2.2839306892933933,-1.4156999649661663,0.16770163532246246
1272,3,Deal-oriented wine shoppers,1.4064182254357833,1.959159855627591,0.49241438037163476
3007,1,Budget family browsers,-2.849993547106982,0.011149860507590792,0.23338022973894318
5513,1,Budget family browsers,-2.849993547106982,0.011149860507590792,0.23338022973894318
679,1,Budget family browsers,-2.944492030199181,0.10553038844452395,0.05917646151839242
8876,1,Budget family browsers,-2.642238967362725,1.4384270172340492,-0.4205256030940969
10827,1,Budget family browsers,-2.5460631294171416,1.167363238098926,-0.4699807807472783
7300,3,Deal-oriented wine shoppers,0.12972914324696552,1.6796519675849273,1.1693839753323325
4268,1,Budget family browsers,-1.160457695003193,-0.2345626095815808,1.754135044347755
4603,3,Deal-oriented wine shoppers,1.1283602607283918,0.5869461485834703,1.359807778785344
8659,3,Deal-oriented wine shoppers,2.4298408961867732,0.8395462791601622,1.7750065356476208
10708,1,Budget family browsers,-2.587015478005982,-1.3686027251835091,-0.27034646524003647
1176,1,Budget family browsers,-2.9493806116400507,-1.3176614210502957,-0.6160190873151985
10380,1,Budget family browsers,-2.4066987894617147,-0.8948423647250304,-0.5908463516565916
7037,1,Budget family browsers,-0.8637715240835073,-0.2602387514196122,-0.7451268325279983
11096,3,Deal-oriented wine shoppers,-0.13473004280008558,-0.38548701273933766,1.5417289477937484
6374,3,Deal-oriented wine shoppers,-1.4302323304695015,1.8030529849138235,0.12491644020535947
5552,3,Deal-oriented wine shoppers,-1.1839728823966997,1.395872021813796,-0.5319996835686245
2245,1,Budget family browsers,-2.06537777598174,0.34543104862507473,0.304138511828045
6200,2,Affluent omnichannel loyalists,3.0943316766913607,0.3437539677509405,-0.10133118264334125
9904,2,Affluent omnichannel loyalists,3.648611656248705,1.416876391423146,-0.9643857773678034
10031,1,Budget family browsers,-2.965394602884246,1.1968509162477792,-0.5517457816577337
6642,1,Budget family browsers,-2.80183928013572,0.5554567186728232,-0.79490755978854
10882,3,Deal-oriented wine shoppers,1.582025392582456,0.3897751703980762,-0.2958918659004259
5636,1,Budget family browsers,-1.7294479196181654,-0.6634495999914949,-0.31182585519906775
8692,1,Budget family browsers,-1.864392886797852,1.7050897125371804,-0.6491022352695119
8091,2,Affluent omnichannel loyalists,2.516524794620596,-0.2892335146051322,-0.3683666459385017
8080,1,Budget family browsers,-2.03451961168744,-1.8464330728469767,0.7817713920045666
8370,2,Affluent omnichannel loyalists,3.63964982349059,-0.28688393166912896,-1.3356922679707723
4550,1,Budget family browsers,-1.9241493759376074,-0.5519109082245064,1.4520684610990906
3381,1,Budget family browsers,-2.151165170816048,0.06423432002843966,0.7312088086599234
10556,3,Deal-oriented wine shoppers,-0.6482790326557009,1.4040321934665327,0.527436754530987
9467,1,Budget family browsers,-2.5615468388632623,-1.4780429614263484,-0.09980026440697917
2891,3,Deal-oriented wine shoppers,1.7088437263539695,1.6154541106004523,0.2853340630239438
5011,3,Deal-oriented wine shoppers,1.7088437263539695,1.6154541106004523,0.2853340630239438
8140,1,Budget family browsers,-2.0196517784694543,-0.8830667548831792,-0.5344092231227078
11039,3,Deal-oriented wine shoppers,-0.0762128064884474,0.18820724913192238,0.3334944945259332
78,1,Budget family browsers,-2.8822536103251406,-1.2871803540919733,-0.5447401903023098
5517,1,Budget family browsers,-2.8822536103251406,-1.2871803540919733,-0.5447401903023098
5290,1,Budget family browsers,-1.9538654077213293,1.7932041176452258,-0.3380613124574419
4128,3,Deal-oriented wine shoppers,0.7802861609195391,1.4319997234334634,0.7039653997259911
8534,3,Deal-oriented wine shoppers,1.8682077791495624,2.635176909822687,1.8663989756708859
9592,1,Budget family browsers,-2.8973124032723576,-0.807650088471738,-0.7798547749860656
8957,3,Deal-oriented wine shoppers,1.5193137409017734,2.3915064928437464,-2.4038636758303737
9308,2,Affluent omnichannel loyalists,2.3090225409000498,-1.8739923344802427,-0.03630035361459415
544,2,Affluent omnichannel loyalists,2.3090225409000498,-1.8739923344802427,-0.03630035361459415
5989,2,Affluent omnichannel loyalists,3.5599763761253405,1.1469680313963109,-0.7517288692786431
635,3,Deal-oriented wine shoppers,-0.7582859287927337,3.666838507458425,-0.9887956627180848
6673,1,Budget family browsers,-1.901717018519459,-0.9016928792531079,-0.3967169132992079
1710,1,Budget family browsers,-2.004343427564581,1.4911506401516945,-1.9832417795970811
523,1,Budget family browsers,-2.0887509520604413,-1.4082166993857548,-0.0497977949333189
8977,1,Budget family browsers,-2.1663599807580822,-1.8469854581951672,0.6219366175853026
9736,1,Budget family browsers,-2.4834382774019725,0.5904738679889154,-0.0834178791279947
1544,2,Affluent omnichannel loyalists,4.410304663960647,-1.4893136281723225,-0.6902999240559099
6575,3,Deal-oriented wine shoppers,-0.2964554486317875,3.3495533755210256,-1.8433968317492717
6147,1,Budget family browsers,-2.832584893992437,-1.5680203592331772,-0.3584240709410339
6354,1,Budget family browsers,-2.995254384361584,-1.0092133735082582,-0.8943644650384183
4769,3,Deal-oriented wine shoppers,-1.0482675032626094,2.9211405201606238,-0.23415005924169355
7540,3,Deal-oriented wine shoppers,-0.28146234681526683,-0.2613164999167506,1.7177805253004432
5247,1,Budget family browsers,-2.2892415853574355,-0.3710214389381004,0.8832144136274622
5987,1,Budget family browsers,-2.65258272405715,-1.2932501053738628,-0.46436148011201345
9960,1,Budget family browsers,-2.869735083858122,-1.4496605774705942,-0.3948498639364264
10972,2,Affluent omnichannel loyalists,1.4998085629876727,-1.191161087685888,1.1107985122433077
1399,2,Affluent omnichannel loyalists,5.3316435711272,-1.8324210008220043,-1.944390542989269
2698,3,Deal-oriented wine shoppers,-0.50589653610635,1.1047660076091113,0.7834100503312987
6340,1,Budget family browsers,-2.624660440348965,-1.16861630889117,-0.3444633059587629
4107,3,Deal-oriented wine shoppers,-0.21076843824688815,1.3029241245967778,1.719909164896451
10906,3,Deal-oriented wine shoppers,-0.21076843824688815,1.3029241245967778,1.719909164896451
2557,1,Budget family browsers,-2.3696214919548737,-1.7424224591704116,0.08666801686316083
8786,3,Deal-oriented wine shoppers,-0.2513187491956332,1.7005474782602803,0.7349957295967504
7187,3,Deal-oriented wine shoppers,1.2605101045508904,1.4536209749578293,-1.1428783658013315
6119,1,Budget family browsers,-2.7397985969182743,-0.5653734345636445,0.6520621157425307
2980,1,Budget family browsers,-3.1825091292772028,0.8297393454991255,-0.5157625617695377
3850,1,Budget family browsers,-2.3292612710655316,-0.5479582651791078,0.8828232191764431
1077,2,Affluent omnichannel loyalists,3.150557694933297,-1.8838383002040142,-2.2121227643793544
9733,1,Budget family browsers,-2.3959087588334027,-1.5282820360205254,-0.5704786773065649
8462,1,Budget family browsers,-2.3959087588334027,-1.5282820360205254,-0.5704786773065649
4764,1,Budget family browsers,-1.906018649080199,0.7343829988657538,-0.32445442882006453
2223,3,Deal-oriented wine shoppers,3.561111830704826,3.5118833517438186,-1.1623993517269926
7788,1,Budget family browsers,-2.535281943016541,-1.9808625280367538,0.3388735507146741
5827,1,Budget family browsers,-2.2875909654982993,0.5811937296350234,0.2513868739595265
2958,1,Budget family browsers,-2.574027760256322,-0.9670680824429233,-0.9085098590880866
4954,1,Budget family browsers,-1.2545118852924844,1.3656216867782687,-0.45614231708439706
3139,2,Affluent omnichannel loyalists,4.731154675048819,-1.1480344410958905,-0.8557434684364461
9952,2,Affluent omnichannel loyalists,2.191782698215551,-1.6581182930306555,1.291995080736117
8180,1,Budget family browsers,-1.2708730970459259,1.120244158224965,0.42096652336777957
3276,1,Budget family browsers,-2.29441920558419,-1.0790850344295224,-0.49452820313906143
4994,2,Affluent omnichannel loyalists,3.83409612899158,-0.06979551591831945,0.511443897267357
3598,3,Deal-oriented wine shoppers,0.7025924544262103,1.2817733037537684,1.2969579600571586
945,1,Budget family browsers,-1.8539391491933537,0.3329443828842286,0.8791930334408219
5048,1,Budget family browsers,-2.596684976806984,-0.9826717820612415,-1.4202549587270028
6214,1,Budget family browsers,-2.132774578265571,-1.317970942762043,-0.21801558134974497
6230,1,Budget family browsers,-2.1807274209470364,1.5787337412505942,-0.35322166704111796
2968,2,Affluent omnichannel loyalists,1.9754872510297874,-0.29648924874328736,-0.8101214561827431
8800,2,Affluent omnichannel loyalists,1.9754872510297874,-0.29648924874328736,-0.8101214561827431
1907,3,Deal-oriented wine shoppers,2.2021842847730624,2.4755116809427866,-0.30758736281000454
10478,3,Deal-oriented wine shoppers,-0.8488242564207709,3.0528219722373207,-0.6274716696124916
4188,3,Deal-oriented wine shoppers,-1.061307489335707,1.2973035514650502,0.03520637464391207
8720,2,Affluent omnichannel loyalists,1.085707881688717,-3.56554676338147,1.4302208917627983
2225,2,Affluent omnichannel loyalists,5.069342797756456,-1.3333695182494707,-1.2083906164531397
4790,3,Deal-oriented wine shoppers,1.0497592390175006,-0.18485310866608573,2.295540344297352
1131,1,Budget family browsers,-1.323394026698408,-0.5220885209338116,1.966713257817171
202,2,Affluent omnichannel loyalists,4.600139798381237,-2.56604779380034,-1.1461269559522538
9589,2,Affluent omnichannel loyalists,4.600139798381237,-2.56604779380034,-1.1461269559522538
3900,3,Deal-oriented wine shoppers,0.8399312498325981,1.5043165884620378,1.3805841484668366
9958,3,Deal-oriented wine shoppers,0.8399312498325981,1.5043165884620378,1.3805841484668366
8955,1,Budget family browsers,-2.007515408354011,0.33547157221904794,2.2269374746006525
10033,1,Budget family browsers,-2.5196643508218823,-1.4907264770906483,-0.2238178056377118
5751,1,Budget family browsers,-2.5196643508218823,-1.4907264770906483,-0.2238178056377118
3308,1,Budget family browsers,-2.0342805005571614,0.08368275443973806,0.3895324840854068
7297,1,Budget family browsers,-2.7305810572943443,-0.22157158867579854,-1.2672618978745946
8008,1,Budget family browsers,-2.136629128167205,-1.188230530416871,-0.27218515664589327
1232,2,Affluent omnichannel loyalists,2.752290178703459,-0.9866639278165555,-0.00684706939789463
2345,2,Affluent omnichannel loyalists,2.752290178703459,-0.9866639278165555,-0.00684706939789463
1628,2,Affluent omnichannel loyalists,2.2031375550341026,-0.8249521565432326,-0.6375205963909713
5081,1,Budget family browsers,-2.5700110724819414,-0.2724290188068522,0.41879077400753345
839,1,Budget family browsers,-1.6781544298891162,-1.1348739394679705,0.036555942862288915
3706,1,Budget family browsers,-2.2987305874507253,-1.2445348997264747,-0.5932327207593694
5154,1,Budget family browsers,-2.3476762749400715,-1.3371518994268392,-0.14201332145182374
8584,2,Affluent omnichannel loyalists,3.4376419203524318,-2.17820345909704,0.4553767780827014
6583,2,Affluent omnichannel loyalists,2.6116845101585766,-0.7728062113215363,-0.006231200076710757
3433,2,Affluent omnichannel loyalists,2.6116845101585766,-0.7728062113215363,-0.006231200076710757
10486,2,Affluent omnichannel loyalists,2.9433217905378437,-1.2035685229009832,-0.30902699537534745
8687,3,Deal-oriented wine shoppers,0.958506524843742,0.2297150444691539,0.23825610243847672
7842,1,Budget family browsers,-2.6077182303873987,0.5454211468006661,-0.1201769428819297
3749,2,Affluent omnichannel loyalists,4.211468275014221,-1.170477935155683,-0.4030634068328682
1331,1,Budget family browsers,-2.3943601800647154,-0.9956473634570939,-0.5934499239657087
5995,3,Deal-oriented wine shoppers,-1.4649069054049948,2.4153856808772387,-0.983265826706797
8985,3,Deal-oriented wine shoppers,2.735796074758612,2.4980895442532827,-0.20242711641802028
2798,2,Affluent omnichannel loyalists,4.279190918535116,-0.5694435975472667,0.06074307789282484
7108,3,Deal-oriented wine shoppers,-0.9701479491612521,1.7288589298117365,-0.33581451113562055
2781,2,Affluent omnichannel loyalists,3.2139512622762405,-1.313418494550538,0.5353508923464172
3623,1,Budget family browsers,-2.5889598789145425,-0.38487605153592824,-0.9202658374304409
194,1,Budget family browsers,-2.4234951188152816,-0.49652091320060376,0.8265212764254519
10833,3,Deal-oriented wine shoppers,1.2052756094212909,2.2028805911765983,1.3631941829381136
2315,1,Budget family browsers,-1.0461769859906553,-0.7533186653222891,1.4827838290716144
6336,1,Budget family browsers,-2.5528596071110417,0.5228706008693296,0.07024298519701702
10738,1,Budget family browsers,-2.4121615519332553,-0.2138484200266815,0.6451019754552846
8286,1,Budget family browsers,-1.654928342438517,0.07620436249835248,1.3045832673574438
2166,1,Budget family browsers,-2.3066716592065877,-0.9143719726117899,1.1457858257145115
10691,1,Budget family browsers,-2.6624554123342516,-0.5392445753446116,0.4929818999330708
9739,1,Budget family browsers,-1.9203511718579456,0.10175713491159101,0.8438776654382772
1829,3,Deal-oriented wine shoppers,0.44951712000985655,2.2724370643798624,1.1170656758233326
6260,2,Affluent omnichannel loyalists,5.867713194711107,-0.9426437336217428,-0.5699004296322038
10448,3,Deal-oriented wine shoppers,-0.43081837132808315,1.4418149141732297,-0.02252267283611574
1343,3,Deal-oriented wine shoppers,-0.3308001406956081,2.62120800778764,-0.9074500684471111
4749,3,Deal-oriented wine shoppers,-0.3308001406956081,2.62120800778764,-0.9074500684471111
531,3,Deal-oriented wine shoppers,2.6311557748193963,4.395912552238924,-1.5124503644221043
6905,2,Affluent omnichannel loyalists,2.5268865640046703,-0.9310014296757617,0.780188852457886
1045,3,Deal-oriented wine shoppers,-0.868856434493092,0.583865513710324,0.7724754028153561
4012,3,Deal-oriented wine shoppers,1.0008327549335478,1.9876115539159223,0.8698256900886087
5529,3,Deal-oriented wine shoppers,-1.606852186819838,2.8188805288987653,-0.7906322337393721
4001,3,Deal-oriented wine shoppers,-1.606852186819838,2.8188805288987653,-0.7906322337393721
10420,1,Budget family browsers,-1.1599771051663532,0.17004094086713237,0.8379854256333806
7723,2,Affluent omnichannel loyalists,3.6437482685106852,-0.7031100400974056,-0.6270980805335912
2963,2,Affluent omnichannel loyalists,3.6437482685106852,-0.7031100400974056,-0.6270980805335912
10634,2,Affluent omnichannel loyalists,0.8141350986433469,-1.3445280861134399,0.4101377929805277
5180,1,Budget family browsers,-1.6067312057659147,0.5367370624836211,1.1264903781966251
6866,1,Budget family browsers,-2.4929898721088275,-0.6323475462939511,0.8107965537352093
1328,3,Deal-oriented wine shoppers,1.6142843393023851,0.712011173895146,0.2806661682769775
1139,2,Affluent omnichannel loyalists,2.753136456309562,-0.3413359300195167,1.2268582862007467
4961,1,Budget family browsers,-2.3140287645432456,-0.6269990867707311,-0.3351801494833105
5177,3,Deal-oriented wine shoppers,-0.44916906031698217,0.9602993250480911,1.25586895621977
2075,2,Affluent omnichannel loyalists,1.9638905839750385,-1.718400203380533,1.249790252476451
3428,2,Affluent omnichannel loyalists,3.2211090631116646,-0.8257487945845943,1.148655229545615
4500,2,Affluent omnichannel loyalists,3.2211090631116646,-0.8257487945845943,1.148655229545615
7369,1,Budget family browsers,-2.6135439410130754,-0.8205497193782926,-0.5586357886317981
4381,1,Budget family browsers,-1.7558271671275045,1.7985843564724244,-0.13756513934397185
9964,3,Deal-oriented wine shoppers,0.6179585742398297,-0.13746925643560953,1.0354933643769155
1630,3,Deal-oriented wine shoppers,0.6179585742398297,-0.13746925643560953,1.0354933643769155
5012,1,Budget family browsers,-2.817759295409009,-1.2739720944383162,-0.479852279197304
6918,1,Budget family browsers,-2.817759295409009,-1.2739720944383162,-0.479852279197304
7822,3,Deal-oriented wine shoppers,1.574981887753295,0.029033785343484993,0.7114728429484144
10156,2,Affluent omnichannel loyalists,3.921927844216287,0.12877401176737854,-0.7949849451142842
3033,1,Budget family browsers,-0.08358194102057935,-1.4853475451722824,0.2255899072422872
4119,1,Budget family browsers,-0.08358194102057935,-1.4853475451722824,0.2255899072422872
11110,1,Budget family browsers,-4.294902420117213,-1.236481937330115,-1.4883116666623515
332,3,Deal-oriented wine shoppers,-1.0133302905309425,0.8757509717090223,1.027691608367461
737,2,Affluent omnichannel loyalists,3.5635206037330236,-0.7903254009887275,0.38165328155227185
10319,3,Deal-oriented wine shoppers,0.9665153327796238,2.153333807729183,1.0264786000390493
2683,3,Deal-oriented wine shoppers,2.3288514151478346,2.1655167428409543,-0.16986029212334727
3445,2,Affluent omnichannel loyalists,3.4945910763517274,-0.33322792753023633,-2.317116454183816
10913,1,Budget family browsers,-2.8981331053808543,-1.292350487373852,-0.45957468121302825
4427,2,Affluent omnichannel loyalists,3.662486228036513,-0.38157320829024505,0.0659627991533725
8717,2,Affluent omnichannel loyalists,3.913371221833677,1.307754383707295,0.6643653994300031
2066,1,Budget family browsers,-1.7129201858972674,-0.2521000159552823,1.194931301622561
3340,3,Deal-oriented wine shoppers,-1.1669009959425105,1.4737279556616212,-1.611917432270533
8685,3,Deal-oriented wine shoppers,-1.1669009959425105,1.4737279556616212,-1.611917432270533
4149,2,Affluent omnichannel loyalists,2.7040742905911346,-1.1675245268290364,1.1584891908682045
8726,1,Budget family browsers,-1.9237884690062554,1.0481999081625013,-0.12736435015767078
2295,3,Deal-oriented wine shoppers,1.867927536419623,0.4342177076456987,1.32205608488546
3283,2,Affluent omnichannel loyalists,4.1364339729720685,0.31690546951924486,-1.7286218892193477
1915,2,Affluent omnichannel loyalists,3.886579882851797,-0.21655982461188705,-1.1627842670103437
800,1,Budget family browsers,-2.318893834615932,-0.4293365953780066,0.9863919864184927
9166,2,Affluent omnichannel loyalists,2.6392121379824385,0.8115525598531625,0.16821276143071315
5147,2,Affluent omnichannel loyalists,5.508494617632923,-1.209896548295636,-0.5889619671756444
13,1,Budget family browsers,-2.331850670507341,-0.1911882912565385,1.0785816421342516
8557,1,Budget family browsers,-2.1764824629241195,-0.9954929299104118,-0.0851752970542666
8724,1,Budget family browsers,-2.54957683320648,-1.0428057322032636,-0.3541577948627803
9381,3,Deal-oriented wine shoppers,0.3089388323159883,2.1610590359613178,-0.03383363022957544
9384,3,Deal-oriented wine shoppers,0.3089388323159883,2.1610590359613178,-0.03383363022957544
3560,2,Affluent omnichannel loyalists,3.6060591186953275,-0.4175852463339586,0.49056867400366566
241,2,Affluent omnichannel loyalists,3.6060591186953275,-0.4175852463339586,0.49056867400366566
7521,2,Affluent omnichannel loyalists,3.6060591186953275,-0.4175852463339586,0.49056867400366566
9799,3,Deal-oriented wine shoppers,1.0727756008606062,1.2493148740764735,0.8073033150078605
5123,1,Budget family browsers,-1.6550387051256437,-1.1046667756178208,-0.12955051999064762
448,2,Affluent omnichannel loyalists,1.5949746978400636,-0.1608891716027787,-1.7981940034135402
4837,3,Deal-oriented wine shoppers,3.237618392610431,1.9157708727425993,0.28251626883844694
9365,3,Deal-oriented wine shoppers,0.6901492508121626,2.918545033411776,0.9537716583463313
8932,2,Affluent omnichannel loyalists,3.0566712872454413,1.7553914532854176,-0.8324640551858238
7055,3,Deal-oriented wine shoppers,1.3493670010706484,2.028273170090672,1.5146119638232676
3537,1,Budget family browsers,-2.5196003767357755,-0.31583882787865136,-0.8158736409975912
9081,1,Budget family browsers,-2.626914814320909,-1.6560279754849065,-0.11038768855556418
4988,1,Budget family browsers,-2.1712780837175014,-0.09971535874493649,0.6543842951429446
1050,1,Budget family browsers,-1.240569238811479,-1.7393049273705445,0.9290577527314127
5610,1,Budget family browsers,-2.7427545665399404,-0.13295869492271364,0.31520503426456176
3526,1,Budget family browsers,-2.745585307132696,-0.09089755874708146,0.4888294062151784
5136,3,Deal-oriented wine shoppers,0.6526487582975671,3.2300306195734994,0.5664334622008612
1411,2,Affluent omnichannel loyalists,3.8148111321904143,-2.034977568299568,-1.016976005867034
701,3,Deal-oriented wine shoppers,2.1043571702170945,0.6043582572375079,1.141681221435368
6203,2,Affluent omnichannel loyalists,4.992306839853311,-1.3777507046350221,-0.8361643846553947
7192,2,Affluent omnichannel loyalists,1.9661204799646361,-0.5999245619171975,0.8973528567602465
5181,1,Budget family browsers,-3.068209003792466,-1.2266160019242338,-0.7283508573367211
9220,2,Affluent omnichannel loyalists,5.169919116653233,-1.6952281279478043,-1.1371312340932669
7734,2,Affluent omnichannel loyalists,4.822419025274909,-1.229694858027317,-1.4810323421152902
10446,2,Affluent omnichannel loyalists,1.5816106340946527,-1.2094492697650439,1.1641565636720683
5524,2,Affluent omnichannel loyalists,3.740503495322559,-0.0873609992362709,-2.168550320016601
3830,3,Deal-oriented wine shoppers,0.3441095061150712,0.8533477615415044,2.457273149200369
5186,3,Deal-oriented wine shoppers,0.5218301973901777,1.3583951580884364,1.4032641872623823
8514,1,Budget family browsers,-2.6552961870589082,-1.4834783430286256,-0.0734752714764294
7165,3,Deal-oriented wine shoppers,1.8981565801268754,1.1935107434669594,0.07135738066515812
10236,1,Budget family browsers,-2.6702537970377005,-0.7944936159199291,-0.6629369743272767
2392,1,Budget family browsers,-2.3482770781548314,0.26121324682606806,0.1937918693604101
1920,1,Budget family browsers,-2.3482770781548314,0.26121324682606806,0.1937918693604101
3673,3,Deal-oriented wine shoppers,1.4869422375632784,1.6619255297911184,0.5734354608060773
1453,3,Deal-oriented wine shoppers,1.855380171144054,0.8666824437265844,0.08125690321838805
4518,2,Affluent omnichannel loyalists,4.824562547173403,0.6831267765392626,-1.7432475880798333
8969,3,Deal-oriented wine shoppers,2.4370096071365177,1.0458057817980362,1.001035503279792
387,1,Budget family browsers,-2.421725872114048,-1.1456846678531742,-0.29023255721559105
1079,3,Deal-oriented wine shoppers,0.3162875856688775,1.6700395247506203,1.7033803789255932
164,1,Budget family browsers,-1.5122958504081816,-0.07379974202968555,-0.027632977673505258
3434,2,Affluent omnichannel loyalists,3.3034419467945257,-1.2260216553170533,0.4590884585636863
5721,2,Affluent omnichannel loyalists,3.86462415869734,-1.1197960095189503,0.5922389556983161
8418,1,Budget family browsers,-2.4585998184663995,0.010131978589294642,0.21656950367827926
5300,1,Budget family browsers,-2.350633838818075,-1.201385691573071,-0.34683964324855043
10424,2,Affluent omnichannel loyalists,4.087026063899959,-2.0070277338956704,-0.8601823632268611
11171,3,Deal-oriented wine shoppers,-1.6240411766764826,2.4205858426718696,-0.9563861469573339
1600,3,Deal-oriented wine shoppers,-1.6240411766764826,2.4205858426718696,-0.9563861469573339
7851,2,Affluent omnichannel loyalists,4.082937446548038,-1.746191467257462,-0.8772724018514858
10701,2,Affluent omnichannel loyalists,3.1378108799391713,-0.21117415478929902,0.29380967224879395
891,1,Budget family browsers,-2.7558538358392477,-0.7109096659055368,0.7935353504253772
6912,3,Deal-oriented wine shoppers,1.1352185186396428,1.709744589844574,2.4688932453839953
5967,1,Budget family browsers,-2.622621508768759,0.42935522405764404,-0.03125291226031585
2109,2,Affluent omnichannel loyalists,4.241454545886579,-1.1135914142308918,1.2131792805345654
6292,2,Affluent omnichannel loyalists,2.906528059483356,-0.5947280202954303,1.4907150704856276
8537,2,Affluent omnichannel loyalists,3.929474424220378,-1.8315524216927257,-0.12495176156381908
9576,1,Budget family browsers,-2.451050554937766,-0.013703399192213916,-0.9642415006492675
5935,3,Deal-oriented wine shoppers,0.7286721057796026,1.647154696048797,1.127480408556986
10264,1,Budget family browsers,-2.9152224777378253,-1.1440569471104407,-0.6420600176326713
234,1,Budget family browsers,-2.9152224777378253,-1.1440569471104407,-0.6420600176326713
3202,3,Deal-oriented wine shoppers,0.5341435176595468,0.5047535573992712,0.9256931560445308
1103,2,Affluent omnichannel loyalists,2.642594544795514,0.7932681718581761,-0.6341120976149465
610,3,Deal-oriented wine shoppers,-1.166704400749838,3.152152564856957,-0.7294922242620498
4480,3,Deal-oriented wine shoppers,-0.5708719397602106,1.9853957753499718,0.8981566500691794
10660,3,Deal-oriented wine shoppers,-0.8720897981418354,1.6760404200515449,0.16203662526491647
9353,3,Deal-oriented wine shoppers,1.6227044964843904,0.02146954618297497,0.7748762190517624
4120,1,Budget family browsers,-0.6374936653296396,-0.22288718779836145,-1.5254108310874495
2836,1,Budget family browsers,-2.757893544004141,-1.2787633703813401,-0.21517081594146856
9579,1,Budget family browsers,-3.094430294233383,0.41023482322102295,-0.6337882713716586
5841,3,Deal-oriented wine shoppers,0.599211689696896,2.909157604639875,0.47675267338153754
3174,2,Affluent omnichannel loyalists,2.98196527461664,0.7926706129725173,1.446560670882698
5536,2,Affluent omnichannel loyalists,2.98196527461664,0.7926706129725173,1.446560670882698
2061,1,Budget family browsers,-1.6579214806586113,-0.1819656180632059,1.5322855281061218
8477,1,Budget family browsers,-3.3638829533011125,-0.4798234520217996,-0.19536622604139509
640,2,Affluent omnichannel loyalists,2.6998701281185946,0.8013397507616181,-0.2968930780680226
3828,2,Affluent omnichannel loyalists,4.595870724436405,1.020590651734589,-1.1368176021151735
4093,3,Deal-oriented wine shoppers,-0.64905627319826,2.0979828067756365,-0.6690738584599605
8624,2,Affluent omnichannel loyalists,2.6470870329739107,-1.4031054935171188,0.3756740085111199
2802,2,Affluent omnichannel loyalists,2.33359623596751,-1.437449590902943,0.9994137163764778
368,3,Deal-oriented wine shoppers,-0.31976504883929924,0.26690922904651837,0.3986063434733021
3599,2,Affluent omnichannel loyalists,3.561438483728936,0.7784238387344454,-1.142723096002155
3389,2,Affluent omnichannel loyalists,4.49125204775829,2.0298301066594022,-0.8372686460837859
10710,1,Budget family browsers,-2.895783713999844,-0.3796840387350787,0.6984267164843859
7118,3,Deal-oriented wine shoppers,2.91106721234126,1.6553536255976966,-0.3242504561731062
4937,1,Budget family browsers,-2.530390259235978,-0.3952339969826589,0.6771744892747267
1127,2,Affluent omnichannel loyalists,3.6919157339732416,-0.9166739401381022,0.9841552861058637
833,1,Budget family browsers,-2.575379994484972,0.5168251731162724,0.26923948176576823
3565,1,Budget family browsers,-2.575379994484972,0.5168251731162724,0.26923948176576823
6086,2,Affluent omnichannel loyalists,3.5675045683293334,-0.9275889174391543,0.6060240493563541
1763,2,Affluent omnichannel loyalists,6.483587809882381,-0.8782259236901805,-0.8550370802158443
4697,1,Budget family browsers,-0.9844068050400632,0.6361911913946673,-0.43308109984269666
182,3,Deal-oriented wine shoppers,-0.9551403804270595,1.7935877627245373,0.36336640184644936
1165,3,Deal-oriented wine shoppers,-0.6751370801905838,2.9063475693017553,-0.8975218199261122
5386,2,Affluent omnichannel loyalists,4.907083344731484,-1.1734209613287743,0.1200494189003657
6024,2,Affluent omnichannel loyalists,4.907083344731484,-1.1734209613287743,0.1200494189003657
2678,1,Budget family browsers,-1.9698159619079931,0.09833193246670985,-1.5787617373279434
5790,1,Budget family browsers,-2.6204135959066854,-0.8477332249969628,-0.6743236027594204
236,1,Budget family browsers,-1.788484777427143,0.2387678543294819,-0.20254287709245772
6001,3,Deal-oriented wine shoppers,1.8087451920778534,0.8519326113521302,1.028164127159871
6250,3,Deal-oriented wine shoppers,0.19423787109477827,2.5076738917709367,0.7313695232567049
1168,2,Affluent omnichannel loyalists,3.099840406779237,-1.4242067405313996,0.7455181975820274
10749,1,Budget family browsers,-4.163757105529323,3.6755816050932815,-3.830113096782543
2926,3,Deal-oriented wine shoppers,0.9139819725329544,1.9681185236293959,1.4792945514828935
716,3,Deal-oriented wine shoppers,2.0117947002604954,0.9860073635996911,1.7022559535198805
6544,3,Deal-oriented wine shoppers,2.0117947002604954,0.9860073635996911,1.7022559535198805
4298,1,Budget family browsers,-3.137490531149655,-1.323315021488943,-0.4545083939193134
5823,1,Budget family browsers,-2.0358863329380688,-0.2371393233734937,1.435410614838176
8375,3,Deal-oriented wine shoppers,-0.3541339157477016,1.8772081313251519,0.8775601551709383
5723,1,Budget family browsers,-1.1117102615714,-0.7784634537591124,2.274318537533162
5763,1,Budget family browsers,-0.8638374587909661,0.5361527658894681,-1.0172421729584276
8727,3,Deal-oriented wine shoppers,2.579276609547615,1.9420626205268767,-0.037591480968579456
3056,3,Deal-oriented wine shoppers,2.579276609547615,1.9420626205268767,-0.037591480968579456
8442,1,Budget family browsers,-3.3956758245325362,-1.1151715867896688,-1.1436277878093866
3712,1,Budget family browsers,-0.645747183493783,-1.0528138743981412,1.2028611235341828
10722,3,Deal-oriented wine shoppers,0.21162972995202567,0.9754104703651648,0.666740734909348
2406,3,Deal-oriented wine shoppers,-0.032341322325003606,1.2650934042659918,1.2659769172210418
7313,2,Affluent omnichannel loyalists,4.174557656857051,-1.0177389735809301,-0.510319098554637
2656,1,Budget family browsers,-2.5275065947926194,-0.38710904515926897,0.5157093615579937
1993,3,Deal-oriented wine shoppers,-0.1519895891829287,1.4247017115451417,1.5190192779825236
4136,1,Budget family browsers,-2.6124967018199015,-0.06761705297643145,-1.824538057616411
2928,3,Deal-oriented wine shoppers,0.01957728843940475,0.9890964358159634,1.3058265101640825
2920,3,Deal-oriented wine shoppers,0.01957728843940475,0.9890964358159634,1.3058265101640825
6661,3,Deal-oriented wine shoppers,2.6401867637750134,2.4019209721708314,0.10973412980741312
5462,3,Deal-oriented wine shoppers,2.6401867637750134,2.4019209721708314,0.10973412980741312
10897,3,Deal-oriented wine shoppers,2.6401867637750134,2.4019209721708314,0.10973412980741312
10542,1,Budget family browsers,-2.7390159853643627,0.6948132632150141,-0.13415139041592514
5756,1,Budget family browsers,-2.4279625258401443,-0.9841511277631354,-0.08270367661832201
3570,1,Budget family browsers,-1.518928223046141,-0.2903010512658104,-0.22009831652456296
1072,1,Budget family browsers,-1.8398821349896592,0.01525289298296668,1.3058758818602936
9606,2,Affluent omnichannel loyalists,1.830041021950885,-0.9556645000994143,0.9544602535248213
2730,2,Affluent omnichannel loyalists,3.182309443379617,-1.5211302400526838,0.5369489799838935
2995,2,Affluent omnichannel loyalists,1.9198132715145624,-1.7465537307901062,1.411630047371944
8210,3,Deal-oriented wine shoppers,-0.3289474477671821,1.5532232232997594,1.1054746172136425
773,3,Deal-oriented wine shoppers,-0.521702692478719,2.4872488366507444,-0.7153848764196059
5272,3,Deal-oriented wine shoppers,-0.06895334191161412,1.952043847504319,0.3371642218645277
5125,2,Affluent omnichannel loyalists,3.6869954135700262,-1.4191313315594436,0.970036949522622
4391,3,Deal-oriented wine shoppers,1.3252423119757182,1.7432216550262778,0.7583246469622575
6283,3,Deal-oriented wine shoppers,1.3252423119757182,1.7432216550262778,0.7583246469622575
3421,3,Deal-oriented wine shoppers,1.3252423119757182,1.7432216550262778,0.7583246469622575
5731,1,Budget family browsers,-2.760674822281853,-1.3446038693291031,-0.24795287951001707
7152,1,Budget family browsers,-2.760674822281853,-1.3446038693291031,-0.24795287951001707
3919,2,Affluent omnichannel loyalists,2.8979223213878385,-0.9129084796724317,1.3820945646729503
6097,3,Deal-oriented wine shoppers,-0.952626084565331,3.8756402598681055,-1.6514661215156636
5150,1,Budget family browsers,-2.5627922038793867,-1.0759600841500712,-0.5499525477594662
10479,2,Affluent omnichannel loyalists,3.4256283852657354,-1.5817749446707454,-0.6247119340210804
5966,1,Budget family browsers,-1.8987397107544934,1.2785318880643435,0.40181105009754275
3439,3,Deal-oriented wine shoppers,-1.2407081410204994,1.4920750041626647,-0.16187126017638043
6609,1,Budget family browsers,-1.8739031355459443,-0.9485927433133333,-0.4743403814716578
5393,1,Budget family browsers,-2.797517359467821,-1.3669759476552643,-0.2918784092498235
9014,1,Budget family browsers,-2.722308496352195,0.9044326712979551,-0.044016406732257825
4050,1,Budget family browsers,-0.845125899126921,-1.6261868340304233,0.9813275688597967
6862,1,Budget family browsers,-4.871181572235157,3.853184599273758,-3.8326937255703157
8315,1,Budget family browsers,-2.148643996401364,-1.5021429445349723,0.6309353980880171
5184,1,Budget family browsers,-2.148643996401364,-1.5021429445349723,0.6309353980880171
3643,3,Deal-oriented wine shoppers,0.7534407269533806,-0.8028532170521214,1.5808712739220758
2589,1,Budget family browsers,-2.4256226960094605,-1.0621103117513562,-0.31003401050149443
4887,1,Budget family browsers,-2.0052965346044496,-0.47819224412655553,0.9781285916896776
10104,1,Budget family browsers,-3.40598403152571,-0.4952058326072282,-0.055592315229078135
3254,2,Affluent omnichannel loyalists,1.843559209273872,-1.57160330602509,-0.8413461593142139
2004,2,Affluent omnichannel loyalists,2.738214532315651,-0.6015026245097126,1.1258694370841378
6142,3,Deal-oriented wine shoppers,0.9753012398251821,-1.0137514994573122,1.2423022348613633
8553,1,Budget family browsers,-2.5295128678054253,-0.1921804162545949,0.7558912953103228
9805,3,Deal-oriented wine shoppers,1.2586146803407385,1.2364927123843716,0.3381038592127419
849,3,Deal-oriented wine shoppers,1.2586146803407385,1.2364927123843716,0.3381038592127419
1606,1,Budget family browsers,-2.78566933049125,-1.3043147901811707,-0.28872450009537315
125,3,Deal-oriented wine shoppers,-1.6848190756204107,1.9410444318910611,-0.06793282501956867
9305,2,Affluent omnichannel loyalists,4.3251800518625005,-1.1453127855335963,0.07696604988270907
4706,1,Budget family browsers,-2.0429858146445437,-0.5844434267901867,1.5645556164796663
4437,1,Budget family browsers,-0.9442299842244876,0.11096640217122204,0.9793499035779406
3081,1,Budget family browsers,-2.6619776628282628,-1.4018667823063549,-0.08534449022037997
3536,1,Budget family browsers,-2.00027211766858,-0.35068683459950356,1.0178298474740035
8686,1,Budget family browsers,-2.580536680353426,-0.8912160484538981,-0.9281116730167458
9707,3,Deal-oriented wine shoppers,0.24394010674216146,2.0456438370786114,1.4428549205633794
10872,3,Deal-oriented wine shoppers,0.24394010674216146,2.0456438370786114,1.4428549205633794
9058,2,Affluent omnichannel loyalists,3.676654387438073,-0.08156906060525543,0.4242406397710578
4640,2,Affluent omnichannel loyalists,3.541272339250633,0.476161770872783,0.5644037899007278
2525,3,Deal-oriented wine shoppers,0.8923996862112574,-0.7185351456673593,-0.9261887363576333
9503,1,Budget family browsers,-0.8110840878890478,-0.38211740873909505,-0.8455601808362657
10704,3,Deal-oriented wine shoppers,0.9254023767358481,1.2016592421958139,0.7633224462665763
2669,2,Affluent omnichannel loyalists,3.360044461260787,-1.6365070758908804,-0.8407213888961401
10037,2,Affluent omnichannel loyalists,3.360044461260787,-1.6365070758908804,-0.8407213888961401
5680,1,Budget family browsers,-2.497538982327152,-1.4803405065634663,0.0031084643320474048
3726,1,Budget family browsers,-2.890399133947358,-1.3121211783148397,-0.28674264865291704
4548,1,Budget family browsers,-2.231873039104878,-0.7061759211423584,1.0670725051136811
4599,3,Deal-oriented wine shoppers,-0.8599628728817647,3.5033047130475405,1.3224071751410815
879,3,Deal-oriented wine shoppers,-0.8599628728817647,3.5033047130475405,1.3224071751410815
7409,1,Budget family browsers,-1.2382931287356367,-0.5104956936250824,0.15894483307012616
1964,2,Affluent omnichannel loyalists,4.4130837695851906,-1.8496106011265883,-0.557020549016494
0,2,Affluent omnichannel loyalists,3.426707587568531,-2.1333660498363125,-0.22915781688099765
4860,1,Budget family browsers,-2.707347514968935,-1.4982513360633671,-0.10573791792016321
425,3,Deal-oriented wine shoppers,0.489531125760045,0.15482028102222592,-1.7784940842343004
9500,3,Deal-oriented wine shoppers,1.943953135717305,1.312555721448965,-1.2122243914494393
3074,2,Affluent omnichannel loyalists,3.2925038682472754,-0.7056995922166199,-0.4934279590106872
5140,3,Deal-oriented wine shoppers,1.451369588470533,0.861508362620418,-0.9523516654861648
2611,2,Affluent omnichannel loyalists,3.7501935672935542,-1.2989117403274157,1.2426544573345875
916,1,Budget family browsers,-2.2346322235405274,-0.5620078249036187,1.1664071961217737
10413,2,Affluent omnichannel loyalists,4.674924890225969,-1.1704337145227621,-1.4074230205429976
3696,1,Budget family browsers,-2.7261387637190126,0.05515515086459715,0.3469448085651244
304,1,Budget family browsers,-2.5709870272830257,-0.4444996048169448,-0.8246117059603562
5113,2,Affluent omnichannel loyalists,3.7024799476747408,-1.7222725497475275,0.16926145230517683
2863,3,Deal-oriented wine shoppers,0.047932981681700376,2.718839923306661,0.5100725387888488
4597,2,Affluent omnichannel loyalists,4.744976757326541,-1.286504074434461,-0.09349502799331365
675,3,Deal-oriented wine shoppers,-1.2903464620773015,1.574433734394932,-0.2859448744094133
4483,2,Affluent omnichannel loyalists,3.706765226688823,-1.7669540664281085,-0.3090796176009421
1502,1,Budget family browsers,-2.7522749684781638,-0.8126277603015687,-0.578649585106564
736,1,Budget family browsers,-2.7522749684781638,-0.8126277603015687,-0.578649585106564
4487,1,Budget family browsers,-1.996238895062752,-1.256652556195123,-0.23501777991974387
3412,3,Deal-oriented wine shoppers,0.20635706331499423,1.6949962214084144,1.2177277217675855
1744,1,Budget family browsers,-2.176313366048082,-0.5520620404816543,1.116941131408722
5837,3,Deal-oriented wine shoppers,-0.8239347869838297,2.5168079718344427,-0.5864499534390909
3422,3,Deal-oriented wine shoppers,0.8175540162999738,0.4829545233674141,1.6112655217765097
7462,3,Deal-oriented wine shoppers,0.3631847677259549,0.5203030672603798,-2.2811456635053005
10702,1,Budget family browsers,-0.3663256987271119,-0.08746082094760223,-0.9369754456658804
2115,1,Budget family browsers,-2.217138334336725,-0.22368232518690823,1.0470015319833919
4138,2,Affluent omnichannel loyalists,3.503934330618546,-0.4414333794112287,0.7209436077667123
11091,1,Budget family browsers,-2.467007008098093,-0.4692418419768625,0.9442500415686585
7712,2,Affluent omnichannel loyalists,1.4703179074982091,-0.7779281210682907,0.2082541319872086
3535,2,Affluent omnichannel loyalists,2.54064109055355,-1.645987098388267,-0.7023438567525647
5899,1,Budget family browsers,-4.861373054255085,0.8874233523437973,-1.8005851421482897
8749,1,Budget family browsers,-2.1410643929356845,-1.713083323217934,0.22356043968300934
10955,2,Affluent omnichannel loyalists,3.4309179044916207,-2.203831405941332,0.5365731711640501
9491,1,Budget family browsers,-2.4868934474513447,-0.42823054774578645,-0.7469218966279577
5286,1,Budget family browsers,-0.7902894794543613,-1.2928712518674996,0.9481048395131326
3409,1,Budget family browsers,-1.6277692891641335,0.5278352843076326,-1.3076371814943317
2544,1,Budget family browsers,-0.9278847044216084,-0.9745341768980115,2.4566431426554916
2118,3,Deal-oriented wine shoppers,2.007138951993048,0.5906990663080612,-0.5014177573080995
9370,2,Affluent omnichannel loyalists,2.1353508765423554,-0.7710095410564175,-0.2985329428409182
4864,1,Budget family browsers,-2.1896818304511654,0.12160314518039438,-1.0421354280399326
405,3,Deal-oriented wine shoppers,-0.7729591998384355,1.6790108737365044,0.23550834204488874
10513,2,Affluent omnichannel loyalists,3.272090533630573,-1.898674155571013,-2.0996455513922334
5138,1,Budget family browsers,-2.4399435628843142,-0.27968299954615494,1.0351184493477155
8387,1,Budget family browsers,-1.1794188728553419,0.1323664758743723,1.3564500607280345
378,2,Affluent omnichannel loyalists,2.0655681662578997,0.049360050652026435,-1.4792707444668212
5846,1,Budget family browsers,-2.578797743077003,-1.5264156096072121,0.09389274502641273
8870,3,Deal-oriented wine shoppers,-0.5890354710614761,1.3703218651192044,-2.7676622626893073
10340,3,Deal-oriented wine shoppers,-0.5890354710614761,1.3703218651192044,-2.7676622626893073
7290,2,Affluent omnichannel loyalists,2.0238991442208554,-1.150207244173806,1.509075529803832
8895,2,Affluent omnichannel loyalists,2.0238991442208554,-1.150207244173806,1.509075529803832
3635,3,Deal-oriented wine shoppers,0.035318572124823366,1.4654970656921682,1.3742216787172048
11178,1,Budget family browsers,-2.533596978641025,-1.330601525915536,-0.00209600594280053
2410,2,Affluent omnichannel loyalists,2.9318617242244094,-1.8230766573938604,0.43900780395496564
3281,3,Deal-oriented wine shoppers,-0.7924783918064149,1.8493900300203823,-0.45854096566030267
9905,1,Budget family browsers,-1.7880696282700557,1.1796595379237718,-0.22169903883260758
2437,2,Affluent omnichannel loyalists,3.4726456256828238,-0.6204123711673805,-0.11018502475631005
2565,2,Affluent omnichannel loyalists,1.9704503041805281,-0.24045058990798804,1.5071817398408676
7912,1,Budget family browsers,-2.190233723283532,-0.6977366691550174,-0.8663125599803464
7072,2,Affluent omnichannel loyalists,3.7708634384569786,0.3419156081527445,-1.5232049968284158
1409,3,Deal-oriented wine shoppers,-0.7371043374000396,2.844398855986497,-0.6172918489931783
5314,3,Deal-oriented wine shoppers,-0.7371043374000396,2.844398855986497,-0.6172918489931783
7215,2,Affluent omnichannel loyalists,4.084472536541664,-0.1455141253269529,0.8239109490566859
8858,3,Deal-oriented wine shoppers,-0.6984761683264881,2.2594119834987927,0.7856031267747009
895,3,Deal-oriented wine shoppers,0.2545057207341949,2.272836973707949,2.1136531032050576
10313,1,Budget family browsers,-1.8764937042883323,2.0118683953159366,-0.44846264875269065
642,1,Budget family browsers,-2.538805643461079,-0.5888626103320361,-1.3677478237685654
8504,2,Affluent omnichannel loyalists,4.078073370783636,-1.3898926497228115,-0.7814515137454102
1020,2,Affluent omnichannel loyalists,4.078073370783636,-1.3898926497228115,-0.7814515137454102
3717,3,Deal-oriented wine shoppers,1.397261917371097,1.0237251417976512,0.5668715140965354
7646,2,Affluent omnichannel loyalists,1.804498708155985,-0.03137304907098697,-1.336177658187973
5796,2,Affluent omnichannel loyalists,2.6877284585535555,-0.9101015850729179,1.6338353473376463
8625,1,Budget family browsers,-2.907656309340289,-0.4000423625500419,-0.8309403482291943
5407,3,Deal-oriented wine shoppers,1.5025842115383996,3.3026092305739096,-0.3655679326102235
4356,3,Deal-oriented wine shoppers,1.3410211026376218,1.618904861564827,0.82909288175638
2886,3,Deal-oriented wine shoppers,1.8315016705649751,2.9370713023630075,1.636553156009832
10057,2,Affluent omnichannel loyalists,3.3754962426414035,-0.36718690586747055,-1.2012616436360595
10741,3,Deal-oriented wine shoppers,-1.0020239441821621,1.4320206343443846,0.6779162733628236
5491,3,Deal-oriented wine shoppers,-1.0020239441821621,1.4320206343443846,0.6779162733628236
4442,1,Budget family browsers,-0.7511211926313228,-0.4051977481663429,1.3468506068347699
3972,3,Deal-oriented wine shoppers,-1.3220936269435917,2.4946809508420125,-0.6604179531267323
2431,1,Budget family browsers,-2.2864162980313614,-1.1095836178952894,-0.006831652078473475
7899,3,Deal-oriented wine shoppers,1.6829868069837093,0.9278115606492714,1.4622370377693594
9703,1,Budget family browsers,-2.107221222544293,0.9399834040977838,-0.21211705184005367
6927,3,Deal-oriented wine shoppers,-2.0608084857502504,2.6492258913989137,-0.47044250052383535
7005,2,Affluent omnichannel loyalists,1.6858304185268653,-0.4438738447639901,0.9681994298608387
246,3,Deal-oriented wine shoppers,-0.8289435571542435,1.745426856684499,0.3634252200064871
4796,1,Budget family browsers,-1.3986261112186038,-0.9649834122517174,2.1529631158945524
4725,1,Budget family browsers,-1.1972157555431961,-0.8364600425149884,2.2604586061312673
3286,1,Budget family browsers,-2.5836555776459305,-1.0334544175140548,-0.2558875787353187
10680,1,Budget family browsers,-2.4807430033904434,-1.0242495602369994,-0.20172604140964556
4297,1,Budget family browsers,-2.871577809063935,-0.8425657835027972,-0.565855946614952
7327,1,Budget family browsers,-1.9411112658906857,-0.34102278351580956,1.109402775463836
1553,2,Affluent omnichannel loyalists,6.153803754029702,-1.0105991898760807,-2.051969456521844
1665,3,Deal-oriented wine shoppers,1.5316108794128078,3.3366158361396483,1.49626922323565
10640,1,Budget family browsers,-1.8662464296232928,1.3328697934153546,-0.1803068281311322
7620,1,Budget family browsers,-2.469723583636453,-0.862286371299927,-1.101848390461244
7761,1,Budget family browsers,-1.9016683686651568,-0.7789522895974099,-0.4939114568708456
5062,1,Budget family browsers,-2.5912278718385986,-0.1464764532399596,0.6914880414467951
6349,2,Affluent omnichannel loyalists,2.486760044891633,-0.3788905875758821,-0.5687499979050072
3386,1,Budget family browsers,-1.61469834428672,-1.1085804859009711,0.38195273963529414
8175,1,Budget family browsers,-1.61469834428672,-1.1085804859009711,0.38195273963529414
6245,3,Deal-oriented wine shoppers,0.45163694981747315,0.24378837573625448,1.9755874270057174
8780,3,Deal-oriented wine shoppers,0.45163694981747315,0.24378837573625448,1.9755874270057174
2276,3,Deal-oriented wine shoppers,1.6315252978514931,1.3106639329547904,1.2755944622187516
1172,2,Affluent omnichannel loyalists,3.935618757115595,-0.3375065913841307,1.414332132547253
3225,1,Budget family browsers,-1.4218162951524054,0.0855826587017022,-0.7521768229575388
8629,1,Budget family browsers,-2.3113793565027727,-0.5973314904745791,1.074472475531149
798,1,Budget family browsers,-2.7854307305820374,-1.396919745998291,-0.27256537252549334
269,3,Deal-oriented wine shoppers,0.6048413812034789,2.565456225445468,-0.4791430755535211
8213,1,Budget family browsers,-2.3422909282963253,-0.36532535445436737,-1.2120974470443768
10245,2,Affluent omnichannel loyalists,2.1596812393023868,-1.7916093927929593,0.7295950405046421
2447,1,Budget family browsers,-2.4237581966862187,-0.9879267492496617,-0.583778794519031
9817,3,Deal-oriented wine shoppers,0.9723354847449314,1.2896923447562343,0.32283961037422443
1371,2,Affluent omnichannel loyalists,4.073256233866261,-2.0889343498232957,-1.3443231048982591
8093,2,Affluent omnichannel loyalists,1.513189126574702,-1.2332867551028432,1.5406759663968381
713,3,Deal-oriented wine shoppers,0.5941091963800149,-1.2775322955900554,0.5597004919548664
11051,3,Deal-oriented wine shoppers,0.4379229606589163,1.5513750038210525,1.0161175657966466
5545,2,Affluent omnichannel loyalists,1.7322257786592694,-1.240991773147399,1.3238367915201006
5283,1,Budget family browsers,-1.9871916815282153,0.280315908547243,0.6576649658366415
5010,1,Budget family browsers,-2.8632416655070863,-0.9840470575985049,-0.5782264355139712
7495,1,Budget family browsers,-0.8883068926450187,-0.19447004816681157,1.6427302994110622
4368,1,Budget family browsers,-1.7721077765147681,-1.145682277153817,-0.08685461097197249
6303,2,Affluent omnichannel loyalists,4.657691293750194,-1.8871126033059444,0.38790993783405275
1030,1,Budget family browsers,-2.696300307713344,-0.09222504305047176,0.620366411691685
10364,1,Budget family browsers,-2.4932755753313582,-1.311286454963462,0.18908031783094076
6945,2,Affluent omnichannel loyalists,4.185537773764719,0.3094337988091157,-0.12014138837042225
8562,1,Budget family browsers,-0.39929344984664705,-1.4559798688350374,1.5133819217468163
2918,1,Budget family browsers,-2.3668776693848668,0.189186695828309,0.4675289589240746
9167,3,Deal-oriented wine shoppers,2.2248729167350065,1.714177498097787,0.002261866124511912
4743,3,Deal-oriented wine shoppers,1.1761758762250354,2.7836826009770164,0.6665775088756917
10742,2,Affluent omnichannel loyalists,1.0946191889098584,-1.481808310496918,1.8518350789409634
10965,2,Affluent omnichannel loyalists,3.560650539880692,-0.7058765581168335,-0.08885273157866674
7129,3,Deal-oriented wine shoppers,1.0743415700210566,3.240242202529351,0.4682374919619507
3732,3,Deal-oriented wine shoppers,1.7617295921288287,1.6941868407412308,0.17739238149138886
7124,1,Budget family browsers,-2.140917201094596,0.8148741498317832,0.2415502572332057
10686,1,Budget family browsers,-2.8868148109474574,-0.4597918458884775,0.6614952268211909
7247,3,Deal-oriented wine shoppers,-0.0897287107811925,2.316017301085931,0.6583141554673245
1513,3,Deal-oriented wine shoppers,1.9560428830380976,3.663701026987021,-3.3995201298321898
460,2,Affluent omnichannel loyalists,3.3733770285622513,-1.6183763460647869,0.8403362937519703
6653,3,Deal-oriented wine shoppers,-1.1040354326055077,1.7067549444350443,0.14321212346426493
9400,2,Affluent omnichannel loyalists,2.6857286613650055,-0.8737360689257523,1.196419844623387
7106,2,Affluent omnichannel loyalists,2.6049095491543444,-1.580059250142859,1.4224706900353143
4252,3,Deal-oriented wine shoppers,-0.7905695653072455,0.23137550868784698,1.4320957870793494
9240,3,Deal-oriented wine shoppers,-0.09357411316506446,1.2561521783092493,1.4892967379745745
10770,2,Affluent omnichannel loyalists,4.422759277162502,-1.5233117964605931,-1.1921497651164128
176,3,Deal-oriented wine shoppers,0.4281245161492121,-0.20363759561927786,1.229764872857166
6870,3,Deal-oriented wine shoppers,-0.08050808778727155,-0.27484520310314653,2.2935305031400652
143,2,Affluent omnichannel loyalists,1.6296410874709812,-1.1364707239188006,0.180572324894775
6445,2,Affluent omnichannel loyalists,2.020343508525823,-1.6082013357715934,0.42081219705045625
4278,2,Affluent omnichannel loyalists,3.9028858497024914,-0.4591093835357176,-0.13966966293260624
6906,2,Affluent omnichannel loyalists,2.984690509757171,-1.8870124810252382,0.4635380207389485
4637,2,Affluent omnichannel loyalists,3.628676952763951,-0.7272013512564162,0.7367989430290517
8690,2,Affluent omnichannel loyalists,3.53782928438779,-0.8329646146227985,0.7556081993410116
1173,2,Affluent omnichannel loyalists,3.57887759114437,-0.8783596151538157,0.33459499789196895
1928,1,Budget family browsers,-2.734931365705532,-0.6399163254044197,-0.7054068159379355
9029,2,Affluent omnichannel loyalists,3.632160667193185,-1.5418494257794495,1.143051832638188
10299,2,Affluent omnichannel loyalists,2.011995173139336,0.10612134538547197,-0.5545812062762835
9246,1,Budget family browsers,-0.9981712554831854,0.5563271030827456,-1.180042658232606
4943,2,Affluent omnichannel loyalists,1.8300745349238092,-0.11136878304756014,1.0843529202775373
4122,2,Affluent omnichannel loyalists,1.9818277338474,-0.9448654398696293,0.05848406853339055
2853,1,Budget family browsers,-0.7711342589497825,-0.810750832428713,-0.5777091180876994
902,1,Budget family browsers,-0.9402604699137551,-0.5110632500571355,0.07221406059654678
1672,3,Deal-oriented wine shoppers,0.5504670952037111,0.1407868119473525,1.8444731262198437
7254,1,Budget family browsers,-2.1094158281399786,-0.48899475527843134,-0.5782092443338498
8775,1,Budget family browsers,-2.1094158281399786,-0.48899475527843134,-0.5782092443338498
9543,1,Budget family browsers,-2.9422538618596183,-1.5408469197819872,-0.20930972323536592
7093,1,Budget family browsers,-2.9422538618596183,-1.5408469197819872,-0.20930972323536592
2894,2,Affluent omnichannel loyalists,3.511552394629379,-0.4893765316071432,0.4043969214486371
5956,3,Deal-oriented wine shoppers,-1.8930401168948885,2.74730632266265,0.4156405078304614
1921,1,Budget family browsers,-2.422889064811161,-0.2552225403684257,0.5532731957027895
5057,3,Deal-oriented wine shoppers,1.454705130985537,-0.006127583712165233,1.4899649775198642
10260,3,Deal-oriented wine shoppers,-1.0403212107285011,1.1747164617629209,0.8556463295127289
2262,3,Deal-oriented wine shoppers,-1.0403212107285011,1.1747164617629209,0.8556463295127289
7930,1,Budget family browsers,-1.0254402282357569,-0.6704880614335711,0.032544916275177575
1461,1,Budget family browsers,-2.647737209014174,0.03980510858567792,0.5000066452552739
7514,1,Budget family browsers,-1.66660126958187,0.7909122736554104,0.2758210923690926
6461,3,Deal-oriented wine shoppers,2.2519384968698373,0.5212948880366849,1.5087466977595114
257,3,Deal-oriented wine shoppers,1.6282209595788402,0.8492648407542174,2.1961847110126667
9460,1,Budget family browsers,-1.694400232623017,-0.9737660538723044,-0.266415765019992
3855,1,Budget family browsers,-1.694400232623017,-0.9737660538723044,-0.266415765019992
367,3,Deal-oriented wine shoppers,0.6213757577768592,0.8970794532181472,-3.898169809114344
9265,3,Deal-oriented wine shoppers,2.543784073770327,1.3055646724793477,0.3459762137906771
1990,2,Affluent omnichannel loyalists,3.009812693711038,-1.2664685707982057,0.5269499481775777
3594,3,Deal-oriented wine shoppers,-0.4419586648025598,5.181822251013634,-1.576339566218851
9292,2,Affluent omnichannel loyalists,4.463315817515859,-1.7332479931317024,-0.2714205503963107
6218,3,Deal-oriented wine shoppers,-0.3713393723388673,1.2522195615978762,1.488448741802917
6528,1,Budget family browsers,-3.139496370744481,-1.3416172146038075,-0.4037775311904056
10164,2,Affluent omnichannel loyalists,2.9840552029577987,0.08553897098798802,1.0949203984934621
9937,2,Affluent omnichannel loyalists,1.9120777177159407,-1.3494701081151728,0.7449062708832488
274,1,Budget family browsers,-2.56128362110175,-0.09956805938822173,0.622074062040013
5250,2,Affluent omnichannel loyalists,4.682474585398866,-1.5353420820636325,-1.3209531464064561
11010,1,Budget family browsers,-2.9336105247340885,-0.40475060674096597,-0.7995267042150551
6969,1,Budget family browsers,-1.4169757088726274,-0.28502816791020447,-0.56246835518704
10735,1,Budget family browsers,-3.089586229323755,-1.0588801679504003,-0.551754001035228
5068,1,Budget family browsers,-3.089586229323755,-1.0588801679504003,-0.551754001035228
9974,1,Budget family browsers,-2.3796293031436093,-1.0974254808212298,-0.3864978215986895
7053,2,Affluent omnichannel loyalists,3.3633315191507056,-1.5851069888709255,1.389526219215196
3179,2,Affluent omnichannel loyalists,4.574096089054938,-2.2577744176109156,-0.5037295404924024
8082,1,Budget family browsers,-2.690093964668897,-1.4163801973716588,-0.28109987350023796
1362,3,Deal-oriented wine shoppers,0.6259441311695979,-0.9176472740885873,-1.652343852561527
6768,1,Budget family browsers,-2.9283824141859935,0.9488962989684073,1.1746155025523486
2375,1,Budget family browsers,-3.1043313788192597,0.49747534846155217,1.2634028150136112
6856,1,Budget family browsers,-2.858021048509626,-0.23400512688093916,-1.0113952805363033
4066,1,Budget family browsers,-2.5423181656115763,-1.096278732259986,-0.4340413479079629
4333,1,Budget family browsers,-2.6815460566566425,0.6455471214374879,0.24000014847707657
2948,1,Budget family browsers,-0.4722067593664029,-0.6390518202086086,2.3176733659763347
4927,1,Budget family browsers,-3.381005222542519,-0.3349334334891721,-1.757334929046973
7426,1,Budget family browsers,-1.2174850861084208,0.19608835750384454,0.9766414702862679
8360,1,Budget family browsers,-1.2174850861084208,0.19608835750384454,0.9766414702862679
4058,3,Deal-oriented wine shoppers,0.9453095826925783,0.7759583166470436,0.4369006565883338
10755,1,Budget family browsers,-2.438483816040489,-0.506710779313934,-0.8859452517223725
8414,1,Budget family browsers,-2.0492271816720202,0.19806191318631647,1.1162614840280574
6810,2,Affluent omnichannel loyalists,2.807009692917069,-1.9083572100788866,0.1608963443903321
3839,1,Budget family browsers,-2.290489708242179,0.6655331688224257,-0.2462415483806598
3483,2,Affluent omnichannel loyalists,2.503403770090469,0.09604923370819025,-0.5371287108122207
238,3,Deal-oriented wine shoppers,2.1035486945438455,5.10616029114637,-3.156305465557394
591,3,Deal-oriented wine shoppers,1.1142506159743724,1.1994952612154686,0.2104185725311234
5063,1,Budget family browsers,-2.303118061771025,-0.11760147098608792,-0.8958994453904744
4303,1,Budget family browsers,-4.204092976071513,0.5656176410996023,-0.8304723305220763
2258,1,Budget family browsers,-2.7142957655563964,-1.282782098819405,-0.2764013239816664
7301,1,Budget family browsers,-2.494105190274755,-0.6667402311439307,-0.9335497460962892
11121,1,Budget family browsers,-2.748355290919943,0.09479931985192108,-1.3161291001163762
5287,1,Budget family browsers,-2.3772563699368883,-0.4618921199717148,-0.39446126051903735
6457,3,Deal-oriented wine shoppers,1.726135618374832,1.1162873291765438,1.414906147908353
3559,1,Budget family browsers,-2.528860342305481,-0.8037693949180159,-0.5895472043234775
5577,1,Budget family browsers,-2.5091733060007018,-1.509262809535165,0.2113174026235201
641,1,Budget family browsers,-1.2231964048555595,-0.4243830087438667,1.7299609922749848
954,1,Budget family browsers,-1.593379814807718,-1.4548555279972317,0.35026422663739304
1834,1,Budget family browsers,-2.4875229989509933,-1.2103539629810578,-0.10686411254332755
8789,1,Budget family browsers,-0.4300050232088383,-0.820880136048815,-0.3138366653525306
10584,2,Affluent omnichannel loyalists,3.353384609259792,-0.644911749600348,0.33621446542847827
2337,1,Budget family browsers,-2.5114844288153972,-0.6026826522726008,-0.3204819934607706
6071,2,Affluent omnichannel loyalists,3.674658102971022,-1.4054422459277582,0.4837453541139927
295,2,Affluent omnichannel loyalists,3.674658102971022,-1.4054422459277582,0.4837453541139927
10203,1,Budget family browsers,-2.713999243565779,-1.3682486646427117,-0.21374734284794192
3968,3,Deal-oriented wine shoppers,1.941699324186433,1.6007875632479074,0.2341065720634925
4037,1,Budget family browsers,-2.7793275580476005,-1.4278107064007548,-0.12229964563408262
6932,2,Affluent omnichannel loyalists,3.9096246373394092,-0.8310573557371393,1.82244364020142
10159,3,Deal-oriented wine shoppers,3.039054427720486,2.9450235288703683,-1.4575147864085218
1177,1,Budget family browsers,-2.1609048307372056,0.8544802322624903,0.285782056639075
9426,3,Deal-oriented wine shoppers,-0.033000064808991765,1.5614573842586998,0.5864066430443686
10637,1,Budget family browsers,-2.3272491225989156,1.078075096349857,1.0030123265671473
10826,1,Budget family browsers,-2.3126465471816,-1.311951342441763,0.049129496872465754
4086,1,Budget family browsers,-2.3126465471816,-1.311951342441763,0.049129496872465754
10304,1,Budget family browsers,-2.3126465471816,-1.311951342441763,0.049129496872465754
7998,1,Budget family browsers,-2.471569239126366,0.28829541527917135,0.10065995819986272
10992,3,Deal-oriented wine shoppers,1.2142325869169603,1.9096030552982075,0.007472869184932392
6383,1,Budget family browsers,-2.656559771033805,-0.6404244932316613,-0.4215069086048836
10536,1,Budget family browsers,-2.656559771033805,-0.6404244932316613,-0.4215069086048836
6036,2,Affluent omnichannel loyalists,4.444088421295889,-1.1461462895680097,0.4222302739844771
11092,1,Budget family browsers,-2.797815419461117,0.008840838474300993,0.424007403837602
538,1,Budget family browsers,-1.4771317903468058,-1.7135685199373976,0.4198830672956971
10022,1,Budget family browsers,-2.357647462491188,-0.6563750371244479,1.259627891615768
10157,3,Deal-oriented wine shoppers,-0.165977922965869,-0.24140962087933915,1.5153841737006026
3503,2,Affluent omnichannel loyalists,2.056345179607752,-1.591717265526146,1.161061461723417
146,2,Affluent omnichannel loyalists,2.8646205185308844,-1.03441578189556,1.2468198113050108
5538,2,Affluent omnichannel loyalists,5.312608724268884,-2.470495670669103,-0.7139918306800396
3910,2,Affluent omnichannel loyalists,5.312608724268884,-2.470495670669103,-0.7139918306800396
4227,1,Budget family browsers,-2.3752946681592824,0.1151656344003959,0.6416129370710876
6634,1,Budget family browsers,-2.546222908379052,-1.1786040525031798,-0.12343524286548767
8916,1,Budget family browsers,-3.020099053706201,-1.7572649632288455,-0.24348777962671325
6460,1,Budget family browsers,-2.6406138353003126,-0.8144725621833634,-0.6192412979629842
5883,2,Affluent omnichannel loyalists,1.9039642910939285,-0.2850066613890966,-1.7027474644355232
10091,3,Deal-oriented wine shoppers,1.3557562926405131,0.560183230102144,0.769840853822823
697,2,Affluent omnichannel loyalists,3.5663891908909284,-0.9261730345174995,0.9992515363739376
2607,3,Deal-oriented wine shoppers,-0.18933474059956767,2.7650784832676734,-0.00020119237192279033
8427,2,Affluent omnichannel loyalists,3.191609644525728,-0.7678875778173961,0.1016545775895207
217,2,Affluent omnichannel loyalists,3.191609644525728,-0.7678875778173961,0.1016545775895207
6202,3,Deal-oriented wine shoppers,2.611002272442649,1.434972821514127,0.7066364443372652
3856,3,Deal-oriented wine shoppers,2.611002272442649,1.434972821514127,0.7066364443372652
10648,2,Affluent omnichannel loyalists,3.7467529092550405,-1.8695491026955307,-0.9377244135630171
5120,2,Affluent omnichannel loyalists,3.7467529092550405,-1.8695491026955307,-0.9377244135630171
6749,3,Deal-oriented wine shoppers,1.8256624691099754,1.595896018868041,-0.6156558837787727
1584,3,Deal-oriented wine shoppers,-0.9042797446043075,1.5545527730010296,-1.8483672335791257
9559,3,Deal-oriented wine shoppers,1.2470446713764693,1.89076967487506,2.0739334974243584
771,1,Budget family browsers,-0.686004899285424,-0.5903413773392998,2.3477735414411787
5237,1,Budget family browsers,-2.2067491173924005,1.0943372543846115,1.5598030841002903
2461,1,Budget family browsers,-2.074796001972223,-0.5297077113650427,1.3895245450662488
5474,1,Budget family browsers,-1.4789663327513078,-0.341995605214543,-0.6040951522935964
2895,1,Budget family browsers,-1.0613362147392325,0.15727263551449047,1.5285657677178859
7972,2,Affluent omnichannel loyalists,2.650383578968645,-1.598578378032106,0.8577139815788293
10067,1,Budget family browsers,-3.0262017945407074,-0.4765840374293531,0.5969546739116128
500,2,Affluent omnichannel loyalists,4.919137445763553,-0.9535252004908291,0.4919988137508993
922,1,Budget family browsers,-2.8556491915623985,-0.03102342882280653,0.29693062447440105
2861,1,Budget family browsers,-3.033001954730106,-1.3174142896214125,-0.311150576931994
375,2,Affluent omnichannel loyalists,2.392746048370386,-1.6413386945385833,1.2840360229827728
10936,2,Affluent omnichannel loyalists,5.614223958926572,-1.590788204721466,-2.8524268305960754
10314,2,Affluent omnichannel loyalists,3.77990126253698,-0.03371553233553352,-0.3657262483264961
4240,1,Budget family browsers,-2.799365185919853,-0.9258122566668471,-0.7547737354162496
2674,2,Affluent omnichannel loyalists,2.8151259027086395,-0.11488561847318776,0.2175943402489602
2563,1,Budget family browsers,-1.915446549579054,-1.3388715238727549,0.48387625124101513
8312,1,Budget family browsers,-1.915446549579054,-1.3388715238727549,0.48387625124101513
6999,3,Deal-oriented wine shoppers,1.5729413002645334,-0.045656345197667564,1.4971673783839399
7574,1,Budget family browsers,-2.309136339742352,-1.5433792279595038,0.2658719868595908
5223,1,Budget family browsers,-1.4579768910791882,-0.2830783544197809,1.6781782078496634
2952,1,Budget family browsers,-2.2967406690489662,-0.8643400047643576,-0.13771076847044622
7683,3,Deal-oriented wine shoppers,1.4170055088019742,1.3546467790394567,1.707385730263708
9481,1,Budget family browsers,-2.623705760186683,-0.1251196380465228,-1.122422992967749
9907,3,Deal-oriented wine shoppers,1.9512262810290608,1.2133043137482045,1.707762852022478
5454,1,Budget family browsers,-2.187108708454092,-1.3906148148755666,0.3900681799024299
3798,1,Budget family browsers,-2.236531240592667,0.2736941382618192,0.4744405339525279
7281,1,Budget family browsers,-0.5548326284131784,-1.7004074594175163,1.4124719674014456
4259,1,Budget family browsers,-3.538703672799473,-1.4721861097854028,-0.8023778185556176
2549,1,Budget family browsers,-3.1097568060634084,-1.1414144982259131,-0.4045497380660782
6437,1,Budget family browsers,-2.2885843788263207,-1.2286920100542071,-0.13746203469007223
2488,1,Budget family browsers,-2.499403803963517,0.4993356934103754,0.3266223524544291
3945,3,Deal-oriented wine shoppers,1.522300109407186,1.6664220342460587,0.9749423699393301
702,3,Deal-oriented wine shoppers,0.9342827888982117,0.7376478251768233,-0.14782436325687512
9010,2,Affluent omnichannel loyalists,5.899471194246438,-0.9177568839493373,-0.8970264226770953
9710,3,Deal-oriented wine shoppers,0.2511553370008889,2.2627317160625617,1.130201820406655
1509,2,Affluent omnichannel loyalists,2.315044062513827,-0.623047193591195,-0.11069581070481276
9120,3,Deal-oriented wine shoppers,0.790767441244591,1.6970261192304144,0.6224792021022408
5252,1,Budget family browsers,-2.586180113231822,-1.2422723806927638,-0.3387369104356839
5959,1,Budget family browsers,-2.330777746796511,1.7305327610286207,-0.15333362378739945
7441,2,Affluent omnichannel loyalists,2.707130333183607,-0.0592764050843514,-0.5499625173239387
4271,1,Budget family browsers,-0.7564927092575228,0.5278144346506826,-2.0177297636389033
4095,3,Deal-oriented wine shoppers,-0.5087794055127772,1.4340119279111343,-2.3147202341893207
8852,3,Deal-oriented wine shoppers,2.6756560698922707,2.360495238167172,-0.9304786793177211
7698,1,Budget family browsers,-1.1258395647449309,0.017872766954359846,1.7514926019752808
4174,1,Budget family browsers,-1.0935975809922,-0.511027498902372,2.2122404241184235
3182,1,Budget family browsers,-1.8361464549576345,2.0145205641823414,-0.6354756832944853
193,1,Budget family browsers,-2.349051575869294,-1.6482684467231405,0.654528665052116
5229,1,Budget family browsers,-1.9500681244191558,-0.3237106736360221,1.6369555390339465
5555,1,Budget family browsers,0.13241743490817603,-2.51814652410187,3.2087740784967402
7732,2,Affluent omnichannel loyalists,1.6103062689354113,-0.587582224936279,-1.1578157367738402
310,3,Deal-oriented wine shoppers,0.6019668067090631,1.0327577229628637,1.4662517198431297
6261,3,Deal-oriented wine shoppers,0.4236387587437183,0.5892030632213352,1.3782152624863986
6274,2,Affluent omnichannel loyalists,3.237054102181504,-0.19484204203156177,1.362455225704865
1655,1,Budget family browsers,-2.602346301699104,-1.3379330247659385,-0.047918473141575116
2740,1,Budget family browsers,-2.273378915589012,0.4815316152813664,0.586818521358563
4328,1,Budget family browsers,-2.3940561026753984,-1.0908176744738944,-0.37462511453516173
17,3,Deal-oriented wine shoppers,1.998543361458235,1.628765143619099,0.8674236931256818
9153,2,Affluent omnichannel loyalists,2.490506530959611,0.9378052523044511,0.590683195403188
520,1,Budget family browsers,-2.6969565189097313,-1.4194601233204767,-0.09839543882480727
8372,1,Budget family browsers,-2.6969565189097313,-1.4194601233204767,-0.09839543882480727
73,1,Budget family browsers,-2.4807878246203714,0.192849995548009,2.0638835793467307
2002,2,Affluent omnichannel loyalists,3.7681892630632854,-1.570183167964204,-0.2578106047407605
6059,3,Deal-oriented wine shoppers,0.5669657829238166,4.594224386872324,-0.09106155243455615
11166,3,Deal-oriented wine shoppers,-0.9573349715217011,0.9068435505871085,1.1352174314051995
6257,3,Deal-oriented wine shoppers,0.28392714657838447,0.7274792155963048,0.8811278852263359
9224,3,Deal-oriented wine shoppers,1.9529571195959567,2.1772694077477626,0.2893915441779129
8732,3,Deal-oriented wine shoppers,1.7561707631661432,2.3103536097045487,1.7581069188197302
955,1,Budget family browsers,-1.9766057316127745,2.112924664419093,-0.2939783556087222
4910,2,Affluent omnichannel loyalists,5.467033311116981,0.5432396749441321,-2.111969470537728
564,3,Deal-oriented wine shoppers,0.409657963105474,2.1208588863794837,-0.4386606083863435
8931,2,Affluent omnichannel loyalists,4.629946985945493,-0.40992816034380286,-2.2153764018838125
1998,1,Budget family browsers,-2.147960444162873,-1.3275793053606102,0.043770237465075655
1250,1,Budget family browsers,-2.147960444162873,-1.3275793053606102,0.043770237465075655
8397,1,Budget family browsers,-2.588953332681949,-0.11458842344148558,0.6919540953007188
9672,1,Budget family browsers,-2.562915822546156,0.03761258168100603,0.2686989271343736
2125,2,Affluent omnichannel loyalists,3.23029229891598,-2.2844192476353347,-0.6110546010749255
5975,1,Budget family browsers,-2.4811107676870616,-1.1690523068308136,0.0652170012965647
983,1,Budget family browsers,-0.826728506628225,-0.2127269735917741,-1.5201992260360282
9938,2,Affluent omnichannel loyalists,3.5236621744750614,-1.6690475458252574,0.43853850459066956
4385,1,Budget family browsers,-2.3730772597472436,-0.8490351317921231,-0.07408674736567777
1612,1,Budget family browsers,-2.1190874721392605,-0.8168262067515084,0.10902726595203877
803,1,Budget family browsers,-2.5266140520948874,-0.8201734165742487,1.184590327257252
10675,3,Deal-oriented wine shoppers,0.832821700195948,1.5492704717756078,1.7373072849232456
7004,1,Budget family browsers,-2.9649203398451376,-0.30241647085825646,-1.1193092148150472
4432,1,Budget family browsers,-2.5186206085898584,-0.9492549095932326,-0.35019058523156504
5079,1,Budget family browsers,-2.4033984607654317,0.828693999085318,0.3387215293487737
4475,2,Affluent omnichannel loyalists,4.474737758148359,0.24947571657769227,-0.1496593901099216
10868,2,Affluent omnichannel loyalists,2.704728838608501,-0.9375569878352596,0.1984916071555587
6742,1,Budget family browsers,-3.142435921919791,-1.3426467749549267,-0.3624541082690202
5692,1,Budget family browsers,-2.806850698446898,-1.2904810396917905,-0.3641767395704801
339,3,Deal-oriented wine shoppers,-0.45111306849740146,1.5639835090783507,1.312934587547486
10398,1,Budget family browsers,-2.821046250041415,-1.4435334482506432,-0.2556535852762533
8017,1,Budget family browsers,-2.2648437086301176,-0.06435507957373422,0.8663141844052253
3722,1,Budget family browsers,-2.414785199392689,-0.02841617692217942,0.8225683586224697
7326,1,Budget family browsers,-1.1875618770441978,-0.9203863048555335,2.419676597089929
2416,2,Affluent omnichannel loyalists,2.2912651211357775,-1.3594137782891487,2.005015567277607
1878,1,Budget family browsers,-2.1756420288221414,-1.2090366485895379,0.37285674450995493
5278,2,Affluent omnichannel loyalists,2.654840954335155,-1.1574330545327343,0.5129109563250184
5734,1,Budget family browsers,-1.8414652332572605,-0.3851164795970843,1.3451823393531808
4370,1,Budget family browsers,-2.69707664446497,0.30624361637503594,-0.11954096292124451
8405,3,Deal-oriented wine shoppers,-0.35632071135110527,0.07119131760082947,0.8861279496550888
7617,1,Budget family browsers,-1.869913069405525,0.8400242152537472,0.4494470497445507
10339,1,Budget family browsers,-1.2387166085744112,0.5041489017635304,1.448730594831293
6376,3,Deal-oriented wine shoppers,0.4605222909850992,0.006713274787665133,-0.8595703219645686
2150,2,Affluent omnichannel loyalists,2.9735282218231482,0.5864123685449892,1.2245602918422605
7386,1,Budget family browsers,-2.6768279419887953,-1.377072983654444,-0.03313641504426319
3006,1,Budget family browsers,-2.6768279419887953,-1.377072983654444,-0.03313641504426319
11088,3,Deal-oriented wine shoppers,2.1003415386237694,0.6649969292891104,2.066461565906691
5185,2,Affluent omnichannel loyalists,2.693336251335203,-2.007413592664982,-0.4416886037412537
3523,3,Deal-oriented wine shoppers,1.8661698910851383,0.837456991335835,1.4408592913401772
55,3,Deal-oriented wine shoppers,-0.014081492981168063,1.9501171693810702,1.3527812570803608
3807,3,Deal-oriented wine shoppers,0.8634770179199268,1.9114786473194514,0.8144315060368729
2453,3,Deal-oriented wine shoppers,1.2726016503882551,1.561715186923965,1.1118718332464055
7787,3,Deal-oriented wine shoppers,1.2726016503882551,1.561715186923965,1.1118718332464055
2230,1,Budget family browsers,-2.4055332578925923,-0.7093229167093246,-0.13345453553390402
8146,1,Budget family browsers,-2.3912392274530423,-0.5098383937294023,0.9953819307629633
988,2,Affluent omnichannel loyalists,2.4057735843967363,-1.1168103252011852,0.8128932630285115
4832,1,Budget family browsers,-2.2050309608856744,-0.9269636819522307,-0.6787421794844913
3152,1,Budget family browsers,-2.236993905694123,0.04976926946637022,0.3499989415537156
11188,1,Budget family browsers,-2.236993905694123,0.04976926946637022,0.3499989415537156
361,1,Budget family browsers,-2.713307247364166,-0.45469587649530757,0.8290423367092982
5939,1,Budget family browsers,-2.0124499184998323,0.6091127537369697,0.3365395758869552
9349,2,Affluent omnichannel loyalists,3.65082947061237,-0.7116655703543915,0.5334311354288455
819,2,Affluent omnichannel loyalists,3.3554429757426996,-0.3709983918340773,-0.2582193201095829
10120,1,Budget family browsers,-0.9960610138060695,0.2717863396784616,1.3404098074062982
4541,1,Budget family browsers,-0.9960610138060695,0.2717863396784616,1.3404098074062982
2456,1,Budget family browsers,-1.5642022920577252,0.937941201747677,0.9981585377406029
2516,1,Budget family browsers,-1.9304987226345574,-0.41466342826659686,0.9983341770549587
11013,2,Affluent omnichannel loyalists,2.698465839626184,-2.0387710014750566,0.4392302138050098
9988,3,Deal-oriented wine shoppers,1.8909911732576405,1.197594588430426,1.3107148764268548
1627,2,Affluent omnichannel loyalists,2.6613878004869544,-0.8518909205171672,0.16714842051850828
1490,3,Deal-oriented wine shoppers,0.4763153644699052,3.164893618969291,0.3778151831655456
6710,1,Budget family browsers,-2.458612695001014,-0.24658062169924425,0.45563748170091695
7375,3,Deal-oriented wine shoppers,-0.008121586906558129,1.7946421995339799,-0.06233282689296694
10144,3,Deal-oriented wine shoppers,-0.008121586906558129,1.7946421995339799,-0.06233282689296694
3138,2,Affluent omnichannel loyalists,3.5758713736769123,-0.401039351376313,0.9646433707371456
1440,2,Affluent omnichannel loyalists,3.441430920948463,0.6093232760649804,-2.5195699282089135
4200,1,Budget family browsers,-1.3077781747872856,-0.05489527871536437,-0.19391607807720698
4998,2,Affluent omnichannel loyalists,2.383027992694938,-1.0931379790427538,0.04031513153656131
7321,2,Affluent omnichannel loyalists,2.383027992694938,-1.0931379790427538,0.04031513153656131
8663,1,Budget family browsers,-2.6931192392194663,-0.5682933518444121,0.9975497374863599
1958,3,Deal-oriented wine shoppers,0.08761814593967705,2.6777690390246414,1.2562771771508754
6963,2,Affluent omnichannel loyalists,2.081659590374655,-1.291846272854776,2.086155871291536
1065,2,Affluent omnichannel loyalists,4.6318096541435585,-2.1673108466681588,-0.21922954105492223
2712,2,Affluent omnichannel loyalists,2.7339869172004887,-0.3373036542067246,0.23849023668390765
6049,2,Affluent omnichannel loyalists,4.0297514144223054,-0.24606318241901332,0.7234180934957114
6605,3,Deal-oriented wine shoppers,0.35353101849417834,0.37987193012859044,0.5679876273872371
11181,1,Budget family browsers,0.18342764150540297,-2.5122666790579866,3.278707414351703
5234,1,Budget family browsers,-2.296998730092562,-0.3090590456991516,0.6817564403510723
5253,1,Budget family browsers,-1.667929242502885,1.6041351121897074,0.05957044565879925
11148,1,Budget family browsers,-3.071434085683759,-1.3323069751995074,-0.2763699578464161
6289,1,Budget family browsers,-1.5450005860389868,0.23939996834367364,1.011951600761196
9743,2,Affluent omnichannel loyalists,3.8299909782091532,2.313914192413264,0.3722845912759073
9209,2,Affluent omnichannel loyalists,4.2343624567843365,-1.1884096872767975,0.5348411076085937
6417,2,Affluent omnichannel loyalists,4.2343624567843365,-1.1884096872767975,0.5348411076085937
7937,1,Budget family browsers,-2.047873050733421,-1.0719545497738563,0.36979748660006656
6488,1,Budget family browsers,-1.5958631832849317,-0.2620622148867919,1.6419387113978827
3194,2,Affluent omnichannel loyalists,3.236579020650046,-1.7532239230275322,0.6161662106168402
231,1,Budget family browsers,-2.601328289540632,-0.19552931899371875,0.8654677846675684
9697,3,Deal-oriented wine shoppers,0.09184656442460945,2.230283566914861,1.7324637601553365
4676,2,Affluent omnichannel loyalists,4.689428422167159,1.4671122892415782,-0.5508167853704565
8079,1,Budget family browsers,-2.1063978987095546,-1.1119168181162322,-0.009780018236019553
10032,1,Budget family browsers,-2.5489008205719212,-0.332495901721059,-0.754276363193074
10505,2,Affluent omnichannel loyalists,1.3772823140715913,-1.0173257220935397,1.6730529497748667
2005,1,Budget family browsers,-2.2654800769574517,-0.943546868795192,-0.04299187263531033
6940,1,Budget family browsers,-1.7763456003706783,1.8640214747595025,0.882752556392475
2304,3,Deal-oriented wine shoppers,1.0302551761081598,1.194443705746306,2.142208603233962
3170,2,Affluent omnichannel loyalists,2.176955617888604,-1.353552366760925,0.4363957460259038
10466,1,Budget family browsers,-2.1346303625187697,-0.3677954168663409,1.1924927935090097
7325,1,Budget family browsers,-2.3793801480840795,-1.5672748776982763,0.41455314810548305
455,1,Budget family browsers,-0.9911930811294426,-0.8440192755706356,0.7139882252817605
7592,1,Budget family browsers,-0.9911930811294426,-0.8440192755706356,0.7139882252817605
4547,1,Budget family browsers,-3.2109591416025554,-0.04734979765504512,0.2330521248191168
6825,1,Budget family browsers,-2.7807502715979306,-0.45215035559290145,0.8785454488959218
2961,1,Budget family browsers,-0.8630162149981095,-0.3833813365046755,-0.5143732069638247
8700,1,Budget family browsers,-2.113862024976188,-0.6585972173971201,-0.08813406774842665
2278,1,Budget family browsers,-1.8115782261459084,-1.0981620189608154,-0.6089059501547597
10703,1,Budget family browsers,-2.2814783939529804,0.9779225868111945,0.07557059309428454
9,1,Budget family browsers,-2.2814783939529804,0.9779225868111945,0.07557059309428454
2804,1,Budget family browsers,-2.2814783939529804,0.9779225868111945,0.07557059309428454
4915,3,Deal-oriented wine shoppers,2.179158998159575,1.5652384109577608,-1.0112755197818317
3010,2,Affluent omnichannel loyalists,5.442346397594383,-1.3733790501960934,-0.4550900274418193
4279,1,Budget family browsers,-2.0367006760454864,-0.5373870778772709,1.1993989964525698
2564,1,Budget family browsers,-1.1714212130003143,0.28426463570480637,1.6091955994197542
1137,2,Affluent omnichannel loyalists,4.366109936534626,-2.2355769831158137,-0.6044651840793119
5084,2,Affluent omnichannel loyalists,3.125074278850681,0.6414400072028469,0.002353937339507279
7094,2,Affluent omnichannel loyalists,3.125074278850681,0.6414400072028469,0.002353937339507279
6327,2,Affluent omnichannel loyalists,2.1360934689210658,-1.5711332903939916,1.4528511069266619
6131,3,Deal-oriented wine shoppers,0.48473840928567263,-0.07621683123993217,0.6258439850750616
5798,2,Affluent omnichannel loyalists,1.6589388776412477,-1.8084301005758647,1.084812516119459
10379,3,Deal-oriented wine shoppers,0.1692833805257081,2.9005364203290016,1.440413153313041
606,1,Budget family browsers,-3.000117336732875,-0.48381112046586544,0.6650203644535166
7801,3,Deal-oriented wine shoppers,1.8335207460393605,0.8881376504047714,0.021436138802805395
2445,1,Budget family browsers,-2.772920306429569,-1.0933727991024476,-0.16862443251694015
5346,1,Budget family browsers,-2.5687074952622404,-0.45101689084977553,-0.6201224683404832
550,2,Affluent omnichannel loyalists,2.123940310245745,-0.2005787909495004,1.1327624316606622
4478,3,Deal-oriented wine shoppers,-0.4426351792111167,3.785850021372417,-0.8035028259441707
2350,3,Deal-oriented wine shoppers,0.17575975123538748,2.5186376039765466,-0.9671759756678655
1118,3,Deal-oriented wine shoppers,0.03539414301470383,2.148612700964854,0.7030960210504927
1491,2,Affluent omnichannel loyalists,1.6857947923259942,-0.827545805576232,0.42718960402942135
4507,2,Affluent omnichannel loyalists,2.41623620529043,-0.544490160540556,1.1820112540494
7023,1,Budget family browsers,-2.4735925939777657,1.6131262110390514,-0.6922759164813465
6977,2,Affluent omnichannel loyalists,3.686741015657844,1.526460496231529,1.1169220608616763
4042,1,Budget family browsers,-1.682406159001746,0.946413831631931,0.8123662243740949
7274,2,Affluent omnichannel loyalists,6.18971466787938,-2.1351715496170964,-1.3396995754291217
2902,1,Budget family browsers,-2.2062634508811616,-0.6060681641133231,1.2555473519502451
3332,1,Budget family browsers,-2.296104151468208,0.004261729219069788,-0.7749183597923912
7433,1,Budget family browsers,-2.296104151468208,0.004261729219069788,-0.7749183597923912
9386,3,Deal-oriented wine shoppers,-0.8543355438135047,0.5009330615470764,1.657193390678749
5176,1,Budget family browsers,-2.8085988935109416,-1.1465958520174104,-0.4445019857933046
10323,3,Deal-oriented wine shoppers,-0.7220494936108767,0.4950458744932254,1.4688887970387343
4682,1,Budget family browsers,0.39499614217036066,-1.754301281062055,1.334294257222068
3083,3,Deal-oriented wine shoppers,-1.2175600333001422,1.698824795752025,-0.14679599044526334
8015,2,Affluent omnichannel loyalists,3.1192398315103533,-1.336692969936104,1.3684905655827255
1745,2,Affluent omnichannel loyalists,3.1192398315103533,-1.336692969936104,1.3684905655827255
3136,3,Deal-oriented wine shoppers,0.784436132963778,1.022460964410223,1.447240578368839
6991,3,Deal-oriented wine shoppers,-0.2301360665172091,1.768684266357971,0.8434242651871994
8132,3,Deal-oriented wine shoppers,-0.4245982327124858,2.663900350898608,0.32945932595260335
503,1,Budget family browsers,-2.8937653361767897,-0.8228329496848764,-0.4597619375381703
8148,3,Deal-oriented wine shoppers,1.2565097900151607,4.145629257532197,-2.2717107090572313
2736,2,Affluent omnichannel loyalists,3.0205013640095317,0.09593632337031474,0.6846140583966115
8162,1,Budget family browsers,-2.3539516445261746,-1.5004437961008423,0.6176217516954318
692,1,Budget family browsers,-2.714754031982847,-0.5749143029459227,0.946216556380835
7706,2,Affluent omnichannel loyalists,3.1644178114304142,2.0239271019808904,-2.6016263449787487
9298,2,Affluent omnichannel loyalists,2.702186527669445,-0.8447081553757663,2.264772661721526
2986,1,Budget family browsers,-2.796371065218529,-0.5948255908567889,0.875896684269484
10812,1,Budget family browsers,-1.8755125984709726,-1.5382240049423808,0.6393241647478232
2909,3,Deal-oriented wine shoppers,1.804196231211794,1.1692944380250903,1.941513955947264
6974,2,Affluent omnichannel loyalists,3.664956583293331,-1.1375606018666575,0.6894639139471298
9140,1,Budget family browsers,-2.125127188917902,-0.007767537536052239,0.9349165337633673
4554,3,Deal-oriented wine shoppers,0.32656078974138564,0.8054319447458563,0.5708883695404124
7791,1,Budget family browsers,-2.7458455258700654,-0.10181846418102887,0.700016663302309
5455,1,Budget family browsers,-2.382845929363963,-0.4984955879097435,-0.2084319873273258
7960,2,Affluent omnichannel loyalists,4.006624372531245,-0.9318106754638752,1.1157306575877952
3426,2,Affluent omnichannel loyalists,2.1758331086168607,0.7866948777432456,-0.6802196869966335
5316,1,Budget family browsers,-2.0587810104724125,-1.1086990549750022,0.418591179714449
1404,1,Budget family browsers,-2.391609745124404,0.28888421955110705,-2.036700128074413
10598,1,Budget family browsers,-2.9211484979582507,0.4172598068628527,0.2336817822535499
8212,1,Budget family browsers,-1.42785397432902,0.2786782294343512,0.9927135090235956
3233,3,Deal-oriented wine shoppers,2.0734954659700233,1.4737179845935395,1.4865533628537593
7892,1,Budget family browsers,-2.0273091552507223,-0.9578439796159472,0.13772342834664247
2975,2,Affluent omnichannel loyalists,4.554576430794196,0.14395561390726266,0.5978360350582056
5043,3,Deal-oriented wine shoppers,0.23834439676146088,-0.6028154257313028,-1.570884485844487
3104,2,Affluent omnichannel loyalists,3.9980672543873497,-1.129144974715693,1.0727812551522322
10854,1,Budget family browsers,-2.638767059408107,0.05597482611907322,0.7087209590340904
7419,1,Budget family browsers,-2.5972811613601436,-1.0510428927887467,-0.05407840344655829
5558,2,Affluent omnichannel loyalists,3.186043045310446,-1.1544450463964158,1.2304404339051085
832,3,Deal-oriented wine shoppers,0.8307462964352903,1.8066827679814055,1.4936573113445326
4964,2,Affluent omnichannel loyalists,2.1095141948368394,-1.6968429699818697,2.0393810642367582
11030,1,Budget family browsers,-2.696025344621152,-1.5171449228223641,0.2160802012872023
4587,1,Budget family browsers,-0.4586672670699579,-1.2297215177720815,1.259721385405986
450,1,Budget family browsers,-0.47340291217733105,-0.05070302737668239,1.2897462148017305
11031,1,Budget family browsers,-2.3115618343315654,-0.6080820492818575,1.3113265446305653
4990,3,Deal-oriented wine shoppers,1.216460106640399,1.094402544325098,-0.38251286519308414
221,1,Budget family browsers,-1.0826166282288137,0.7000979193149254,1.1461545882296993
4351,1,Budget family browsers,-2.5952110702373705,-0.3915001630856713,0.721682323005693
1357,3,Deal-oriented wine shoppers,1.3266401897193205,2.4871170752214717,0.5300475212810091
5667,3,Deal-oriented wine shoppers,3.004010665508559,1.9380741536373463,0.04284471780131382
8867,2,Affluent omnichannel loyalists,4.924064967407837,-1.3838989641383543,-0.9505750515251447
2747,2,Affluent omnichannel loyalists,4.924064967407837,-1.3838989641383543,-0.9505750515251447
7422,1,Budget family browsers,-0.20939860099482133,-0.41285991010651485,-1.4660897079864426
4148,3,Deal-oriented wine shoppers,-1.6685501482528446,3.2516652283506016,0.06731331288264203
9516,2,Affluent omnichannel loyalists,3.0485535315773236,0.6170918919510708,-1.3476045290597254
1291,1,Budget family browsers,-1.5910835530011842,0.5190378548760727,-1.1721134377344997
1833,1,Budget family browsers,-1.8205335131764095,-1.0883486657530714,0.08919297947427958
7270,3,Deal-oriented wine shoppers,1.4014155531141295,-0.38038932802154035,1.104085441514788
8182,1,Budget family browsers,-2.6156278130228054,-0.039008012948262914,-0.7488739004732535
10394,2,Affluent omnichannel loyalists,5.333118149741267,-1.3691253357818869,-1.5791545659699628
1142,3,Deal-oriented wine shoppers,0.4798878738170238,0.10238026851276943,1.560708714932865
451,1,Budget family browsers,-3.1655437558813833,-1.3373298304611483,-0.3479524944180155
7128,1,Budget family browsers,-2.731239432019214,-0.44402846962071757,0.9007471891181867
10678,3,Deal-oriented wine shoppers,1.2799022252340488,2.0862211955186414,1.1409305948053814
7755,3,Deal-oriented wine shoppers,-0.7747166766882814,1.585312197370634,1.0760225402029016
4754,1,Budget family browsers,-1.4465375939508587,-0.5145042573886367,1.5808229558554028
20,1,Budget family browsers,-0.8284973108705335,-0.44081292206296474,1.4200552437650782
2246,1,Budget family browsers,-0.8284973108705335,-0.44081292206296474,1.4200552437650782
10307,3,Deal-oriented wine shoppers,-0.08850962940319171,2.1991651761657978,2.0637139795365265
2147,2,Affluent omnichannel loyalists,6.225147319098644,-1.75013611405791,-1.1641505946869994
10590,2,Affluent omnichannel loyalists,3.0719809907155935,-0.9900815771368626,1.646856527756753
6565,3,Deal-oriented wine shoppers,3.4133835598954256,2.2109083814629544,0.47235225708974965
6619,1,Budget family browsers,-2.69465445425548,-0.1076828587535268,0.7276685665222726
4817,1,Budget family browsers,-2.55825925950501,-1.3071180509184892,0.40989053645453205
4508,2,Affluent omnichannel loyalists,2.8035644612228645,-1.267453446082015,0.4574943268003233
4843,2,Affluent omnichannel loyalists,2.8035644612228645,-1.267453446082015,0.4574943268003233
9197,1,Budget family browsers,-1.8856940380340341,-0.12397544169598523,1.6393950308554484
6237,3,Deal-oriented wine shoppers,1.0794413964649705,3.4564598134266005,0.07755181247373748
6515,1,Budget family browsers,-2.0600936449981067,-1.5325873350971255,0.44716119854290304
5954,1,Budget family browsers,-1.898512841372525,-0.3168288420547787,-0.4905699847503386
7938,3,Deal-oriented wine shoppers,-0.01422336481598995,0.33289300211690936,2.2519097559975805
961,2,Affluent omnichannel loyalists,2.2427854850147844,0.17062468480805107,0.13056247348182107
1764,1,Budget family browsers,-1.806737202301387,0.30548156335762267,-0.8017528199836245
1916,3,Deal-oriented wine shoppers,-0.6233394071178291,1.9713877286838508,0.5022888441316273
6941,1,Budget family browsers,-1.780289249310521,-1.2254317414711413,0.29264616273538463
5562,3,Deal-oriented wine shoppers,0.728526513623004,1.5975221305790488,1.1838361680447382
1517,1,Budget family browsers,-2.54829457802365,-1.392423420571558,-0.11696319506506807
7286,1,Budget family browsers,-2.760577902352223,-0.9044749047072433,-0.47476300003199456
4687,2,Affluent omnichannel loyalists,4.029034813801829,-1.3258343034769737,1.2460339924794204
5631,2,Affluent omnichannel loyalists,1.6057599599942989,-0.6491805745272099,-0.3042816944560745
1951,2,Affluent omnichannel loyalists,2.2688170031726673,1.1786062358734977,-3.5208482389935543
123,2,Affluent omnichannel loyalists,2.161209583293871,-0.009030998103365133,0.6837483599799463
9451,2,Affluent omnichannel loyalists,3.778828667313834,1.7896300502771478,-0.8834579547957931
7396,2,Affluent omnichannel loyalists,4.444787708998322,-1.5050701478941617,0.2851905038496035
3298,3,Deal-oriented wine shoppers,1.4441861152074154,4.118562827819105,-0.39123293499785305
6730,1,Budget family browsers,-2.746743944368921,0.47168351569084055,0.41219908971107805
9916,1,Budget family browsers,-2.746743944368921,0.47168351569084055,0.41219908971107805
2227,1,Budget family browsers,-1.0095967920087792,-0.9028417245034088,-0.04367248859333912
946,1,Budget family browsers,-1.0095967920087792,-0.9028417245034088,-0.04367248859333912
3745,1,Budget family browsers,-2.3381364878141793,-0.6694627310804452,-0.9767254861902888
4094,3,Deal-oriented wine shoppers,-1.2992828244315606,1.3069004761829197,0.5592281815455327
8588,3,Deal-oriented wine shoppers,-1.2992828244315606,1.3069004761829197,0.5592281815455327
3916,3,Deal-oriented wine shoppers,0.335469371501774,1.1169040231622613,-0.24983545329062368
9135,1,Budget family browsers,-2.8623575383870103,-0.02707435963646051,0.3121991208515699
1755,1,Budget family browsers,-1.5295105639700246,-1.7776661827751055,0.596902455495522
2875,2,Affluent omnichannel loyalists,2.1421179094541536,-0.9675681776348709,1.841422949470102
2008,2,Affluent omnichannel loyalists,3.2958549210348314,-1.3732978403373566,0.05801650889516259
10925,2,Affluent omnichannel loyalists,3.5696511773262194,-1.0150133578006524,0.7151275008458292
1604,1,Budget family browsers,-1.050916543695139,0.41013006349494313,1.705194577115893
5389,3,Deal-oriented wine shoppers,-0.8651438486524573,2.092202417658978,1.7687672848757432
2878,3,Deal-oriented wine shoppers,0.4540626120887691,0.29364001737627937,1.6250226475884397
4440,3,Deal-oriented wine shoppers,-0.1434433162885008,1.258363328256993,1.7522338030405307
1324,1,Budget family browsers,-2.313512153589785,-0.630496306918363,-0.4820051357864889
6262,2,Affluent omnichannel loyalists,3.689116935764876,-0.8852973816735221,0.6129610089799384
3628,1,Budget family browsers,-2.800834059260269,-0.8032513748120261,-0.9705383225780261
3641,1,Budget family browsers,-2.8048522886337754,-1.0660287932472972,-0.1952653425488723
322,1,Budget family browsers,-2.2598925793423077,-0.28815997458839293,1.2359183062589056
175,2,Affluent omnichannel loyalists,2.8637858378897554,-0.16181285945865653,-1.160321484699484
6988,2,Affluent omnichannel loyalists,2.8637858378897554,-0.16181285945865653,-1.160321484699484
8204,2,Affluent omnichannel loyalists,3.271760259237619,-1.6032633050538132,0.5042876995100516
7476,3,Deal-oriented wine shoppers,1.5805792965360852,1.4925288809047845,1.6884940778157758
5221,3,Deal-oriented wine shoppers,0.5676700744419446,2.6276315519254454,0.7046423523008131
8970,3,Deal-oriented wine shoppers,0.22660225598364286,1.7133875213512062,1.0079226947347544
9286,2,Affluent omnichannel loyalists,2.3351560882724884,-1.277735378413573,0.6443849653043848
5831,3,Deal-oriented wine shoppers,2.529636943599441,1.4318202203982515,0.05504879461127809
1010,1,Budget family browsers,-2.4368279210171186,-0.5272230988656161,0.7717800448018285
11074,2,Affluent omnichannel loyalists,4.4277900635269365,-1.304242776961504,-0.4002323090000827
5896,3,Deal-oriented wine shoppers,0.5090261110240875,-1.0982397634292316,1.8314882755755042
3515,1,Budget family browsers,-0.9723301095615684,-0.05642057668057016,1.8054972293823675
5324,3,Deal-oriented wine shoppers,-0.17856080567270943,0.21399497469019332,-0.6769643074338761
6534,1,Budget family browsers,-2.092220790626425,-1.404543460729102,0.5176341115550165
8373,1,Budget family browsers,-2.5374029921321615,-1.614889191736786,0.22750415777914773
3829,1,Budget family browsers,-2.5374029921321615,-1.614889191736786,0.22750415777914773
4501,2,Affluent omnichannel loyalists,4.861346773144353,-1.959446852583172,-1.052392495334828
4179,1,Budget family browsers,-1.7257026729687135,-1.6660381845584495,0.9268467186558504
2292,1,Budget family browsers,-2.6205581719909556,-1.6127545925073081,0.2609917373788691
9239,1,Budget family browsers,-1.0583892481802224,0.40913017115582456,3.1128583022538945
8953,1,Budget family browsers,-3.3788607777796034,-0.009560117349288045,-0.03399193567169002
10258,1,Budget family browsers,-3.3788607777796034,-0.009560117349288045,-0.03399193567169002
3520,2,Affluent omnichannel loyalists,2.028429140391236,-1.6186377000923824,1.4610628960114214
10402,1,Budget family browsers,-2.8700097091285315,-0.0006410683888915741,0.5920214077667443
11114,1,Budget family browsers,-2.528132453617049,-0.5869439641285191,-0.6198602597463395
9553,1,Budget family browsers,-2.5577277605385538,-1.6520896005041166,0.6375086464949254
6055,2,Affluent omnichannel loyalists,3.4884120705516266,-1.2363899686918736,-0.34798354320131203
4786,3,Deal-oriented wine shoppers,2.3718324542906855,2.105456200224182,-0.7431912377834833
5015,1,Budget family browsers,-2.047384009955846,-0.8029460384698748,-0.3159071621871047
8560,3,Deal-oriented wine shoppers,0.6872714707442769,0.06734381922539694,0.11622007311506624
3469,1,Budget family browsers,-2.5645708250989876,0.6054834491916435,-0.11408897775332082
5885,1,Budget family browsers,-2.6926083505633183,1.9918909192879473,-1.1237778672256618
3310,1,Budget family browsers,-2.6926083505633183,1.9918909192879473,-1.1237778672256618
2134,3,Deal-oriented wine shoppers,1.0798794995296366,1.2193214555275347,0.5710590364434471
2532,2,Affluent omnichannel loyalists,2.488226135624767,-0.6273851206112688,0.08886898981674578
2579,3,Deal-oriented wine shoppers,1.6021299923916,1.356945961371739,1.6176692208229686
3117,3,Deal-oriented wine shoppers,-0.37996162281318635,1.6417099214365365,0.3998124108718078
5623,1,Budget family browsers,-2.6028089045012415,-1.3718427848045012,-0.009963764290079377
4789,2,Affluent omnichannel loyalists,4.179446664229321,-1.8319198775085768,-0.00020406515987529567
9523,1,Budget family browsers,-2.352037990211133,-1.845127931230405,0.7459333689610013
5268,1,Budget family browsers,-2.642968147760807,-0.11646387486692829,0.5861530598053356
1545,3,Deal-oriented wine shoppers,-0.9801210074148898,1.215957310287215,-1.5766381532913418
2254,2,Affluent omnichannel loyalists,3.650932186008498,-0.5545076958767148,-1.1455799700044125
2661,1,Budget family browsers,-2.5782630028977565,0.3993716102751076,0.3984273071930687
3130,1,Budget family browsers,-2.5782630028977565,0.3993716102751076,0.3984273071930687
5847,3,Deal-oriented wine shoppers,2.4210761749679515,1.3596437692772623,-0.1556413377375218
5863,3,Deal-oriented wine shoppers,0.5238301999907333,1.7638988066824033,0.6675547621439559
999,2,Affluent omnichannel loyalists,2.265821147767588,-0.35913901023221206,1.5398893605983617
2931,2,Affluent omnichannel loyalists,3.181106187872518,-0.20501578795162717,0.21921494530333535
1890,1,Budget family browsers,-2.721028232917338,-0.4413480821915418,0.904741112960684
5589,3,Deal-oriented wine shoppers,0.36918970460918865,2.2445067535635252,1.2230365594287655
10172,2,Affluent omnichannel loyalists,3.391998502729669,-1.36433732434822,0.543236624591521
6729,2,Affluent omnichannel loyalists,3.391998502729669,-1.36433732434822,0.543236624591521
10492,1,Budget family browsers,-2.7603740934883967,-1.1635016926607082,1.1100371750126095
2939,2,Affluent omnichannel loyalists,2.9370772790559774,-1.5830799503665918,0.9652277939404593
5948,3,Deal-oriented wine shoppers,-0.7980246760464139,0.3486930266326359,1.6838166387255058
574,1,Budget family browsers,-0.7173612982023891,-1.8896944689292574,1.0777672294639176
3266,1,Budget family browsers,-0.7173612982023891,-1.8896944689292574,1.0777672294639176
10500,1,Budget family browsers,-1.96616897628908,-0.9284840534209056,-0.11099562345683618
7987,3,Deal-oriented wine shoppers,-0.08399970033639338,1.772567687738323,1.076556649739595
1135,1,Budget family browsers,-2.851416355007856,1.092054481009537,0.0037215519690221716
24,1,Budget family browsers,-2.851416355007856,1.092054481009537,0.0037215519690221716
7244,1,Budget family browsers,-2.4139439088840278,0.24995387315290352,0.16665524085816685
1966,2,Affluent omnichannel loyalists,4.1930287743453825,-1.1209065028483531,1.1469812202567917
7789,2,Affluent omnichannel loyalists,4.1930287743453825,-1.1209065028483531,1.1469812202567917
3336,3,Deal-oriented wine shoppers,0.39707771392047286,1.5034814224487671,0.878773331097063
5644,3,Deal-oriented wine shoppers,-0.9636485273332873,0.9836466085853016,1.3568345499673637
1295,3,Deal-oriented wine shoppers,1.7967618239119143,0.2636804480958863,0.34159169184055893
6663,1,Budget family browsers,-1.2156351874658218,-1.0514240510478772,1.275554521739671
10262,1,Budget family browsers,-2.9286021976462076,-0.44816696179298054,-1.089012680276578
456,1,Budget family browsers,-3.0186502968629823,-0.8829815364678791,-0.6698801009256079
3270,1,Budget family browsers,-2.4825637066018325,-0.1524659717704459,-1.325860673219544
5748,3,Deal-oriented wine shoppers,1.0575022207924873,0.8356684753210535,-0.16411693913017547
8952,3,Deal-oriented wine shoppers,1.9537408107536813,0.7202514361644156,1.4173626537446717
3921,1,Budget family browsers,-1.3913749909171162,-0.8506934991877869,0.04918845029037299
9826,2,Affluent omnichannel loyalists,5.096585392196717,-1.4300466053243301,0.19960241133539916
5830,2,Affluent omnichannel loyalists,5.096585392196717,-1.4300466053243301,0.19960241133539916
8310,2,Affluent omnichannel loyalists,3.1965433262462986,1.4610965614476799,-0.5120438759346718
6382,1,Budget family browsers,-2.1392387323605013,-0.6842512351213467,1.4449874539302243
8439,3,Deal-oriented wine shoppers,0.5486212884129373,1.6457975574631525,2.3902516105747527
7613,1,Budget family browsers,-1.1141649870529542,-0.29211595332926454,-0.006256482979344479
48,1,Budget family browsers,-1.240838646314616,0.4539864640230673,1.5020246214118023
5046,2,Affluent omnichannel loyalists,4.8771199179257465,0.524924908052927,-0.9441609334148348
3231,1,Budget family browsers,-2.6703515310226758,-1.2367677246915232,-0.011105190720198778
7181,1,Budget family browsers,-2.371536270983231,0.18163031241646857,1.1575312683569083
1663,1,Budget family browsers,-2.844750795739948,-1.0154851068805657,-0.28622049920411996
5441,3,Deal-oriented wine shoppers,-0.3559566568783954,0.7460117953199632,1.5502865123255232
8602,2,Affluent omnichannel loyalists,4.013337489064889,0.2654628573657347,-0.6210964131930549
9925,1,Budget family browsers,-1.8861384434536121,-0.16642537630509266,-0.32360329436407564
9499,3,Deal-oriented wine shoppers,1.0060261663556949,2.1223633369575365,2.604625262030769
6568,1,Budget family browsers,-2.3456195064824596,-1.2229539239846763,0.0019097706435331901
3032,1,Budget family browsers,-2.11558829498849,-0.09927813500429145,-1.2988024973673835
5153,2,Affluent omnichannel loyalists,3.9358356544992246,1.874454762604042,0.7052796224084802
4127,2,Affluent omnichannel loyalists,3.9358356544992246,1.874454762604042,0.7052796224084802
9940,2,Affluent omnichannel loyalists,2.4742302447106526,-0.2782056856602164,0.06179528817691058
7527,1,Budget family browsers,-2.571500327717076,-0.5917097966543515,-0.6589533013714858
3406,3,Deal-oriented wine shoppers,-0.18302877620044977,0.4590925624983461,1.3503384974169164
9771,1,Budget family browsers,-2.006636268412086,0.9128194851337266,-1.4685760086087336
6722,3,Deal-oriented wine shoppers,1.197827403879694,1.7929110926800247,0.7910387124291206
213,1,Budget family browsers,-2.8295205348344323,0.6191322603419449,0.33260050224525545
8541,1,Budget family browsers,-2.3591809819549474,-1.1258640870190884,0.08381699025279166
8475,2,Affluent omnichannel loyalists,4.435020620879593,2.015540173081297,2.139504302764279
8070,1,Budget family browsers,-0.4545014819731214,-0.3093523572588413,2.2554840947511887
313,2,Affluent omnichannel loyalists,4.948528304817462,-1.3526942737436785,-0.40457821387311405
9757,2,Affluent omnichannel loyalists,3.6002658562813297,-0.39555625048914184,1.4148890829855687
2088,2,Affluent omnichannel loyalists,3.6002658562813297,-0.39555625048914184,1.4148890829855687
2320,3,Deal-oriented wine shoppers,-0.36350854443575886,2.9993501426136664,0.17658269096112936
966,3,Deal-oriented wine shoppers,0.22962690142501196,2.374260805598951,1.1083429550884079
9706,1,Budget family browsers,-2.567581374739885,-0.7630151570679616,-0.21387791908372666
3979,2,Affluent omnichannel loyalists,2.8319458584570496,-0.5568205637910661,1.7043758552028005
5602,2,Affluent omnichannel loyalists,4.093823841053727,-0.4412279392306188,-0.3082379509183701
2202,1,Budget family browsers,-1.7714602164523932,-0.5166150462708488,1.9157518564616087
9645,2,Affluent omnichannel loyalists,2.7745344413524204,0.21956982984468118,-0.15054171529056046
7230,3,Deal-oriented wine shoppers,-0.42770252117354873,1.9812586930552976,1.360498574325254
5675,3,Deal-oriented wine shoppers,-0.42770252117354873,1.9812586930552976,1.360498574325254
4974,3,Deal-oriented wine shoppers,2.2715797770754746,3.741665610606178,-0.8350782589659723
5687,2,Affluent omnichannel loyalists,4.202015263642656,-0.06757572785553143,0.3683808644275299
5871,3,Deal-oriented wine shoppers,-0.46465820376587974,0.3794296285639823,-0.9646317804323938
3846,3,Deal-oriented wine shoppers,-1.3973720761131019,1.5508854203527611,0.7633032010561968
10001,1,Budget family browsers,-2.791708395358106,-0.17054760261282514,-1.359687770977837
2831,2,Affluent omnichannel loyalists,3.843412413166156,0.87657855401494,0.10352477847420676
868,1,Budget family browsers,-1.8903863707739081,-0.2856355406259672,1.7925367817804745
7212,1,Budget family browsers,-1.8903863707739081,-0.2856355406259672,1.7925367817804745
1743,2,Affluent omnichannel loyalists,1.9738884656546283,-2.2137143668743393,0.40346760537009047
2415,3,Deal-oriented wine shoppers,1.1867311879902835,0.48751275655145465,0.9270312996975892
7947,1,Budget family browsers,-2.4150449693935716,-0.6075377490397348,1.3094579966322744
2106,1,Budget family browsers,-2.3834894933240625,-1.2561164085979566,0.34843607891066236
3363,1,Budget family browsers,-2.3834894933240625,-1.2561164085979566,0.34843607891066236
8595,1,Budget family browsers,-1.803407003391746,-0.26302478377853233,1.838230505257059
7232,1,Budget family browsers,-1.803407003391746,-0.26302478377853233,1.838230505257059
7829,1,Budget family browsers,-2.126315713264103,-1.452052950268396,0.21681753367773884
9977,3,Deal-oriented wine shoppers,1.1233020815886763,1.234041877317312,1.38336872774138
10142,3,Deal-oriented wine shoppers,1.3333929283734938,0.824686430319833,1.3066183919226404
5263,1,Budget family browsers,-2.646820679896474,-1.2612073284979477,-0.2133700026218538
22,1,Budget family browsers,-1.4943951937386921,0.00802242561138764,-0.301061838175403
528,2,Affluent omnichannel loyalists,3.8302149522593223,-1.5976483714038194,-0.5955822002431599
4070,3,Deal-oriented wine shoppers,2.5105634565372204,1.481669304733923,0.705371153475729
