Id,PC1,PC2,PC3,PC4,PC5,PC6,PC7,PC8,PC9,PC10
1826,4.4722080869281955,-1.7556814021336076,-2.3436069431475715,-1.0362452574918315,1.8980854723749345,1.7163062966144313,1.1180091994314771,0.6391203226118963,1.5685412042901106,-0.7516121098325381
1,0.2531249636151603,-0.01887677790063312,0.2629157227867027,-1.999205177753959,0.240291984013665,-1.639490712187261,-0.17529458387106212,0.3135610371443512,0.013395706250088197,-0.2658136553169202
10476,-0.19913859205201803,-0.3931305517824357,1.5233938582069821,-2.1347911390379193,0.5232196238019184,0.794624993705244,0.5275171119141767,0.1974960234624531,0.19490404673416495,-0.005813156042943676
1386,-2.9479798558046375,-0.466661323814121,0.01832557222990204,-1.6712644841947688,0.07256838000285037,0.6789571032620314,0.043708955714122415,-0.08058900661425554,0.43548499637508614,0.6557206401513856
5371,-2.434817262305971,-0.8238362057595252,-1.4566049937025336,-1.362154123015023,-0.08814386494747549,-0.36403436586327603,0.34711051647687624,-0.010746758476326819,0.05847175892076871,0.16928361739527986
7348,3.6007920921038266,-2.171919445001551,-1.416388194065591,-1.41148486441199,-0.15100929487839196,1.3492203284587545,0.10241777257569713,-1.176725391529798,-1.045203516045545,1.054469231375361
4073,2.744259730231403,0.43696034990305294,-0.7474967791680952,-1.7005107892466904,-0.28014856362665513,-1.8792621749346017,-0.14818051650846115,-0.5746473451845692,0.4320020563583426,1.038232576017925
1991,-1.648483331711373,-0.36897786352163836,1.0823953922204952,-2.047123804788934,0.6635170362202994,0.41355355482246714,0.20245169796823095,-0.6703709733792417,0.18839403448680656,0.04036272834226667
4047,0.43696927980636546,1.1192253846649045,0.9654188895122047,-2.0500670922969824,-0.0220672705304915,0.27630125562970137,-0.7261274566157818,0.23841436420260143,0.1207500958551064,-0.7589919340646452
9477,0.43696927980636546,1.1192253846649045,0.9654188895122047,-2.0500670922969824,-0.0220672705304915,0.27630125562970137,-0.7261274566157818,0.23841436420260143,0.1207500958551064,-0.7589919340646452
2079,3.305789978092443,-1.3002975379392379,0.2708894092217954,-1.781990391213796,-0.9246754957115382,0.19819656022485574,-0.4741502713901446,0.2852322522136365,0.7311852924192418,-1.2186282186908548
5642,-1.1028802024233968,-0.8354290936967844,-0.11926255489564981,-1.684930304356092,-0.9113040332782825,0.006936742410348184,-0.1873231710051933,1.2679527368446992,0.19251493242867615,-0.30820853757031974
10530,2.657482476161134,-1.6203539514813408,-0.27566960345121366,-1.6411216470914474,-0.15631221395901262,0.23985080882306023,1.388658905481109,-0.037594766185259136,-0.5670667144876216,0.48486016684385846
2964,-1.8864270226162558,-1.491801520754146,-0.34585252381299575,-1.7236077319353327,0.7343361932153494,-0.4105147484627476,0.4142603401972018,-0.8917917619568676,-0.12591074755552398,-0.5217608861713224
10311,0.9970043807022627,2.9264238038496284,-2.0011652630816474,-1.567154628898109,5.527262599813527,-2.455743858169988,2.5839120508241686,1.522076073772169,3.281029575624236,0.48850884065554856
837,-1.4550402963564115,0.4315920768598641,0.045110125308933983,-1.589462771771727,-0.7032380117031127,1.4818164197212942,0.4174053843720203,0.6903496092009259,0.15911172160021292,-0.165294060486066
10521,-1.4550402963564115,0.4315920768598641,0.045110125308933983,-1.589462771771727,-0.7032380117031127,1.4818164197212942,0.4174053843720203,0.6903496092009259,0.15911172160021292,-0.165294060486066
10175,-2.0232426313035816,-0.7122420935773822,1.1349752018964394,-2.0465045388256113,0.8079531968434068,0.718408485847782,0.221213399785059,-0.6201868428294313,-0.08243290502507446,-0.23350926419297902
1473,-2.0599709426556574,0.25460069613709246,0.4534139723022285,-1.9154811864774008,0.6515594868147754,0.2158938747045764,-0.05181345682378855,-1.034682200398796,0.033764681708603424,0.13852697266119515
2795,-3.4532763208990427,-0.4896930908263836,-0.6794819448388327,-1.3726983541131905,-0.6425552780789231,1.0123422830569904,0.12646569641227606,1.0293244079605142,0.8176645520939491,1.1704053198691788
2285,-1.0975873136904528,1.07569106892121,0.11223785350992037,-1.8342084383647537,0.48094100137871176,-0.12805574345777065,0.03741565588708306,-0.8861344207429539,-0.09350827086791444,-0.09054660659686506
115,-0.5117191680945631,0.9462395517568956,0.5806854260455281,-1.9776385448934048,0.3304162068993748,0.26432859722140706,-0.5491850327979086,-0.18492105118003527,-0.5516114432660575,-0.5027035089695335
10470,-1.941353891985193,-1.171280070795452,-0.4806590716497537,-1.5542793475167456,-0.5319359525856954,0.08512616590474344,0.5110105861975555,0.7301628598269093,0.2256443837125219,-0.25441733906169506
4065,-1.1581864465800968,0.09755839374170402,-0.7061790370166959,-1.6323121059650854,-0.6314860132240014,-1.0572976602814783,-0.4635341010701705,1.1700921996145546,-0.185826776501164,-0.12655754152304236
10968,1.195855109358449,1.588736599920018,-0.21356101302844482,-1.6713874511443234,-0.5429645291490002,0.01121966511240596,0.5705345763485232,-1.3331873914559915,0.28200911323969197,0.024768239286416954
5985,-1.9802164205331358,0.45134371705913023,0.39952931895149474,-1.864108392075469,0.3012921587786216,0.3670494022407759,0.027908696124414704,-1.144586522161324,-0.31940067424906177,-0.3123465031762932
5430,-0.6431500674000536,4.691505525385487,-1.8753305288514466,-1.108325931092719,-2.318066623342303,0.599583179111187,-0.13274730514647165,0.10067204371293224,-0.19060977318827588,-1.0914787624207323
8432,-0.6431500674000536,4.691505525385487,-1.8753305288514466,-1.108325931092719,-2.318066623342303,0.599583179111187,-0.13274730514647165,0.10067204371293224,-0.19060977318827588,-1.0914787624207323
453,-2.4816362116636626,-0.17029446075590307,0.1638153454774773,-1.6513394429260626,-0.11267340996882276,0.9402684842102974,0.15686171770824325,0.34544961299872246,0.36392449111725367,0.27571025022844386
9687,2.3360219203945047,-1.661871224462869,-0.7514769129256281,-1.6383489601294348,0.30542632896202043,0.9658888360174139,-0.6346403997269096,-0.1542072189671988,-1.0637876970525948,1.68482842457393
8890,-1.2045283412952048,0.8657668251468797,-0.018023229204681124,-1.643772949886505,-0.5703265296796544,0.638218869201217,-0.23945441901206435,0.6384216750829398,0.6220293229881979,0.49593677043599566
9264,4.996047917569147,-1.2974904333357657,-1.6114725952111602,-1.0947434675043983,0.3811204211238261,0.602615898642672,1.3162977942254572,0.25620545959297475,2.056769026496529,-1.6435164806442428
5824,-3.3032377261999253,-0.60816111365088,-0.4426694949221248,-1.3864316373074685,-0.7325335406335574,1.168964954145731,0.1406019809741608,1.194207743421456,0.8685342324168042,1.1198840473776246
5794,-0.8878700897617521,1.7860599348687551,0.28124516773228175,-1.9346499335066507,0.48267813989927505,-0.7656782619283214,-0.6984634169011211,-0.42177094134788723,-0.10026749296018488,-0.05570813434273721
3068,-2.198518837200688,-1.2537096268849113,-0.4696992186668908,-1.7202131905590576,0.7773581683518446,-0.6559425431954252,-0.2885819110482266,-0.9710126726369969,-0.34171907566917126,-0.5408613922236001
7962,2.771011670309058,-1.1578303741633644,1.0174897270689967,-1.9846067541717962,-1.3448350605049928,-0.881916430324675,0.11843847172887877,0.17368657841495191,0.43339176251580847,0.6258516371697405
2681,2.0887176364771864,-1.7216271902135953,-0.05632927473598047,-1.7448986548623018,0.40517799712475416,1.230036082527157,-0.7970399664354745,0.912987846583232,-0.7709141468475432,-2.2428096356123257
10141,-1.8683262141632955,-1.808008044100547,0.5166816462186051,-1.8968526406854453,0.3172315624951763,-0.08006877893292358,0.2621858114706941,-0.3702320736551624,-0.37138500118515944,-0.728345004193063
3725,2.1029356078616406,-0.6235295024460911,1.1469253710146614,-2.059179588243589,-1.42941530767065,-1.4318567656386758,-0.251405173782045,0.38591540960952664,-0.5511815580066538,0.19425439626896862
3767,3.26689458908365,0.660550942239761,-0.8649507954962244,-1.3847653467940237,1.6760009427682712,1.242241446615126,0.4856389974553792,0.807615006417625,1.365140357195704,-2.3240506784244177
5585,-2.874428153534163,-0.814636154653343,-1.2613360550222046,-1.392445282315689,-0.27258258486617454,-0.4532075866584011,-0.08701462639524575,-0.021860581129261876,-0.12250509279117304,-0.0858851777225463
7030,2.6814753735232677,2.7544906597006182,0.7973239110519259,-2.0258108868993645,-0.9992093999908581,-1.684298739421442,-0.9778444987970789,-0.11458974924661836,0.3535509882114899,-0.1129532255053432
1524,2.258796416100496,-0.34641819066721696,-0.971658611593221,-1.5752397430672727,0.7304732244536633,-0.4961689422648214,-1.7304062695958564,0.18107456482355966,2.276240758212896,-0.5121654085709546
3657,-2.1575436420637244,-0.11594341458114123,-1.3635069282199523,-1.3810640258036855,-0.5193326463961865,-0.5045912184181085,-0.3732800013971022,0.2751183193180358,0.16376543936333096,-0.20012950541407734
5740,-2.5346010039981133,-0.2623562122372201,-0.24624853151550682,-1.499292206564969,-0.07446289232723127,0.9198292200762006,0.6960004610782857,-0.2025937123498265,0.3795883760750423,0.3272930295846761
9595,2.6397073123189156,-1.7964677071993178,-0.5185840740649393,-1.5947292533311115,-1.1479352107278598,0.038939748546339505,0.13866833402347115,-1.1667546492523595,-1.0065911814613482,2.588575046598449
3158,-2.749616445336483,-1.2529068102727152,-0.9436064251925058,-1.474365496087839,-0.22035325889819712,-0.38358021462187186,-0.1542512507842266,0.11801737893428381,0.01209162371446277,0.12477367934054862
5114,0.8005575966766519,0.5940615434624876,1.336112958726691,-2.033429730238147,-0.578237324641379,-0.12629570822560668,-0.09437310843720137,-0.37372580996252824,0.8621877383436523,0.327163714627016
340,0.821761682265917,1.2275045026591445,0.22140471378066512,-1.8504250719052318,1.2112563378708283,-0.093756585155704,0.944497909536513,0.6203281879935145,-0.010912948324959607,0.4106974682142608
8805,-0.9222676754981148,1.790500739248784,-0.17742077877359236,-1.7451274018604181,0.34701052266642246,-0.3286956083323997,-0.2526100541228917,-0.9965420490301569,0.41786233180612264,0.05340052168855181
1241,-3.1185787693781153,-0.8543999449155223,-1.495246418147088,-1.3259343684779985,-0.1826999385169214,-0.47528170313181595,-0.03234095352745329,-0.2388072580686568,-0.29877830463050375,-0.10127910395915031
1402,2.892361448790168,-1.0950098731432252,-0.8338543147973837,-1.4278972084398727,-1.36981738182007,0.5750024219087994,0.05227690559964649,-1.3527453802748957,-0.058611799704556454,-0.7713907098913176
7264,-3.225806513222925,-0.3387852487014652,-0.5379123200034587,-1.3477491403475719,-0.8457327894645371,0.9549462628756076,-0.007775725312638519,1.094551631804039,1.0202616315545223,1.4523383898446782
1619,3.933735912261642,-2.334567302027777,-0.23523519958820835,-1.5314938281205637,-1.7329054262171661,0.868489232806512,0.5075836845899375,-1.1143065874196332,-0.15707975354409082,0.19302309285151262
6398,-2.7758250827328728,-0.7325433322364322,-1.4158172991183815,-1.344793964808466,-0.18283300652782683,-0.4730345419941508,-0.31366745053105566,-0.0877385183807738,-0.15515251854344136,0.023402505433118732
1857,-2.386322685365682,0.08827879925393738,-0.11331406384232705,-1.5404034891332232,-0.13789155574551828,0.6542706583337262,0.40955097682077135,0.036509390664241345,0.6643286812522434,0.6619259093663116
4877,-2.2333852708254422,-0.3537511069569818,0.7902206145627259,-1.9238650960720645,0.7733628822747254,0.31471203803804765,-0.060369235538520576,-0.9958737281611659,-0.06110874273578558,0.09401428549521147
3066,-0.8450101967937768,0.3599582850123486,1.0372183957130534,-1.968879351017235,0.2923609168620129,0.2613146090180576,0.14687242069398374,-0.47127956064509235,0.38261409258683726,0.029256688675818387
10286,3.1936929850053595,-1.7192477242715258,0.9649231636294672,-1.8811526175807152,-1.359648518724051,0.6379377341008817,0.1351293085220324,0.4351864832676061,-0.9212711082791489,-1.5969353700580653
1992,0.1666473595335262,1.2515778068058445,0.26042724277860624,-1.7050742487465036,-0.24989999344226332,0.10549753144864152,0.5580270769556664,-0.43367944446892903,-0.5745781961414271,-0.4132109101397358
4246,-2.5521927688112487,0.07388339118434717,-3.376321862138438,-0.9865488858134075,3.303208774982883,-2.669719894361458,2.604185180017206,-1.5359301884875034,-0.34774577505185916,0.7421130620939947
10623,-1.870704898390932,-0.5656181166865321,1.202601876317247,-2.0029929764052983,0.6654483137367225,0.6321988145154065,0.111401797434763,-0.6037566239424189,0.06489292652722203,0.002679186430304706
4867,-2.4732346613411327,0.8887474944417193,-0.4282803055607311,-1.4745166714176186,-0.4420249593905232,0.7708986263480861,0.01206085351457139,0.1283034888603204,0.09550848440436303,0.09497966428478977
3112,-2.6190574501935178,-1.6140423357210631,-0.5599512529308569,-1.5014725901892325,-0.2053695043003623,-0.026880505084389033,0.0908738740136075,0.45419753216069025,-0.04774096153056349,-0.194090468881326
4865,-1.2309685431522426,2.3347932548044446,-0.7187591145141485,-1.3819736121842296,-1.4459106819537695,0.8168780894400455,-0.2500517781364468,0.4392119818536838,-0.4469413962101777,-0.38837782865074294
6287,-2.546363720911435,-1.502854374008017,-0.5354151672801183,-1.4952462661152244,-0.4358253717401618,-0.19713348167247743,0.2696796959282624,0.21439413160748924,0.23996610272699556,0.089923237525119
4405,0.7844256479582837,2.2630859131016368,1.9395566827863344,-2.2329253887586806,0.3582210723661355,0.5079733836843103,-0.6957670073341358,0.3091995019193308,-0.4852454025033073,0.24446680897256
5332,2.8592841431430265,-1.7738390594318136,0.0483172645461807,-1.654389685135275,-0.5984934936345179,0.562451450392291,0.6706898296937028,-0.09615719688868829,-0.26986756409204793,-0.20852474829138665
1519,-2.6299977651769573,0.5960714549753963,-0.48639577570842013,-1.4849110612715892,-0.24904936990445192,0.6012434423141967,-0.18970954738136658,-0.12642568260020842,0.34885111001193997,0.47002152126493496
9080,-2.6299977651769573,0.5960714549753963,-0.48639577570842013,-1.4849110612715892,-0.24904936990445192,0.6012434423141967,-0.18970954738136658,-0.12642568260020842,0.34885111001193997,0.47002152126493496
1772,4.56407626121827,-1.0106045083274446,-0.9935979385515047,-1.383458407104553,-0.09136291115695072,-0.2722461397259792,0.778091065716047,0.02643894243308958,0.5944891587248964,-0.31484862843539146
5341,2.9530962223308386,0.12839752932864346,-1.0989609594644143,-1.4517098370764658,0.770842873874519,0.8792064728165024,-1.875076293572544,-1.1826710539610643,1.4292302146384492,0.9191688020892049
5510,-0.3353264647925523,1.1644257237253903,0.13966259633314887,-1.7301834336938535,1.0206846598733186,-0.024793396668103273,1.0305293817007357,-0.016081286118770858,-0.011429983605325216,-0.3656333982240813
3887,-2.573670160874748,-0.6958200914640716,-1.6932819564244694,-1.2572081202710599,0.008864919326354614,-0.4430015956242178,0.13533791452550567,-0.045175613394449136,-0.2461433499010301,0.2574305196101973
7022,2.91362218138612,-1.0762976902566972,-1.6472634331890774,-1.2456196298308606,-1.0259676241660949,0.6264372245218377,-1.3951523965097157,1.0350135208078344,-1.155232212254479,0.6856247626879779
9999,2.839494770563603,-0.25852147709694234,-1.086356821790465,-1.6575621293417022,0.4558886142124086,-0.43074257176132774,-1.6823770918437122,0.019328455109534275,-0.6358409061122158,0.8007491640309609
10352,-2.650515783457392,0.7084114733541744,-0.8490785020212731,-1.3764576271868258,-0.1174441094647165,0.3954596303762686,0.22090094493237397,-0.4527497130017312,0.48222293949660405,0.6318895433869753
7919,2.9906954727676274,0.5246857819495417,-0.6196384363379112,-1.7618051870046143,-1.1573186831609943,-2.427115156585403,-1.8606318380231555,-0.6919518225272259,-0.22603458608897542,2.168137248158318
4114,4.609444895620378,-0.8068730991779091,-0.21674662252177174,-1.5383433565101563,-1.4631084312398401,-0.24594288075863216,-1.1417514063723637,-0.043729030822960854,1.4359746242777818,-1.5031409477471624
7990,-2.2804013183060965,-1.6121274160256054,0.0973748074855117,-1.7837577081494107,0.4350896719840614,-0.3895359333863642,0.05012269041634404,-0.7993421620191179,-0.5446757628482592,-0.6553238277437204
9888,2.4763045343498082,-1.5415483960670684,-0.3865775703685184,-1.5882458974523281,-0.11978631433798481,0.4107448015618563,-0.25505263604941164,-0.10731301182398913,-0.42279234622140566,0.1599228997427331
4399,2.4763045343498082,-1.5415483960670684,-0.3865775703685184,-1.5882458974523281,-0.11978631433798481,0.4107448015618563,-0.25505263604941164,-0.10731301182398913,-0.42279234622140566,0.1599228997427331
4452,-0.855768948525692,1.7028650654016904,0.16934017822369424,-1.765204214132292,0.3771291222289702,-0.19142527905660608,-0.1498085097624656,-0.45095352018665524,-0.11470561159217812,-0.2114846189236589
4785,1.028582790440448,1.940333358990959,2.3941694823719843,-2.2683590034959598,0.1729791734273981,0.9073459670077206,-0.39022885834122817,0.5726820250575078,-0.10545121513432691,0.252631835279979
8461,-3.216785294538405,-0.4630572065453881,-0.44677663758435365,-1.324833229615709,-0.8044950763865673,1.0631187038978176,0.06923374408874886,1.1775984418475494,0.9693131183476449,1.3128188957656979
3878,-2.557340603972206,-1.3933092276289751,-0.8872027915337876,-1.4035563078710258,-0.15363900989932353,-0.1845848116369571,-0.042253016725917546,0.24664200582410156,0.0229246852844296,0.00694694589241248
9612,-2.2020231211413623,-1.3517149922252139,-0.3367186035605233,-1.6638371568265897,0.7287506537496762,-0.5870265690062594,-0.0033833869942990805,-0.8993332945695138,-0.45926162616540533,-0.5280011753830004
4098,-2.6718177545193713,0.2420797130491762,-0.22464119691539514,-1.483819114834093,-0.23016170833370952,0.9380077317086661,-0.04388409190322544,0.11310814689475551,-0.01493385511961127,0.010109883742306834
158,2.6499967000426783,-0.7879904511242746,-1.2788537048372914,-1.380084440014938,0.4897927668891817,-0.35931033851257166,0.1094398328938454,-0.2650751583165656,1.0447778682281328,0.05409165045135965
3896,-2.797485393444554,-1.3569912069997565,-0.7345986452493409,-1.4468409655584509,-0.26812299645986654,-0.34318006811061247,-0.08020662751917979,0.2112756966017928,-0.042644317236284965,0.015901360359944793
9970,-0.5710321043845591,-0.8126847019567676,1.4601420599395027,-1.9853145074411471,0.6023255597085567,1.2751915947040975,0.11651375985589953,0.12888715041068566,-0.011952248361387516,-0.5656604595497534
4002,3.7388082971804852,0.03631456369221586,0.04008391482640098,-1.7275167842448014,0.011421626090481921,1.2834622227872243,-1.2875536316110912,-0.260443211296406,-0.7181077116986968,0.5175769284661254
10914,-2.653035010890821,-0.48703803198462825,0.2529209475669239,-1.5759784350556667,-0.09214305312140762,1.1964819380780851,0.28543403670758294,0.31467604377296143,0.12394318858987012,0.056994835092066834
7279,2.1927233712532552,-1.6875946986533015,-0.25115281301903,-1.5491005829261142,-0.5456440393559919,0.13084656388706567,1.1037744186032354,-0.6687421821133082,-0.21239661555695458,0.9174127241802085
10582,2.0529458053518894,0.3830737666351678,0.5318255074251832,-1.7908742638238846,0.6460522617138094,1.0413920059000437,0.3346903904470112,0.9176132095221546,-0.6010695130309106,-0.6524604297440101
4470,-1.056089391588512,-0.4114176357093111,1.279686265589412,-1.9737467193144969,0.6448084707174185,0.6390426511362504,0.373526299434672,-0.24155247598213483,0.23589765602055915,-0.05718514314679972
6183,-1.056089391588512,-0.4114176357093111,1.279686265589412,-1.9737467193144969,0.6448084707174185,0.6390426511362504,0.373526299434672,-0.24155247598213483,0.23589765602055915,-0.05718514314679972
6379,-2.2214794724632196,0.4145698617193455,-0.27216928570463855,-1.4278079987113927,-0.4132059195943227,0.7349514968133328,0.6797514028841753,-0.102430553537924,0.5885286909221062,0.5324888536122411
8601,3.884736934793543,0.2711580144415182,-1.2910440502608418,-1.1925443626848276,0.6262595975413231,1.404441066980678,-0.4047358997380158,-0.8500113910753058,2.5517180524951573,-0.04678750591770357
4827,0.24946856722084018,1.08481796680942,0.33851384015457947,-1.6994359544762105,-0.4010305188245501,1.2065682593846072,-0.35862222614074835,-0.3183737839457941,-0.6736415888606484,-1.0419765978663782
6715,0.3283096923463008,2.5039369009821697,0.3279712731450539,-1.7773829300935042,-0.5665138361589122,0.04729982745063708,-0.46507102864434413,0.0881716036746405,-1.0364530798369833,-0.7066653912607759
10676,4.226278486747195,-1.863570013034507,-2.410069353826298,-1.0081913759508208,0.5674212219454486,1.8118475682984698,1.3905783325733643,-0.8345840441309709,-2.128336854246647,1.495943142796257
1041,-0.8628088332101014,2.289840806204326,-0.2392270756518346,-1.6670731148998552,0.29218380265104227,-0.3766303018237237,-0.14308934161155146,-0.6275457489825181,-0.11430698859578435,-0.3031393835825555
492,-0.8628088332101014,2.289840806204326,-0.2392270756518346,-1.6670731148998552,0.29218380265104227,-0.3766303018237237,-0.14308934161155146,-0.6275457489825181,-0.11430698859578435,-0.3031393835825555
11133,-0.8628088332101014,2.289840806204326,-0.2392270756518346,-1.6670731148998552,0.29218380265104227,-0.3766303018237237,-0.14308934161155146,-0.6275457489825181,-0.11430698859578435,-0.3031393835825555
4491,-0.31050290719157075,4.168697081234959,-0.7368141336136201,-1.233637385233816,-2.985079208515565,0.24494461354398286,0.34471891870365773,0.4422701422179634,-1.2920494512054483,-0.6393685271319974
873,-0.31050290719157075,4.168697081234959,-0.7368141336136201,-1.233637385233816,-2.985079208515565,0.24494461354398286,0.34471891870365773,0.4422701422179634,-1.2920494512054483,-0.6393685271319974
1631,1.5265384758178486,0.9856967412101945,-0.49039458741805964,-1.6466120735610956,-1.0874410957475906,-1.433099180341204,-0.9120878712245881,-0.40511080860321214,-0.24682236087096016,0.43101674768368003
8278,2.992462570288412,-0.6684592211693922,-1.1414735508261702,-1.4640221887398832,-0.13338740109237543,-0.6433673935670595,-1.4433345400544153,-0.532021445898083,1.030051199681058,0.7526006404537403
6815,2.893217792877556,-0.8626675155928665,0.26416525383966794,-1.7363553493927357,0.30705450791226835,-0.3420936270270073,-0.3724117551772832,0.8414904232843693,1.543873880924303,-0.8154480334728481
254,-0.5090278921908061,1.6763470581522641,0.3778348538486231,-1.8343111568985657,0.5462889430564766,-0.5404934194071013,-0.4948844177007743,-0.17777214457385593,-0.009960409927938863,-0.05989537434682272
1349,-2.29100496044399,-1.070935499162957,-1.2410422778478059,-1.1651276100446646,-1.0492076404370458,-0.08768607895444755,0.2075425918499386,1.7755655761755782,0.8522719421860298,0.8459001438736907
2534,-1.585524032612324,0.5093801313681113,0.22859393978293135,-1.7166206033673581,0.9370390916926491,-0.04273571556924786,0.3423209160395096,-0.9237123288737645,0.23606342657565998,0.05891160512599187
2130,-2.323048217687283,-1.1646898652144946,-1.3545871277765034,-1.126011133151963,-1.0614965788796136,-0.011140796764825465,0.17610323455260615,1.629865236607733,0.8946916002116976,0.6704760851185887
2296,-2.576581125654602,-1.5112321250732526,-0.5682280020679579,-1.4283111927019392,-0.2771875564335335,-0.13027309916955823,0.18980868961391217,0.35541168803886736,0.23178033161690367,0.11237093825924913
3799,1.698178747989478,1.6216471074448073,-0.21174687327363229,-1.617252133049034,0.9672547043109605,-0.010631488284832628,0.9249752461571668,0.7175836774314059,-0.6587636174709028,-0.05218162970207673
11084,0.629431779117106,0.9220067809223255,0.8305987349516438,-1.79862692334924,-0.36766279024829784,-0.5909813988339027,0.4005441190073795,-0.5996163683645811,0.1401531949497205,0.2171510480534344
5172,0.629431779117106,0.9220067809223255,0.8305987349516438,-1.79862692334924,-0.36766279024829784,-0.5909813988339027,0.4005441190073795,-0.5996163683645811,0.1401531949497205,0.2171510480534344
9504,3.8773221658641335,-1.6610292347101154,-0.05272373362792247,-1.5008322310098432,-0.7635702864189255,0.995120810173765,-0.24092920059240147,0.32350742937681276,0.29599600783191454,-2.002028851955948
850,1.7317656874655227,0.4873522809203225,0.7816126944412697,-1.8300011982742863,-0.07149519755748714,0.6444233004588044,-0.30553252411825005,-0.07092487969211429,-0.068450353015823,-0.20595585736492641
4477,1.6014728956020743,0.4037269060886427,0.14250439620911134,-1.6790496816205214,1.475793398493503,0.7053030417446938,-0.05938566811890896,0.8212743192831922,0.3911404997142884,-0.29341732589244035
1945,3.337012391876978,1.1365317352960769,-1.3166298800338616,-1.2365357142744984,1.382718795949398,0.7998113091532858,0.8456032671715904,0.038663449066434444,0.7732610180321355,-0.38539744706767437
7685,-2.1237918915591694,-1.3865408219600799,-0.5770191788376728,-1.4506921135207396,-0.14723895847372157,-0.07533768294262524,-0.06649071877080147,0.7303373796518965,0.00880761889208575,-0.14115454974747046
6310,-2.1237918915591694,-1.3865408219600799,-0.5770191788376728,-1.4506921135207396,-0.14723895847372157,-0.07533768294262524,-0.06649071877080147,0.7303373796518965,0.00880761889208575,-0.14115454974747046
10832,-0.14449710323359727,-0.01719898400607463,-0.6440129199165493,-1.6120769158207433,1.477408360317387,-1.5200904257008836,0.8227089961916749,0.5043068670358284,-0.017523111783624788,-0.33446173145957475
3025,-1.0079287597993096,1.1641182150714557,0.3492971093331631,-1.7845570933472301,0.3502200313994359,-0.09613073517342302,-0.5931174612770002,-0.7349363196003617,0.25488391956465306,-0.07920009520065233
2404,-1.6292201376541375,1.3503999220265217,-0.5452079260654913,-1.3855599998249466,-0.33249003583294096,0.44757969332967124,0.24049399914248254,0.398247160326306,0.5649098919679718,0.3793975944076987
8581,-0.6159476506427243,4.0937997516888895,-1.3719627982342988,-1.205482079812674,-1.6099739484477533,-0.1811781707721478,-0.43343659334038415,0.3772374406066274,-0.12179549332551662,-0.3693311269513924
8755,2.1146344075287584,-1.0297470120728212,-0.7382401378030087,-1.4658016144636485,-0.6556583667643227,-0.3660182195904096,-0.740982471793426,-0.8670130477484252,-0.23104654516399342,-0.43694154089974185
10177,3.779776663552646,0.31731840668747135,-1.233191086167044,-1.179804368489282,1.213922739721046,1.9498537343376003,0.45991084211145966,0.13794698714251058,0.7481936725846374,-0.6780447277161985
2429,3.779776663552646,0.31731840668747135,-1.233191086167044,-1.179804368489282,1.213922739721046,1.9498537343376003,0.45991084211145966,0.13794698714251058,0.7481936725846374,-0.6780447277161985
8920,1.6271681992395735,1.2963260834993335,-2.010195217149361,-1.2205771875113096,-0.570883138786069,-1.379149986340828,-0.41177515364584283,1.4725059998963297,-0.5313373124161209,0.3251736572881512
8430,-2.3469404341337077,-0.7846884493838499,0.9277089986570907,-1.8460711650634756,0.8705632502018745,0.6804339001816802,0.22989817803595705,-0.9174541282539196,-0.31949655410496125,-0.281507516179369
8619,-2.3469404341337077,-0.7846884493838499,0.9277089986570907,-1.8460711650634756,0.8705632502018745,0.6804339001816802,0.22989817803595705,-0.9174541282539196,-0.31949655410496125,-0.281507516179369
8996,-0.8788319805556287,4.1134309085031235,-3.4027214500649214,-0.43307366124667585,-2.6400312924638287,1.850775146222772,-0.07477090544388974,0.781226705697372,-0.3305671519349824,-0.29112258038677447
7233,3.537071967961366,-1.1054590200557204,-1.756041837714652,-1.1207284804386022,-0.20534782279785038,0.07152979723584423,1.164780352382799,-0.7858230689354171,-0.04711964227123386,-0.27750062566929246
6678,-2.4087656972623788,-0.7045954873089673,-0.9538920605025879,-1.3437014518509223,-0.3691157969111811,-0.41816906088166456,-0.27718548875529664,0.3724096212843576,-0.043699808875166016,-0.11302062727279394
830,3.303853764902294,-1.5203928706482115,-0.6885792454956062,-1.2689713582650421,-0.6520099871570678,0.15940872539656348,-0.5866586548922421,-0.7771040760835345,2.3314396864215023,-0.627953852363371
6365,-1.7824201496050989,-1.3360519562360613,-0.26581269986458633,-1.6232445046951527,0.7707646040717278,-0.4921791499484648,0.055851655839527115,-0.6977978763885958,-0.45031201250797365,-0.42064012620653873
6770,-2.4805092647885556,-1.0696665179575973,-1.1387635890831418,-1.2317863106177906,-0.17801778174711108,-0.1501249056940549,0.45614083905770425,0.12401940502054623,0.06532278700960187,-0.026998823171199313
2261,-2.916237027021791,-1.4240501393157294,-0.7815285734412102,-1.3562367970134193,-0.21554404406152408,-0.32108587468051414,0.037027331720130445,0.07646932713629122,0.08326984982073853,0.10127060415362607
1031,2.8469609813530337,-0.5060890774355372,0.9606060172650449,-1.8363291392356518,-1.213211056070466,-0.9494601413637033,0.23926060907502153,0.379242513836226,0.22059165129724506,-0.4588440131823925
10089,5.549567672495936,-0.992270683141702,-1.4705365553209961,-1.1568204980782983,0.5792078235650996,1.2389986178149885,-0.1846278045805064,0.9028241274787966,0.6566708113808238,-0.27975321703345274
9256,2.2294674716041056,1.913128757181947,-0.9248708701598841,-1.4050323750966496,0.6890551889920191,0.4549496642460149,-0.7804598982867518,0.06871831298029762,-0.15219558721283427,-1.0907078474013125
10641,-2.7910931671226757,0.4728957579614166,-0.7887646605412209,-1.2264726348616473,-0.13296462096441433,1.0376866896745713,0.5015368998692801,-0.29222767023157953,-0.16199796320974436,-0.20264225827155266
624,-2.291238965717214,-1.6622065913060584,-0.12199135810512125,-1.598712449546166,0.5552452188330418,-0.423042703766274,0.41180065594307036,-1.0701286417774045,-0.47986032062962547,-0.5889584100164458
4211,-2.615438230763621,-0.9661948108548764,-1.2816666115130255,-1.2283630867597093,-0.11172626539072601,-0.17398382365144843,-0.10067442156588155,0.12891086149787034,-0.01606162071630167,-0.17594576139905563
1407,-2.615438230763621,-0.9661948108548764,-1.2816666115130255,-1.2283630867597093,-0.11172626539072601,-0.17398382365144843,-0.10067442156588155,0.12891086149787034,-0.01606162071630167,-0.17594576139905563
10356,-2.6890300798677216,-0.37438641676043566,0.19828520295342272,-1.547557883515737,0.0017221472076510785,0.6684751528540435,-0.03949100155736134,0.15200186878862398,0.36200916292763,0.6476558716809345
9323,0.8895525857521779,2.3682373255080664,-0.5618515747109656,-1.5002417531147103,0.03467253141161364,-0.7469294754060315,-0.58975963891975,-0.988972538300103,0.8508344124403269,-0.29763411868942297
1146,0.8895525857521779,2.3682373255080664,-0.5618515747109656,-1.5002417531147103,0.03467253141161364,-0.7469294754060315,-0.58975963891975,-0.988972538300103,0.8508344124403269,-0.29763411868942297
6343,3.8084698993145145,-0.07195107311335927,0.46170689089130873,-1.5873942722077006,-0.41226726331413655,0.7734547868421993,-0.11214963589397413,-0.6114030910679142,0.6912294177853016,0.7708269889015057
8545,3.0591605142828002,-0.8851477973256523,1.1478752912400054,-1.81876189183465,-0.9594317001141781,-0.7906437629518789,-0.11451669706148156,1.1110700422430868,-0.005828849503726861,-0.5992692362434353
8275,-2.7020426126093073,-0.43228487010699007,0.23470183259533878,-1.511171965130015,-0.0362333563759657,0.7125940464861606,0.051059860702748254,0.07532941074661707,0.5763218699783296,0.7899534543794484
10673,2.6731272047996346,0.26329340312498434,0.7036523984156272,-1.6501859758100368,-0.4213532967965309,-0.15667016393104025,1.0995792651723966,-0.7400417617351046,0.3937261186427944,1.7018495548799661
8799,-2.125317616962208,-0.4072486035315713,-0.988731188807683,-1.2587066744750324,-0.8519867369589468,-0.31672628077473874,-0.1361671976388056,0.2152889297720657,-0.041735229139660504,-0.15826901674466629
67,-2.4069048078843642,0.46754493855379897,-0.07266012420721883,-1.4250686093407698,-0.38083861793905194,0.7624993723627528,0.006612338056691226,0.2525250543201606,0.16433926061559342,0.31608557220273814
9923,-2.4069048078843642,0.46754493855379897,-0.07266012420721883,-1.4250686093407698,-0.38083861793905194,0.7624993723627528,0.006612338056691226,0.2525250543201606,0.16433926061559342,0.31608557220273814
2814,-2.693382367121265,-1.359658706566574,-0.7506862464545223,-1.333231021517474,-0.20873732329541142,-0.28591442631553854,-0.05397101080379945,0.2568564416849938,0.02667426979475652,-0.00588682153361645
2711,-2.693382367121265,-1.359658706566574,-0.7506862464545223,-1.333231021517474,-0.20873732329541142,-0.28591442631553854,-0.05397101080379945,0.2568564416849938,0.02667426979475652,-0.00588682153361645
4320,2.7464465002115737,0.22765985177703849,-0.14681098600751213,-1.5585547275306526,1.0985777079459842,0.9807582696837628,-0.288441397486083,0.48148939204251967,-0.6464346063961314,0.10163414713349386
10451,-2.797750204945622,-0.6699624107304748,0.19891496035624828,-1.478670575945629,0.10850271594692021,0.9193036690129748,0.19641479228438966,0.15927771783718112,0.18063967341185602,0.39643451845498573
4198,-2.797750204945622,-0.6699624107304748,0.19891496035624828,-1.478670575945629,0.10850271594692021,0.9193036690129748,0.19641479228438966,0.15927771783718112,0.18063967341185602,0.39643451845498573
10814,3.4955851283488135,-0.2471524346018228,-0.846853552452654,-1.3434409615415501,0.3042621551469301,-1.0158551725318357,1.8212775528047556,0.8613237095993694,-0.5825727598308429,-0.7140116494382385
944,0.6590559634784523,-0.22759192550988214,0.13521174449464382,-1.6418733945609272,1.2879281316027724,1.2149945572760157,-0.527634298563983,-0.03942371884179789,-0.43195508363252433,0.8563130052845577
8151,-0.8564552001513258,-0.7607735833922148,-1.7815800372927255,-1.1978826984435966,1.8814799783741714,-0.6636830941929024,0.34032976021691613,-0.7668107388126341,0.3446019181433416,-0.417420345214139
6184,3.515983899255203,-1.995450189688966,-0.45500101185719793,-1.3287686828527179,-0.6768080304727769,0.7528145918671646,-0.4995190445146506,-0.12970891149722905,0.6565115253995695,-0.7256540416601802
3498,1.6100921840255324,1.8748291611014614,-0.6460634791165878,-1.3861813262049285,0.5682184011562184,0.14648726299508041,0.26829439389802523,-0.18905440862439293,-0.10360558348800401,0.005734926238539462
2870,-0.28782591078289665,2.016927842873761,0.00541177441797606,-1.5446937508444938,0.21586549912963574,-0.0955128911610285,0.6306310047028603,-0.44016113169696336,-0.0658964212154543,-0.553783167434501
7342,4.303817801142662,0.28493280599321685,-2.4747783838318806,-0.9479444339215173,1.3915999365814267,2.7960246858810733,-1.8302370678750175,-0.7981361208173674,-0.8051704125792898,-0.3198003650517986
1911,4.331515065517982,0.3480904525679517,-2.3812468455650357,-1.1338632789310539,1.387574385099222,-0.5861120031590835,-1.3958671696016278,0.40492296817394474,0.44338815251591124,-0.27599619600539144
10862,-0.5634915699261344,0.6200445755534532,0.8089830212296779,-1.6534733449186947,-0.20176165215200376,1.3759170237534162,0.5100233887791147,-0.07382101219610106,-1.3526904528556236,-1.5525538581537874
2546,-1.6077826793455667,-0.7547718575381684,1.140764882678278,-1.7905308236201398,1.0266754205460384,0.8888370186824932,0.4167943266587228,-0.2925602888279345,-0.2339582293173281,-0.41225292509390216
3005,4.949685164254891,-1.5372879125266408,-0.9111693419340327,-1.1720466084765349,-0.46111535759280403,0.48370048719891373,1.7897295718690627,-0.24206007680968486,-0.563691614650868,0.8632871182824822
8318,4.7231474412056125,-1.973277186216329,-0.44269610411691757,-1.3332829358382712,-0.6408708650378738,0.6705006200713887,-0.7272178303541356,-0.01493512223949999,0.9117612109766526,0.737054181825199
2930,2.2397107289924274,-0.5055364700055921,-0.1893431391125749,-1.500666333050975,-0.67118206760639,-0.5246027237775847,-0.13773418124685297,-0.08329471854305251,-1.211101158299583,-0.048310319033869425
8216,-1.0772701949233536,1.5438601879059721,-0.6386607846982264,-1.1043666690274114,-0.9828834202121903,1.0311474770369353,1.4701479684644176,0.13895439692234204,0.5638975538411576,-0.11232039814956787
1212,1.5305313218523615,0.19947520192310214,-2.0890376585015327,-0.9004000834671038,-1.0892559946705997,-0.43247708415331854,0.32512820726328584,-0.08292134006482946,0.6378087208190645,-0.05599176716152734
2541,-2.8040039247079105,-0.8438382767382079,-1.2036237089879183,-1.2004155005853576,-0.2943630848536563,-0.39725107541743754,-0.1925672932744456,-0.03536358957590309,-0.18249268710665822,0.012089720345054795
10659,-2.723219015216988,-0.26867166270009535,-1.6987427609426446,-0.9963136055689623,-0.5848738747074249,-0.19563813149885184,0.3684028199249523,-0.4286397900716759,-0.08135895571142548,-0.4794806153230429
10905,-2.0280917248560013,1.6136572285972033,-0.5020407635853483,-1.2933591904686004,-0.9381910832498622,0.4745888289204961,-0.34109209270657104,0.09603910782217222,-0.1613676107734098,0.017704356076093893
8910,-2.0280917248560013,1.6136572285972033,-0.5020407635853483,-1.2933591904686004,-0.9381910832498622,0.4745888289204961,-0.34109209270657104,0.09603910782217222,-0.1613676107734098,0.017704356076093893
7349,-2.5774957640789538,-0.08801120319487372,-2.063019397521255,-0.9305654028747121,-0.2477619418024946,-0.2276701243765428,0.26373631382813767,-0.2520859159333116,-0.244662592542515,-0.4120426882835843
7872,1.7201002395671918,-0.4303771299656406,0.29317532541000035,-1.5811763962022798,-0.7127570118356277,-1.0639113260907793,1.0143371842839786,-0.4544170375920941,0.8340192665028712,0.022379941969152568
4290,-2.794752975316106,-1.433910016393654,-0.7613731474281129,-1.251530118948059,-0.21695931077582956,-0.2632294559016226,-0.00440005365579849,0.11154037921123265,0.1690197488699061,0.1215978418716543
7408,-1.2691200853900684,0.7740321354973617,0.7073282921832293,-1.740001397455475,0.5698383474267084,-0.22303744836816863,-0.312759549412159,-0.6544294347513278,0.31430537816678816,0.23522700633887358
9986,-2.6558775692672727,-0.3828088466999073,-1.319082038910299,-1.1099267265654313,-0.4686154651832567,-0.4804359528119036,0.05192709771332515,-0.13262055526159283,0.2300758146094492,-0.22783283904836918
8235,2.028404999766839,0.68642850757582,0.6125018594515421,-1.6435333184151737,0.2736478027011357,0.5018541602023198,0.1030246920023914,0.2546283553884785,-0.21449242235008192,-0.2630565013823725
10949,3.4977695346355233,-0.8509065379541035,-0.11285099950844298,-1.4702021895694646,-0.9392505782979771,-0.9103918490462793,0.03653492941535225,-0.18118229091653323,-0.23956116163394428,0.19426309569830746
7284,-2.8656764231861973,0.6170429406985516,0.8354825049755698,-1.5392062991383317,0.35971099626612274,1.5735252534719184,0.011670149187016882,-0.2798744353175959,0.8434856436776548,1.397134077016013
9529,5.007456945655315,-1.5662993945710026,-1.7644776576858614,-1.0010882719056036,0.4358045062771877,0.7936928247411474,1.9543382366019353,-0.21671694448945922,-2.040918322334477,1.39266031924231
9930,4.390918962077398,-0.9071793355825283,-0.5046855137583383,-1.4053730259144686,-0.19500586791363245,0.6899960144941348,-2.039246297308809,0.5886066660958216,-0.003723083588623866,-0.032158260415797654
10270,-2.3683696859114067,-0.78291500917688,-1.0297592916297469,-1.2063559912743795,-0.2968513869765533,-0.3238516833652681,-0.14718923560687439,0.27612847613091107,0.15387473524375678,-0.01599623090097905
760,0.7536693658359108,0.3555945526667513,-1.0192033154361613,-1.2944233137917431,-0.837411779542057,-0.997012976584764,-0.9153222882280259,1.0318071991099098,-0.00445677028161489,-0.09133783583181906
5519,2.1268675328474553,0.32382869006139114,-0.5208513963897416,-1.2791621284687504,1.075266529328407,0.38761650436507034,1.4634297421097053,-0.8977029073596101,0.9300578246548722,0.7786207768475215
232,1.0172905714757547,-0.03638651561799411,0.8152738314540475,-1.7740669732731873,0.8618949277104399,0.9399087015308505,-0.5850325473246091,0.5057125876888432,-1.1228190092073422,0.5829576794959294
3009,1.702286124413472,0.655126120703151,0.07562873425004091,-1.611693271271753,0.4312856638190646,-2.8557197588566816,1.361551936176015,0.8766192802584332,-0.04118770961779636,0.9128256132983008
6518,0.3038183445917828,0.9945222835820186,1.466249141369038,-1.9701723491662915,0.2598341259324379,-0.7108540898977854,-0.6971904782890218,0.24748092600194765,0.34530619315144684,0.1634340549247221
10669,0.4879710440573207,0.17081056927952207,0.9534630051334322,-1.7465060210801155,0.489798410868963,0.9207896499660608,-0.30229758622290887,0.33036906563036894,-0.8616179582369509,-0.6862627982365959
5682,1.7601428869904958,2.094360418062112,1.0798417730406709,-1.7330903223441676,-1.135307241289768,-0.6245656340364472,-0.1291596316610605,-0.21613373536547265,-0.358282641297952,-0.40515512647669993
1570,2.0759681640859524,1.242650620979559,0.9385247252057215,-1.7264497523484186,-0.2391916601645091,-0.4191971851081022,0.251716008636376,0.08928596795878611,0.10101035234619754,-0.1404185580100459
1497,-0.37627672336074464,0.704317022796088,0.7097882846900104,-1.7068360731768388,0.4354622664647612,-0.08960595283647153,-0.008589457846734682,-0.5506963804872018,0.2446416942856712,0.09385898515299972
9723,2.6067811670573757,1.6310995959283534,-0.4889726657717934,-1.4728921515668336,0.22696787374687014,0.8354579415876425,-0.9005563943419704,0.19155810121085756,-2.1244086977114174,1.187815092478061
7261,-1.695463787396256,1.618765184736483,-1.0321755318350674,-1.1299061050954378,-0.6698855936550888,0.5574328177528584,-0.25483066370239454,-0.20539837728666982,-0.20092638884491235,0.49946961448640537
2452,-1.695463787396256,1.618765184736483,-1.0321755318350674,-1.1299061050954378,-0.6698855936550888,0.5574328177528584,-0.25483066370239454,-0.20539837728666982,-0.20092638884491235,0.49946961448640537
5621,-1.1440505706143784,1.5123860565145695,-1.6471879544370394,-1.0215332068544831,-0.502727224715718,1.0758563103676622,-0.9645489937228217,-0.4432359972741133,-0.2292088053010423,0.8333074241001569
10995,-2.6529984479742517,-0.30924056336770545,-1.5974732692544233,-1.0584304657444434,-0.21067933236448194,-0.4524647011692452,-0.06345306737773125,0.05639018864194238,-0.2799708040307248,-0.3783634352277733
7373,-0.8143423634195908,2.5327208118324123,0.40257372307597933,-1.469994799210741,0.4657963468433061,1.9212866914091633,0.28988991915669343,-0.967844744911158,-0.2043851308888626,-0.4424338235348174
5331,4.01310426454883,-1.925291507372946,-0.6661964446261616,-1.2309293099765406,-1.095506551227513,0.2579392532661332,1.3921209077282775,-0.8817156550351208,-1.0103518176366004,0.38055311885327014
263,-1.4619905442983763,-0.8800718426052764,-0.4265388735107611,-1.4577849795326028,0.6492134212037983,-0.8834838332161271,-0.17331900831838537,-0.8400678853012569,0.003710627158629027,-0.03541740573687154
4619,3.305174404281071,1.0274941640164745,-1.2915568966236466,-1.442789354862997,2.444311885311729,-0.990325335968682,-4.115599747146139,1.1760021261188756,7.567865325758571,-1.4303804408396432
940,-0.6300303216431008,-0.9231863478710605,-0.09468101869731439,-1.35401787660631,-0.898185031359414,0.12567783468251098,0.05024727667710805,1.3538476789436706,-0.1041666294012175,-0.4073648847710288
10084,-3.1116673212308057,-1.020303880484785,-1.774693598097361,-0.8257529371147627,-1.0787491054329799,0.06702087858176145,0.27201656653464873,1.0291676922530193,0.44563045036212834,0.47653299293562407
6019,-2.302054410761206,-1.4949287193309877,-0.4915773871210899,-1.2458981707383996,-0.5188772715321188,-0.1936579065754878,0.30547047765447016,0.13222441139419766,0.29508390803432555,0.13435559732178076
1463,-2.6962846510480194,-0.4498888313435893,0.19404666603272297,-1.3952457132447513,0.016064294877812853,0.7315814773711251,0.06140250358979093,0.0482593215622336,0.5275802334211099,0.7951235019593198
6424,-2.234844881944028,-1.6954032331911302,-0.34570126169861465,-1.2959301710713031,-0.17502808982139026,0.15298775519474558,0.3037872899429326,0.7358030074912918,-0.014562942811142813,-0.14597179629250234
8233,0.09689692372133726,1.7789185204064006,0.8834648338336812,-1.7217153084133945,-0.21161101485434816,-0.21270787808172517,-0.38266132307219575,-0.12238449849488325,0.06339365565481783,-0.22821397164387297
1515,-1.8307811077951246,-0.8510551094199316,1.336339051290567,-1.7659817390657948,0.8085394842563376,0.8943403799109292,0.2617545175470518,-0.4814347232357161,-0.06313762216046183,-0.2971482956948655
10855,-0.7173149567766886,-0.38814784131910984,-0.6693304419211018,-1.2748113538691779,-0.4052218491742495,-0.3829400067900277,-0.11318446774000603,1.4045335794292249,-0.33264213368528384,-0.27577797588469843
10909,3.9559359462009893,-1.114342288522754,0.8254304937189973,-1.5319298130236252,-1.306936606501461,-1.4062858477022138,2.169500009782969,-0.037468070184219264,0.9844372384755743,0.7349568258042463
3376,-1.1231100050888179,-1.1213965574081755,-0.0754407601270909,-1.4007399978693351,-0.5123977384517701,-0.19617326482470357,-0.004026253960386369,1.3014542496740074,0.06692065555317743,-0.1038290742099642
10232,-0.2829699275049768,0.32182515407075535,0.9212081910895563,-1.6560910157868383,0.23857080324369914,0.9079598136680168,0.22019261721423483,-0.12273837113793533,-0.5998142249384735,-0.5343397816195595
5547,2.568075427539615,0.0004392283691048122,1.3747246241389568,-1.8581526573486364,-1.7362213127917852,-2.31864789389226,-0.46700424749433006,0.12655983016389802,0.727025057976429,0.7933273220975934
8362,2.568075427539615,0.0004392283691048122,1.3747246241389568,-1.8581526573486364,-1.7362213127917852,-2.31864789389226,-0.46700424749433006,0.12655983016389802,0.727025057976429,0.7933273220975934
3524,-2.2659800548790745,-0.23318284300730135,-1.346694753554008,-1.1200789685910377,-0.3635808410917758,-0.9823540374258644,-0.232604807261108,-0.10291819333113071,0.6860834851550703,0.35871052097562744
10095,1.8846328683623075,-0.3668801866953581,1.3861282061062479,-1.890336719983155,-0.9368001463099339,-1.4430205955155182,-0.4430201738824415,0.9173079822178022,-0.3903425077204014,-0.3018750096464061
8897,-0.48080152900153234,3.2955346370226017,-1.9321791149321772,-0.7894854853513555,-0.6575537078851654,0.3399461539718665,0.9033520976610001,0.3397338129603957,0.04386699768568198,-0.5492478013269253
466,1.7161787381164635,-0.8863317361629122,0.6959207981863849,-1.7336226951495444,-0.21337323831271957,-0.29905996344648234,-0.5110804057318292,0.9895653042448501,-1.2870452585967145,-1.2226444543688169
11025,-2.4669339587548658,0.9488766608717626,-0.6427525171679812,-1.1538979416776713,-0.4577065584468447,0.6005342348953021,0.223383296133712,-0.2588930089389338,0.2913576092651349,0.2576838769580133
2387,-1.904517634439795,1.969767568999376,-0.8713904568141115,-1.0858894705037934,-1.028512714717692,0.4971749441809707,0.16526116093149745,-0.23052417410920212,0.24039120676032616,0.06882749931371808
1618,0.08064491981557419,1.2598244414909823,-0.40113841465019856,-1.6149397730519646,0.5522575558784172,-2.493859774535022,-0.7673191167367985,0.3603553733637855,0.043642723090755585,-0.18722659148491136
25,2.0845967628886566,0.9157723029385306,0.12236984541075105,-1.4065875690667287,0.5083172728568536,-0.17446736812474692,1.8945608025152596,-0.05131374154354694,0.21199617396790563,0.5094546914197005
3277,-0.8909672634911431,1.1450020463988353,0.2201413399367554,-1.6265496843774023,0.708873349277364,-0.5398260865129297,-0.549126191132303,-0.7861481497509901,0.2789830220284735,0.2597509714719813
8566,-2.941286488173013,-0.468295286627551,0.09935806335534568,-1.337422508208281,0.10141988692771269,0.6603070533639106,0.040512338975730026,-0.08019443749414272,0.4249890793844719,0.6552049555404136
2634,-2.5411350791800245,-0.821279126078056,-1.1504202378816253,-1.0444700695419267,-0.5724554506274078,0.0017931438058579987,0.14042577150890767,-0.030905408313900352,-0.2599765043531584,-0.43000615260331315
8036,-2.2826752714897527,0.33858279040918987,-0.01281406025163798,-1.2305997193953988,-0.5200096740542988,1.293848894218927,0.4070762127496736,0.2760865915330695,-0.07593210174413782,-0.3199819246400588
8159,-1.9310825483914371,0.7820091089249087,-0.29047033129735683,-1.237837396911168,-0.21905339340638774,0.4845090555647454,0.26932464375133225,0.21013957765019575,0.6068313392789187,0.543916784333161
7628,-2.0570791656149656,-1.067531116221154,-0.46473460872638833,-1.2453061558332714,-0.5134658476173292,0.02503829203781272,0.008306711229849292,0.7467986900753827,-0.03172457996321166,-0.2123398587196412
9597,2.1678720568856966,-0.3666490963711219,-0.9990186511020008,-1.3135385358607006,1.408455006639635,-0.3199448082070457,0.10253764730872876,0.9751231512181063,-0.5323821821282824,0.5802237284052263
1384,-2.8013919653787,-0.8731814588449794,-1.3870099265474967,-1.0142535279635965,-0.18240556456766802,-0.4435168517066142,0.17183534798006772,-0.2596388570170712,0.08382667090747035,-0.058429264325898976
10150,2.7434015514851295,-1.230564079228323,0.8004208696277918,-1.6231357625153489,-1.2028304021701244,-1.046561988412592,0.25695825804670874,0.06540531216605565,0.7324624854646831,0.3999959328064674
3885,-2.6651307556942148,-1.238326723653524,-0.9155822518246451,-1.1360861609237671,-0.21213878200695763,-0.4999258185639558,0.31670284752469396,-0.015148496067600947,0.16956638642220453,0.2838542062087342
11003,-2.5860821939723113,-0.9328695353562055,-1.1364443294455255,-1.082095641874165,-0.15583723089723958,-0.21725876310906644,-0.06904465726971991,0.19948254038660562,0.12680850394758397,-0.2505798250994782
8026,1.011952951922677,1.0265171243598057,-0.8779799746925487,-1.0977338254266742,0.4420108244885693,1.7010549652604816,-0.1103529821704504,-0.9185272234898669,0.5166591456207846,-0.5575684899872243
577,-2.9255597114882694,-0.133856680020306,-0.10778392213510911,-1.2715272028983804,-0.04942899964380032,0.7816331811489937,0.004942810558842987,-0.08492180963393427,0.1331468620445571,0.32744345514492107
8702,-2.9255597114882694,-0.133856680020306,-0.10778392213510911,-1.2715272028983804,-0.04942899964380032,0.7816331811489937,0.004942810558842987,-0.08492180963393427,0.1331468620445571,0.32744345514492107
5429,-1.4052316390541928,0.11146179735769966,0.9773480222039354,-1.7249541008612816,0.7050736880227746,-0.03877343308469383,-0.2851615926241606,-0.6543741920657078,0.24994147726323662,0.14542237716036474
977,-0.3453849009545672,1.8045250652103602,-0.2110601726660238,-1.3613965221128836,-0.12731610703467688,0.8002025492609305,-0.3691206075250685,-0.6078774206838572,-0.8844357101368912,-0.9020828161278148
2793,2.7277417030713536,1.6485238978884018,-0.6258695918192484,-1.3396404104173727,1.2323462799026699,0.46433492053182956,-0.06701556124000234,0.8603801951041561,-1.0871896054702708,0.26543504666015183
1071,2.7277417030713536,1.6485238978884018,-0.6258695918192484,-1.3396404104173727,1.2323462799026699,0.46433492053182956,-0.06701556124000234,0.8603801951041561,-1.0871896054702708,0.26543504666015183
5074,-2.7671410312529385,-1.3414944375990503,-0.6745808073474591,-1.2141937064527246,-0.23953563551428486,-0.3756459303671857,-0.0435448904579575,0.23276867491821618,-0.05320458125364107,0.021820554487693995
2632,-0.7111555936822394,2.5075322609423085,-1.335439861942389,-0.8306505448064199,-0.41169056946277444,0.5283330031103504,2.358665141695836,0.5196955944416141,0.2831075906762341,-0.13697560736667613
6404,-1.3188598763620099,2.246968893691945,0.6279829432976781,-1.353606422198234,-0.4855693891803579,1.9948364823152265,0.2800858028720265,0.5551848245650389,0.3822912197968463,0.41430775525005875
10240,1.9911120155246156,0.34665099912458763,0.23950101621496053,-1.6414027196795247,-0.24094966785929564,-2.1598343800401754,-0.43535206249598213,0.259214067185445,0.6133250920497932,0.5626042601606308
2521,-2.5573115257753214,-1.3588832756200524,-0.7076651995175555,-1.177263274732064,-0.2882573819589362,-0.35251650061901796,0.3044204384682972,0.1263530799931762,0.23306304917991955,0.18222177424885966
4301,-2.5573115257753214,-1.3588832756200524,-0.7076651995175555,-1.177263274732064,-0.2882573819589362,-0.35251650061901796,0.3044204384682972,0.1263530799931762,0.23306304917991955,0.18222177424885966
7381,3.6547049012641875,-0.3201710122178964,-1.4263206229200631,-1.2424771092014595,0.4784317375481564,-0.36646232150791025,-2.0641752345488094,-0.20909982732610863,0.5964922701716477,1.5571450981279134
2407,2.921467268803103,-0.5117521052968551,-0.44237431664861865,-1.325967130564314,-0.2961065424629977,-1.1589947701889658,0.7372876518728729,-0.20979397967119603,0.07843713089721818,0.0602957559770584
9064,2.921467268803103,-0.5117521052968551,-0.44237431664861865,-1.325967130564314,-0.2961065424629977,-1.1589947701889658,0.7372876518728729,-0.20979397967119603,0.07843713089721818,0.0602957559770584
5067,2.3256471005747024,-0.5566346897154897,0.7878627312099938,-1.6064102237537943,-1.2416325977443534,-1.1797566685998935,-0.18814220861218697,0.1371368338070651,-0.8300011319267615,-0.14075033000992315
10281,0.8958326023205739,-0.6766020327183782,-1.0569486616721935,-1.0106605417215295,-0.7978486607278973,0.2310657959573377,0.018665874438045963,0.9508357286609528,0.46642692284775616,0.21283706596489083
11191,-1.2677009824337129,-1.2816350804182381,-0.10526567137059945,-1.4494345729110611,0.5454949122550163,-0.4286245627248703,-0.06982876891801516,-0.5860886235199838,-0.5799951632454688,-0.10614110809420593
1994,-2.4852982891507973,-1.3924370297488031,-0.44749012339594146,-1.2258535523517955,-0.43298721696007925,-0.1978029338272105,-0.04136977721977136,0.3260134451930574,0.3304259170562349,0.3711072664268666
2552,-1.3727215243438684,4.11911793009031,-0.004272292030598215,-1.1334616149440446,-1.6418058869054983,1.611684535872792,0.05316707465075709,-0.1661542687209033,0.11861763329127144,0.05540759474665976
6720,-0.3895207955455722,1.6243046235557095,-0.25966090276739934,-1.3491605391750943,1.1199500609962405,-0.6136261532263916,1.0009665639251684,-0.5672271798199596,0.3900512125776334,0.23642311813307193
4557,-2.4088892371629376,-1.0859897430995669,-0.9815653733344447,-1.0482348414363825,-0.3949020780690253,-0.1951133470814307,0.46406147115932134,-0.03352079258459016,0.08877387100131845,-0.08461625638313888
1183,-2.7209257506948306,-0.5829723097223714,0.2572444078438143,-1.3282195315361,0.08226115655483718,0.8339848070339403,0.12526887794865318,0.1006294155811718,0.4840950383567372,0.599840611053872
4186,-2.2112177136151883,0.08771576562183364,-0.11553640236398334,-1.18831136255452,-0.23391503688894633,1.157722598061927,0.3715910120955598,0.1521630088510358,0.26662990569590095,0.10542567450924432
1419,-2.2112177136151883,0.08771576562183364,-0.11553640236398334,-1.18831136255452,-0.23391503688894633,1.157722598061927,0.3715910120955598,0.1521630088510358,0.26662990569590095,0.10542567450924432
967,-0.9884305998060375,3.3161443598863634,-1.2318240060336567,-0.8669252466345468,-1.9929964410915442,1.1231082334299665,-0.10100866631734583,0.22175527788256916,-0.9016507802135246,-1.069419477618484
1048,-1.9837945556678207,-0.656809404892887,-1.0286232797526087,-1.0813699260232619,-0.3665590526454338,-0.46381175092251403,0.08376076837065907,0.36281157063613767,0.12885863862299243,-0.11708321891271212
9262,-2.094383716032248,-1.3205153668951681,-0.10721551554704221,-1.437484171998258,0.6195529512373847,-0.6122909127377621,-0.06963976401951837,-0.8103374663264441,-0.34191578348094687,-0.47299472828017214
3427,0.022296321870294556,3.4574746596629478,-0.138357410882385,-1.4629220343555303,-0.14700047675643663,-1.1317856587156845,-0.586856029377141,-0.37977791484777135,0.22385211036091401,-0.14987825527718315
5892,-2.014413561400428,0.872750566210479,-1.482552287288174,-0.8762748706498112,-1.7727470407876122,0.08635986801520987,0.09473137582979432,-0.05881543081886949,-0.6827599512628898,-0.9066514896578772
8911,1.9165969948989263,0.5342740117859359,-0.6663636742265154,-1.1720904988926728,0.92476809778824,1.457300742216458,-0.05786098976513556,-0.2611344912466143,-0.17965851419414772,-0.6890123680428115
6606,0.30840096035859166,0.5656522553167699,-0.4422871342372433,-1.3484803809300137,-1.333175266799398,-1.627876388728385,-1.1512946348030852,1.3201582052223535,-0.6844524660379201,0.9002195311151351
2677,-0.6466148120859956,0.7453701820184135,0.2534053471772592,-1.4035625472154243,-0.004137449241987632,1.3966616102957299,0.010698357535843686,-0.6708441042813601,-0.9340821802732092,-0.7239625299448411
252,1.3781966370345156,-0.7797277184133963,-1.903389696712716,-1.0836092888141635,1.620691844233724,0.052310525918257224,-0.6753044921885188,-0.19143465507252685,-1.2407266254781,0.743511256393461
9860,-1.4556159999359006,0.9117965038953645,0.3830208876922026,-1.5020485328887985,0.5787809687625951,0.009845992682423392,0.1680058039053891,-0.7907665508070091,0.028217743984748616,-0.11454982479942938
1388,-1.995938865456344,-1.0162365717191502,-1.1185618555868382,-1.0223641309168896,-0.1335924329147883,-0.027659168913142095,0.4395045536354789,0.366923914597216,0.11227999254470875,-0.1630667409680175
979,-1.995938865456344,-1.0162365717191502,-1.1185618555868382,-1.0223641309168896,-0.1335924329147883,-0.027659168913142095,0.4395045536354789,0.366923914597216,0.11227999254470875,-0.1630667409680175
7494,-1.949173432593134,1.5589852052007498,-0.5933097754506153,-1.165710768116988,-0.4352808331767735,0.08459449778799637,-0.25963865833663224,0.06201261856148936,0.5330216627424496,0.40370716346413127
10490,-0.3952493062854249,0.7206227011638123,-1.4277205090432523,-0.9713285129894234,0.8986040789945674,0.6382051133174267,0.7294111497899467,0.42097437785001735,0.12197671348274765,1.5638080810534247
3403,3.5958746295996575,0.8737989739285624,0.10891351617487799,-1.2898225556629974,-0.33143120039500845,-0.18401041234109583,0.700484686280322,0.10152370256229426,-0.21636323729494128,-0.13244753174290438
2715,-2.4651280646475446,1.1204955512901256,-1.1414484197925643,-0.9384523307484124,-0.08588222443376439,0.35384079186580836,0.9016855891059516,-0.49525257938119444,0.3664418548092057,0.44509201265123816
4828,3.808846370834341,-1.2306376225155309,-0.4658461097948688,-1.0685801721550803,0.3417027392268796,2.760447420771415,-0.1803972552335203,-1.2689223318218374,1.10227109264766,0.14770227993319182
92,-2.0922486304426418,-0.27889252667511766,-1.2757500006959313,-0.9505622263103869,-0.5891826040355652,0.14954370303330605,0.011497041233541835,0.3970513007002426,-0.14399951569925604,-0.6131207653263272
3312,-2.0922486304426418,-0.27889252667511766,-1.2757500006959313,-0.9505622263103869,-0.5891826040355652,0.14954370303330605,0.011497041233541835,0.3970513007002426,-0.14399951569925604,-0.6131207653263272
11176,0.369914497743306,0.4969603986440087,1.5272272948012835,-1.738636133586749,-0.12564396223909272,0.24109823057589097,-0.09318087186332714,-0.014371117731577218,0.05008571779886359,-0.12153421168958159
1446,4.1938292163347555,-0.9814206517612051,0.16282180606182642,-1.3623571807824575,-0.883034918547743,0.013772520997267083,0.3542709035558641,0.40574729553828753,-0.41089647792971323,-0.29448277057908223
9699,1.1539309151422745,1.217414262330821,0.684396188095559,-1.583069583561789,-0.09516565244049735,0.3347966876925255,-1.0292162114421235,0.28634443038303053,-0.6912739355785933,-0.36755767104864584
9790,2.501057316747517,0.33076513211579656,-0.6689754788539404,-1.359020858190389,0.8073768332355167,-1.6548974778977001,-0.2082399480136356,0.42605538875107396,0.9215974118640885,1.2278212145108418
2324,3.0958093489519225,1.2497692961083031,0.7165526071828695,-1.4808403537265244,-0.41372593105175853,-0.1645344003050924,0.5525285813794846,-0.10903233195547017,0.08166110767962134,0.08896477258667508
5080,3.0849822142451506,-1.1812116190190165,-0.9738546325971206,-1.020741843185347,0.42937712738056155,-0.15538227030738938,1.6724609302211133,-0.3264410868225952,1.1391867027154863,-0.8137110365380985
4992,-2.6124409209466117,-0.5145146380227851,-1.449114952566279,-0.9089419917255223,-0.27816613048364924,-0.32081250123183586,0.3204194941189043,-0.10407478068255953,0.15501568485315817,-0.2929528348350706
7849,4.239000239848181,-1.8387316512925618,-0.32911561796608185,-1.1100166851450115,-0.5326802093177865,1.290233846393172,-0.0008687022752123034,0.19062229439236658,0.3408275097770443,-2.3997762471367183
4808,-2.5666949778743073,-1.4341639373012545,-0.2210283517019173,-1.3736227006632868,0.6667351427728426,-0.6923477290392686,-0.015925211799315282,-1.1647057487307162,-0.4541634781917619,-0.516903497466002
10401,-1.9505253799374598,-1.9326107766465253,0.5862430185861491,-1.513170494426712,0.48781552257691835,-0.03024781729277911,0.40717267830467213,-0.33442674651293214,-0.49182537805765125,-0.9450578539945957
7793,0.801293648722346,2.1334830923563137,0.4555849605760313,-1.5525051724844239,0.2570272912448259,-0.9447518056592284,-0.5743798917047447,-0.1339048177040792,0.8675576225993796,0.022527058658228228
9303,-3.604317210040325,-0.22695555820721558,-0.4548336779892623,-1.3247253280282838,1.4735986938642376,-0.6883342814147083,-0.3823271572521567,-2.527440909450026,0.08628768550190703,0.8055531645060525
6853,3.0347814804709894,-1.0418269536687028,0.8207806888221629,-1.5123055785187478,-0.9492416464067344,-0.6082780375124343,0.9897578673020498,0.706663250599241,-0.8169291819989796,-0.4545632172777765
7366,3.0347814804709894,-1.0418269536687028,0.8207806888221629,-1.5123055785187478,-0.9492416464067344,-0.6082780375124343,0.9897578673020498,0.706663250599241,-0.8169291819989796,-0.4545632172777765
9780,2.0352628457382367,1.2280111948009527,0.5678766967246747,-1.6365671190089668,0.5274228732938062,0.16466688268601684,-0.7921928305041679,0.66168968694104,-1.0640885745640338,-0.2857939372121819
7573,-2.4618621983938054,-1.154800946336366,-0.868726944343489,-1.0818859062900852,-0.05600046226490574,-0.5437375282499409,0.4199739538933793,0.20834391497169408,0.30517287205526544,0.20047761629432542
1379,-0.8163765329912601,-1.0775481440924168,0.3498068388577023,-1.5174369312821205,0.3374682025043207,-0.7124902587712058,0.08120091798922581,-0.2847596839237512,-0.00943487199895937,-0.5803005235311672
8923,4.114835391854461,-1.1579882699460387,-0.7840451691052973,-0.9787135115306904,-0.6047640511586162,0.08883809200653368,-0.393290977953427,-0.3794458865194329,2.849683830691333,-1.4728482043467108
3547,-2.2042371194454122,-1.0427999108586123,-0.7787323319829416,-1.091976306242329,-0.3551470999016062,0.00021099125917274257,-0.06544807050233072,0.4632767731133826,0.23413856106243808,-0.14765790518497213
8707,2.9225363833989855,-1.162026294023685,-0.484547710802062,-1.1320464196026396,-0.30974338630580556,-0.3458603577251774,0.8576339459206828,-0.4353455072760214,1.324047442843147,0.02768406304782164
1891,3.3105995411727385,-1.4484124022248859,0.014120488542483283,-1.195345338371563,-1.167079826958754,-0.37805559652383325,0.8691394116994366,-0.45679119609315355,1.21077353071781,0.16863930887020417
6271,-1.7120175583711246,-0.39079437896654273,1.2686431572965633,-1.6483312651082576,0.7284547950108381,0.4644408056333909,0.015821030817865674,-0.5339913368784195,0.197101762204707,0.07353194835907464
9635,-1.6087454487341302,-1.0904321954557927,0.05047429776071052,-1.4154518647289611,0.5000873969447767,-0.8374754026744061,0.021729343062874603,-0.6785638716158044,-0.06274797531879453,-0.43267738488447643
9727,-1.7451782818924306,-1.2918602609038634,-0.3148229680116076,-1.3411780057557705,0.9160834514310185,-0.5022123270293636,-0.03724351826017035,-0.6143444706092609,-0.769742172321314,-0.4013436597822934
6205,-2.250812076383202,-0.8281357015258196,-0.6872344582093759,-1.0377961688081,-0.743650176013316,0.05824227204548029,0.29118377302981807,0.3533976015130137,-0.00650186563918412,-0.39665618987087825
10681,3.383259173449039,0.9099452427234235,-1.9927200495772883,-0.7790151145809745,0.9892675555157707,2.7502093725563554,-1.1446705455257884,-0.2574362425299957,-0.9861734652034885,-0.6136649614687103
5156,3.383259173449039,0.9099452427234235,-1.9927200495772883,-0.7790151145809745,0.9892675555157707,2.7502093725563554,-1.1446705455257884,-0.2574362425299957,-0.9861734652034885,-0.6136649614687103
3050,-1.4710371143285963,1.3706047909889096,0.09162218890256736,-1.1390777804741032,-1.1583434357813394,1.2981800321149648,0.36187938330567027,0.786644598458013,-0.1930137306068601,-0.484565726893312
8164,3.724303593011735,-1.0998132118947173,0.22310288832879924,-1.3421186795008448,-1.282335613223197,-0.5589230667601895,-0.2633046793813163,-0.19159536409671707,0.08121267815263976,1.02315524707646
5626,0.1599803238321736,-0.6483788476818563,0.823248565125325,-1.6390020881651852,-0.025665154091455162,-0.9077146691178719,-0.43601101008750665,0.5792558210957663,-0.5417946711608036,-0.7694026348795805
7600,-2.9382396716594608,-1.0921667608364671,-1.0549937961614362,-0.9922697723369305,-0.21226446706823113,-0.22372743968737724,0.09691208204462454,0.03919888436744877,-0.32617014829296664,-0.25318909442664417
6406,3.8469607662953487,-1.115198813600486,-0.9508072462636309,-1.1734881441324623,0.04929628100166792,0.3987517746613775,-1.1907075660254984,0.05297191469493019,-0.8238050118520633,0.3766972181697386
7002,0.5412033728779453,-0.21614297184570513,0.9386764404083479,-1.544264130180815,0.9523602478657777,0.9848799166172968,-0.08928038174836163,0.40157504898923224,-0.08453423672796884,-0.06135052827687448
8234,-2.981341443214067,-1.3257859007064634,-0.8802274114958544,-1.061687411440999,-0.18341705081020737,-0.43321661838703845,-0.10760279199187717,-0.072435626800201,0.0411898624542271,0.2601559101974959
6116,-1.2875804020014952,-0.8591639267034464,1.3802818069351193,-1.6193770060788086,0.6702437688188883,1.0407147398366776,0.33901836977952987,-0.45423653807267916,0.06480499919712433,-0.046005749741196006
291,3.3059106071864006,-2.128077499142651,-1.5148435851529127,-0.8420753544807673,1.2035081174672653,1.7332494899347397,0.11816186234082594,0.1265750316634102,0.8158362140279994,-1.0748860517884045
8779,-2.297153138117825,0.2046461776710336,-1.6294963899243642,-0.8581972650039148,-0.7904222825346681,-0.5618686901991505,-0.03485434144018149,-0.24058495305638153,0.02712500536788864,-0.07407880353119002
4931,5.651717253921362,-3.24469151686532,2.72251518705114,-1.3310495012662709,-6.660433152193581,-0.14731484566867173,4.542802400169118,-3.697213994465818,3.0000044116290647,1.2849378619587934
1650,4.440168139720597,-0.4331625746651507,-0.36437261725434106,-1.1798339283332435,-0.39372094851482403,-0.7011977125972292,0.8390634706824205,0.5922013409236937,-0.3142171015060245,0.18951647614745215
9701,-0.8699358711909544,-0.2785769005425361,-2.290863296047853,-0.6598343641282259,0.38988844546440765,-0.0022733569635014516,1.1407557207354584,0.3435063261841633,0.018118921842673785,0.19865395438214067
6431,-2.4958813673636318,0.07449461017377372,0.08126005216992697,-1.229717083709114,-0.163767483912692,0.6784286094654725,-0.04389209673267285,0.14767845647086064,0.39598853182859545,0.5737950341490377
10789,-2.4958813673636318,0.07449461017377372,0.08126005216992697,-1.229717083709114,-0.163767483912692,0.6784286094654725,-0.04389209673267285,0.14767845647086064,0.39598853182859545,0.5737950341490377
5302,3.6003068929725917,-1.6249608795225914,-1.0792139613631433,-0.9220296449923514,0.11191024869892026,0.2366948628598683,2.46981092767859,-0.4432815222017281,0.059801554097282134,-0.16124238451064707
4459,-2.803168067250229,-1.2739613328773443,-0.8247594591476224,-1.0814600289241825,-0.23612563872817138,-0.41570836725220944,-0.23590744309996367,0.06591133713776502,-0.038793390498079165,0.13422326612028954
10642,-2.803168067250229,-1.2739613328773443,-0.8247594591476224,-1.0814600289241825,-0.23612563872817138,-0.41570836725220944,-0.23590744309996367,0.06591133713776502,-0.038793390498079165,0.13422326612028954
9213,-2.9384694573449943,-1.3011279636598825,-0.7924623872127817,-1.0820798117597625,-0.23720291213154804,-0.45181066172658463,-0.07346850278632162,-0.015368978281067546,0.11546996843455663,0.23700888598093006
3678,-0.39239208138520704,4.202069768411162,-1.5737237973940656,-0.7241918052214437,-1.9028350072297284,0.703162946390149,0.4725663615455249,0.3013297002772153,-0.4679942210741928,-0.39910245698356656
3698,5.622654436348018,-1.2770638796025697,-2.183819169866372,-0.7063849857185314,0.9597881698613882,0.4852317458800211,2.00007519582388,0.3106206092676752,-1.2823073702312466,2.002623930949122
5929,-2.5383334451545774,-0.910021279725419,-0.7595356880896111,-1.0473132288979765,-0.4673776011123317,-0.2863619651177839,-0.12027089327779103,0.2605323257747325,0.034952684532539816,-0.006791366702754521
10795,-2.5383334451545774,-0.910021279725419,-0.7595356880896111,-1.0473132288979765,-0.4673776011123317,-0.2863619651177839,-0.12027089327779103,0.2605323257747325,0.034952684532539816,-0.006791366702754521
4390,2.238717322063247,0.41395604169645284,1.0118321329918714,-1.5520242236591142,0.09702470887941918,0.9122345159472774,-0.35107095480872197,0.5593766147068405,-0.788600202829143,-0.7528096849044053
9362,0.15693051816300335,1.3184381751026844,1.00156930197782,-1.7083750849242039,0.8526966331969784,-0.9199814096080302,-0.9248621357121478,0.2934741801041499,0.5751022615929718,0.44496550391906364
1577,4.786485550329709,-2.2781940753668564,-1.717803663358838,-0.6690236413563803,0.10174219193740029,1.5453998110267309,-0.004085928127279155,-0.863998979628708,1.6379381801212778,-0.6059091293444541
4609,-0.31619221304971,1.676888195633001,0.5334610011542655,-1.5083956328378412,0.6268164497374455,-0.5536210720429078,-0.2653466466167653,-0.06439591742328057,0.35855370002088943,-0.03904839481057198
7143,3.5360479192776513,0.3723203837414476,-0.951496890847276,-0.8721795852648315,-0.05337944455503802,3.1941993434494647,-1.2919075335321124,-0.47965717782883044,-0.054631728749230446,-0.2501219216795947
1729,1.8936462643546552,1.4292435404512844,0.39522707557453224,-1.3561820540487546,0.7351428875762077,-0.7516709659065494,1.307960586172517,0.5672263575859178,-0.5856734506811854,0.30647609842809553
10664,-0.7066278902033818,1.6604165385303626,0.323448039288385,-1.5239157018722003,0.8553962589837129,-1.07367077477686,-0.7627434850582772,-0.5087091157489232,0.550359438528727,0.47074967792779804
5029,-2.307509252148246,-1.7520770732413329,0.226402511810206,-1.3804741978012416,0.5409652117732141,-0.3010611208652556,0.1126444135081004,-0.7573924839033458,-0.6315287597940279,-0.8369375188851478
10507,-0.536825794393927,1.4726574224827191,0.6905127702199702,-1.4443438679539615,-0.3928283893159871,-0.2919271399812419,-0.13525441497108456,-0.6086970037146976,-0.638574498512268,0.014070641210270525
3865,-2.033660117174213,-0.9847647088284027,-0.7089576867780484,-1.2024099991819706,0.9595508167529453,-0.9623820470518147,0.00887358427099948,-1.1973990721448806,-0.05669677676468606,-0.2924051121778733
6982,3.8561949057421714,-1.348705438778291,0.21137288056027917,-1.2370381655982685,-1.5525304720719355,-0.13421871052115997,-0.1384671408019538,-0.6684983533009095,0.24051622920907442,-0.7026293297332784
7042,-2.0122075139038826,-1.0618979347607835,-0.5368221139796192,-1.2338538083083377,0.6091781892551146,-0.8553844565262905,-0.26645971673915575,-1.3256375433183987,0.12256355993965737,-0.3090411503236687
9668,-2.6291553761884354,-0.5093011458711029,-1.5223503933104223,-0.8471330022178795,-0.2622414716419712,-0.19918720980631208,-0.19816307804515826,0.023043312389122765,-0.33137352135155645,-0.31394496305517133
6878,-0.5896972173147271,-0.3023991382604384,-1.3924221867761413,-0.9990264176021577,0.7780242144923031,-0.30354549226383865,-0.12557017268754037,-0.7647327610489101,-0.5401360400526427,-1.2898082005554181
4099,-2.695503275136599,-1.2246612488433946,-0.9377531355970866,-1.012297499586674,-0.06857918852401503,-0.44999368585219107,0.05600281171360182,0.14960608833703376,-0.05675899116983501,0.12381030438179919
5031,4.77409582446898,-0.8058381928262575,-0.194850328732493,-1.0759802114584647,-0.90621024060432,-0.4348990957363087,0.4893004843179819,0.31656599870115953,1.2658527834919688,-1.0651907315154825
1970,-2.117015046555494,0.08100399072383792,0.4799566584951696,-1.4666883809472515,1.058570748472535,-0.13122729610223394,-0.20822810512035417,-1.0916661852583167,0.09022016269097534,0.21763183921212662
5726,-2.1904615227387336,-0.662559406331343,-0.7590352676097439,-0.990965460851187,-0.5473664975039711,0.025397305440513152,-0.10602397144183766,0.5848532323803266,-0.0754908779994311,-0.471753939443491
5231,-1.9108913430525,0.3947495162113887,1.913649273656351,-1.654402618497699,1.224029438775065,1.5772257965492675,0.28050012921845086,-0.7964989757475751,0.3068450058700702,0.5076339929847361
1307,-1.5083528324066455,0.24432361218725876,0.8579416044971111,-1.4463254212347023,0.5760724803373559,0.8028886168134634,0.13002916863481576,-0.45781943744315357,-0.16104191089041037,-0.48061629626251184
10609,-1.5968688289987512,-0.32285220340400517,1.3033694643249236,-1.5314422135289771,0.37036561435743287,0.7899603320851164,0.23392142424988305,-0.5754189845833909,-0.22286278141419286,-0.3786148311969007
5782,1.6593771407942535,1.0917899416643453,-0.3373294535451459,-1.2646331831799376,1.1848125383789299,0.4030158096821232,-1.3499566291261513,0.030352294469450296,0.5048550716310782,-0.4450997210206893
7533,-2.008606933967488,1.0974971047155662,-0.19418618545884792,-1.0781648882404768,-0.6452118335509847,0.5619455480826597,-0.07616046322040626,0.1586003983299158,0.34387610284961156,0.29166115591653397
9493,3.0425568742239837,-1.0576692153488865,0.3724245402606213,-1.3040393269349335,-1.4551123445055067,-0.7648312276511066,-0.6668991280851688,-0.219101926482949,0.5058576555076953,0.19344616097588285
2253,-2.0201851407173765,-1.4072457406118577,-0.12040534758866862,-1.292410622583774,0.7685833753158899,-0.5471595001523794,0.04942093522199853,-0.6985737935202084,-0.7055255927415817,-0.8358553089035311
2326,-2.0201851407173765,-1.4072457406118577,-0.12040534758866862,-1.292410622583774,0.7685833753158899,-0.5471595001523794,0.04942093522199853,-0.6985737935202084,-0.7055255927415817,-0.8358553089035311
1876,-2.0201851407173765,-1.4072457406118577,-0.12040534758866862,-1.292410622583774,0.7685833753158899,-0.5471595001523794,0.04942093522199853,-0.6985737935202084,-0.7055255927415817,-0.8358553089035311
7141,-2.4794015492858206,0.5632327072958107,-2.2451810921601667,-0.6474070464556799,-0.14931166486454509,-0.9943027389663183,0.4198118976313672,-0.3440327675291782,0.16314789328163778,0.1198450644330279
7393,-2.2098324808845224,0.12184000424775915,0.20327551732498342,-1.1337503539006788,-0.49046056595208765,1.0619569001674856,0.2517560553870269,0.1963943076470056,0.26473673916204715,0.26676026895430943
4713,-2.357642249378472,-0.8158620957458063,-0.7412292887337871,-1.0083309465592443,-0.5857849963123105,-0.4391733257546888,-0.05387790290205429,0.23911750441651947,-0.11266894913859817,-0.1521313449056325
5093,-2.7444205697030633,-0.262598441241732,-1.5042800366996687,-0.840290524416368,-0.4062496760418537,-0.5631419871153999,-0.2720103205538121,-0.18541787191779893,-0.04099371843972577,-0.12116094514054045
8524,-2.7444205697030633,-0.262598441241732,-1.5042800366996687,-0.840290524416368,-0.4062496760418537,-0.5631419871153999,-0.2720103205538121,-0.18541787191779893,-0.04099371843972577,-0.12116094514054045
3766,1.799966148461326,0.8578898025260046,-3.7346908882800425,-0.43131770386752305,2.624403218540169,-0.6489083709578296,0.5263499793889855,-0.16652941952262926,-0.0616212738265106,-0.6614757278331495
9725,-3.1065989877858304,-0.3596385546634636,-0.04174059127127972,-1.102236567401551,0.16214961400729186,0.4922477341455969,-0.05740488128707811,-0.2649758700378584,0.36431074496573257,0.710141942966995
8933,-2.3628106844573553,-0.9892218834663815,-0.661347287637629,-0.994930285300626,-0.42718366114358236,-0.14981919484636397,-0.1800003406151808,0.46823735200926137,-0.0899137185840021,-0.2891140832699541
10779,-2.294418760047526,-1.3382272187042599,-0.13924968653658168,-1.2556241253268439,0.6767729411192012,-0.6975163663303654,-0.042668749434755314,-0.9276097988363279,-0.5044569331301973,-0.5323272069040917
9289,-2.57502881273397,-1.0993838778824008,-0.8103868543114622,-0.9697118627334986,-0.2613619532914845,-0.6155280808333496,0.0385114594767707,0.010231452000407083,0.3666993902866683,0.30882632210827504
2613,-0.366426744438027,-0.4867223751398726,1.8125916811988938,-1.5682345988767985,0.08088561027544298,1.1847439580270553,0.5454700488395902,0.0577509015481581,-0.21881452766230966,-0.6852012229008401
10133,5.428170370532158,-0.9234842897851936,0.2902447827534417,-1.2682078201495053,-1.2736674371495635,-0.8089332814099862,-1.0863971491042028,0.4829460109559984,0.5470917218461502,0.10645207286026366
8443,-2.487944549634482,-0.38373866328230766,-1.6148669512993492,-0.7337800126265858,-0.1858080905666241,-0.3791760014900852,0.28965924019977835,-0.13673485949921668,0.22090458097633753,-0.09995931229829409
10796,-2.4699143316947816,-1.4116983239681762,-0.45757097019324167,-1.0304553864877184,-0.31676612002871557,-0.2961608411787923,0.21534722524357072,0.34236661757243464,0.00740388837641278,-0.013320566844693897
10241,-2.5213993036899573,-1.5457754442185234,-0.09973152503273414,-1.2491412207787183,0.7305246417294095,-0.5868884604836231,0.0903884634002395,-1.0461136403016975,-0.4459768105663058,-0.689850009595234
3388,-0.7900475358524748,1.5265882552614194,-0.7539619428316096,-0.8883926334560696,-0.7141715642215078,1.170323284304842,-1.0227943143192872,0.3310797683922997,1.164499787683749,0.039213780032082445
6507,-2.007314094354188,-1.4612964834910662,-0.20806812357130205,-1.0481420851525296,-0.5443284579375312,0.3525435173772312,0.40765841340266246,0.7947779037805309,-0.30629423591180444,-0.41285429532944445
7446,0.933719874562649,1.1364901011515498,0.7192200300803212,-1.4618515193209056,0.19495911242059202,-0.1242145936029111,-1.0944364596583247,-0.038221560995640086,-0.1457295811158665,0.09576071893529471
87,-2.508439738876327,-0.9642791913059787,-1.097508770095597,-0.8937662859410161,-0.16840542746587242,-0.19222928039967002,0.008312969615462596,0.1609187010321278,-0.16053294392442846,-0.08508284193109558
10477,-2.3340222324931736,-1.0224808001622123,-0.6430181045723926,-1.020475192945022,-0.2746249927895655,-0.6646011894244919,0.04525875826091099,0.23014614584803111,0.49570405398796247,0.31642935617493384
6072,4.138428533707705,-0.9300101874232772,-0.49821257413524794,-0.9697690863442356,-0.9526260640639324,-0.988631626285628,1.6698644073286495,-0.5623983942801942,0.2964262571697407,0.7548894725876196
2518,-2.4052074712685485,-1.5543132573395266,-0.11401696101518825,-1.2240783218490965,0.5276034335036859,-0.5815068664176438,0.2448589489339814,-1.2194518740086733,-0.4826272839729325,-0.4844266555983992
247,-1.5900224996497843,1.2922791394752646,-2.095908473580333,-0.634597568217197,-1.231837892236691,-0.6856178185347755,-0.35051105789595455,-0.3186464440611564,0.14609355726589787,-0.3466255486947885
9463,2.7658707890769993,1.6652670245111554,-0.3496455824101087,-1.1161554771931623,-0.35740201712721437,0.3297604689833188,-1.4702324565587304,-0.7460160406682957,0.9435794619559763,0.09382347266570694
1459,1.047355034770326,0.08621798243809847,1.1690496350473176,-1.5302997366256421,0.31644320949101684,0.1932816231654863,-0.08562280569188864,-0.13480788764542226,0.11743992628854416,0.7871759185634742
9530,-3.0352126753293573,-1.336355308318148,-0.8627505140928431,-0.9608592388698072,-0.18085717086082626,-0.4524799756019963,-0.14505137052053005,-0.11595293886568316,0.02430394393011208,0.19091190779655598
9653,-2.199243073414635,0.23469987822128865,0.3693768724603315,-1.325241612670823,0.8860419480347388,0.15050496900705587,0.07205573219139681,-1.1332777925096589,-0.10628300240493625,0.019558173465174918
10785,-2.337870482980127,-0.16249529609150978,0.3983275893099304,-1.1454338513848483,-0.15187941988699596,0.9529087524829104,0.11697401048496228,0.42367630390319966,0.4025848635831149,0.37251006474062504
9392,-2.9187646808202325,-1.4303948761285956,-0.6412741408504802,-0.9670284820431152,-0.23489266097839834,-0.35028774748998653,-0.021451203039614113,0.0656932818122881,0.08147527789949476,0.11238509007938854
3769,-2.3973205709635366,-1.301978823044378,-0.3258999013052527,-1.0515654306022686,-0.4472818029211831,-0.29132585771722247,-0.07470875276791565,0.4726709962291531,0.17853738886981002,0.24751660020161353
10146,-2.605890875766099,-1.3284280176216514,-0.4762687249141912,-1.0154881868718806,-0.3361449809456379,-0.34218436521858336,-0.08020344382171207,0.3349480758010318,0.04537598067279554,0.13207114721157337
4741,0.19750270662477096,-0.07064093868115695,-0.55655391178685,-1.0577978270994886,-0.6724564785078196,-0.45961955100806967,-0.9905796377593992,1.5172810719366316,0.01513439617271174,-0.021704505097817146
1880,-2.0384395399756423,-0.08740032111125469,0.5526772621809102,-1.1703825287963483,-0.3575874158037571,0.8851312153950682,0.23805557139203218,0.4542425358501819,0.5426596192752481,0.4829735554894647
6471,-2.1825767099285303,-1.3948142594830613,-0.30010816240367433,-1.0611079628834115,-0.28500116721201074,-0.14284149740398253,-0.11342282846407785,0.7133831070815904,0.007821307054169774,-0.14990288367919694
5718,5.048595766001476,-0.908460789419217,-2.2876541156534964,-0.5809214338114423,1.487510403751721,0.4419494536072105,2.2382266476093,-0.13388781353265403,-1.0391747631480956,1.8090022922226754
3478,0.6845116137728982,3.024587005774456,-1.4709833061755464,-0.5468016511037265,-2.26120483200071,1.7965022407201743,-0.22055282052252348,0.11711236667295552,-0.4045251266891197,-0.8366351063336513
7848,-0.5925151672816216,0.8603143364682637,0.25075248254298627,-1.2276228441436878,1.2459107975416752,-0.3223763922058527,1.410516838844262,-0.4612290987388863,0.5081656025875456,0.23141013357764778
7999,2.373220894318652,-0.684166927973855,1.1775195396539893,-1.4485175689257372,-1.4413057542360497,-1.55311296015267,0.04768621056544934,-0.08691040441324495,0.7252373869554131,0.32597889042108397
11101,2.9208374888700908,0.7155957319327276,-0.6720395639073926,-1.1288723420190199,1.3114516845357143,-1.6348823537990531,1.373728740658505,1.1638462235999745,0.8884250358656411,-0.09133099784358611
9212,2.3132501908256846,3.629916764699275,-0.2576500444286665,-1.08286017760719,0.22380250382951022,-1.2831537517686313,1.6513528651577098,1.1227083067268617,-0.954097586042954,-0.508217856989468
10983,3.4280189870379667,-0.8881531974972655,-1.0392668304950234,-1.047051978566377,0.9129294850365802,0.6078219250583116,-1.074614928970016,0.8472032126128556,-1.1328527369354595,-0.4233053070977419
3629,-2.127703734998867,-0.664466491073851,-0.9048093146204609,-0.9001419733031183,-0.35160261887145094,-0.5147698333966465,0.16750167495343066,0.31269679858685606,0.24123029346253255,0.05376615224933185
4673,1.4085448729916563,2.0541000038237196,0.8576187553249494,-1.4736062395116352,-0.11522187440947013,-1.0838705893819163,-0.42652493732836283,-0.017285348473592903,0.9657555947693798,0.7882953966111088
796,1.8331059578347337,2.68177449464213,-1.0727633687737315,-1.0146896547819673,1.5165816871377968,-1.2485936983678274,0.9784161195146983,0.06491214441739339,0.11116498299691661,0.8309884416128455
618,1.5894722540078787,0.6762157259050032,1.027780898718757,-1.5273702907206415,0.4328643708415737,0.10885594953066124,-1.2491447884710951,0.6028316036897695,0.02035620745353671,-0.6529863541184537
380,2.8571410556441856,3.609871929353616,-1.297425884927814,-0.9012657381470406,0.7478653969270702,-1.5426356813132212,0.8991871674517382,0.17247940707079373,0.06340069716247138,0.7364616404579803
1092,2.325840148951734,0.8659311825891216,-1.9395571146551476,-0.7258086198519402,0.28901070015743,1.356290512120452,-1.0691849015631463,-2.0060541050285994,-0.30802119863384975,1.572828975453569
8962,-2.357127417125408,-0.15459526165878787,0.43461918207457484,-1.1192007417035184,-0.16465464550679362,0.9353390886974532,0.10714187717852283,0.43133676541698096,0.41797968345798536,0.36279212686183576
8207,-1.6574990868487305,-0.6817198882200269,1.5343896337212253,-1.5078981381185887,0.6381879636619872,0.7632170955921287,0.16636634517343873,-0.42568749868510003,0.09998666532018573,-0.039664793252052494
6521,2.6513721044064917,-1.2330506904977363,0.8099979849209022,-1.2877381357361422,-0.8222238361653242,-0.03636942878250308,-0.6632340105426532,0.39326951866179666,0.826290493891426,-1.2013941437945608
535,3.1949048149892842,-1.1670320665583678,0.783975130810197,-1.2234093042916874,-0.868041841226753,0.11690355511399245,0.8740698009771203,0.6533231774964657,-0.11929732009357416,-1.504667154614676
4608,3.1949048149892842,-1.1670320665583678,0.783975130810197,-1.2234093042916874,-0.868041841226753,0.11690355511399245,0.8740698009771203,0.6533231774964657,-0.11929732009357416,-1.504667154614676
11086,-2.7602606244473646,-1.3990770556089323,-0.7182032494116307,-0.9209133881014604,-0.14853037408950828,-0.27681266344362543,-0.16780143368161565,0.17721192333152425,-0.07107476816279244,0.00943258076656924
1064,-2.629362884743543,-1.2185716675784037,-0.6112666872579393,-0.954537977984069,-0.3257610448086495,-0.4299580439836445,-0.2071715917019758,0.22397434494943796,0.1298979352368364,0.20108332977463964
7000,3.680607335875652,-1.116135854663856,-1.1128895228987894,-0.8145439784881598,1.5459253963625452,0.5561391878125269,2.949288733158543,1.0030997045166592,-2.1606201798538507,1.2624046944453513
1581,-2.8402553833855015,-1.2947800213958953,-0.6916943495241794,-0.9276791830390493,-0.27424331417191783,-0.4338705279973542,-0.0900721489861754,0.03792688385323005,0.20144431268799842,0.25358759229042765
7384,0.05394510490028769,0.012755725672088747,-1.3417577406823913,-0.9807569709970929,0.8364565971657048,-0.9210132961012629,-0.8378206960500045,-0.5594678025916935,-0.5892750164266333,0.035859563221790076
10552,0.1772512613675298,0.15418188094600657,0.10400071711702429,-1.2146390915062613,1.0368520296010153,0.9908580843078213,-0.16887895758461702,-0.31808398843960245,-0.8213263758370539,0.26236743632875803
6409,2.5454146321097753,-0.5670701763538725,-1.574703143844117,-0.8264575721963455,0.5354825386757025,-0.7077759761190296,0.6200642481519968,-0.5534916196899047,-0.8941531359115749,1.7545360795130405
9507,-0.4451083554215793,0.9485378199291009,0.09082745756872328,-1.2074102530594473,0.9078713190138837,-0.28356945169911196,-0.05190027227461912,-0.7808056614775726,0.31577340697475015,0.20363399671607152
9560,3.5107481402331913,-0.24573653256812392,-0.04056016369351081,-1.1443161672802582,-0.37507659897737533,-1.362591203800482,0.9572035255458712,0.44208953147795765,0.10943509002013996,0.7522075409465694
10991,2.4724496578026556,-1.464580236950719,-0.41123768616334794,-1.1415132151979572,0.4246918895248099,0.7011378426697125,-0.5300590440844278,0.040233903947725906,-0.9145766717887912,2.5399164433140764
4712,-1.6017518159287674,-1.7191325611685973,0.17082397181161504,-1.2217737877174304,0.5805906835094338,-0.14492288134569184,0.10252919592722319,-0.5904432292048322,-0.6193299337022986,-0.9562970453794486
11056,2.7142052857075245,-1.5969884932863339,0.4003215515297369,-1.2892391062472859,-0.6085223142523287,0.33588129802268285,-0.23998713533633048,0.3030173166525261,-1.7563315553140273,0.4360085995609235
7414,-2.1299360116691473,1.0562579550850932,-0.5538433425404192,-0.8650230031157669,-0.39214240308506015,0.5839097201524901,0.2617412044943389,-0.00800844833642007,0.1635099126662278,0.25004248490252184
3076,0.23813606996792336,1.1823311737756645,0.7203943863157661,-1.205426357162739,-1.1541701779148708,0.9958135120065977,-0.6393683822655367,1.7690370542608156,-0.6347590848624258,-0.38555166475084823
6355,-2.022320077256907,-0.06837459354866995,0.587926928057562,-1.0848015613457862,-0.41056369392002406,1.3893816801211043,0.20237554429566185,0.7374815474524474,0.19837652481073914,-0.11538928487185093
7959,2.3427872741440265,-1.9054974463950571,0.37182649425865505,-1.207786031952779,-0.6958805760547168,0.3426821609664459,-0.18214121051836857,-0.1649046427236641,-0.6926130924026204,0.8335389313192623
5512,-0.13865193719773336,0.962062505727777,1.2656786574128611,-1.5541191093585975,0.8250015801035857,-0.6780122888107214,-0.6435166379597939,0.4029780048780945,0.12832739750252406,0.00980981236335235
10102,5.088100164615201,-2.1878388789956853,-1.9042264774822522,-0.5215510018795682,-0.5875453205208151,1.713291336045865,-0.9900915982629551,-1.8388590297604825,0.4392254764946654,1.2186211410915495
9369,3.857091681175893,1.2481817181203894,0.3019328634071213,-1.251381660741533,-0.22696728421909373,-0.4386435398425175,-0.4267847859421852,-0.5656457568563255,0.5174570669380615,0.2932851450545824
3711,3.5249564850990778,-0.8045124485117603,0.24491106298286716,-1.2688620847462417,-1.1683483503705976,-0.6822834231435859,-1.5730780360141665,0.19439752625943363,-0.9465309405736718,1.5975462892892107
6931,2.5393754335515606,-0.9927304542543428,-1.084503794562965,-0.9649426396766911,0.46183444376994,0.11522081592131919,-1.289861201334838,-0.47329737325633525,0.10922305018411933,1.7676352629443624
9596,1.8888896485289184,-1.167932666562199,0.48618453400091777,-1.2692536528598453,0.07121209820045439,0.37805064739481226,-1.5503320170965655,1.0072764154965528,-0.2195857794033035,-1.8531138540637786
2727,0.3875976524805802,-1.0577618906983253,0.16766582613481715,-1.1801003044246183,0.7696938811975852,-0.42523821746119894,1.1741100046988515,0.4151435035469574,-0.4723335000047437,-0.4601659929164368
8416,-2.4982180854290768,-1.085747893224194,-0.7442443131528703,-0.8637943161269505,-0.3617475666026736,-0.09764482010734267,-0.11828315569450117,0.2812486949250223,-0.04249974613108785,-0.17768212532722222
3967,4.460966099458572,-1.9932497757909338,-0.8598345103438739,-0.8644654848041272,0.20179584418472407,2.139946627433693,-1.705357070414258,0.38954069951356285,-1.0587229061446035,0.1507743577415571
2139,-2.8189595459217354,-0.8835868365574976,-0.9484845997396566,-0.7789475044342037,-0.34602324341151575,-0.012722440247050947,0.21801821964559195,0.21104660963998534,-0.32336234407837405,-0.6617084869829624
2162,1.0835144226741213,0.08738194250295489,0.6480939799063196,-1.2567655392833328,0.6474604757164649,1.1316302826390765,-0.031677663015375744,0.20792817330780644,-0.8965957109124286,-0.5698702927608094
9242,3.371417903566775,-0.7475762572729326,-0.9205499952121002,-0.9993853177082197,0.051039257440269256,-0.4842124599800125,-0.6978930801119103,0.09287062108759457,-1.5922323998455827,2.34030753658364
10595,-1.9811396723823864,-1.207411055726211,-0.1914935669323919,-1.1516399227861889,0.7318729221202284,-0.7236174223220122,-0.07993370705993058,-0.8428465306379787,-0.34844504501623286,-0.43622122453248874
4855,-2.861991773112634,-0.900190885458204,-1.0339868319679446,-0.8536630688265541,-0.10507095516704604,-0.841000255880621,-0.3906751104107214,-0.1341880304946633,0.3703292451218981,0.33788604275876055
5049,-2.861991773112634,-0.900190885458204,-1.0339868319679446,-0.8536630688265541,-0.10507095516704604,-0.841000255880621,-0.3906751104107214,-0.1341880304946633,0.3703292451218981,0.33788604275876055
4967,-1.5596494292906058,1.5149504172226576,0.21440120580453742,-1.2036248768602684,0.308848719703605,-0.23359720561879166,-0.3165416759103909,-0.9825110001112641,-0.2278579683100921,-0.26936147922964077
5255,3.430523201587282,1.8823397954700287,-4.661403719181014,-0.01863377642624981,5.325157946024976,-1.5575287704524015,0.7084300081380354,3.3488544206564064,7.473645349478609,-1.3970032212837074
9215,-0.7733916795536987,1.173570409553206,-1.3627372945072456,-0.6757291192824785,-1.1006961532103923,-1.0544272461519906,0.7424975510835158,0.5722813385795233,-0.030756931962021096,-0.3750200485541613
3525,-2.8420929649268722,-0.4537646707061764,0.24579074456889666,-1.0553667083162892,0.06761924816446957,0.6531956320832707,0.023895931345352332,-0.022558168011732865,0.47012360355472166,0.7109654738826346
3619,3.090831721123918,-1.2670535919289052,-0.3004608303394765,-0.9586348945768877,0.10996039757594499,0.35980515912499844,-0.3089444814660549,0.5091188821564883,1.5396703351734466,-1.3164221714330058
4415,-2.9115785598258888,0.16324725067161955,-0.3773277856058008,-0.8509736237109901,-0.14123444278297576,0.8490921157108414,0.2955337077849063,-0.3226425040952058,-0.08875777277278889,0.11406154197929454
3645,-2.6410739478589327,-0.5028389157310518,-1.183525779579856,-0.7592562341243071,-0.5389473063692108,-0.2671375413071548,-0.3050843148876582,0.03116905913801387,-0.27019619238037756,-0.35705404240209576
4692,-2.953561649886808,0.43356434721809245,-2.161047090799303,-0.48465064781669515,-0.48008507984901266,-0.5082150344994222,0.23887546192438988,-0.6133285993487584,-0.11046350533527473,-0.5597821672739085
3955,-3.780914539221455,-1.205389108556998,-1.1505194551231965,-0.9261762349317875,1.0206853002351257,-1.7265078562757603,-0.44251266009545653,-2.5014549101774186,-0.34731392888179696,0.3226790474768723
5313,-2.3816039346098155,0.18644009604173734,0.27239662099760964,-0.9959203554330779,-0.3269905599141525,1.0254169473485157,0.08439198557949366,0.42272854594070863,0.0890055963120219,0.04320636014134529
7196,-2.3521291218253313,-0.9997239142595591,0.9811637378897033,-1.1478328960660238,-0.08553986716908153,1.3192546615225673,0.3701505870457702,0.6809784527713242,0.27539663324950303,0.26135082566514606
1381,-1.694656088923369,0.8661860785365598,-1.5232348588780618,-0.6558217647192017,-1.0389298989261417,-0.7175082496360343,-0.25833287212751777,0.17767010392675703,-0.1205757877204166,-0.36075740317880683
10951,-0.812546072026476,0.3868319634670999,1.444021696362531,-1.4642941077249554,0.4212924170675003,0.23184589589354807,-0.23789756122456507,0.14361168814647038,-0.6032500084920464,-0.541252803588983
4322,2.2581159993149424,-0.7316451250082726,1.2667498494918767,-1.4275108508340242,-1.0664286558953808,-0.9526953275589166,-0.43683004700945993,0.6432681110460672,-0.4898274047195709,-0.08515359875241253
7444,-2.8043369811494947,0.02604692404260154,0.03473953761530018,-0.9650730289594802,-0.16234037806266952,0.6430831290240726,-0.0626938927056075,-0.06513317678217474,0.23237822426396365,0.5694508577128987
2942,-0.09323060745545875,0.94637740622544,0.2615328690475912,-1.0980366357053473,1.4029355699623554,-0.37825419519564396,1.9123959388649432,-0.14147407583892863,0.4062755127240809,0.07112695695211795
2874,-2.6011212619055875,-1.35507783713718,-0.5885202790269788,-0.8804807181981392,-0.2091107479344482,-0.2893476284245519,-0.0630121872848622,0.3027851490908623,0.005134507646980938,0.09860633686146116
3667,3.784732122246182,-0.03895296099312059,-1.2466192244678016,-0.943771005927204,-0.5559665919587901,-1.1115613953484196,-1.5491472031014943,-0.511743296012573,-1.4131581694137487,2.5466504531370413
3697,-1.7051471092686064,0.2790662900185207,0.5126404463520474,-1.2369192656266286,0.838405382086821,0.2552648417700395,-0.2572376800269139,-0.8698999840025442,-0.10815444952419524,-0.032283684360639144
9955,-1.7051471092686064,0.2790662900185207,0.5126404463520474,-1.2369192656266286,0.838405382086821,0.2552648417700395,-0.2572376800269139,-0.8698999840025442,-0.10815444952419524,-0.032283684360639144
5320,-1.953053757759079,0.7646987551984333,-0.17079635681287786,-0.8705341678291113,-0.5543594999231236,0.9117468704842846,0.22238445038749857,0.1998023897058054,0.15550983530745802,0.16632916967801503
6422,3.9020182626047233,-1.3772088283075035,-1.3361168293668948,-0.712702369226835,0.7894586429263766,0.5921611579909365,1.4906128128389178,0.0901352251845408,-0.7043711921634846,2.336420626308249
3690,3.635975484230872,-0.07775876099788374,-0.3365442531079678,-1.1053913861011326,-0.9549250252096391,-1.5762515596917253,-1.1879304483365962,-0.10157624621831082,-0.5914084887918911,1.4844711081475956
2408,-0.23133724593853106,4.309919650112245,-1.3132988458451755,-0.4721489426389031,-2.785196394408356,0.9411673434152558,-0.003979385178432331,0.0661894584758204,-0.3848959730226985,-1.3493675922620432
9260,2.5102999802339405,1.2624235690195593,0.22500196757522745,-1.2950234175136066,-0.8787245810693107,-2.7902093625278437,-0.8225749297319769,0.142875365389784,0.13456357946097236,0.3263503799611221
9648,-1.8579442773726953,1.396404954065871,-0.5864352881821936,-0.8185795534659198,-0.3426542702151036,0.2940537002210843,-0.014725537428296447,0.10886737960642782,0.520085922182097,0.3814480321741391
4939,-0.4179625877048515,-0.684366126200373,-1.0461241516388666,-0.9338579497687833,0.7715647092137199,-0.315187548909553,-0.399455061219826,-0.8077976103360968,-0.888656275244053,-0.9604764179141048
8652,-0.4179625877048515,-0.684366126200373,-1.0461241516388666,-0.9338579497687833,0.7715647092137199,-0.315187548909553,-0.399455061219826,-0.8077976103360968,-0.888656275244053,-0.9604764179141048
4702,3.6992632160345797,-0.9233098381781154,-2.4511070557677175,-0.509978025834211,0.31961636964503054,-0.46878081583623216,0.5757713092663257,-1.8133984073337668,-1.4776781589063779,2.569338261847399
2587,-2.521870537646555,-1.1407269907254902,-0.42194879124165957,-0.8640143000784314,-0.4393128139136338,-0.08774868547486737,0.011737420913014326,0.47971396973361435,-0.0054659609928136305,-0.28603683552120673
2811,-2.145620938650075,-0.3420826019044418,0.7763635819049948,-1.078122940479224,-0.3141171040008196,1.1644098310555138,0.16426711127011942,0.7152968325908605,0.19403111546254811,0.20659943134640996
9150,-2.145620938650075,-0.3420826019044418,0.7763635819049948,-1.078122940479224,-0.3141171040008196,1.1644098310555138,0.16426711127011942,0.7152968325908605,0.19403111546254811,0.20659943134640996
10127,-0.5276449119247237,0.9229230860469398,0.7376067320042787,-1.3438108259403794,0.7850849908256091,-0.7289065928120017,-0.6745870933754751,-0.6049011510277663,0.8504878397662133,0.6718971096749581
5493,-2.692782954594716,-0.5492939313006739,0.4001593289070789,-1.010387171086205,0.09036234548645955,0.7767510934314905,0.1699698256717869,0.15973862392620355,0.49378014582857704,0.6376181323513248
2666,2.3260979822725054,0.6724319011325044,0.7757783098307725,-1.3667430604658781,0.714737167914498,0.2603503023941092,-0.6956063492000002,0.6285731905606299,-0.7962493904312192,0.4654128619581341
10099,2.4929571700141744,-0.5214408539398153,-2.4820472701367864,-0.38790109008618023,0.002389330707514949,1.3651516115732079,-0.9555424681700904,1.3513031192365736,-1.571577526316707,-0.12442356137528479
10562,2.5222350189334457,0.016100163110854358,0.3104401433259676,-1.2066139520490247,0.7143093137664249,-1.2125002204421476,0.8757415020843115,1.757495139352117,-0.891590358386597,-0.7649052947189182
7881,2.5222350189334457,0.016100163110854358,0.3104401433259676,-1.2066139520490247,0.7143093137664249,-1.2125002204421476,0.8757415020843115,1.757495139352117,-0.891590358386597,-0.7649052947189182
6721,2.240002902648371,1.3290749266662447,-0.4240012559559582,-0.8051452522815795,1.6459137191069484,0.0160590690222601,2.920796766204099,0.7130718307760895,0.7900228395127022,0.07019498916682229
5204,4.024499246818246,-1.4112573807812623,-1.095032603788685,-0.6987173153465418,-0.7628852680848804,0.3264786124441566,-0.7323570634186405,-1.3047531599336095,1.3003523789550244,0.40444233314634287
5209,0.14935234314027654,1.6150110076231283,0.12893690922712941,-1.1706764634799458,1.1989254132238911,-0.8658744715756843,-0.00043493022729699165,-0.058797333206209015,0.3193947268865087,0.0525986545258896
10128,1.2214058617727832,2.1870981785554937,0.4678843985689769,-1.104592820607585,-0.27366135187763807,-0.11106593950439754,0.4347709033367133,0.27021951029467534,-0.8965461720705342,-0.9028783430074926
9284,1.2214058617727832,2.1870981785554937,0.4678843985689769,-1.104592820607585,-0.27366135187763807,-0.11106593950439754,0.4347709033367133,0.27021951029467534,-0.8965461720705342,-0.9028783430074926
8643,5.0042923284071,-1.4510869619832898,-2.0936535023539795,-0.44551100645607317,0.7519103571180231,0.8048018046174323,1.3743539661012816,0.15059671767184354,-1.2020767150553404,-0.21916129122469985
1685,2.5218193528110286,-0.7356195339172488,0.9861540326888255,-1.3004035733368873,-1.4402259233181531,-1.0502412268026435,-0.8203310224437578,0.3443721948608137,-0.624692954018334,-0.9245932811306949
2877,-1.0351584441062058,3.7337055123641574,-1.3205729333406373,-0.5339034861576081,-1.5026463278458229,0.6758124831253615,0.04934876067634413,0.47255301376783043,-0.5469307592268617,-0.9682162216540005
8369,-3.047082910096443,-1.4704031109286078,-0.8907129683471203,-0.7404664150208063,-0.19545103379681025,-0.39834235460552425,0.18203115691587912,-0.27401837035455323,-0.09394972244483575,0.07580552657392421
6233,1.5520793854578583,1.8285201519200245,0.34716550108176675,-1.1722226354596146,-0.4551071117012137,-0.5409837701554228,-1.160165942020019,-0.5523149799869,0.45736897813295085,-0.1737620056124162
195,-1.751848165317483,0.35167992298817946,-1.579417748335897,-0.5979832771717574,-0.5675841315893576,-0.5114086246268432,-0.23184710392826754,0.18932249139451968,0.1639935447261697,-0.1273750512691829
1501,5.626988367340695,1.102534900693072,0.6983295440787859,-0.24132933491564218,-9.572189201540825,2.1153377578236467,5.409367181821096,-4.419879382931057,1.0581835289814951,-1.2022331475096395
10846,-0.36547448292332163,1.768056943045983,-2.1604105633542128,-0.4027833669934944,-0.2578900867446601,-0.8767721155643297,1.061176120821456,1.296116870005966,-0.5116988448077067,-0.6677898573412702
8341,-2.7266124546880453,-1.0844605333993107,-0.7421677675194096,-0.7265746213644456,-0.4756459286124841,-0.2663069177623049,0.28104446654692655,-0.014300881974587938,0.05962775179758871,-0.040143747482491145
10766,0.541398741102919,0.029140595960962332,1.9628418504298597,-1.5022406451452528,0.08960269203116224,0.31143269833923465,-0.047526774215699445,0.34036050854084887,-0.25228246135819554,0.02718557408749485
9971,0.541398741102919,0.029140595960962332,1.9628418504298597,-1.5022406451452528,0.08960269203116224,0.31143269833923465,-0.047526774215699445,0.34036050854084887,-0.25228246135819554,0.02718557408749485
1740,0.8984103530739925,-0.09469489036308042,-0.0549260021033165,-1.0947422967329623,0.05598451544771417,-1.267426015293258,-0.1564934700941979,-0.18896695757519463,0.015847020497685552,0.35100708285750765
8737,-1.4207104676924702,-0.6344247545407445,1.676260254123087,-1.4084230939269247,0.6929779544972874,0.7783294406874032,0.1683536576090575,-0.21317476070505312,0.24722424172344204,-0.06018259430312184
6466,-1.6622358647713964,0.042750201939597554,0.8350320288214125,-1.0285155942427289,-0.6525635641842076,1.2740631096515116,0.3378817838677626,0.8244019343309684,0.3412748433178535,0.08077902066509204
10430,0.9638622955077412,1.0246592503487033,0.43216404375481976,-0.9346485663401987,-1.3583747395342693,0.08020939402635381,0.10313882615625879,0.7704038865241881,0.9345082031863348,1.528495809058308
8773,-0.9365908234016816,1.2724948874940938,0.7357632790517327,-1.2427387584182568,0.42891178103388417,-0.249021067361853,-0.23946019948557576,-0.35946222183745463,-0.07364604431074656,-0.08563381163883182
2371,-2.5567114961016255,0.4116687490922085,-0.16382952268202705,-0.8336227107147084,-0.17559862818405989,0.7489504894282757,-0.005777302426150187,0.10563753348156334,0.05189132652983321,0.16282783744891244
7786,-2.304745070747846,-0.017597113278564468,-1.343551536554508,-0.5945825195240158,-0.8286484240956058,-0.3426454498229094,-0.11176342350640621,-0.06986280925192574,-0.2763095587247186,-0.32777309551918626
4088,-1.9181402079666818,0.4143667499614219,0.444755480836691,-1.152620881590079,0.6855579588457996,-0.05326256298360141,-0.276713992549562,-1.2207254165808032,-0.19657123333109575,-0.04152722821428819
4971,-1.9181402079666818,0.4143667499614219,0.444755480836691,-1.152620881590079,0.6855579588457996,-0.05326256298360141,-0.276713992549562,-1.2207254165808032,-0.19657123333109575,-0.04152722821428819
10560,-2.45360526206221,-1.5672767203230653,-0.13579570131269936,-0.8678188450815376,-0.3318100296939103,-0.07585008430598786,0.044289069385326084,0.5989567654146698,0.039509132123860834,-0.06908610450037897
6892,0.06293726205396442,3.8186984262250894,-0.2409584490098199,-0.9239464118437385,-0.8596657082941203,-0.7426547718590606,-0.22926895497127392,-0.9111603314431543,0.041971107255648406,-0.2911224775515851
11004,-1.6310606788778708,-0.7425635400186095,1.5866297652265302,-1.334320532270396,0.6344488132728635,0.8266545589447571,0.2725477959443286,-0.4873030046628781,0.3099073997976672,0.10391491010596053
1818,-2.98358372865496,-1.0198838881602577,-0.9245416384219711,-0.7244592679122402,-0.12776500549382083,-0.7742315998140217,-0.2670099891003553,-0.13671097337889512,0.21558009452931814,0.32762612395102136
9485,-0.8390929091167033,-1.3295148937525625,0.5765346367563279,-1.1827990773690173,0.3365536305044779,-0.3605242498886252,-0.07471019599509704,-0.00904317370833264,-0.6666575173058937,-0.7394713850099046
6646,-2.830152362823769,-1.5321080705280936,-0.5868373823814091,-0.7689034661152813,-0.1213691954781898,-0.2254173248686751,-0.04848245985574099,0.20036316102147952,-0.20940498891984405,-0.19882376401307708
4248,4.591722734550158,-1.6557568219880974,0.6483011946615072,-1.0265035425678046,-1.2765487414745318,-0.19850617619330915,-0.4519822949494023,0.22607948561025812,1.1718801453233783,-0.66796143957269
7451,4.591722734550158,-1.6557568219880974,0.6483011946615072,-1.0265035425678046,-1.2765487414745318,-0.19850617619330915,-0.4519822949494023,0.22607948561025812,1.1718801453233783,-0.66796143957269
7861,1.5817027556685426,1.0185331438990803,1.0395413044074346,-1.3068900590475439,-0.159011104032374,-0.33532220647732247,-0.7023257973021697,-0.15760776236702775,0.065399791919963,1.3313323524781895
5232,-0.3488561254802877,-0.19787459450684647,1.3041653708933185,-1.3192827232242692,0.6337138410405734,0.6475682287930478,-0.31663607658622306,-0.14755923544651403,0.3460886265385183,0.05765333331464571
3011,-0.3488561254802877,-0.19787459450684647,1.3041653708933185,-1.3192827232242692,0.6337138410405734,0.6475682287930478,-0.31663607658622306,-0.14755923544651403,0.3460886265385183,0.05765333331464571
5758,1.7007696750520185,1.3585664176859638,0.7060756815349054,-1.4118496992398606,0.0062212176979998075,-3.031825838507709,-1.0274532219902217,1.2455132483582037,-0.47363277173823215,-0.2657302545886976
2173,-2.039228611959462,-0.4955234217013478,1.0538023240787706,-1.2352489262440702,0.8565078529851544,0.49066180314969754,-0.02825623434369488,-0.8465633261425929,-0.07457467249811853,0.06898557559149428
10711,3.06842995490755,-1.4357808885794598,-0.03697795441737527,-0.9494120930199986,0.07787902992845515,0.5395780051731642,0.7088331219894913,0.6597722692428992,-1.54316505924945,-0.4197830741713696
8268,-0.6529591166070399,1.3470859295981394,0.8345824378312608,-1.2525798306488767,0.4060170614664648,-0.29037038364254447,-0.4899085947813999,-0.17185147734221443,-0.1904522027419895,-0.2520348948624456
2782,-0.6133244625476861,1.352112074994106,0.8631570535259253,-1.259435596027474,0.3848977103851761,-0.280705731942967,-0.4888644376120157,-0.1456799649959112,-0.16514751541873343,-0.23009677382303387
9432,-1.9245672761210373,-0.2789472772641453,-0.8509845154318972,-0.6580012265315706,-0.9241501858932833,0.11166161781884869,0.15425231885049556,0.347274683160584,0.010177924915908708,-0.12297078358273653
5872,1.4130515449525067,0.643075666046735,0.40623922651346495,-1.0442775695504312,-0.1881549436682202,1.4429366447227459,-0.25367212857599014,-0.2142810852170269,-1.6233147062135882,0.2383772876476889
11187,-2.1752208496110055,-0.8796243344055508,-0.9194603828703283,-0.6219678728747671,-0.43732665951342575,0.18390565274248966,0.32105954956981725,0.3071815775560828,-0.03655236086075401,-0.5082951726118705
2428,-2.385724813596215,-0.6449040885044938,-1.1536859527431795,-0.617908693352742,-0.4215523177168309,-0.02868645437615364,-0.1767841661697898,0.19289615277023187,-0.4032160283506024,-0.21806540379311526
1726,-2.28342227564152,-1.131018861076901,-0.6438309105682635,-0.878023237141961,0.8892366470827442,-0.9567795712823707,0.33081388305912107,-1.3595407436948026,-0.437172800052694,-0.1944607638452601
1802,1.2770961393511862,0.7798319339063415,1.2294601047636717,-1.2198382325875667,0.3019356326206647,0.7266383109111996,0.4920565258886673,0.9815937983550436,-0.7949969359785634,-1.198935200918719
1162,1.440351344911102,-0.7137925037207861,-1.1362927553659463,-0.7929333722812661,0.5735343139396765,0.26514433708197377,-1.2185271343504154,-0.09479308261585828,-1.290390429967787,-0.6657162514878158
10643,1.440351344911102,-0.7137925037207861,-1.1362927553659463,-0.7929333722812661,0.5735343139396765,0.26514433708197377,-1.2185271343504154,-0.09479308261585828,-1.290390429967787,-0.6657162514878158
11112,3.6602074067113137,1.7413216045114992,-1.3472457793893384,-0.45131005567704124,0.530252824031977,1.429732925463532,1.5582603566909448,-0.016638996934155197,-0.5738197564855538,0.32482925077155406
2114,3.1405729019463657,0.1072638831317203,0.6015577507068323,-1.219509950310963,-0.26960052096216897,-1.2844123230891882,-0.9058727558349032,1.071832586452855,0.11706602820151019,-0.7362882542747783
4261,3.1405729019463657,0.1072638831317203,0.6015577507068323,-1.219509950310963,-0.26960052096216897,-1.2844123230891882,-0.9058727558349032,1.071832586452855,0.11706602820151019,-0.7362882542747783
2457,-2.2349318004096057,-0.11526567451741156,0.5480537983639572,-1.098793260540082,0.8344547792500016,0.48894953040194705,0.06786926045410782,-1.1592575819102033,-0.32812519333583845,-0.1344521225568758
2495,2.9753325052752646,-0.6618771055335497,1.1037216563573158,-1.092332335857345,-0.25517455004412004,1.7296479651138994,-0.44737055740902903,-0.08065343815213943,0.46165270768101807,-0.7027916926951114
6983,-2.6439507298370297,0.03344605872218947,0.0966118353208995,-0.8464449560524414,-0.09167272867564517,0.6626501457672312,-0.13062334125087763,0.041321272693569874,0.3094779463328202,0.49896473020611265
3436,-3.02280987657325,-1.3926210589604222,-0.7029893617338556,-0.7149813375217099,-0.101581057879032,-0.42491726537443447,-0.1363870751586799,0.06232933105980974,-0.20329078327472588,-0.1258544907872369
7505,-2.2278004475483066,-0.7439765472179957,0.7476728747887205,-0.9513167734687881,-0.032349867097469766,1.0253481885027136,0.5403830263530145,0.4245901765614201,0.595473252511289,0.5330558943590704
4286,0.5358832784296387,1.3887480464498718,1.1862094453880332,-1.2236757001577208,-0.22583343297483108,-0.46117606152795254,0.25733021739443535,-0.36655555772681403,0.28743542313697995,0.02368230262021732
7224,-2.9174074247212163,-0.05254811919506249,-0.12516945008409813,-0.7604158664956363,-0.11579651602095407,0.6043063333393944,0.17247965430563061,-0.4035040820163717,0.3145869896403613,0.559430264995511
6215,-2.9174074247212163,-0.05254811919506249,-0.12516945008409813,-0.7604158664956363,-0.11579651602095407,0.6043063333393944,0.17247965430563061,-0.4035040820163717,0.3145869896403613,0.559430264995511
968,-1.7711955829357693,-0.28907239481110825,-1.0797305814551068,-0.6256644997194494,-0.5954345068116347,-0.2815101523796051,-0.45653951102196727,0.27076583377570584,0.043265191594647326,-0.017918837281735357
4096,-1.7711955829357693,-0.28907239481110825,-1.0797305814551068,-0.6256644997194494,-0.5954345068116347,-0.2815101523796051,-0.45653951102196727,0.27076583377570584,0.043265191594647326,-0.017918837281735357
3153,-3.400183972263936,-0.3608178051746549,-0.4824423693796081,-0.585243231153522,-0.6911403476664252,0.8595862441902142,-0.041412516323913746,0.9733656452017441,0.8751812406692684,1.3528488571221153
6504,-2.251484993084632,-0.8907963087973657,-1.0277761839181208,-0.5642395761233937,-0.3406848429889424,0.14319351694492338,0.45372940924845706,0.2298730871873459,-0.22911354494148797,-0.5559459604402023
5329,-2.6563156335220572,-0.7841169485292971,0.6596267818689076,-0.9501774605649654,-0.0069495827257843945,1.0209499054410411,0.17939839680982647,0.33253289155682764,0.18959307668096562,0.3868824392709903
1175,0.2604840046497535,-0.9846828640987257,-1.3357235758331338,-0.5872832993908668,1.5449648595820502,-0.5212245928218939,1.822981502424214,-0.7030381770721128,-0.09383004167877881,-0.13207821596242203
1377,-1.136715630812558,0.7806136888887306,0.4578331446174985,-1.082048246537684,1.0942493058494713,-0.24377881430672738,0.4495137951796011,-0.4327203624627603,-0.07108917574686185,0.047232451946138725
4607,1.6765699818679978,-1.1942036260881812,0.48739295065989624,-1.0177396486165633,-0.22171330820451196,-0.3332442573641975,0.9900562463488908,0.21701811520583408,0.022344307074963744,-0.46308289486701687
4944,1.6765699818679978,-1.1942036260881812,0.48739295065989624,-1.0177396486165633,-0.22171330820451196,-0.3332442573641975,0.9900562463488908,0.21701811520583408,0.022344307074963744,-0.46308289486701687
9483,1.1870589013745767,1.5308731463992216,0.08215740347063143,-0.8131826387921421,-1.0035702605111756,1.583322264270733,0.5226326145791214,-0.8348963198111353,-1.377221682587111,-0.5231923961979651
1378,0.8384531782505844,2.2788058380254372,-0.9906407884856631,-0.6098714319430646,0.5903758994556473,0.3241884127565195,1.4253068434854066,-0.6559081954275912,-0.22606130244183167,-0.6013553081896712
5991,-1.188163281212194,1.1025245769528949,0.3606321015661775,-1.0481741066832089,0.7558359583574468,-0.14926100490852265,0.24858846688786074,-0.6706424820294122,0.1669584301214718,-0.017808266300935217
2807,1.8020712540535286,1.63907146724335,-0.11599542502864611,-0.8911440758309087,-0.23045389282857615,-0.40212988359828455,-0.32377254996555593,-1.257239470115955,0.47587258455125425,0.2821352177906033
1052,1.8020712540535286,1.63907146724335,-0.11599542502864611,-0.8911440758309087,-0.23045389282857615,-0.40212988359828455,-0.32377254996555593,-1.257239470115955,0.47587258455125425,0.2821352177906033
9760,1.3475791405330064,4.076148843697677,-0.5904690075879907,-0.8241299556017965,0.5600971801310656,-1.7926531052233041,1.3168232637606692,0.3269890306151462,-0.3365838536019653,-0.2911057893706653
7101,1.3475791405330064,4.076148843697677,-0.5904690075879907,-0.8241299556017965,0.5600971801310656,-1.7926531052233041,1.3168232637606692,0.3269890306151462,-0.3365838536019653,-0.2911057893706653
9909,-2.0693907375286877,-0.2585387203037626,-1.445295269972636,-0.6349529804108641,0.9210943054939458,-0.8130176567967685,0.10749390946632288,-1.454463199284802,-0.5525839710437419,-0.7603702442016339
5907,-3.018710676334609,-0.35068949442620057,0.07593143080919157,-0.8473344300935143,0.1396550583978354,0.4895248677901521,-0.05460962529296571,-0.21790866325809463,0.40367368396885567,0.7545569264022954
793,-2.9950730195684745,-1.0005881169339228,-1.0214547910859142,-0.6756522975858384,-0.052578915496144164,-0.7853984832313381,-0.36187246199700185,-0.12290537647559434,-0.0791530039236145,0.19637820244050413
8832,-2.175575064286641,-0.7471271803284059,-0.8128604479355865,-0.6991805529783223,-0.3978025454552613,-0.36773411643974735,-0.358498969217078,0.3638093822875551,0.04264844863213542,-0.0939138848477116
2535,1.3412796196518386,-0.18109914817684897,-1.4284018615890004,-0.4429108072941568,-0.8293047789050466,-0.721390346524528,-0.515019356982973,0.6416199625539104,2.3130134338328805,-0.4661262324061037
1523,-1.9283574645813906,-0.04967850014599177,0.6578646104272396,-0.9336891826611883,-0.27073184893093716,0.9460952658808395,0.016031488838916357,0.7214608671362097,0.40229839419948193,0.43425406259351124
1839,-1.5348884284706636,-0.9329407182729521,0.015833265586431597,-1.0164292907516843,0.638290554640137,-0.9041235473449877,-0.23253932895581722,-0.5291018543076861,-0.28027143144198124,-0.3100155540953161
9972,-2.5814672352144727,-0.3465874950360675,0.40126094568079435,-0.8897152792598076,0.044646208064178745,0.6208828073064193,-0.011334617518374673,0.22159328610940476,0.3834176822215104,0.6972575229247063
2945,-2.5814672352144727,-0.3465874950360675,0.40126094568079435,-0.8897152792598076,0.044646208064178745,0.6208828073064193,-0.011334617518374673,0.22159328610940476,0.3834176822215104,0.6972575229247063
9291,-2.168422485815604,-0.7622847165277902,1.2721960258530516,-1.1909502821299998,0.7972375517789689,0.6798234296602176,0.16659248295798254,-0.7954157915228075,-0.24598932693517397,-0.13196462648240398
2829,0.4976634378286129,1.7945227329248226,1.073781530341175,-1.289590753424487,0.3635883722680889,-1.1312987955138194,-0.6625646082357887,0.1699262270246559,0.4404773421667661,0.1772269526585617
8594,-1.5388021040847608,0.23591830285358076,0.9722373240938679,-1.1430891404237375,0.5994065408877929,0.22008387271144844,0.11583914370778008,-0.7598695425084591,0.21639268985773136,0.04930326467331199
1592,4.294275002136113,-2.487157777114851,-0.2296558175502211,-0.7360105160518808,-0.9657905623531362,0.8022871130123077,-0.17439811159179436,-0.8100995945256391,0.5402562010133631,0.8230836862221222
4310,4.306725951378345,-2.023459162359863,-0.5900890948776875,-0.6714017208782842,-0.9835328962484358,0.8963707220156899,0.26364238119295025,-1.3179189246431628,-0.290147712361213,0.631208495132755
6950,-2.4641569908214898,0.07521961440041512,0.25483592580116327,-0.8488308951027816,-0.1903887342841051,0.6732870024012378,-0.1110570052544406,0.17858331295850038,0.4399310517017381,0.5965748505541429
8492,2.559214696104116,-0.05179924895868414,0.08765536248945463,-1.0243172613886145,-0.934027542377318,-1.5939811611242753,-1.4253726374823286,-0.21453613190458914,0.49285133139334164,-0.5544349950363046
5684,-2.539071250210948,0.09289136624633669,0.20962109778221488,-0.8392623591668579,-0.1370583497782543,0.613062937242245,-0.08224004676914548,0.15123290512545684,0.382521682920172,0.5595916998219067
5909,0.660175815901085,2.429522614656156,-0.08089569992260448,-0.808912349202444,0.22538493292738052,-0.802456174596352,1.668204892463018,-0.1397544088606462,-0.8564464447435247,0.038883616329614186
9855,1.4564924212298278,1.2708720170138845,2.0572015214999846,-1.49260131161768,-0.2691604612334419,-1.1099036295396172,-0.5090087753002689,0.739786870523566,-0.6084910050257126,-0.17774459818710325
975,-1.490825144593593,1.4433244111696353,-0.28034375095424746,-0.6687258534163999,-0.5542888013943679,0.7797822840274568,0.4137908295753403,0.5782638310371472,0.13255462047178423,0.02056757698820241
8754,-2.227319632803071,-0.4037087394628838,1.010675950462217,-1.1557117695642347,0.814540356470432,0.315778039179676,0.02779759052797525,-1.0502809644281363,0.13331519036841996,0.2399506110688499
1456,3.833629532868248,2.6232296447990455,-3.4928381322794366,-0.13875023444178905,1.612437251201927,1.8461000486017005,-0.10192479830641782,-0.41998117434309007,-3.0884356449008945,1.4855381280975346
2849,3.833629532868248,2.6232296447990455,-3.4928381322794366,-0.13875023444178905,1.612437251201927,1.8461000486017005,-0.10192479830641782,-0.41998117434309007,-3.0884356449008945,1.4855381280975346
9984,0.13038237522331683,2.583244482508319,-1.7079945664819502,-0.2953496739790767,0.24236454216063094,-0.3158801977991774,2.143519306235155,0.4030262836636454,0.8211140096419512,0.7667352779508227
5527,-2.708374200164785,-0.8505651733628766,-1.20379085384038,-0.5541483786883112,-0.10571782797148103,-0.36488623159686645,-0.22061774547741883,-0.01108400498177382,-0.07259109391586631,-0.041075339703546564
5628,4.143541422717085,-0.12528476519564552,-2.312485861130776,-0.5633612754306763,1.1502685360351315,-0.4411225967498344,-1.7767479271255966,-0.17794489362117455,-1.2276550361018683,1.4233304218300005
7627,5.922409975082147,-2.3778700279719973,-1.0516219265665576,-0.486908399828425,-1.2387672700579462,1.1070231865801163,-1.2193987102598436,-1.5246996775676531,1.1947027490288016,1.671145949223851
1351,1.8964325584740493,2.364239492292302,0.999537795993063,-1.1596578498665575,-1.1190700843398387,-0.9107286851931436,-0.7233939932237122,-0.18723474793529699,-0.6309770994619534,-0.4886360850105941
10629,-2.1633965387188545,-0.334606805167339,-1.0214443317705284,-0.5913190376461417,-0.5861664482696146,-0.3313480113828302,-0.08421784996475536,0.2297663993867008,0.1768990627745244,0.04287777657623688
10395,-2.461574672749617,-0.4332889944236752,-1.902218245952615,-0.3770480082165973,0.08805563519111144,-0.27062390815259013,0.08680430033308266,-0.21725211191752453,-0.5564196535306289,0.24079314424323586
6961,-3.5139158185870065,-1.3505523952347143,-1.3793037298274682,-0.3526699674829102,-0.9489634247718213,-0.13869345355545604,-0.13747055410695522,1.0295984817410317,0.48947122949406985,0.699234176636716
10196,0.831347914695089,-0.4392886006487809,-2.0140090742276464,-0.2644599314284399,-1.0074105146661536,0.8135696216573078,-1.5753535566382624,2.459813838577557,0.5143424523603602,1.5973148409161289
6182,-2.445320092811158,-1.011074642843767,-0.6673723467773037,-0.6438189995931752,-0.32666730713466013,-0.17208067560969723,-0.14865149495996324,0.40230535482908075,-0.23752328379313445,-0.30416031123500414
10432,-3.0046651997700633,-1.2859868137990553,-0.8229799210903194,-0.6209354512278207,-0.10102554131513934,-0.49936762960346276,-0.24674057811476527,-0.0356988307125294,-0.10190773435471921,-0.043530185761267735
1542,-1.1389570577367976,2.770528279299563,0.9392130246723109,-0.8691697628037913,-0.9769001861543155,1.8013253465781833,-0.05665513902510516,0.6159436744578279,-0.0971825078237989,0.06141452175603342
4220,-1.2133881909960034,-0.5960095770151802,1.8174131624562346,-1.288367237028877,0.5013784169078102,0.7094049261217606,0.22522481888424992,-0.2689926008305814,0.3452762866668106,-0.010061053756978777
4141,1.9329839066093615,-0.2586686914488803,-0.2263489465745847,-1.0060941941019994,0.6683306024285964,-0.6953082050892743,-0.9899668779139263,0.6827882003758233,-0.6795018416481222,-0.1640474290496937
1940,-3.0042035955331694,-1.3184310251920188,-0.8003771747659781,-0.6202388283562345,-0.11029441223912674,-0.4814739689945318,-0.08848895853488455,-0.07940101219665886,0.03895369923072071,0.18881639367410574
1506,-2.0178700406171184,0.5773282180265955,-0.180295839316975,-0.6313206961541965,-0.49233316331761384,1.1246845830135974,0.22586389078252647,0.1520877773619331,0.15098902297929256,0.019662283117407
6347,-2.9622513619175805,-1.2976864073501189,-0.9781161827882564,-0.5799743947164301,0.03379601620562299,-0.4631730872586108,-0.18046771680466994,-0.05703732873058272,-0.13187226515466222,-0.09702470056260722
1361,2.918918866468585,-0.9862295948858435,0.5748488404945504,-0.99881957916186,0.024990978618667538,-0.2444508864317542,-0.3541544751697387,1.0138625804828538,0.17529777838271698,-0.07433552533674487
9422,-1.5828233740618252,-1.3699611131961824,-0.23857479200081783,-0.6853328172521181,-0.529227479671041,0.3693816927946833,0.131346628907695,0.8173522252683234,0.18322952485029553,-0.632574807596032
1081,0.16127721425678357,4.512597811564041,-0.00748505555561677,-0.4696322607661688,-2.0507420357635913,2.0676057782328354,1.1171944368515643,0.33492688257328873,0.4602057800108112,-0.015669200355127203
7458,-2.566111901021679,0.3570225985095951,-0.2884725648251543,-0.7004043171134956,0.21469043600663865,0.3490871133214119,-0.01089478471815079,0.0012470011695278527,0.41214196576180556,0.584487067527016
1012,1.1943309043991082,2.62109066192574,-0.44985949204341696,-0.8004949925354444,1.3085699278348721,-0.7859601863884623,1.0568052841503095,0.6361911298258904,-0.2988407433854832,-0.354490940429012
5453,6.5708602430513166,-1.4568571288401664,-1.5285011589517297,-0.39792843989605425,-0.2155629327823129,0.9390638145073804,-0.6511071525312664,0.052977576744294645,-0.24796293880728174,-0.2600631448684028
6818,-0.5155199820673113,1.5823543569021412,-0.42146886478920736,-0.7040582975563667,0.8823615892277756,0.43786312621767665,1.1402574003551442,-0.5140396500767682,-0.19503533036963636,-0.7341430663192144
7807,-0.5155199820673113,1.5823543569021412,-0.42146886478920736,-0.7040582975563667,0.8823615892277756,0.43786312621767665,1.1402574003551442,-0.5140396500767682,-0.19503533036963636,-0.7341430663192144
7532,-1.8908172043309266,0.7849834929060278,0.43635301104904206,-0.9986059471792754,0.6163864058124673,0.08825458612831065,-0.14585601302954324,-0.9658720210069798,-0.21544288866912517,-0.0811706555015131
8346,-1.6801218503870394,0.011328996909018674,-1.8707249931475993,-0.3869999829373509,0.2842124743012947,-1.127821434664557,0.32500323337363646,-0.04001011773576268,0.616424110672699,0.497874984683359
5564,2.8497731902927255,0.39331570019654716,-0.550643710735265,-0.7067948019670051,0.527701718525267,0.7011977785246013,0.33655292078294435,-0.7357962532728033,-0.48522023355602345,1.939112744941164
3267,-0.02295741165322952,1.9827631050254881,0.708875660556506,-1.115202402090376,0.7801624113436518,-0.8580043439946046,-0.21287517542153833,0.3741250656311573,-0.026696283171380026,-0.11091589188432907
3091,2.112681682896501,-0.8155189696794358,-1.413751867378375,-0.47224081124296646,-0.23282739239874184,0.2246695525518806,-0.10023297335321923,0.9098423659671065,-0.21526760725252594,0.022423803679104664
762,2.112681682896501,-0.8155189696794358,-1.413751867378375,-0.47224081124296646,-0.23282739239874184,0.2246695525518806,-0.10023297335321923,0.9098423659671065,-0.21526760725252594,0.022423803679104664
8029,2.3573044763768083,-0.9615582993790766,1.7430124768951958,-1.2577919771945716,-1.35673743041581,-1.0695462747169295,-0.02160457289334062,0.6540969779374493,-0.12856555076374515,0.4305036906471831
4376,-1.674942373473656,-1.192305034903918,-0.27015058531475145,-0.8436559431900602,0.8083562947076062,-0.6753660776449858,0.11397056676118678,-0.8751079193147377,-0.5102351857647781,-0.12492098124514839
10981,3.76561842097825,-1.8368724615325314,-0.384067398572243,-0.6893867387738478,0.04470367622849377,1.359522966922299,-1.2645104105908682,0.5025824018982764,-0.06973606208892655,-0.02028781808457381
486,3.76561842097825,-1.8368724615325314,-0.384067398572243,-0.6893867387738478,0.04470367622849377,1.359522966922299,-1.2645104105908682,0.5025824018982764,-0.06973606208892655,-0.02028781808457381
1158,-1.617330002648951,0.12645455892292568,0.9127340129596696,-1.109368599866099,1.0292689570646065,-0.058729122935116736,-0.08270413928943242,-0.5784487544591148,0.08555586656371954,0.20931896417193346
9119,0.35816819634709124,-0.03484610844126559,1.354820888265678,-1.1138787753292705,0.4131570407798626,0.9343426839814177,0.38876236452785434,0.16126204934681215,-0.21909433393306563,-0.441017483671963
6694,2.7123626045759166,1.083875200719505,0.5014177112354498,-1.0265623188816289,0.9825394408257145,-0.147079028251032,-0.1260116748273365,1.0937824008574413,-0.31571243170820074,0.41874395778561546
10573,1.2579653892598124,-1.196380391220958,-0.07635087262960856,-0.8301482810884809,0.08427618954055198,-0.14127593328452112,0.33770766994180973,-0.7572811870590533,0.35674524161139526,-0.5029762573827602
10140,1.8136934505512108,-0.5033606506047036,1.5111264210954534,-1.1928795897637943,-1.7869582296407234,-2.134145841902782,0.2520869024532774,-0.5017828931511177,0.5405616510175976,0.5675122004941375
2286,-2.075328421395609,0.056429472882023705,0.3127551743544566,-0.759439169698926,-0.12441675514227182,0.708429143076195,0.4175293230897472,0.35741109715746383,0.5061461678834525,0.5497763343721919
8420,-1.921914224227965,-1.1080594732344158,-0.12283621749508135,-0.8510907050489154,0.6721455443910644,-0.38799818758004573,0.027980819558049062,-0.6387706663897963,-0.688707279917149,-1.0777087105756107
10065,-1.921914224227965,-1.1080594732344158,-0.12283621749508135,-0.8510907050489154,0.6721455443910644,-0.38799818758004573,0.027980819558049062,-0.6387706663897963,-0.688707279917149,-1.0777087105756107
1029,-0.5933224820573951,0.299204511479068,1.301713834941932,-1.208380175727817,0.77983462512827,-0.018950932849527886,-0.258976038853177,-0.06948788475043373,0.4874133600236086,0.17953022422717368
4207,3.227561584456899,-0.21487201906329828,0.883685265375462,-1.1227894145567705,-0.4876387689446097,-1.0262201002716476,-0.4755988918412243,0.9795974017468402,-0.2727851115566094,-0.17898839095131097
10277,-2.3509885015028202,-0.35672374922347877,0.8904691702776067,-1.0661235234373654,0.9424363230149011,0.21583050562144765,-0.06165827053668548,-1.066362403249456,-0.18098824858156742,0.02149615050111959
4436,-1.5391575210837125,-1.292158418255487,-0.5688639779741818,-0.7775839736517061,0.906480852297919,-0.4573149131367378,-0.39867170211994235,-0.9956788826567607,-0.7217492262241799,-0.23800241664792224
2929,-1.5391575210837125,-1.292158418255487,-0.5688639779741818,-0.7775839736517061,0.906480852297919,-0.4573149131367378,-0.39867170211994235,-0.9956788826567607,-0.7217492262241799,-0.23800241664792224
6281,0.7389854813708927,0.6713190999713161,0.9288304202919203,-1.0361251649466963,0.14580749200104148,-0.1621317956389101,-0.29558903096657824,-0.4179358275167978,0.9204668515419328,-0.17134428066896293
10390,-2.2154127273968527,-0.5289692975239257,0.8881836729832133,-1.0534498739825355,1.0238691552000883,0.46069340925140223,-0.017167590579194963,-0.9817596295912459,-0.21903590042969046,-0.050224492940906244
2574,0.9092252303152285,1.6958190255595655,1.3988537986771294,-1.2078685559603226,-0.5251466445513666,-1.0065715780293703,-0.2667983132880983,-0.011800887400334921,-0.22787271358260416,0.37719924600016064
709,0.362019833966126,1.5572187039000465,0.5488147338991363,-0.9778883065647457,0.22912127448105568,-0.7394253299724559,0.39381997227861926,0.0979510984615065,-1.4024608383772799,0.09678471847114915
5955,4.340564447176054,-0.8675740099575254,-1.6864727465398934,-0.29429100649003004,1.3330902081576932,-0.18513635337470272,1.5562997161072714,0.7045457716623843,0.8605381003922131,-0.9371341718481484
8486,-2.0015647112610733,1.3083565261055894,-1.8475946385673756,-0.4403901009457863,-0.3551802386010233,-1.6603895709864547,-0.8631316107051998,0.07806658994730314,0.4139047815253871,0.08385889498693612
10343,2.8654375518782653,-0.4569046179188711,-0.8199405291654763,-0.5305558527750167,0.6126014174032974,-0.5155660486705788,2.1918090017625005,0.555367625321509,-0.6210216476116301,0.3516217277854667
6652,3.3779051959450372,-2.1597872034548162,-0.3596371567502115,-0.6898390614571295,-0.33105184558430173,1.3689633393744254,-0.6329845165581427,-0.08542608994565071,-1.2682168692812852,0.8404847195492267
8746,0.9088806216968455,-0.09508798628365238,0.04557231072534653,-0.6687987237317702,-1.7204705459258594,-1.0767626020915546,0.2554411272433939,1.3374016996477078,0.0051162666943843985,-0.1244324706706035
4686,4.090756837847763,-0.7449854293940388,0.44262801071636587,-0.9195731446274511,-0.3080605158688278,-0.8763344872283657,-0.5209152125507446,1.1062464723718344,0.361717443817659,-0.8061410773980048
3551,-0.5023922795466378,-0.2667635284678492,1.4469500080672557,-1.0834664588377285,0.6861517588906365,1.0303476668139064,0.7732131115234024,0.18133521662316243,0.030795170357147766,-0.5422245372663141
4338,-2.2501490514411744,-1.6436917695209357,0.03047692946162228,-0.7160366170392789,-0.2814292206453572,0.020743773343351382,0.27559076622539713,0.8145591604447305,0.08503201953989918,-0.13907040144794056
4444,-2.631437678749382,-1.0675091018429113,-0.8696903219848712,-0.5493562833183124,0.030894042959033797,-0.6100591105447631,-0.08838263672793599,0.18508265236593763,0.12124453453077057,0.08722687216687187
498,-2.4174841300286882,-1.2322602468533184,-0.3250901661436888,-0.6257793876822755,-0.47049864176541956,0.010168851869655816,0.05586766497120061,0.5786379861993604,-0.2511082041360018,-0.42645638836980915
8230,-2.5111575235268146,-1.2246631360303424,-0.5874642053162057,-0.6130438307244805,-0.18434004490361403,-0.4465903392029404,-0.20872598719042645,0.2714352951897294,0.12199891334395409,0.08763119512393298
2826,-3.407834783256884,-0.006704257880044596,-0.6787931603388335,-0.3913051807566827,-0.7031724097573419,0.9124677820963426,-0.09069570190026555,1.0113031923075446,0.5486870307677681,0.8742275925071737
6222,-3.407834783256884,-0.006704257880044596,-0.6787931603388335,-0.3913051807566827,-0.7031724097573419,0.9124677820963426,-0.09069570190026555,1.0113031923075446,0.5486870307677681,0.8742275925071737
7352,0.16109371085260576,0.5633758195402062,0.8112842913894464,-0.8908200896159549,-0.08303222388991677,1.0332092053989743,0.8307408436460507,-0.45652211607306037,-0.5563814614624508,-0.35428226884383274
10928,0.8048223932337041,1.2897134462399098,0.11046890168886009,-0.8582344423250738,1.804417123415003,-0.19179234938764844,0.9157351924820457,0.6897017388029796,0.5256811787153591,-0.2511763524025309
10736,4.212862004598284,-0.1022504476864152,-0.6757656515998695,-0.37550647864701225,0.3178272416061317,1.3108550868603068,1.3885180426642767,-1.0451320748244157,1.8379931119765018,-1.0084449658099397
10163,2.5917218746526944,-0.3468226266974135,0.0874919757587186,-0.9058089245371306,-0.37600500221580263,-1.1284998353713585,-0.6122953185532751,0.05715054471699206,0.40689183756226016,0.4781184538905938
6168,-2.2368682376464717,-0.4352786572819953,0.6588651213383611,-0.766340698851893,-0.235150973653694,1.1319379291002092,0.6154755481314088,0.3747158773952563,0.50005472696084,0.3655639853648073
4656,0.009065129156069005,1.4693616027196046,-2.24257679535467,-0.1876723083548862,-1.1794748310279162,-1.1221055946695417,-0.3828068297572387,-0.3559575762773132,0.8816211847792493,0.3387651313076187
626,-2.4417545789342645,-0.7467660666610149,0.7007321504685681,-0.8232856227980229,0.10770471548561326,1.0174914022034791,0.19753702515479815,0.4894554831156043,0.2984649403475576,0.32757761977726985
3870,2.987783037649375,-0.38727678351903805,-0.8672385361959817,-0.6555744387735143,0.8980259591758648,-0.25076415798684,-1.0084558333706473,0.8533129746430521,0.17975766241913743,-1.5614787790097457
6299,1.1501827162953964,2.3286125944312857,-1.5076182614090403,-0.24812994972372615,0.6939518934435467,0.08813384641341912,2.723390160998307,-1.2393197487181282,-0.0976851173242372,0.14290726625120032
7798,-0.4407965373963128,1.7981430086246708,-0.3588517182377759,-0.7331074593483157,1.1362790916768584,-0.16366840025315527,0.360619219883489,-0.42484158637137914,0.1856606072074611,-0.09604249159367353
9973,-0.5428945165132004,2.5174341697780025,1.3729363716132477,-1.1788488660517475,0.7288654311874864,0.5020277313168818,-0.9618207830117095,-0.5151452533865264,0.07076977383235425,0.35044648753728014
4299,3.552287741402565,2.8983999005695327,-0.9920686256713367,-0.34555519895009756,-2.065949469314379,-0.13586030366438456,-0.6841495040556221,-2.3334342164661783,2.1477808081438723,-0.60644035335444
10971,-1.5820730543812713,1.1486360751680025,-3.141435358304361,0.181441767205155,-0.21906865765122333,-1.0615549519497973,1.8605490780360212,1.654612751059301,0.8856008797106408,0.7456759034003357
9931,-5.328242101480931,4.664355239001212,-3.877591403024849,0.5228575864508245,-2.396098062652651,0.8875580291450681,0.20925800710056808,-3.428910883580296,-1.3571577978190041,-0.7550606982153357
6679,-1.8698818756578868,-1.9402730291592576,0.8693596495875489,-0.9890905930561611,0.38655958363821086,-0.03399703571524156,0.26049760288387214,-0.3068179456588981,-0.5147136782691415,-0.8077864432760423
5961,-2.1993925759159674,-1.5592809690540412,-0.18103778816100666,-0.6359858829755517,-0.23680116437116047,-0.019841383268934292,0.20341046530766463,0.6851129964337558,0.0964385693204948,-0.0016544859231229251
6255,0.502525324676434,-0.3642608966324504,1.3408957898212734,-1.1215004313131973,0.8534949413798802,1.1165273028468596,-0.3438785024339275,0.3944765622146589,-0.21957988894027128,0.07002869094385451
8614,1.059895863656952,-0.18669540555013764,1.395768197681342,-1.1018870851885378,0.6103174835576015,1.0259252923725821,-0.8836913293978662,0.5976527393851977,0.17428273964173996,-0.8906777845491558
7828,2.546885200813544,-2.5279137272458505,-0.543184675200345,-0.6338949766910773,0.032606777847188594,1.7015685802781126,-0.34935153252152557,-0.614679686509938,-1.2133751032393,0.9294626180485515
1277,2.8813871781483837,0.011673101052983317,0.08610138379691207,-0.8966853269421404,-0.43976961673812165,-1.2612150282489447,-0.49579359509270393,0.07153815177480997,0.1769275752193316,-0.32084239805954284
3595,3.3851731132284892,0.5723015786987256,0.6691291037993027,-0.8859235286513175,-0.31782075930338877,0.8499608727189273,-0.8926281168430773,-0.09487016941218922,-0.07609089756906534,-0.5264286552979838
5735,5.664357580096491,-1.635136364968853,-0.5356333556994793,-0.491289615384209,-0.833463564627758,0.48926570055471363,-0.5108946016844713,0.33955405286773604,0.24030559088572911,0.40866379726246804
5350,5.664357580096491,-1.635136364968853,-0.5356333556994793,-0.491289615384209,-0.833463564627758,0.48926570055471363,-0.5108946016844713,0.33955405286773604,0.24030559088572911,0.40866379726246804
4137,2.444474896651379,-1.18159849580767,-0.9030402290774916,-0.5272241314998639,0.2011560784296328,0.08462049312580185,-1.016317934412177,-0.7779210474246235,1.641566787433078,-0.558565435866506
6357,0.6012577677391702,0.9764539296282514,0.01290258194653901,-0.808477282643238,0.914933627607126,0.7089608387821994,-0.9556356226534402,-0.1996747149298821,0.2831876728063173,-0.3740851210335497
9316,-2.352779632620243,-1.4780238196382192,0.024889462966474953,-0.8239541421298193,0.7750897444035688,-0.6108836538224952,-0.0021939730981266705,-0.8849107307137115,-0.5262191365978175,-0.8122898417045432
3578,-0.8831139202403593,0.26251567651712354,0.7468458939268771,-0.9721879128705475,0.6878813323478796,0.4692395588255195,-0.33047218147549473,-0.527755123161468,-0.41286801325484584,-0.045934836856044305
153,-1.9583203740243154,-1.670640604665998,0.4446576674871872,-0.9091659822643477,0.6596311350819513,-0.32983711727270315,0.21624728728794684,-0.47872991770511797,-0.4915273937969626,-0.7949182340119144
10524,1.9472102198502828,0.7240829838200165,-0.06554299499831022,-0.44427301052502505,0.5074485400104635,0.9212983991058008,3.4463981664855474,-0.5392800741552615,0.15795942523347514,-0.6829059274513927
1518,0.6145606730951125,2.3971651236218734,-1.3648791824908268,-0.2652701355424521,-0.1291013022333392,0.3360959641663261,-0.24308455964587866,0.7433721502157982,1.6513620732763756,-0.45002903162594415
2036,-0.16166784432085834,0.7325888651609478,1.264941023246467,-1.0691191228637402,0.037107537507275204,0.4125048745449166,-0.12267303062589946,-0.007963709877240082,-0.49586542339045675,-0.4314826865321134
9495,3.4965832108933137,-2.3831784587099656,-0.5073816836555277,-0.5037886137950652,-0.49338826001291136,1.4552479504449505,-0.15758341657639036,-0.871490119191509,-0.09018489655487946,0.035063035731369256
2631,3.4965832108933137,-2.3831784587099656,-0.5073816836555277,-0.5037886137950652,-0.49338826001291136,1.4552479504449505,-0.15758341657639036,-0.871490119191509,-0.09018489655487946,0.035063035731369256
6312,2.5304935301949674,2.1674542381086686,-1.1625129048878722,-0.5954519979732417,0.9311717837942018,0.4514349599416589,-1.0401770205203968,0.05687097878010737,-1.1995069784192656,0.4829958032176317
615,-0.5356792004298142,-0.5959131099646545,-1.2072139571468707,-0.5653704715580763,1.7176038609576785,-0.9516372032453905,0.5824227127116616,-0.4380782672076161,-0.2241184556624168,-0.1036505840335479
4406,2.7811296221092263,1.6936755626977222,-0.41483791820643484,-0.6771220391047162,-0.1125707281033133,0.24865092785987183,-1.0218180946827653,-0.5563798353249308,-0.054146817032693986,0.7288454699774354
10061,1.6198269447963194,2.5725560558930796,-0.07843704047622897,-0.8669817603234066,1.8676183497893857,-1.6258482488086918,0.9831607454416172,1.3125349197612506,-0.36435111026624284,0.17646139475157782
10619,4.1374455735087645,-1.2439423011071198,-0.26555347237089527,-0.7093439293040603,-1.222061936196766,-0.3336144854593813,-0.4282008013216027,-0.607149973176969,0.04016411562914393,0.30494934827477854
4945,1.9733171611301983,1.3640656314569566,-0.3199161720743034,-0.8624746371976008,0.4037738827303385,-2.522631621876593,-0.0421202337951445,0.8718397718206582,-0.49264459036707914,-0.5057214434123899
1777,-2.057670681284958,-1.169647683945566,-0.408380860230169,-0.7590309531905943,0.837706971131619,-0.7713453665464562,-0.29040681268410246,-1.1144444248141783,-0.4367419144190431,-0.5103355222417297
4023,-2.2804769346484415,-0.5076550692053036,-1.576321644268279,-0.2764209789761931,-0.3557232859533634,-0.24889624005591085,0.018443307405904375,-0.4215325370996217,0.17353947363627467,-0.07871453451695083
7922,0.9632738542584536,2.5283148322633533,0.7421101041498367,-1.1439983913502674,0.8159285247250668,-1.8007724253078772,-0.7556133119900825,0.6406685983071307,0.18219517165527963,0.3055068051418945
10699,-2.4282373140142965,-0.6149640923561613,-0.7116644743890566,-0.5198359590431982,-0.47514947472755054,-0.6141598265894662,-0.3006640984799422,0.2116305896097183,0.21208967192827333,0.162963809574421
7516,-2.437475021461259,-1.3507351225108803,-0.522578997076457,-0.5491032571519844,-0.07554405731540084,-0.27533420836078293,-0.10054929475561743,0.400356574033827,0.08454641063195215,-0.04556474352123762
3129,-2.437475021461259,-1.3507351225108803,-0.522578997076457,-0.5491032571519844,-0.07554405731540084,-0.27533420836078293,-0.10054929475561743,0.400356574033827,0.08454641063195215,-0.04556474352123762
5121,1.0341270697493778,1.4468427813974598,0.20615197613800276,-0.7279610327670348,1.333175414488491,-0.786970653885676,2.033348830366227,0.04812584663319996,0.8217261858871827,0.1722117672324435
2186,5.920704129677279,-1.313873308845436,-1.5971062906279123,-0.17476624835600538,-0.12887778479157935,0.16488304570200263,1.6697924148171461,-0.6006118977629851,-0.012463771821810583,1.4980658795689699
10548,3.4421855868336104,-1.5983652309101897,0.14911509840762896,-0.6599662826990902,-0.4810981526349733,0.7406838903931715,-0.18367488106755042,0.19875515481781778,0.04690942731468101,-2.0187670250561593
6384,1.8152870529038367,2.5020262159707096,-0.22710439431487592,-0.663892836141382,1.3732036579165474,-1.4364319707815014,2.082597980757272,1.0795509738554032,-0.5445042744755821,0.27454029515828093
2625,-0.03264554799219615,-0.01213725170495034,0.7806319345550269,-0.8853420135869706,0.9214988988512685,0.9452859076910491,0.12756564298422252,-0.042413086712659795,-0.35709006616806427,-0.5146727715487758
1676,-1.1124998316465606,0.9788235657922953,0.8966147921944699,-0.9164611877901064,-0.00790927507126914,0.3290559904565916,0.00967631000340507,-0.7058844869677832,-0.22476200082745906,-0.505722708088843
5534,-1.2812589309409999,0.5088544051364768,0.5122724203637188,-0.8301883764370659,0.9994295039562685,-0.07824276552378515,0.919421109304596,-0.7778856706500749,0.20813774730751597,0.16374048222403498
6859,-2.5429017171364103,-0.4223271838170139,-1.2862313489083668,-0.4054332979046345,-0.11622190102623647,-0.7795957748766872,-0.5230005762016584,-0.06791960898836906,0.20038909526251586,0.09394172662303903
271,-1.6438515848637774,1.1118993582294947,-0.32812800249121915,-0.39674792371602524,-0.9040669337637487,0.8438532294725326,0.8629903995616158,-0.2319000419767186,0.4239957483215938,-0.04879197787586231
7699,-1.6438515848637774,1.1118993582294947,-0.32812800249121915,-0.39674792371602524,-0.9040669337637487,0.8438532294725326,0.8629903995616158,-0.2319000419767186,0.4239957483215938,-0.04879197787586231
7832,2.9629573153324156,0.8735942112420155,0.8662817382342893,-0.8899628235103014,-0.1567262187544927,-0.5314092528328903,-0.4120573468704908,-0.20770671619804024,1.602930054408695,0.6329419034007071
938,-2.5819123555921366,0.19373151739557432,-0.11839251630770609,-0.5636991314858347,0.025796664082441717,0.42822141527079033,0.2925823743909041,-0.17753712864259627,0.5134103503978054,0.7124967501683462
7873,-0.9475788120568589,0.931156407451286,0.27481929602152455,-0.6523600164230611,-0.8387088157634935,1.0357285010741302,-0.345860047028768,0.8239892101134112,0.0899537295468146,-0.010102944023378649
9967,-1.049816747101101,2.812224712782078,-1.257245461339205,-0.23375758441460556,-1.1711678145206381,0.7724712042391888,0.13279631581169588,0.19104651348932783,-0.2766096048494485,-0.31979602033237425
1087,-2.2108962239395593,-0.2192578493768756,-2.023546828821009,-0.16128207371518724,0.05895326693116658,-0.4789949640159275,0.0878802123768468,-0.3676542379389404,0.2461877065847814,-0.027449127067586298
8314,4.79753318961869,-1.5961938371271516,-1.2803289975473868,-0.24353205420571347,-0.021316525305952582,0.8157211802850034,-0.3796455210472419,-0.23396811851290022,1.5396088621497017,0.11251752578832043
3762,2.3634966334611542,-1.7128464121144136,0.37486253271979836,-0.6604439954754457,-0.4029051454491251,0.4603299459316129,0.07486315480505239,0.16258483575833968,1.4181677181781254,-1.9711018983010988
10383,3.130997236047187,-1.31769707251148,-0.505090224619723,-0.559703521028924,-0.13833785729384368,0.42257438419582577,-0.8793154253074921,-0.11115050498210625,0.5688269732754672,-1.389318741519102
6798,-1.3674137834166136,2.954129760036488,-1.1510055257965763,-0.22688850261663696,-1.390941964001583,0.9553445001791739,0.10680264843481085,0.25795986473636945,-0.682826332839722,-0.9620300528180685
4168,-1.3674137834166136,2.954129760036488,-1.1510055257965763,-0.22688850261663696,-1.390941964001583,0.9553445001791739,0.10680264843481085,0.25795986473636945,-0.682826332839722,-0.9620300528180685
6690,-2.3630408308028557,0.8247609433800899,-0.3179367392147127,-0.48689039857701505,-0.3759996521725498,0.7533994503049726,0.24829182628666213,-0.08995277171614004,0.2382434861068095,0.2269308843823366
10602,-2.0701557128673933,-0.5687307160548193,-1.111146748923307,-0.42188887228825916,-0.10872645148676018,-0.5208281051702195,-0.014271006115103884,0.36145643848636305,-0.11803887194563585,0.17262718544727884
3220,-2.0701557128673933,-0.5687307160548193,-1.111146748923307,-0.42188887228825916,-0.10872645148676018,-0.5208281051702195,-0.014271006115103884,0.36145643848636305,-0.11803887194563585,0.17262718544727884
5424,-2.0701557128673933,-0.5687307160548193,-1.111146748923307,-0.42188887228825916,-0.10872645148676018,-0.5208281051702195,-0.014271006115103884,0.36145643848636305,-0.11803887194563585,0.17262718544727884
7488,1.975288115529347,0.7185995494507686,0.6791726241408431,-0.9098622289614594,0.06352771207390351,1.0500152201872817,-0.9213797275230117,0.3141931481736553,-1.0674739221715603,-1.2033636707011384
5289,-2.106246958644121,-0.48010990932772035,0.40977378575652523,-0.6281926035386014,-0.026755675671244518,1.237979211899899,0.7418074339369116,0.3369345298120077,0.4392448287208154,0.32848926805837625
347,-1.022216411688146,1.8506682271647412,-0.34702344419919806,-0.7194711669093207,0.6831719449387,-0.39461263004683034,-0.47424853037943104,-1.0700947432895072,-0.21555452226160574,0.2684192930322399
5236,4.792552007951396,1.1327488516829902,-1.3877817820180838,-0.36651096388235194,1.7882574433915184,-0.04321929442143477,-0.7470033872561964,0.24155630762744887,2.3622105335910786,-0.8169504274092586
9478,0.34118358277155403,-1.03493561526686,-0.6980380347243543,-0.4729928662243886,-0.4734498569270602,0.5496922136544414,0.3196793753456183,1.1239607307991213,-0.447962585915607,0.5654018456073943
477,4.445097688318983,-0.9833473663743324,0.6288145404419823,-0.754621054365223,-1.405951615184062,-0.9018766475062853,1.1325304140600605,0.354237449513044,-0.632098474324847,0.553435066012876
7411,-2.7695604727013547,-0.23071790771526982,0.31636276294032945,-0.6255973098530965,-0.08006556302548837,0.8611795322997531,0.06574249668466385,0.10715215723111488,0.13736995212583525,0.29857651018713205
3107,0.38680309311275723,-0.2215984627561327,1.5223751839529207,-1.0722157952605373,0.8230569735802484,0.8215121540307933,0.1114683542929621,0.5568236228768898,0.01540297095279531,-0.0605457999793521
7437,-2.250264486284186,-1.7528879798675285,0.13122627718581523,-0.6356128228338837,-0.24544453634503094,0.13739472637073596,0.16054613439412227,0.9302376456657316,-0.17125058236166463,-0.44450486878817347
255,-2.9142322104138576,-0.24157102824182144,0.2050598295795104,-0.5991572432054773,0.010542125111232176,0.8161414320182067,0.07185571923688773,0.017222900739345424,0.04020454826048588,0.21852950204231303
3790,-3.2777382897326586,-0.6114338412607987,-0.19151583193950752,-0.38869389081147604,-0.6632789227557033,1.1042657167313716,0.09244448268200657,1.186795459667298,0.8221332391147946,1.140391106395402
749,-1.9280908110511308,-0.8141877903825686,-0.6235555941369648,-0.46028378299691425,-0.39174466842640515,-0.34615080908604007,0.23009427143346248,0.4535863448662179,0.25512128473112533,0.05230326477990001
1503,-0.24102443725319594,-1.3678062815249086,2.852970946369277,-1.1925095253984097,-0.9600389650254142,1.8523199976297358,0.6522630124914943,2.0533932835689273,1.9407220152303657,1.5940533181541894
8650,-2.016464584426442,-0.7323565711565724,0.8559055085624351,-0.7522943503296096,0.0226055922563826,1.1797025163834216,0.21952559144593797,0.7069867922061919,0.4963334122032165,0.5282677247617099
607,-0.4740804140880862,2.5382445811300394,-0.48703430196635794,-0.630040450426871,0.12386071907536429,-0.13306863018585063,-0.6079414423377134,-0.8978788564987649,-0.70457051066448,-0.2101906765066077
1008,1.3930345514133717,0.7344782877769164,-0.13582317766882127,-0.8397542344473237,0.969042301462335,-2.2763836698283395,0.16203033297171135,1.1868077197820166,-1.093942950983173,-0.564376762966042
9396,-2.924734882481563,-1.1715402040679816,-0.7376854551724977,-0.4690588185175942,-0.21446647402127897,-0.6076180794263101,-0.16833581028924446,-0.09710687166069452,0.15419563960201763,0.354766740739318
933,-2.924734882481563,-1.1715402040679816,-0.7376854551724977,-0.4690588185175942,-0.21446647402127897,-0.6076180794263101,-0.16833581028924446,-0.09710687166069452,0.15419563960201763,0.354766740739318
5710,-1.6336899571291044,-0.019971747117591566,1.2205264129526334,-0.9774889365111198,0.5186709568618524,0.42894877603063103,0.054886699480581884,-0.6765578690859537,-0.17438274652614716,-0.24836713981213374
2882,0.6318479954826015,1.0060493896579372,0.6007582655344929,-0.887486968988059,0.3079347424082468,-0.3421261545948559,-0.463460473259855,-0.23010696267707767,-0.7277111530847272,0.45111835149176316
2379,2.455161465458039,-0.4565222870500166,-1.3596079865876212,-0.2744413067229146,0.16786211078276192,-0.8185543252360238,1.0470128551963864,-0.6822567653961704,0.30471878947281617,0.1784368990675102
5342,-3.121692989558163,-1.0120689269137138,-1.1185446754241335,-0.3498221225264329,-0.1286556459946794,-0.38696784271633994,-0.11131573938465683,-0.19543111948101327,-0.3463135918404502,-0.2936840493687089
3262,3.5435088716312952,-0.7491334129176233,0.11249558926843296,-0.7214523167188462,-1.1190302889050627,-0.6933880186734621,-0.5794968591042229,-0.15662521011675093,-1.658263937725922,0.6969895125361962
5832,4.62432797790574,-2.2424855235480368,-0.050343280133301534,-0.7406647922445205,-0.00917293288003542,1.5006821659889271,-1.0925018453517004,0.7111721652996482,-2.6627735022200745,1.3906510036733062
5025,-1.2122896853425162,-1.7403586581653214,-0.14850861648158065,-0.528409341140937,-0.2759065057218257,0.4853712507432105,-0.059492783618059895,0.9139236343222464,0.15575426240300455,-0.19038750361893736
569,4.953561629417627,-1.511683502116114,-0.8625646985065535,-0.3458687190764872,-0.5476659267318086,0.3340281505842586,0.4913786355903924,-0.32924389922637876,-0.04402012120223742,1.2466190883309707
3102,-2.961309094622092,-1.2804059581631209,-0.8144801525204765,-0.41099891981817516,-0.04412709043136544,-0.5075143279920143,-0.196941595257619,-0.020213596903542692,-0.14693919433059954,0.012478931152670354
9449,1.0519804498192202,0.4330253377375524,1.918677844383212,-1.1819916684853446,0.26969362106259975,0.20662416380134077,-0.8736921716628979,0.9182549392016571,0.0375647753803466,-0.5242891937491776
8104,-0.9834953589672012,-0.3405076645479654,0.27911323457659337,-0.8715780531440838,0.5585457043230161,-1.4792130561491612,-0.33624038262280265,-0.17174460906370634,-0.025662113890728786,-0.22354804374804624
75,0.48359908567420606,-0.5505805524102851,-1.8175375426152207,-0.3654177769732789,1.4816749018635806,-0.5586801959402746,-1.0516104862792037,-1.018517300036552,0.39350031300490784,-0.8398725039505752
6421,5.722906952156452,-1.437810248428535,-1.0011164968380675,-0.3146573799616076,-0.047652807366094944,0.7561941184544893,-0.3480662916000637,0.3002771335888182,-0.09031791548534335,1.2104070147367576
3037,0.501454674838546,-0.7443218076228211,-0.5594054589585068,-0.5978126891628708,0.48001484875735323,0.03380326099744454,-1.1121897835267291,-0.34282079575774344,-0.23262883586686517,-0.7917108728141193
4698,0.501454674838546,-0.7443218076228211,-0.5594054589585068,-0.5978126891628708,0.48001484875735323,0.03380326099744454,-1.1121897835267291,-0.34282079575774344,-0.23262883586686517,-0.7917108728141193
948,-2.6454828380151794,-1.1043694837364517,-0.8221615751640717,-0.2986628629299176,-0.5810126504037176,0.12700987211930234,0.5397931147181154,-0.14987360913667871,-0.24873170203253422,-0.4956946855032718
6177,-2.213684553929505,-0.3912451618132925,-1.0315374333684666,-0.39369622345174127,-0.15275277845563587,-0.7855784464363792,-0.28459264523970607,0.3284273425262468,-0.007285424265077189,0.16136996443478846
3517,-2.2780587100282523,0.7938666247682101,-0.6445190331523977,-0.3637393894966537,0.03755018233255763,0.37348201787009333,0.25592362007624936,-0.21193769461829384,0.4431742190384934,0.5347190542308675
3491,3.4960106577951886,2.3663123938429824,-2.4677785950584106,0.016557703019611954,1.9315545819821693,0.09400566701996652,1.2507833068378165,-0.39460642452027744,0.9341751622000872,-0.20978158732712335
7610,-1.119214437752464,1.060350302940333,-1.7285874709113906,-0.12906052511346489,-0.7624788992594991,-0.8873303152785237,0.3511246199658183,0.23746277270394983,0.25907322444319375,-0.5442814078865157
4377,0.3413424228102582,1.5197471858385316,-0.7574038612635721,-0.45376790895741176,2.451265475570617,-0.743359858531481,2.541357342912885,-0.04378636201128207,0.7843969889995297,0.4597754219356042
9850,-2.8973858569860416,-1.5339329038636407,-0.4921813354501588,-0.46728107375009115,-0.20979770186900107,-0.24925126966511557,-0.04224341099976816,0.14117582990709787,-0.28454096870002676,0.03676882490938294
5544,3.0112821772458704,0.9727979876989997,-0.3444364317344054,-0.5128438511778669,0.5239963328407108,-0.09102760068757014,0.6494392709870133,-0.8732471415059458,0.6339586946193436,0.6455284600534347
6497,-0.589266488522466,1.8975938693499799,-0.15177525107576256,-0.6326297890180959,0.8954603229024312,-0.4252303337145236,0.6385094182548142,-0.57077409686009,0.05162542777892928,-0.04480778278333588
4543,4.899106531324235,-1.2734390828666067,-1.6406273775006024,-0.1849921825865808,0.4917572847085585,0.21883046649784313,1.9749363321111968,-0.11651280656775818,-1.8495417971480816,1.3840657949422654
5117,1.5768547921922111,-1.243405770964067,-1.8814451793485774,-0.2934729664751242,1.0210416686064039,0.9053778834183794,-0.5862960613329724,-0.9083095269796543,-2.374813687582984,0.7077588757963431
1448,-2.3380729620500107,0.9551543027313288,1.1027327867112227,-0.6737958089990218,0.16434177181868745,2.209878798510756,0.0982001521128505,0.2683362975139153,0.23700904791874897,0.5699091118623026
6887,0.21900897319384355,1.0950388136659182,0.12389044863636259,-0.6096940489460132,-0.31089987008973535,0.2953566548045287,-1.1413635837975522,1.165908217673198,1.1152272309273354,0.48620997136786887
7500,0.21900897319384355,1.0950388136659182,0.12389044863636259,-0.6096940489460132,-0.31089987008973535,0.2953566548045287,-1.1413635837975522,1.165908217673198,1.1152272309273354,0.48620997136786887
2724,-2.2938276514824185,-1.9904307279427071,0.26591983608069225,-0.5490925536517582,-0.4676225607759408,0.26926311580899487,0.550896030134973,0.6343299300272649,0.12853637743654567,-0.18810570889562536
2256,-2.8387618782354975,-0.2351850027696051,0.28462438561827375,-0.5479669054872262,-0.0371001731158139,0.8322794874958767,0.057055233102184785,0.0624781381220037,0.08741463759785975,0.26215970073364064
1100,-2.272130863247288,1.5136129576688255,0.8546334982432459,-0.590979948008069,-0.13460657338043353,2.029313247391261,0.3154431317467056,-0.03199978855402445,0.5734846149971793,0.5862073421771495
7725,1.8749383893046028,-1.347124643817385,0.41853597836002443,-0.6693087289582412,0.32243243419976847,0.2169498795247545,0.5436700617153224,0.6351407630925161,0.6382666432035619,-0.9949617045577414
2612,4.189576749674005,-0.6933737398281553,-0.3883407823436115,-0.6311057606941965,-0.4766863250312446,-0.3391428672534259,-1.083849345289587,0.2930161252098144,-1.5492255575151148,1.5688699223637381
113,-2.6263787687127835,-0.344162729778072,0.42371655087111604,-0.5679984661940068,-0.037262082632955947,0.9996711916784995,0.20295311358048887,0.2538881547411629,0.1458410070975342,0.19475778783907802
2868,-2.9278066905951463,0.40997908870321786,-0.27490909966530225,-0.4229345869409741,-0.16213531339497364,0.6029185601587017,-0.14603750851841882,-0.3042632156365383,0.09604559065998892,0.2850682375334017
4216,5.235389969648409,-0.6804834146268806,-1.484899448840939,-0.257869007235016,0.7914959143000228,0.43704096085923383,-0.5714574265939946,0.1555024916010878,0.4549606112938421,0.10518893212845695
199,-0.8695051269237908,-0.5247360582931312,0.23286646573718411,-0.8176851521014487,0.43591181526206463,-1.237663593114278,-0.6619525632185919,-0.19550993004770229,-0.47963522001091835,-0.5743984727074886
359,-0.3875411570624196,1.641132039496926,0.434572819870705,-0.8163375529631509,0.4881215077525505,-0.6099588265190589,-0.6719243544894348,-0.5836177160009735,0.19365915137132547,0.1243158523221592
8842,-2.7487250681725124,0.31651591846316324,-0.12243492182207248,-0.4497639696890448,-0.13363454899239505,0.7638534706090755,0.0015264279302868397,-0.09010392387342482,0.1421000243137468,0.20474722682825314
2154,-2.7487250681725124,0.31651591846316324,-0.12243492182207248,-0.4497639696890448,-0.13363454899239505,0.7638534706090755,0.0015264279302868397,-0.09010392387342482,0.1421000243137468,0.20474722682825314
6050,1.4543732372901603,2.6576435854571843,0.278425717180471,-0.7896251982711744,-0.33514173897219224,-1.2781609650890342,-1.0658512419607047,-0.02099769737843431,-1.4104500037115943,0.4248830735016954
9204,2.7853624837720012,0.4068277138151925,-1.320461579816352,-0.16966960703605136,1.4083012640471688,2.266838572385225,0.2788444790473352,-0.18330314459248695,-0.2987940967419193,0.908011876640383
4472,-1.9027704149612203,-1.8766397585765549,0.2830332256445793,-0.5286517555344021,-0.3137205930837143,0.27655666002942575,0.5904501182942715,0.9722977269176104,0.11273601306887199,-0.3634892492871277
6864,-2.1744741889422827,-1.0145276475980314,-0.016759475867950444,-0.6476018319124022,0.6412239436417644,-0.6039927801288795,-0.11438260442100269,-0.7985812500171058,-0.5067276276726184,-0.9204807499342424
10617,-2.1744741889422827,-1.0145276475980314,-0.016759475867950444,-0.6476018319124022,0.6412239436417644,-0.6039927801288795,-0.11438260442100269,-0.7985812500171058,-0.5067276276726184,-0.9204807499342424
3924,0.8538756384364051,2.7670590248138156,1.0518683545756373,-0.9135471709361418,-0.3500052047459223,-0.831085443569589,-0.5304131284522319,0.5785434823060035,-0.8025468417734288,-0.7198514093603637
5654,-2.941482545534923,-0.0874004035028705,-0.4859255145043868,-0.2087362007708753,-0.6596979576791999,1.137924846006066,0.13330409349702793,1.3407817247152267,0.6997480391257318,0.9253565378514936
9216,-2.554936426391068,-0.07414468488215543,0.2818067766562752,-0.5278511077204464,-0.020520881313151745,0.7651362169296264,-0.017274744258940277,0.18148478792905917,0.2830655928023649,0.391063079902789
8086,-2.5835251580809024,0.09256378215266324,0.24715905595905902,-0.5312086853914879,-0.06285408241917427,0.5901891117535323,-0.0751623572481852,0.13885655210683334,0.3451339400308781,0.5311366362288477
9097,-0.5790510289271128,1.0121220624810032,0.9246818934679489,-0.7838757259066449,0.42346293517833394,0.5331791712290205,0.37921985435027333,0.13559040399477626,-0.879994209010026,-0.7931256291825353
7631,1.9989293384466555,-0.35770126805821933,-0.723173915506723,-0.3116928863380313,-0.1550711223127566,-0.6283832529798986,1.2784833920474967,1.856594555774323,-0.47066082293144273,0.49792813018185683
7275,-2.2844025363898,0.31766039160744963,0.11495245323513692,-0.4541029719955182,-0.3113179101197938,0.7938453064497315,0.14884291393492646,0.13712563433291605,0.07737620117182037,0.10679732593935676
8334,-2.2844025363898,0.31766039160744963,0.11495245323513692,-0.4541029719955182,-0.3113179101197938,0.7938453064497315,0.14884291393492646,0.13712563433291605,0.07737620117182037,0.10679732593935676
1987,-2.5111757761576663,-1.0960141403827433,-0.8448634792635443,-0.3098592656551905,-0.11710202311081241,-0.12460954320871233,0.011610876852682386,0.2280563552080029,-0.23033052898947992,-0.18295788978480138
2281,-2.7341436126578698,-1.399812114793061,-0.5059763943826201,-0.39579639246843884,-0.14549751183895726,-0.3463726515713332,0.04508811372601892,0.17776637732751127,0.14985094275929725,0.1757242522877263
7034,-2.695253580200681,-0.8429177826705926,-1.0378489489009186,-0.28182564247002695,-0.16042922824596126,-0.40892344998126035,-0.20150095735611165,-0.0007284485872882196,-0.1267060081539938,-0.029673371883218246
2797,2.4529618659963397,1.195149953309976,0.6834887995710937,-0.7978491973092753,0.38344669481453647,-0.576827103900935,-0.6274552634655405,-0.08474186390627,0.9293016157481662,0.06680460058339609
3934,0.4842678825569766,1.3716777586139097,0.5963997077422944,-0.7911412852645273,1.3885683478415896,-0.510674664952452,0.664839909234021,0.6784708798739533,0.12936124039372288,-0.19426351219187227
2493,0.4842678825569766,1.3716777586139097,0.5963997077422944,-0.7911412852645273,1.3885683478415896,-0.510674664952452,0.664839909234021,0.6784708798739533,0.12936124039372288,-0.19426351219187227
3759,2.1474264667952934,2.9379647192520304,1.1628820831081859,-0.8159836770479109,1.5729536823553592,-0.210731158727728,1.992973297295031,0.7830517890215414,-0.1079573280144192,0.733878730767
965,0.839175178796775,1.2885815848805462,-0.3292238494196155,-0.5152051138401618,0.394141058598425,0.7364036180648316,-0.8686207830170878,-0.7820997793062087,-0.12233944741981306,0.078427919305362
7378,-1.068377307765509,1.806625028772708,-1.6753030728370881,-0.2130110718163691,-0.8427680769498204,-1.6294571044139583,-0.819951850625872,0.4254953307740624,0.2747140572036684,-0.07359300144147109
1859,3.433309895051839,-1.0715982987806034,-0.4976026699504396,-0.4668618289752185,-1.4500785726141574,-0.8171489647373662,-0.4218544244758826,-1.4701515511159367,-0.17340019721695327,1.9250717124235375
6263,-2.5869986458750733,1.4060204648491312,0.4015934266251496,-0.499483378179586,0.2812227943693173,1.6976523911858847,-0.11896504479847336,-0.29764034652035487,0.2534088494688101,0.8539818786488756
2072,-0.06310978932618126,2.6711526863838624,0.21279034497376895,-0.6393543999584798,-0.6086647973034721,-0.6563239170683774,-0.4360455789069603,-0.6156856107689633,-1.0611488731810732,-0.27579056389925877
8908,3.1591083700886595,-1.9923997336491301,0.7198338071178341,-0.5427114228815203,-1.7220725818436442,0.3451344494550679,1.2699001396641323,-1.0116462656344205,0.22442780318452932,0.6017815873113685
738,-1.8616253849236137,0.7874600170833952,-0.4780263553691178,-0.2690622733792167,-0.32209568014499707,0.9609091122621022,0.061391991329620775,-0.013122175746956023,0.15229240060280855,0.17712956867952112
10129,4.6900733989198224,-1.6804473505666577,-0.803252644964611,-0.30083652397980426,0.3176374760738375,1.2437561864094977,-0.316168421151709,0.6809205585511374,-0.9816126490887912,0.20493814834081622
807,-1.8700271442380347,2.1512018132944464,-0.7662262337504352,-0.21871619731898692,-0.7201896721997084,0.29728553224020654,0.13828726401843172,-0.03302872213337345,0.2979019805937191,0.1305444729813222
3334,6.172001276750071,-1.7191173087166847,-0.9935076203735355,-0.18367310147238472,0.01749989232722767,0.5472813522903386,0.13171667051733119,0.2839818946126454,0.6123976805059232,0.866274605850277
5423,-2.88435959438417,-1.4251509517735415,-0.4807911493177889,-0.37070692247662596,-0.18594012237921975,-0.3807810762578358,-0.050966009052718024,0.08286528651144269,0.08602352721717814,0.09976972774481849
4426,-0.7381841325168352,2.623156166099281,-0.8072315097581017,-0.20916056990300524,-0.3708884690887216,0.04670260409226481,0.7548909537832992,0.7746046095549493,0.2710812310643754,0.09057986814466415
10489,3.7572628968057553,-0.6975387627184687,0.935972613065979,-0.6868148669106738,-1.6286952877760394,-1.2670626123235982,1.0948533731367311,0.1996017336211649,0.47838498202825963,0.09684656191360004
2570,0.36997540626079595,2.753209043036825,0.2662879646685195,-0.7177253055189422,0.18182598858552904,-1.380723066636665,-0.39332484738928636,-0.481578226416552,0.21996051271991374,0.2657837567470999
3834,2.945919836271255,0.5074365967151149,-1.0494941523778905,-0.4466952774054671,1.4416845009770372,1.567992999290813,-1.551742014425474,-0.12171221093722295,-1.780937547020609,1.5274562737031232
590,4.008300285740295,-1.4223119892465679,-1.0559973027305676,-0.21697351357574074,-0.11018776342983416,0.035543593923081686,0.6165768375475655,-0.85491958697226,0.3495606373660496,0.530486937691569
4791,-2.700107662025756,-0.2737912786066694,0.3217595643444921,-0.5272790339333132,0.04857939310600866,0.5012646424049529,-0.16230416269421075,0.01770854264011206,0.3360925869049673,0.7795663382128097
5304,-2.672168396488716,-1.168551221118638,-0.38132443084716283,-0.3720408675479094,-0.46635275220808914,-0.14660392063489627,0.0101490170859764,0.31501970431693677,-0.14663816461496515,-0.20867503933041207
2426,3.6192415684589823,-0.8665866594295094,0.05327783138212736,-0.6279197295477071,-0.4601027245969804,0.15038899940654699,-0.7441204580546043,0.04363441658808877,-1.394278922710172,-0.384227508429357
35,-1.8471763736024862,-0.5845603914638133,-1.2734953343318085,-0.07927539693204542,-0.09542229424659562,-0.20526580767371821,1.2282558213870363,0.29989811652067605,0.02591685014450131,-0.46040341320403133
8041,1.390534013624154,1.696609126799956,-1.5942529731055033,-0.09547695082624327,0.22576932010073283,1.3438847579420092,-1.5121188390391775,-1.2041974827272304,-0.9482396693602587,-0.8013376831242377
3584,1.2568753951437721,0.5034153613878406,0.03919426777237183,-0.5813969737292947,-1.0419469096814251,-2.4725977231234584,0.26135805582144506,-1.296762241863617,-0.045059813156186075,0.6167509754977006
7718,1.141430493469078,-2.0945978176421924,0.5789730511927459,-0.618288085632748,-0.06858194570552141,0.5451414326294869,0.8018805437288359,-0.07462807462344101,-0.9205885224762399,0.007983864293555127
8605,-2.3787634383030793,-0.01720302485765814,0.46225765808895186,-0.4999831114599436,-0.12762652731367446,0.7359130516149087,0.02697286778733068,0.3238859819803493,0.40854222281198865,0.4919098146464193
1646,-2.1695806317353257,-1.5719758437426665,-0.15461302738587096,-0.34642161557595524,-0.45826384894023614,0.35535089450508067,0.3859798005049564,0.5570752398028979,-0.2175801663481676,-0.4263883841104817
9206,3.9278869198431035,0.3828383771382674,0.2235838022444239,-0.4432532114966727,0.8601491623256405,1.3590322915610888,0.5640363031856774,0.785205144013059,0.2152366915727241,-0.9752929847347023
10757,-2.7780251769644595,-1.5504501298467706,-0.3174669452417979,-0.3667347908393883,-0.21408558567067362,-0.2330387908654026,0.0019402371188109075,0.21430210539005126,0.06694473226808079,0.05070202856509844
6885,-2.6004393536903416,-1.1934388267372131,-0.43318846462976024,-0.3743128880494511,-0.1974388301058642,-0.5260967756256845,-0.2539102679378185,0.28910394315485,0.09130046043269992,0.09070320307911613
907,-0.7292646082857397,1.5982548458688381,0.6795577742335714,-0.6714466613741285,0.07391179441871504,0.2811088049151769,-0.010050372409328162,-0.2768889114142631,-0.5969995155532293,-0.7059639059942463
1150,4.6862267421767445,-1.4356531619967783,-1.3527016458595775,-0.04903838759477848,0.8945033554316789,0.33438807758107914,2.287278108285688,0.19403543224101114,-0.043010355458234215,1.6368586554352655
3867,3.1353544280911576,0.8731965618984053,0.17985398410909148,-0.6469610326271985,0.9610525388007636,0.3807982114898894,-1.420070357571866,0.7697625973777154,-0.06141221488232533,0.6927608757617566
3859,3.1353544280911576,0.8731965618984053,0.17985398410909148,-0.6469610326271985,0.9610525388007636,0.3807982114898894,-1.420070357571866,0.7697625973777154,-0.06141221488232533,0.6927608757617566
3265,-1.9918364610123973,-1.4402125621818387,0.38036408923965864,-0.6679571746409372,0.5380793762280913,-0.5539723463165973,-0.0535395217839412,-0.6792094733128168,-0.381034918582099,-0.552722148278544
4418,4.5155440737958195,-0.9890381423368078,-0.009984732674551395,-0.5150809231248511,-0.8651362314279595,0.06991208092587427,-1.52892372594085,0.27391494631704544,0.42015093897606615,-0.8905345163586728
4611,6.287999242834596,-0.015355211835500763,-1.4903390527119103,-0.34062109336110685,1.7084985261355699,-0.4763982594956657,0.5194513849390799,1.4964332606642932,-1.8851787538210392,2.190087636328231
4530,4.0359695250611995,-0.2750336178312028,-0.39444811603921376,-0.29477882622041424,-0.9491396447094237,-0.5626405209743242,1.671769093242017,0.023881997374796977,-0.96474821790104,-0.6160212720275967
7736,-2.414623076338949,-1.1704961138150487,-0.6231488139612857,-0.25477470090922943,-0.19690915362563663,-0.13368648582804338,0.47990260752777414,0.2661489464178044,0.05854585134785795,-0.1593920801367755
9949,0.10659844587586158,2.0105001891538072,1.0326985382712484,-0.6706682930611397,0.5500690215870232,0.8581908437222818,-0.05755864665149527,-1.0716267786202243,0.3222751936019537,0.586654478265954
942,-1.653012721815619,0.41217071404310385,-1.6484743701200675,-0.10954970490025742,-0.18965957930132196,-1.0642442811748687,-0.37242053299265504,0.031803922877983455,0.5635565767790888,0.29222730464593677
6181,2.3145751579160545,-0.026717445712073688,-0.5248197252750353,-0.4603661310592591,0.07271432368942438,-1.103749879510696,-1.443569681491854,-0.24499386912039248,0.674718141594189,-1.3019550773923874
7660,-2.445979921871579,-0.3525485358155487,0.40927610305347123,-0.3951808644129642,-0.058302104934671944,0.9817847140216889,0.5645348500810539,0.134171795779199,0.39776081050049356,0.3376253238559211
2055,-2.445979921871579,-0.3525485358155487,0.40927610305347123,-0.3951808644129642,-0.058302104934671944,0.9817847140216889,0.5645348500810539,0.134171795779199,0.39776081050049356,0.3376253238559211
5107,-2.445979921871579,-0.3525485358155487,0.40927610305347123,-0.3951808644129642,-0.058302104934671944,0.9817847140216889,0.5645348500810539,0.134171795779199,0.39776081050049356,0.3376253238559211
1626,-2.445979921871579,-0.3525485358155487,0.40927610305347123,-0.3951808644129642,-0.058302104934671944,0.9817847140216889,0.5645348500810539,0.134171795779199,0.39776081050049356,0.3376253238559211
6428,2.527180819651336,-1.8608171555460393,1.2614454478720623,-0.6379046397786603,-1.1714971219700048,0.18229991837206216,0.766586545931254,-0.05670022825403433,0.1781730583412287,-0.9626723936320878
9617,-2.029354638135808,-1.83933170435981,0.6054370079320487,-0.6602135810169958,0.6738620043056605,-0.2040078865800742,0.1875757097730783,-0.47073305438127344,-0.6151963686610245,-0.9377697872008912
4339,1.6182154599984087,1.8329519293905547,1.6361277743998577,-0.8114915281019184,-0.9896781519643737,0.18768176427710154,0.2245783035442627,0.5583090394254483,-0.9508965746096117,-0.8394465511712809
7235,-2.516849540711333,-0.8485103181998174,-0.6942801760173528,-0.21356415567225745,-0.4016823587127658,0.05636966037718283,-0.03872242954703638,0.3950340574979966,-0.37192670622966456,-0.6756870647953247
8527,-0.9358929613635817,1.8157148324454682,-0.1285064381928646,-0.3165471559460188,-1.0390976071720126,0.4450798986365197,-0.3857798213834231,0.4034680509238773,0.48110559676956977,0.1887023326262754
1968,-2.543339651087433,-1.3971391649383789,-0.3366684310568882,-0.3342670576503098,-0.2710715973630652,-0.28995838073135877,0.01634788218664123,0.2647913662941592,0.21462015760494932,0.267741215198987
9862,-2.6134583224463888,-1.0989241540879275,-0.6796704778214712,-0.24565392731024344,-0.23481820557997587,-0.15641459258460128,-0.14651016046230314,0.21138346768490043,-0.14364607039542143,-0.2463757116353252
11075,-1.2630447918170489,0.6777404703921623,0.5408442642561203,-0.40816738536339303,-0.9745277798031189,0.976216901391332,0.4045017938283288,0.48067385898746356,0.166224178425536,-0.03086176276200542
6658,2.1742490113225155,3.886837735603058,-0.9598151540049241,-0.3129779582137622,0.746479600453003,-0.5619289000846736,0.37384546780757266,0.7403419329123843,-1.1278256239004827,-0.24639430740045784
4552,0.34649730392633676,-1.2024165175323431,-0.26030123130477706,-0.3604965418810959,0.8942528700134572,-0.4349038262599829,1.7322646113685911,-0.40793814696841546,0.39416334534730274,-0.6786688955683559
10377,-0.45820686637138136,1.1899813092418252,0.1311902190252389,-0.5225770969064032,1.1771015756221688,-0.07056048087509215,0.5866217832672506,-0.3214087120787025,0.17502941868904853,-0.21385100865468717
5336,-0.173566520346004,-2.1720362657738543,2.018743051804902,-0.8521314945870555,-1.144643107734778,0.7598698811835903,0.5956569936731051,2.280591083520534,1.7258418787658933,1.0451806754903665
10350,-2.6410267414945476,-0.7255281225057443,0.44570174414556796,-0.3200097309278601,-0.8799001554098947,1.3951942003410291,0.1554920469585472,1.8157392522185953,0.892687564814946,1.0449860173816734
11071,4.82660978950956,-1.9000577131362764,-1.2682144250718241,-0.012514713250621584,0.156730948406146,0.5304203256352614,2.9532523655300134,-0.23661010656725165,-1.285405583246146,1.6646710941292564
11100,-2.4127321612265096,0.09392429483002195,0.3806332254047056,-0.4579107674627902,-0.16448724298201492,0.6426206425772383,-0.13514671112146115,0.21520207558868432,0.43331338817565357,0.6395384239804526
6516,-3.003287092317213,-1.4564018283688225,-0.6590110173313617,-0.25443974263501057,-0.025922841773603603,-0.3852687878595045,-0.03563433746012656,-0.027586174648486488,-0.003800364457081553,-0.033746149254135306
1734,-2.927903509419782,0.8440520096090529,-0.7290259850707089,-0.041517882125737524,-1.1823707056230468,1.0764790934152473,-0.13218922148644074,1.231490858237861,0.48859929630401955,0.6301458447223073
2131,1.5142413693206378,2.178023837297684,0.2488686450003751,-0.6286819148073928,-0.11717482208702848,-0.6733932506580685,-0.9736526618508404,-0.5365999309693328,-0.3066702526415694,1.5725213050700524
6439,1.5015219006796916,4.039649309641492,-0.6120288927963188,-0.30070587579140434,0.23760947959950263,-1.2107050367209973,1.0700137440811879,0.023061030820136597,0.4656734258058304,-0.5805800542586003
10591,-1.2745238094921134,0.4050593037362386,0.5472157563080479,-0.6309790034034867,0.7965214855840198,0.15000381129362853,-0.2638582785497634,-0.9322145761343296,0.2374727171737277,-0.0211115197895829
9797,0.36252702333977804,0.12352838873640745,1.5686581568076718,-0.7780096519494603,0.39648921896054273,0.6654622156824207,0.549236905898422,0.36594472160626673,-0.39207339114612644,-0.40754144774991297
9336,0.4034308404496936,1.4866884998227512,1.4550583421315644,-0.8530690570082365,0.21990276241500564,-0.34980278132199605,-0.15764374453669344,0.6430009165521682,-0.4686201687600157,-0.4840285608521409
2174,-2.357611224024798,-0.3679203856598188,0.628459479734489,-0.4189591601430363,-0.26387363592574753,1.042715817825057,0.382298766240236,0.18315325515022116,0.48162774428979516,0.4495966640834937
3197,2.0944990557101266,0.4327326646717028,0.09374138059174594,-0.43872896334385614,0.9608106836068382,1.1958409009208717,-0.7604826716086949,-0.0037581123034220276,0.7435279333689524,-0.26116039046067857
9185,1.3509948104772378,-0.7048417953678257,0.7418223506156021,-0.5232699174730296,-1.715373902484467,-0.47989183423428616,0.2430383480172876,-0.8147014941866707,0.3412866365794334,-0.4186242024983337
905,-2.5191442619711903,0.04904314580279665,-1.5927502504249214,0.0082784401328481,-0.26938093154564063,-0.36338900361229703,-0.1552744979350975,-0.06603274998750626,-0.15741620878802276,-0.2224665457976552
10858,1.8820870492027741,1.3765122875378084,-1.1264156582078995,0.022241285289625858,-0.48281056427696023,1.3784199786412166,-1.3484145940488117,0.44090351209401824,2.147595530744204,-0.4975291119296382
8925,3.18457768887394,1.2982406250434706,-0.9168431091935216,-0.1633146401216271,1.2363052536240229,1.0810449275222513,-1.3522346773829412,0.0340832896135079,1.5169010149487898,-1.1910855703036491
2499,1.8763536464562482,-0.06869564662707471,0.3324929459628243,-0.55796375896996,1.206587632550406,1.5092662821784328,-1.8502962861602525,0.3649571616786044,0.3311945282918138,0.04818962923348473
1109,-2.917956526887715,-1.4224510290290473,-0.4404882015062253,-0.27566684804039854,-0.18815270338509427,-0.4042275492944366,-0.06037579495188133,0.07603394388028499,0.06726065484016351,0.10432814011089594
326,-1.354754237612315,1.2722437715186607,0.0743653299614889,-0.35328915655755055,-0.5476703123072255,0.5122324263230319,-0.3575926004773999,0.6121422726786646,0.1908913791215956,0.11462644520646667
10967,-2.4896617049811884,0.36882576527439814,-0.074711104995671,-0.28847195478682774,-0.15874062838561423,0.7749026881904321,-0.10505241556007737,0.05715014010023821,0.026809600992498444,0.2108680722179427
5370,-1.5046637112951486,0.8365556617827656,-1.282884682252227,-0.11941980089287632,-0.7237408620734059,-1.1600765531158581,-0.5305188982154966,0.40121294916055633,0.012578512165196634,-0.3025992421925083
2098,-3.4211165003428303,-1.3214898083129,-1.1646813770516018,0.01672559085538094,-0.9992215168635576,-0.1782528324155995,-0.12986317086712426,1.1060871463891297,0.513174368395512,0.7802096840341287
1773,-2.4953436058498397,-1.0153490505682568,-0.5186249541494901,-0.4246252100512236,0.9589819857376246,-1.0926712709105877,-0.36430618485744676,-1.3191357242096233,-0.5423872713468001,-0.4475761515048015
5036,-0.921654466228372,-0.2834244906649,-0.8770967434607441,-0.09806046130725792,-0.21025009343284906,-0.9559356938882513,1.50074597232662,0.5055113348863751,0.5296093547536835,0.18875667707862892
4856,5.217437561246015,-1.2560770217483337,-1.10098284796196,-0.08555901801626346,-0.6652033078314233,0.34698463695079046,-0.7294813531522115,-0.6073319116502927,0.8505186560245959,-0.8136963575918692
8722,5.217437561246015,-1.2560770217483337,-1.10098284796196,-0.08555901801626346,-0.6652033078314233,0.34698463695079046,-0.7294813531522115,-0.6073319116502927,0.8505186560245959,-0.8136963575918692
2156,-2.6539885373698793,0.4476644303651872,0.10207247575692907,-0.2974615585607922,-0.35208960564907044,1.0586132202846645,0.12571011835806145,0.18623768834055404,-0.20113486231127864,-0.2636991258752831
2569,-2.4324525670200803,-1.2948051681031385,-0.2008654438180404,-0.4826212467144999,0.7620199189534062,-0.8063696936259847,-0.2763555903964691,-1.193335034226969,-0.7373215460825256,-0.34410803204480916
10151,2.7801432367869876,1.0130480929664407,0.7464436940499244,-0.5286548662487845,1.7691483464313744,1.9882487735338337,0.8621559332337232,0.28694689753991626,-0.6172001943543743,0.05894943185948856
10473,0.7472478969566816,0.7698332280777583,1.0437787969888497,-0.7618720491320569,0.2509094149244027,-0.3538600521215425,-0.19725836339213051,-0.22970861820322866,-0.05815040273145843,0.44102350858919404
7079,2.0959184098728416,3.0766142250231163,0.3672341052838373,-0.5593984093555305,-0.29443622393569774,-1.0616052687628879,0.1706213532946285,0.2868987516064574,-0.5978474961465202,-0.2000237580203825
6875,-0.049921190082587365,0.04303861355571507,-1.2270513921859123,-0.24854974722828757,0.8270620871404631,-1.313271245757924,0.10565460716887447,-1.003063150486713,-0.19133868543622032,-0.42507503558419996
6728,-2.9449425238099347,-0.8453815849278491,-0.9135080156312801,-0.16334201535236795,-0.34211011586538165,-0.5233009017726307,-0.20346382929142282,-0.1436172723414069,-0.18412095923057764,-0.0008553151801997785
2471,0.6735643609749605,-1.5969303722114652,0.23146729145810677,-0.477141747837172,0.7687208087823706,0.5336810883995047,-0.2777462533327083,0.34880341503983264,0.052853409540230246,-0.6159022908629685
49,-2.834299451553401,-1.4323446266032342,-0.5944198079296269,-0.1877178152810974,-0.14780733080256556,-0.41628569837049284,0.1182764122958706,-0.08336493543799788,0.004547331092869409,0.0726184517406693
4973,-2.834299451553401,-1.4323446266032342,-0.5944198079296269,-0.1877178152810974,-0.14780733080256556,-0.41628569837049284,0.1182764122958706,-0.08336493543799788,0.004547331092869409,0.0726184517406693
6387,-2.0484787111775287,0.20489243629672085,0.5013964021002526,-0.35255511458659966,-0.40110900983246056,0.985054002994074,0.4439979805901185,0.39934017466679383,0.40432183035154645,0.2847263116797936
5866,-1.66272420953992,-0.156119410421341,-0.8672448131952541,-0.1286527605084604,-0.5219296353363989,-0.5108415183879368,0.09046500680689123,0.4782484641741265,0.1937647359890791,-0.10606975083064557
8523,-2.749174221492184,-0.2451449147936993,-1.2048565447582307,-0.08103802193652984,-0.2906220821339874,-0.6308399657441556,-0.3671774374593828,-0.09267046099221139,-0.0590153205630946,-0.23609699222045463
7901,-2.0330464472429393,-0.8738907454869295,1.5180843612055683,-0.7441595306805235,0.8390968979148705,0.7848003018665745,0.2592749430427013,-0.6474479235703515,-0.23472403847303777,-0.24179354695113867
898,-2.4040885981011035,-0.3071307313898145,-1.3002500850672951,-0.03558450025349185,-0.211294539938165,-0.47224234630962203,-0.13175509792303397,0.11976314381173218,-0.2982785315326089,-0.1389101910912087
10242,-2.156883688926185,-0.0581221332530402,0.6694025988939329,-0.4431980009217538,-0.12639198348595826,0.8451412690413309,0.042478963010806774,0.6187188194693007,0.2656490903721837,0.3143411990205932
5835,-2.8950874582591033,-0.47557210143691275,-1.0952326451404564,-0.07748703891743991,-0.3806706736544373,-0.4588271766788651,-0.19611955483857865,-0.047246392954513675,-0.47834360548087657,-0.4043504085425454
6919,-2.346947967672715,-0.7784695886786085,-0.852074359872991,-0.08977036268974643,-0.47985943070850673,-0.013828018237087906,0.14712879128238038,0.11809175476604422,-0.13318317496367305,-0.39164858108598727
6197,-2.9842930470957656,0.7146725687151552,-0.3782220573621724,-0.2181772464579471,-0.07321046163302841,0.27704532043570657,-0.3023982047638808,-0.37401887578373266,0.17742993025490644,0.4289903887988131
10475,-0.49176321151552516,0.3559912676000157,1.053149304141312,-0.6734933127801889,0.5204855853541278,0.33330662224375324,-0.2786898334951777,-0.42071646880239155,0.047613188878768586,-0.3464277347139904
4201,-0.052227030652742944,1.660592280455964,0.5474545239453418,-0.4778849377027696,0.2569935905725605,0.3193497561845217,1.0080293372449118,0.0714833721470055,-0.6837282524399411,-0.6920438657998145
5092,-0.7046470931901393,2.0878854327677123,0.3877372951174753,-0.5869892524062684,0.43933968994698286,-0.6748968494208737,-0.4532816721970575,-0.4175236223237546,-0.20515989270650717,-0.1862445430920869
6566,1.0674811452063828,3.3442419150578364,-1.1505214781678377,0.06730632384506655,-2.1472212599325995,0.8141554882338156,-0.7824299993500027,0.6178198640890029,-1.1737105769611327,-0.10885361216051599
6613,-0.25322676804316224,1.738049813578197,-1.5205831020728486,0.011276249486579753,-1.6165845179018423,-1.0692081399143898,-0.6824132495236894,0.24880699610258245,-0.295211768395583,-0.5773696180021076
9094,0.5392989692717665,1.398235959999239,-0.10530920710230253,-0.3632214765520392,1.8789192246896873,-0.6827428405353791,2.2944082896357467,-0.02696185523034992,0.7643488589138531,0.6736139926398093
9847,0.5392989692717665,1.398235959999239,-0.10530920710230253,-0.3632214765520392,1.8789192246896873,-0.6827428405353791,2.2944082896357467,-0.02696185523034992,0.7643488589138531,0.6736139926398093
10767,2.689767717306859,-1.0066194144434601,1.5361744386439014,-0.7333899432476619,-1.1764548829978834,-0.6303332341005395,-0.2744994816366049,0.9104279408750557,-0.6385374704957826,-0.5013695987256467
7943,-1.9600701355951569,-1.908387484738707,0.4304595358536701,-0.35673487542769977,-0.41699893276144995,0.2900655240962284,0.39774332852741495,0.9273229920804624,0.13187967415803312,-0.3668381012521062
1055,-2.1272062841703105,-0.6912910808891447,1.0543450804133152,-0.486393487388176,-0.036388553668040884,1.041073545432933,0.21822541796574324,0.7114523411745591,0.4746735444928145,0.49831905889771344
1458,-2.607231800637269,-0.6122551453435795,-0.813910597204658,-0.0992508230191806,-0.3776921082856236,-0.24173821468021703,-0.06806835858884759,0.20716650499951136,-0.11028307032953996,-0.39971189137618984
8402,1.9672964852539072,0.5609152526090708,0.3291600914401342,-0.45957017358320595,0.45154644209621686,0.6235723280766857,-0.29346970492799707,-0.42270436305139014,0.009805582860455068,-0.059775647694458665
6246,3.6924032230950017,-1.5055715365041271,0.7541338056581912,-0.4128407280206158,-1.5789456740607866,-0.13792257582069736,0.5001773659137696,-0.47149834469051277,-0.13734191102386928,0.627257780889619
4654,2.611379019712383,-1.5563483346058113,0.8868210017736092,-0.4229122809900309,-1.5814970374433663,-0.3724920341749891,0.7317158104397288,-0.9433456305518912,0.943016368282871,-0.4960856427410479
6103,-1.271495517121745,-1.5589288548785516,0.5714183559428986,-0.5596937131685333,0.47940851150025077,-0.2653961026511103,0.027352886069137845,-0.4441129041090297,-0.26010628720906176,-0.4572342924077601
8147,-2.877259187431523,0.47143675694098186,-0.14977644156719938,-0.2082467140511248,-0.12063267957185923,0.5464902413093491,-0.04103554594737938,-0.18746140718076115,0.11275693464597271,0.34485243718745995
10207,-3.092210005895795,-1.3227481823821585,-0.6375124012612537,-0.16783558432767876,-0.1275320257692807,-0.5556458160461423,-0.15357212247308538,-0.12422982986024812,-0.006162961823332276,0.16309528107786175
4838,-3.092210005895795,-1.3227481823821585,-0.6375124012612537,-0.16783558432767876,-0.1275320257692807,-0.5556458160461423,-0.15357212247308538,-0.12422982986024812,-0.006162961823332276,0.16309528107786175
10219,-2.7595833067088016,-1.2735734545595447,-0.5944991276392111,-0.18192851554531494,-0.16709539192850661,-0.4636088037078671,-0.26667150680784624,0.07709068836063064,-0.021372339888489567,0.09712045094017553
2176,1.5097956243357258,0.21952400431508035,-0.5303866259672716,-0.19049521926548252,-1.182982895547682,-1.5470514161179276,0.3633777503233158,1.1103172819750629,0.01575668253554293,1.1155406921497912
9121,1.5097956243357258,0.21952400431508035,-0.5303866259672716,-0.19049521926548252,-1.182982895547682,-1.5470514161179276,0.3633777503233158,1.1103172819750629,0.01575668253554293,1.1155406921497912
5802,-1.9271379447971062,-1.2823601504467255,-0.14377191209597479,-0.4155229712614897,1.0533711310337965,-0.6509620856433066,-0.06599934646130372,-0.6887770121015838,-0.5997486059195353,-0.8282231516162378
10790,-3.1468159385297265,-1.3079724837964308,-0.7161342886968025,-0.1469567661565948,-0.0366834154069063,-0.5959461481896249,-0.07165397763886495,-0.1380283085481024,-0.04296537339084169,0.11062188166120597
178,2.2003292113391306,1.9507810763196913,-0.4163231503696552,-0.25571242549508094,0.956718996725666,0.2426534886894652,0.011595196482507085,0.37646856316440924,0.22188199557318483,-1.3694624398207302
2308,-0.7179606432580607,0.7592419484274148,0.38956688831204583,-0.5174646456584643,0.897836627152542,-0.0999754429921984,-0.42016906089555084,-0.7458637216423735,0.40795856817567727,-0.11126647716425286
7431,1.7997203361532967,0.6685044719941962,-0.3682407162137167,-0.38012371454007066,-0.08286323314876781,-2.893160221689553,-0.2799093381241832,-0.4595572770567995,0.8983174528436186,0.8023766648920952
9405,-1.9308617830134487,0.6403233184682378,0.1442972364386217,-0.27252035698909094,-0.3676523751424106,0.5597386244148493,0.11791147495906401,0.2505094890292239,0.33868083430220347,0.47013536631010067
10525,-3.1071643372522835,-1.1716183520171946,-0.782315524845686,-0.13995079803798555,-0.07979939305828407,-0.7046096890237837,-0.12344541719029066,-0.1866640918059483,0.030709377506191484,0.27314756016043523
7503,4.99870524404155,-1.441037683400392,-0.6444941036207688,-0.1638412239349255,-0.9118205357030128,-0.3582024188730657,-0.8323867165915038,-0.8131433307195974,0.12332201888712521,0.7973957889076579
8783,0.15057171043895873,0.6912149453515766,1.462094136791048,-0.7246064010533346,0.10368126812167522,0.5315942914102197,-0.24025356199428838,0.2756520219258344,-0.5653194569946862,-0.6568252809231077
1403,-2.7242899571647343,-0.14239183422317583,0.19104968898530378,-0.28393334489292393,-0.03628063522548891,0.7906329669299789,-0.06764198578791812,-0.02695596343505847,0.1677767216401335,0.4266976786786034
4643,-1.9847203934364726,-0.668793898899725,-1.4988665468950382,0.026897364019001658,0.266765118660136,-0.3502364605455042,-0.025463062524931617,0.21277333985344776,-0.33967872591287546,0.1587458717318218
3463,1.5396296847240205,1.9784000189520792,0.9544983020067529,-0.6600129667598573,-0.26328658957468404,-0.02013861647020226,-1.4554851010345864,0.5055740753254536,-1.0895611962692098,0.014421804091051343
4055,-2.4411077616502674,-0.9308646577211659,-0.8982590908975496,-0.061839053307378725,0.032075649542856764,-0.2701045759783722,-0.07752424347487631,0.27423392098082794,-0.04185501784086935,-0.21960423353821976
7010,4.03905587252958,-1.2362487705350433,-1.4188378788829907,0.03217943475369984,0.7365056160871458,0.6894808295397868,-1.0955480094901449,-0.30116564045794103,0.7271059915248385,-0.05705543822218509
4767,4.03905587252958,-1.2362487705350433,-1.4188378788829907,0.03217943475369984,0.7365056160871458,0.6894808295397868,-1.0955480094901449,-0.30116564045794103,0.7271059915248385,-0.05705543822218509
1927,0.8702836178246919,0.6075625950528851,1.1184187201398177,-0.5065545227675459,-0.2951621719039991,0.9526270600504883,0.684550357777123,-0.33829415237914295,-0.15877354908010854,-0.0983118957704255
437,4.380275592513974,-1.5779382283766117,-1.0837287598757628,-0.033958101807927216,0.9973226343233493,1.2528426979863254,0.9399784941715573,0.5145054041121285,-1.652689614360006,0.29842947995233715
4331,2.662987111452904,-0.8975931424094269,1.8739706301185368,-0.7876654618324017,-1.425446778491943,-0.8673248235587702,-0.18451931331858612,0.8314349836877064,-0.5271449655211613,-0.3653911535953353
4084,3.39720292522514,-0.06190400096193468,-1.2700756678114675,-0.07215246550738869,1.4979953303106412,2.339110155595778,-1.6239695098395897,-0.3961179282836046,-1.2591223168146206,0.6019021564332742
8135,-2.695239903624876,-1.373626505267223,-0.5140933786581354,-0.1568092557712928,-0.10070140974148918,-0.38506999965389427,-0.035059829516290296,0.20405931161620727,-0.1470450880052912,0.05992674776419666
9750,1.6750589770049782,2.3945063460540585,-0.6586993967560918,-0.2035633211930747,0.03640683919998284,-0.4427041930840142,-0.11535085109000642,-0.9579639270670693,0.04291060037177391,1.0272513722584007
6682,-2.8918258840507276,-1.2745614314995932,-0.8402599831513721,-0.08681054834859497,0.0920652064422452,-0.4890480431853386,-0.1577664107093231,0.008166430346993204,-0.18839776741927372,0.05974160842384502
10581,-0.9669202638728094,1.917090497833445,-2.214721221875074,0.34179492712318643,-0.7116370704754732,-0.9189561383690482,1.3289114640503916,0.2870705587988594,-0.008737361676785925,-0.3995814737969518
3710,-2.375935121607936,-0.9369312805988399,-0.6082428782832688,-0.09861755461909696,-0.43898331963980336,-0.36465651451899794,0.20286283266191668,0.08822026059165981,0.28210161656795374,0.05392219506745923
5207,-0.1549255618473394,4.319769138631897,-1.8017558960872773,0.3397885425065446,-1.162230231935626,-0.04604304370954301,1.435223363123887,0.2647145949592458,0.14576006791417134,-0.31557820657100527
9360,-0.6227029350689604,-0.7325341045812578,-0.7330562355022774,-0.24379456959071663,0.9837100148113634,-0.8976756817457611,-0.24842188590617817,-0.8558966881415304,-0.004543110036430786,-0.7757527154259711
4679,2.6839136364938856,1.5186140453008614,0.8247620727936819,-0.5043084021804644,-0.0912252415250183,0.07648570274793037,-0.45115625190563646,0.32728359245590816,-0.08067733097641416,-0.9163110219679196
1340,5.850575800411211,-1.6119062857784903,-0.6039375119362139,-0.12499221814907548,-0.8812359191247504,1.1071042025709108,-1.3399614803728654,-0.0030767682656795883,-0.7303777112259007,0.24422410255474566
10839,-2.3853789298687724,-0.47802309617325145,0.664264168345498,-0.3017260729898163,-0.06153583323651745,1.1958449008526475,0.23502030234026172,0.4262916463340387,0.12745828930724137,0.22921860883436734
5303,2.2947012366004484,-0.933739256511496,0.9920451574847572,-0.5760456343518698,-0.8889852128349534,-0.6856000951165963,-0.2911366391977621,0.24663079568135163,0.014584301445844137,-0.7236233283609991
9829,-2.3384441159648386,-0.7057980482928362,-0.7433901398539255,-0.031571407287377694,-0.4235820340264594,-0.03998817734895587,-0.0678453812765158,0.3772096932207866,-0.26171655106341785,-0.5111807733994783
10469,3.4465599686401918,-1.198595607547695,0.2731455440747019,-0.38191848547400875,-0.797164449143769,-0.28328582480631403,-0.18986267629731365,0.2685016558058017,-0.3884148801913802,0.5267340617076924
3602,-0.9825872544879543,0.0539704445643874,1.4316237081037915,-0.6256869030049304,0.45193253454272725,0.44884957758159905,0.21941179487465617,-0.4717990787369588,0.1304285652172034,-0.17922692627112513
4756,2.6919114250612477,-0.395776675674927,0.035692942453847486,-0.2822186454535437,-0.43635305066600355,-1.2310977781390362,0.9109995872070933,0.19299616087705082,0.07029579556666468,-0.49492152245715787
8181,-1.9181603508251805,-0.24543053739955126,-1.2928637156970677,0.08212334984630286,-0.3538041585459363,-0.4071953763795896,-0.24700054229210563,0.010915274022998567,0.34849121550464063,-0.07269836040114903
6958,-2.654958317074712,-1.505959580799697,-0.27256040172531065,-0.14962528385058413,-0.25182422251697295,-0.316576195957234,0.20959058223372232,0.15496794507514414,0.11403843796763896,0.028662768673754356
10856,-1.9615220957943855,-0.43672956498366167,1.3229298084853802,-0.6281474473583862,0.8575491104308822,0.38355515380774413,0.04906874260259869,-0.7467086303333448,-0.009892908649262379,0.06646010749048233
3321,-0.036155944364323546,2.309699824084662,1.8710634818911813,-0.7420065579027684,0.47935660091206855,0.6589281178063024,-0.4964294197716443,-0.44426179464890375,0.5100942227401105,0.25853546604850774
5394,-2.367704845664224,-0.006369996885929712,0.25753887480988047,-0.1396539562263855,-0.3801435289823356,1.568656154964267,0.4027497881938011,0.2356230734428612,-0.3345424523473241,-0.48813123543579484
433,-0.6401811707321067,3.0183566453130193,-0.5369770727442534,-0.1694967075200774,-0.36598864791055247,-0.7836337641696997,-0.6915794340243846,0.7991217295351789,0.8476967353864606,0.6213760844476606
6320,3.0641700514559274,-0.7389265451706937,0.553976885444183,-0.46225056043626905,-1.0859234271217388,-0.8942270855005962,-0.7106388237589256,-0.08460328982151526,-0.22905771062742972,-0.1291917319024836
5376,2.2903926850028533,0.793567587634593,-1.57416507256825,1.193517537060962,-9.196761720346881,1.5301035644477614,5.464073726443684,-5.313136315035068,0.16729011613227204,-2.0523794831362885
1867,2.6887559891517676,-0.15158438338638258,-1.107899139742902,-0.10768240031864393,0.9541362591408183,-1.0853873475046523,-0.3234818412402332,-0.005301880951828838,0.9608913171194308,0.0014927839426294972
4324,-0.2693371895766828,1.7465654742334955,-2.3563980688823314,0.35042643984850946,0.3578800581308037,-1.40268966379597,1.705453652132239,1.258163379981655,-0.00977099366688497,-0.42540093764294756
3661,3.107530277905152,-1.3879949967871328,0.5902644207101562,-0.37836932584605687,-1.1318006132577894,-0.2028961802448922,-0.04968334721239281,-0.20605037165809226,0.0958110227832958,-0.061961755654839926
521,0.20419086183977045,0.25308353112616816,-1.7408605667837838,0.09223083139482975,0.4374661937046567,-0.7443681916962712,-0.26633029983759804,1.1788687202442834,-0.01729093648179322,0.9726911788219714
10403,-2.6914485178871534,-0.5383255127564315,-1.1160083301384363,0.06572692626653485,-0.21799919856223177,-0.29572902171872145,-0.1999027932136649,0.0085008088372006,-0.2572085068686014,-0.2399934277556728
7186,-2.609036704480579,-0.37066467883760995,0.5068241429302884,-0.21369855255567427,-0.10547716841702749,0.9282638961335372,0.41635759634601055,0.048995566663646316,0.31850436412434435,0.31799534210246205
4329,-2.970193506144041,-1.095033891872809,-0.6231620298784407,-0.04129462884165247,-0.3104194426568338,-0.31012204241491476,-0.10018489292104149,0.03499339700778724,-0.28467812466623466,-0.25175282641927166
4394,2.801351915926102,-0.2859544441803433,1.5383152309620238,-0.7304647168773419,-0.9669682146218949,-1.3710502993586111,-0.8426497350854704,1.0606079075669197,-0.6619368574630048,-0.26848178921853066
1717,-1.5536224905332858,0.04901937451672398,-1.4216824249808167,0.1284309318035241,-0.17111295334394705,-0.6638532898854769,0.03812808818664797,0.28133437741981343,0.1681067601103632,0.047937347866769904
1016,-2.0837694375592433,-0.0237401145883744,1.0118132247303733,-0.5158408071407959,0.7830144926532387,0.3548158100868035,-0.028264036993097135,-0.9233700247125358,-0.14376561634607532,-0.14625519380624802
3783,-1.9442014410097979,-0.03648831582974683,0.8424923667315076,-0.3343947672371896,-0.3661275564370639,0.8022928247432976,0.007003079790089982,0.543885248670127,0.3543735028436408,0.38621065265042814
5848,4.37699102966551,-1.245951974736507,-0.3376800524966363,-0.058134275437476,-0.7053027747374264,-0.41943509126795453,1.2439623050303403,-0.21821371150306768,0.22319066064001844,0.6169064507809814
10727,2.066050899943455,0.8568504970361865,-1.0603186988167215,-0.1181966021259439,-0.9385212349310309,-1.4621877331044038,-2.0129184562699525,1.4984990623884824,-1.2911926023365963,1.5902664313136206
5299,2.066050899943455,0.8568504970361865,-1.0603186988167215,-0.1181966021259439,-0.9385212349310309,-1.4621877331044038,-2.0129184562699525,1.4984990623884824,-1.2911926023365963,1.5902664313136206
6872,-0.05194469129707924,0.5520662473563607,1.654298450141625,-0.6895799752865805,0.29844350938843117,0.16156848352072736,-0.12388860234622529,0.2520195955041049,-0.1999221775703855,-0.32645453104116645
1143,-2.64212762430128,-0.967234021160635,-0.8468981235001694,0.0027668733035692552,-0.13277752881935603,-0.2954573569534597,-0.1978438242006993,0.11010366709865015,-0.09437206282481896,-0.1373787776540674
10381,-2.068764680035527,-0.5113454677623583,1.3444170957035577,-0.590916771878246,0.8233291907379775,0.4190911840579772,0.09131889158724434,-0.8781926982338163,0.15040068570432244,0.17906900158469702
11007,-2.883955902327346,-1.2295952327856405,-0.4959637382930791,-0.10556475891427375,-0.1801071663892246,-0.5805172002441966,-0.2307523640950946,0.08743721731391578,-0.09494439662684999,0.11792322992912274
9145,3.96438552567346,-0.14097727102177657,-0.08353250259390847,0.01781120802853736,0.016201100514189392,1.3683965928111697,0.37680987865740245,-0.8642989739685532,2.1094135890501877,-0.983669008170363
5267,-2.645828915280857,-1.3525267578466766,-0.34424059859059447,-0.1287008142898449,-0.21433139783296487,-0.3917844236023285,-0.11587877886499948,0.2709797617536265,-0.038009271582731416,0.09083914192230004
9738,-2.3708764500266684,-0.8771425405997336,-0.5527270675522677,-0.1224702061899893,-0.09957656280276793,-0.775758713121988,-0.3597057714454847,0.3250476526866996,0.29862450452496975,0.345258198461478
10212,-2.3708764500266684,-0.8771425405997336,-0.5527270675522677,-0.1224702061899893,-0.09957656280276793,-0.775758713121988,-0.3597057714454847,0.3250476526866996,0.29862450452496975,0.345258198461478
10010,-2.5123732659513633,1.0814837382675206,-0.5420569215905806,0.028947526782628852,-0.35494269319615457,0.31614542465206646,0.3910519519582859,-0.5445040516168149,0.38109950963311506,0.5167817618889957
10069,-3.0009653119736677,-1.0581072912537708,-1.2272553559417676,0.06923858043903976,0.33972252378776946,-0.7452211565333509,-0.15513209059055288,-0.23572761072756507,0.14399783355010495,0.14847521555077903
2694,-2.0680871874270492,-0.46790745116673604,1.3527735738586621,-0.568719454414637,0.8279253516229272,0.3868374270638776,-0.05468456873515996,-0.8176757157102371,-0.0614312040758944,0.037363517289628514
10613,-2.1418646448720446,0.5287353443005179,0.32196168438735706,-0.14051758074966822,-0.31879029692930394,1.1288809054812026,0.2352067141380444,0.5552076424549255,0.0922886917523031,-0.19260570099317034
4646,3.33364821664595,-0.3840084099423465,-0.06567440047029231,-0.17149246343969746,0.7840206207847641,-0.7822238337756274,2.8075151993307754,1.3377701469127385,-0.8518912326540662,-0.6406032321636698
6935,3.33364821664595,-0.3840084099423465,-0.06567440047029231,-0.17149246343969746,0.7840206207847641,-0.7822238337756274,2.8075151993307754,1.3377701469127385,-0.8518912326540662,-0.6406032321636698
5596,0.5787031719841093,1.3536708288627484,1.110651141685841,-0.6685926837408923,0.7485703146576537,-1.066175275172279,-0.912169178197004,0.21951092733993735,0.028331510789392955,0.3909091709598757
1044,0.7027571833911127,-0.014839213688831135,0.3320368117602286,-0.32432516136993234,-0.30615184618753244,-0.7727225884367432,0.269763621644731,0.0911614461041559,-0.30164460453776654,-1.0881589239263736
9274,4.912260609285521,-1.5245017020249978,-1.667030504104398,0.15869934818630926,0.9688711066825564,1.5870778120238413,-1.5214541768598624,-0.14255316246621796,-0.1330730101786405,0.029872439098118944
9076,-2.3389293659802193,0.236077088072236,-0.9910317438021696,0.06731932084775293,-0.8299086188487848,-0.7046478332974789,-0.32879772669793034,0.02805643081933034,-0.16439468156423623,-0.28657794578608736
4947,5.543266604135339,-1.2688069117796794,-1.2940898488386374,0.24647466168717447,-0.8536239412033323,0.3169752603924496,-1.0144245898561504,-0.9154434040479515,2.1829509090356782,-1.4513487287917188
10176,-0.1744087319648084,2.727554958826915,-0.3473840772941244,-0.02634231563225491,0.12374908154522647,0.05952702876734242,1.7645034358875669,-0.47657725677923807,-0.7934102164389404,-0.9207743006629605
3507,2.884129147236456,-1.5646469764179005,-2.3753058244923637,0.48769571410401846,-0.922797506478453,1.2128697095986616,-0.37874598995217595,-0.38744565779046475,-1.1852630226894258,2.3752717118884608
9235,-2.6050479838652545,-0.4375149045581587,0.6195520719788746,-0.22793795401618416,0.006635330696142304,0.6615246685853728,-0.018778888683413757,0.1053592722253514,0.5718068057901952,0.8309740369921323
10341,-0.15027686805862098,-1.6355111411999197,0.6672837925196233,-0.3637537519314144,0.6170142824423454,0.14102311505928183,0.3106184500884086,0.19499075600617588,-0.21789429126279916,-0.7407240461779578
2639,-2.219415994619146,0.3387908005087527,0.0921124687669547,-0.06130831166638938,-0.1584403648039937,0.8188824166160019,0.2892650977318648,0.029995128726600852,0.5345521298434611,0.44112400357370646
6201,-2.601523744733109,0.06794446715801243,0.24015854047934587,-0.13738587934881197,0.03808185661620162,0.5915434430130343,-0.03531931493703921,0.09911243533820167,0.2967483508453109,0.5083853644798525
7397,0.17496187355121903,2.0199318970602853,0.39865562398226945,-0.37148057519064287,1.0137266019338325,-0.9537620793630244,0.33040054157240645,0.2249664301170799,-0.4196548184877638,-0.14841344485032068
2181,2.2149796634838923,-1.799212434403413,0.5501230441609462,-0.26012405116124976,-0.9455157154738894,0.07811077017781605,-0.06034888433509932,-0.290337084182803,-0.11995389557641184,0.0665483872673356
1204,2.6441914810254414,2.7895430741833844,0.48001053547314715,-0.38598455510965535,-0.6046681453490871,-1.9013248075277427,-1.491335554319655,-0.2554130431341817,0.9818672303397492,-0.04521612371611219
1170,-1.8260289265677634,0.13238540518928574,-1.5973123288210687,0.25451043852759925,-0.5665540339503303,-0.38484321865917337,-0.41825487516754145,-0.1781475475245068,-0.10414101758946816,-0.2877185143764371
8812,-2.8520389965898354,-0.9280659092963062,-0.8644326065937012,0.07323679503130918,-0.04693739779457112,-0.449841957166693,-0.0008748679562003196,0.06557104068513496,-0.2754787767356768,-0.21785251812628706
4690,-0.2799016177986391,2.3217270242243755,0.2392494579551448,-0.35547581086009994,0.6117765216339349,-0.8136662995361773,-0.5962581769072423,-0.22179501188997858,-0.19398795903762192,-0.1464391083636888
1715,-2.6613944081184466,-0.9566897561787644,-0.6893923018354613,0.03173156761016679,-0.2539431388846705,-0.3423888253399452,-0.1987679803146422,0.12247740811383233,-0.09252931864710905,-0.13878819998016148
10821,-1.6283680538932066,1.8720933418288752,-0.29728592571064993,0.052146867688424095,-0.7796167164445437,0.691633848395602,0.3610836437332654,0.3961896052956647,0.01493664849589425,-0.0022028878083328396
6543,3.567356440017226,-2.240245533586264,-0.8934053968507586,0.13497088304733307,-0.41597676012510654,0.9119682593935265,0.005573050607149643,-1.1775536993019309,-0.38137244834028117,1.646464439799925
7119,1.3442851686639083,-1.7174045391597805,0.8979355347045318,-0.35886780621710423,-0.15662830276501083,0.15840043920202948,0.23402869026976467,0.2550274751150658,0.1965215807463039,-0.9044538198809647
3518,-2.9213854198931046,-1.2170718152473676,-0.8129336187832239,0.05971968405602646,-0.17028816383666395,-0.6595376593886088,-0.10152147856047132,-0.35966668169733823,0.058595611743703674,0.23403558853289086
1245,1.2871006433872838,2.3112402124449964,0.5538663755932459,-0.33676010588750077,-0.10509717231465295,-1.0211405588909657,0.2754053616561141,0.24065473226759898,-1.1061654508869212,-0.093169956294915
2561,1.2871006433872838,2.3112402124449964,0.5538663755932459,-0.33676010588750077,-0.10509717231465295,-1.0211405588909657,0.2754053616561141,0.24065473226759898,-1.1061654508869212,-0.093169956294915
9624,1.5022006240294425,-1.3103046104128586,0.9651843079006709,-0.3894501069624174,-0.11428242475868967,-0.38661199368899807,0.5213475466340315,0.3834770124005877,-0.3821213340062511,0.007940685092856609
10509,-2.6771023536207736,0.3387421665767714,0.08774467832968108,-0.09621516703066882,0.054770956511779476,0.2833892805418207,-0.2882278849803229,-0.04794580880628359,0.3868696883433427,0.6070444139515312
7629,-2.858951428887341,-0.0041914573115244946,0.0305710400119225,-0.053525714410372766,0.18141321083859915,0.5935607244469555,-0.11540599750501365,-0.11328755906321282,0.11007098513186243,0.34655136295635286
7875,3.2761785521435365,-0.7136510245851541,1.6121252654373694,-0.5111054730802073,-1.9735516479350175,-1.2359838749339809,-0.4896043718420916,0.285314015669222,-0.2626482508634721,-1.05778271248488
2815,-2.0874877100634475,-0.61182449790449,-1.0263206820704684,0.13378768278616535,0.10806096917010798,-0.49607234602745015,-0.04572576746082326,0.3584495184580291,0.3299719856505159,-0.09138902922753497
2936,-2.87745038782456,-1.3622466023347712,-0.3791268476302312,-0.018269665923893882,-0.14406895068294664,-0.46123918506753986,-0.1673845985541198,0.1678399103240027,-0.14190952914077276,-0.02316182869746467
3665,-2.6291784118155523,-0.3699729358143258,-1.1837171955707766,0.18197634595867956,-0.18933307148389597,-0.44792175834588555,-0.10005029667798972,0.005190611687768845,-0.18136557075910342,-0.11838261069129648
10888,0.9088712597823797,-0.08788612659889285,-0.7383233566921361,-0.04412900192864952,0.41466024913889965,-0.8634665792784271,-0.9681017190740236,-0.6867963571123604,0.9247247797459537,-1.1212535589342014
6637,3.7384943898867253,-2.1210455913881687,-1.4881319583977177,0.23413059775792272,1.285886517316641,1.678266354472754,0.2793624298411378,0.012482439510404628,-1.206452831069893,0.7691447537049751
5077,2.919004879946577,0.35532608569281027,0.7593199359102274,-0.3654218100037594,0.5946637228659565,0.6335915887989562,-0.1902894220716373,0.43064277175811083,-0.7131896582445812,1.1661022187343433
6173,2.919004879946577,0.35532608569281027,0.7593199359102274,-0.3654218100037594,0.5946637228659565,0.6335915887989562,-0.1902894220716373,0.43064277175811083,-0.7131896582445812,1.1661022187343433
3969,-1.3190885867531164,-0.3413566328793398,0.9938758035446356,-0.3562455316855731,1.2219620631575099,0.33691603737809556,1.0088870139544521,-0.7129479705611854,0.3444305078760773,0.10998973155984128
4580,4.92777702764498,0.5938877307276935,-0.7912311728900997,0.060862583755799185,-0.06270206770391352,-2.3875539363913374,0.893578484301961,0.30510884811162586,1.1771122215984708,0.049058766984061176
663,-1.66592523340599,-1.6559629633601676,0.7744956783801903,-0.37862779638095834,0.41250595238987386,-0.36311542009555164,0.22626997180464303,-0.5139090140959578,-0.4003423509228187,-0.6814564669221072
8299,-1.66592523340599,-1.6559629633601676,0.7744956783801903,-0.37862779638095834,0.41250595238987386,-0.36311542009555164,0.22626997180464303,-0.5139090140959578,-0.4003423509228187,-0.6814564669221072
8945,-1.2297408009606063,0.5092599491962015,1.170748962708215,-0.4763147488799446,0.683455600115028,-0.03226765150957147,-0.038025740675084393,-0.5181121254534031,0.19436330909495733,0.05629638371320666
10870,2.674920835645247,1.544783681224494,-1.2639405582648509,0.21889492488070847,2.6464238692159996,-0.31265125641433616,1.508242082885598,0.37762929904884,2.025223631463024,0.18927987463998822
1184,1.13915684518705,2.916719518935309,1.7000801083499553,-0.6586754398136347,0.5838603190702977,0.33241883950831513,-1.0007643595911657,0.17879384802297413,-0.03991356408019133,0.9565457461390684
6141,-1.050317227829316,0.10658950103971163,-0.9530189996531186,0.08827258489520833,0.12117770326438175,-1.1226335758599322,0.35388146168780404,1.006865789896418,0.37945808421014543,0.2263952111331862
8825,-0.4293863500320251,3.0436896654426175,-1.8000347113896706,0.44079706815254815,-0.7797939895226474,0.6581891007196772,-0.0164728249908838,-0.20253082424421165,0.34406049426814855,-0.2204352847536545
2217,-2.686089792273368,-0.6584892152837096,0.6593510015639664,-0.18248267324115783,0.10843225554709526,0.8482491931717574,0.11753475772346507,0.21941513560804002,0.1595222671999451,0.4928760787727164
4102,-2.686089792273368,-0.6584892152837096,0.6593510015639664,-0.18248267324115783,0.10843225554709526,0.8482491931717574,0.11753475772346507,0.21941513560804002,0.1595222671999451,0.4928760787727164
4653,-2.108513116510192,0.19745902926225248,-1.007798760557383,0.1726292015467196,-0.6447608031827095,-0.5811536520143965,0.2624850767778508,0.2844440114101709,-0.15785914784838564,-0.24498338849847798
10092,2.446173155412511,1.5566555524764114,0.7057063120754373,-0.23845194456076815,-1.3726537155702279,-0.428063641060374,0.26907169687618715,-1.564940108420092,0.3666958880311394,0.20735936811015512
5788,-1.3974880867254178,-0.6400797132341136,-0.5098304250452357,0.08246956288340246,-0.7636169475686808,-0.020916493336041852,0.30304046492018916,0.49124451088329646,0.026133125583400856,-0.24865488650463072
4669,-2.1473377497381954,-0.5607347725234594,-1.2841611389715433,0.21664350001371793,-0.1158978467717542,-0.027129127459875422,-0.42728291198083934,0.15643361625761432,-0.19871777516324526,-0.3840179930286048
6295,1.0496387711834252,2.950554927787711,-0.405668576199722,-0.09051510934955961,0.7745941670656784,-1.6414542345096412,1.2130993472933076,-0.6254428623018549,0.7163660021293249,0.5143899745902839
7453,0.5716833248722117,0.850109226127944,-0.277760259813953,0.1388492737835448,-0.49416473742344824,1.6314076161658033,0.7443726255598558,-1.8454653960605216,-0.13087981666754878,-0.874808255338515
10841,0.44417716715619704,0.5882344300005699,0.8895613383240949,-0.3430386588290183,0.27636071594220574,0.7394175987788755,-0.1504934141021692,-0.21026644161888305,-0.32487861328330897,-0.5712569348109997
821,4.221169591454155,-0.9573077920725235,0.9809240937397667,-0.3795347676192676,-1.7574072917410046,-0.7227449843576311,-0.8938884491351843,0.4506067820814749,-0.24143554241661028,0.1596473286884253
3933,0.19978314001122405,1.5446663881071543,-2.9642356510224843,0.6183587238938022,-0.5784019850564502,-0.3309276785978887,-1.0801552215819337,-0.1359627036292295,0.5930839327835858,-0.5636008994572396
1225,4.884104305348039,-1.482414391569548,-1.5095859870297406,0.39065261118794375,1.4027910318830803,0.824231203248872,2.4100181666239444,0.5349190343909492,-0.3385398402225115,-0.2466820020111995
7059,4.884104305348039,-1.482414391569548,-1.5095859870297406,0.39065261118794375,1.4027910318830803,0.824231203248872,2.4100181666239444,0.5349190343909492,-0.3385398402225115,-0.2466820020111995
5633,-1.4777773245142887,1.597664859830516,-0.17152616053442973,0.1467339590018698,-1.2277627800459652,1.4834469134495267,0.16718823647900063,0.3723374682539798,-0.41237842918667467,-0.5460742279684702
843,1.354254223096669,0.6070228535863091,-1.5543847456166024,0.3491464135614185,-0.8764469887073492,0.11436465516761356,-2.0665763753264113,1.1333949928539915,1.405855542366402,-1.9403597803859398
6211,-2.491536205018414,-1.4263831387026296,-0.12664560699186594,-0.02830543139907074,-0.19463025806607032,-0.28672349097709093,0.0499270226063146,0.4978216319507998,0.028644903804867856,0.007254285674374592
7007,-2.9684671320982616,-0.8247367483193975,-1.3846126681230808,0.4067675357363934,-1.0050986397978505,-0.18027241801820054,0.09383079470063499,1.148614784743082,0.6662237778295987,0.5647171572486251
9671,-2.8695465011684944,0.8592649635005712,-0.5974955325356329,0.18183827942818942,-0.0870033922749248,0.5067739630591059,0.34007190375500523,-0.5230304827359215,0.1768239550020895,0.23246746354112707
8975,-2.8695465011684944,0.8592649635005712,-0.5974955325356329,0.18183827942818942,-0.0870033922749248,0.5067739630591059,0.34007190375500523,-0.5230304827359215,0.1768239550020895,0.23246746354112707
6616,0.9294163633050952,-0.10184474475876373,1.0193921492121079,-0.28872006504351544,0.8130165705284288,1.2484050740956958,0.17787431033178405,0.22821474893532906,0.24710626723981438,-1.2506729689575433
6248,4.5808685546691805,-0.1224956689435159,0.9920729289986311,-0.4395785849698577,-1.3656610999229286,-2.2016499304775214,-0.4207611431061023,0.43372185089804705,0.3025626868807274,0.47353628301745715
7428,5.464748819564696,-2.532713285765637,-2.1184239377028335,0.5601416980333076,0.8832913304428504,2.6026891286332274,-0.513218479811869,-0.5407999133543067,0.450239573116443,-0.750260511549092
3075,0.7040979993185199,-1.6273865965600574,1.1584442195661142,-0.4059632153629979,-0.22161552866816078,0.1706145595511662,-0.22024396882139813,0.18523831517139108,-0.1968101671850612,-0.8446595926338812
2937,1.3844343460349615,1.7695541227201905,0.7302171407128444,-0.3507374464243784,0.03667983608254038,-0.4921669875733203,-0.6603987913653583,-0.20828154368647944,0.2027663354689347,-0.12011236192264291
203,3.8384198678638954,-0.696336796995533,1.091524104351068,-0.34423454757792293,-1.6448930973091254,-1.312656149781918,-0.31233647708745127,0.04702914307166255,0.3666084522225741,-0.16580755293366942
2021,4.531394561897781,1.1220436549645556,-0.9212600943969126,0.30570916059236947,-0.00032235192109561777,1.5696103056141997,-0.867661396003814,-0.5281036011229174,0.8254811594584962,-1.5050317504630593
880,-1.9654450275494153,-1.1119325424797628,-0.48132421052807095,-0.07908770571286627,1.1061243016535394,-0.9003106569390044,0.2572821857935161,-1.1658493273038988,-0.3962812334490046,-0.07828134937477889
524,-1.9654450275494153,-1.1119325424797628,-0.48132421052807095,-0.07908770571286627,1.1061243016535394,-0.9003106569390044,0.2572821857935161,-1.1658493273038988,-0.3962812334490046,-0.07828134937477889
10837,-2.423712085895459,-1.3776890967346755,-0.5525599459818045,0.06588290713667343,0.0901123779528259,-0.2878093559560033,-0.08359590685927977,0.33217222676101316,0.07600553328365037,-0.1878867634117269
7011,-2.3457773292381,-0.38761198864719887,-0.7550390795779031,0.12054478660224664,-0.4413868534742076,-0.38583729163595104,-0.24054637095339226,0.34686198851118344,-0.06684812379812023,-0.3417001783272652
4184,-0.751005387226621,0.23113622623859856,1.424335099411497,-0.4152493756242796,0.6395349223026373,0.2916942335259625,0.49168106095137204,-0.19019957050494649,-0.04775885876413309,-0.2205890419722855
7679,-1.674172090408041,-1.8143595920938138,0.9189798976035267,-0.33411753902818675,0.40704160940805817,-0.1895334605980569,0.21961051269011964,-0.4402799930874888,-0.4176938786776979,-0.8183868412651226
7485,-1.6084640424366614,0.10125728575258579,0.7015372221442792,-0.08228548691328295,-0.4465142501917407,1.1968212990287461,0.34632467739506295,0.6407705210041807,0.2315905062630191,0.18117309060224723
7530,-1.6084640424366614,0.10125728575258579,0.7015372221442792,-0.08228548691328295,-0.4465142501917407,1.1968212990287461,0.34632467739506295,0.6407705210041807,0.2315905062630191,0.18117309060224723
4369,2.932741395595761,-1.114836600554071,-1.1609018694946205,0.30996201844374344,0.30213511863520953,0.6612310068157916,2.309447986625029,-0.36141225921653497,-1.342602453908833,-0.04829087906177469
10652,2.932741395595761,-1.114836600554071,-1.1609018694946205,0.30996201844374344,0.30213511863520953,0.6612310068157916,2.309447986625029,-0.36141225921653497,-1.342602453908833,-0.04829087906177469
286,-1.9951486826450322,0.6651992539240388,0.23586252010295244,0.018614480890473545,-0.6186439842735357,0.9716345918425828,-0.012097560703300012,0.27489109168278814,-0.17737993316268488,0.09598787632354881
5922,-1.5243842117528217,0.6347234098839434,1.037781630810716,-0.40259399495682235,0.6480475466352108,-0.2546972924557507,-0.466815582647451,-0.7474677585193468,-0.1442345233543755,-0.05019060781802379
7250,-0.03901196830511508,1.5774619983372586,-1.2607754687886334,0.3015019695202913,-1.6912992263068505,-0.17759801994023508,-0.7368401643194534,0.8606136495838799,-0.6137113355527982,-0.668222359896932
2478,-2.260082315205486,-1.7116316125720457,-0.0471420183050684,0.003167737922808589,-0.10157274084973181,0.11046983808775564,-0.09247875622064058,0.7047319487662654,-0.13266447714021756,-0.4803227807281783
1160,-3.0356773152132854,0.8165376251053194,-0.57990995954107,0.1822290099187183,-0.07411249922230474,0.5832365751330959,-0.158338679618904,-0.477816868640489,-0.1094003767469983,0.062332800116714555
9214,-0.34170302346836495,-0.6451169626864944,0.08330615362574076,-0.21744281088718712,1.0029920366895426,-0.9958999088292521,0.015428715568546669,0.0919792483332433,-0.16637617179842049,-0.7704415448947298
273,-2.3829811891425385,1.215428804810874,-0.10476502205038583,0.10109280553203792,-0.7278745797484751,0.6884635058298609,0.004399592584828328,-0.08029859137357272,-0.062427929024026954,-0.035887027486690294
851,0.34364210936580303,2.966261099022035,-1.485049775945021,0.5734854642480853,-0.8651290740370619,1.5905780760847448,-0.028710380156510985,0.9249414608028036,0.40654938658542134,-1.9168006064720107
9729,0.042317999703838066,2.2961947214985616,-1.1653646812834093,0.35730530733478133,-0.5956057552188904,0.6529050338893093,-0.11430878776444219,0.37086565467353205,0.6111007332442072,-0.32433927368731197
9665,-0.6858479195196157,1.4466320200589324,0.6792635601235654,-0.24415976657190314,0.46546807567036375,-0.06822679204840057,0.48656190338043265,-0.43706266538802446,-0.06563627769348458,-0.2215530913052857
2620,-2.882988335303883,-1.2703886348730697,-0.45457682698469876,0.07164975062928662,-0.15627776739331317,-0.5557225862462184,-0.0834387269753419,0.037273890819120345,0.112180174187105,0.25855574252820757
8254,-2.882988335303883,-1.2703886348730697,-0.45457682698469876,0.07164975062928662,-0.15627776739331317,-0.5557225862462184,-0.0834387269753419,0.037273890819120345,0.112180174187105,0.25855574252820757
3852,1.6058325816318808,2.0250739868114196,-0.3495674867094432,0.02790703213881237,-0.47795723771166265,0.4505541606803582,-1.010011317567903,1.6321453998934186,-0.38822479550150885,0.7996937403625781
1000,1.6058325816318808,2.0250739868114196,-0.3495674867094432,0.02790703213881237,-0.47795723771166265,0.4505541606803582,-1.010011317567903,1.6321453998934186,-0.38822479550150885,0.7996937403625781
3099,-1.8020395100987163,1.8648443980410598,-0.7392963058829523,0.23480084489272618,-0.4440128483726719,0.12305056328659131,0.28265384151313244,-0.167925147164977,0.3065152084055702,0.35493186326114634
6318,3.4614585186557965,0.424504864941714,0.12005981410906356,-0.17951453979599685,-0.02733426525274264,-1.6803537488412692,-0.5018510754019361,0.8154335941286426,0.6245074777623573,-1.1738608492538563
5396,3.4614585186557965,0.424504864941714,0.12005981410906356,-0.17951453979599685,-0.02733426525274264,-1.6803537488412692,-0.5018510754019361,0.8154335941286426,0.6245074777623573,-1.1738608492538563
7966,2.9693221846286457,1.4887815503087722,-0.8679951286226543,0.12112067854349651,-0.7201212713333168,0.8298195886760743,-1.6135212010828843,0.7940770203603488,-0.5629942663506532,2.1438546228943625
454,1.7144027233027463,1.1741329337192148,-0.686651370104285,-0.013795930926553686,-0.6631776807203595,-1.7824832122124536,-1.316577983775208,1.7113272446242147,0.3011280940288659,0.3645505628675762
309,0.6294521079517794,1.773886403947607,0.9911107429540825,-0.39895983703281507,-0.05061851545999083,-1.0221656515369433,-0.5917893078654792,-0.4511930334519402,0.42828114308780363,0.7583432454278275
3571,0.6294521079517794,1.773886403947607,0.9911107429540825,-0.39895983703281507,-0.05061851545999083,-1.0221656515369433,-0.5917893078654792,-0.4511930334519402,0.42828114308780363,0.7583432454278275
8395,3.249264702017126,-0.5046804865411021,0.05141426489623981,-0.08163339026879796,-0.47831430367902045,-0.618914041923754,-1.783397612616002,0.2023518044013534,0.7606973945485537,-1.1631168597253578
2591,1.5884093467863007,0.1529769947296947,1.0534649461653183,-0.26115091232360216,0.3080432221953322,0.7363201379848341,-0.1737754120675952,-0.22069770864489546,0.9587297472892402,0.26602514211485917
1640,-1.5213392861148756,-0.3766420845230142,1.2249901233244684,-0.16361265245364734,-0.35061498538357194,1.2662061365411263,0.5083288639516025,0.9948740727867726,0.44969872169326797,0.22473305998849147
810,2.656770223517917,-0.27212285246728085,-0.060591195092899494,-0.02907933018786495,1.4260286860709164,2.347080264209812,-0.9129349226656137,0.48250922068546653,-0.6935662766320645,-0.6172366722272896
9423,-2.2689169759643706,-1.1070212520990121,-0.20771034756623552,0.0658212789466232,-0.36682381089386784,-0.08339813728536989,-0.12810529984921,0.6096815968366323,-0.17517182513771407,-0.34535897920097197
4345,-2.584122543304327,-0.43399906009161443,0.6289735678439883,-0.08825804925508046,0.043888364999673746,0.6562719293816376,0.009747794739014931,0.11539295718373481,0.5588779634657248,0.8454912888908571
89,-2.3970189684995202,-0.9960049291536364,-0.6593997233403881,0.1729287122328625,-0.07193024107903791,-0.21289454218829765,-0.0431021878113078,0.4221441687372453,-0.2764185522206809,-0.3102199952652697
5294,-2.5722062923019644,-0.504292866573315,-0.9747229333535022,0.23412298813903018,-0.31165241997412885,-0.30850219937360024,-0.35717920536792735,0.0965528089325257,-0.39606362567692527,-0.39140289198386974
1321,-2.7434148072023086,-0.3398616477126284,-0.9675541412624625,0.235398535176571,-0.34997356125570706,-0.5655179901279803,-0.18491358816033548,0.005021615436283147,-0.0927417826087386,-0.17473403471807344
2686,-2.398547139525464,-1.43850419200359,0.12202074566315334,-0.15041103992933932,0.7263909112266852,-0.7139780176387197,-0.06905317188195366,-1.117969543188408,-0.44066791256466004,-0.4891246010881825
1215,4.2334838295423225,-1.199642855200949,-0.7181763962949158,0.2226179675144151,-0.3575018426647818,0.03079826386964061,0.1353815320959681,-0.731317649210297,0.3216662688816177,0.6178423752819974
9283,-2.2254818524510553,0.08063970954886233,2.019800271069635,-0.33014637991038165,0.21334668787974162,2.1893488868001727,0.2651904933130104,0.4970251009486383,0.6740032265988842,1.0424289041243036
3120,-2.8149283073449927,-1.285698455132438,-0.40085388141775913,0.09472817377094701,-0.21683683857084807,-0.5152810414690147,-0.1314574095928218,0.051219506223206576,0.1571591585649522,0.2962635487359241
5868,-2.8010851194645405,-1.09767882173076,-0.7554932420609585,0.20923347827157637,-0.13221395077143175,-0.25611905988113737,0.0311500390070645,0.0680226039290943,-0.295145067375973,-0.23564533253509448
8143,-1.2281694188620058,-0.3301809615314029,0.20752453995240921,-0.19990638690825524,0.19182219461061673,-1.2355399699923155,-0.31061732878209986,-0.6786265642666308,-0.3908176565825489,-0.5609378775883165
3479,-2.22687928965872,-1.2319134439719857,-0.05650692360302341,-0.13265979771935912,0.9115536514341724,-0.8409024239454299,-0.18752989501763573,-0.9850168231553112,-0.5718958163669587,-0.5088292243282821
7214,2.1669757429406977,-0.6464433070402561,0.3819146466730609,-0.051825341086857366,-0.07052302729196272,-1.3321990397007133,1.7093402504482254,-0.09910398279411935,0.7405660076229131,-0.4478492507755307
5543,0.9735581796614189,2.334976885171053,0.45327980506488286,-0.18745837618315636,0.34177178968176936,-0.14920549960389287,-0.050825624164334546,0.4826634396877703,-0.6810416128733018,-0.9314010742922204
9347,-1.7746129564831252,-0.5506182607462081,1.6011600153983792,-0.4394866920252744,0.7942234606700512,0.5290013891289437,0.10161184347469679,-0.566535517192396,0.02659452514209334,0.032604905514060915
10160,-1.7746129564831252,-0.5506182607462081,1.6011600153983792,-0.4394866920252744,0.7942234606700512,0.5290013891289437,0.10161184347469679,-0.566535517192396,0.02659452514209334,0.032604905514060915
1406,-1.1580137569173958,2.698239063075752,-0.6681239415286003,0.3143533564185603,-1.4813416275562057,0.6604307955366578,0.2765590409627195,-0.08914527550734243,-0.04790117685810009,-0.1903217740747957
7019,-1.1734715529293145,0.5281833984105164,0.23183924954016666,0.0702708390688743,-0.41737034119997596,1.4303504026594018,-0.051923752534994476,0.6745687268661095,0.21160197322662722,-0.07790467205597859
2157,-2.4727657416207083,0.547279381543818,-0.1684716376835471,0.15334005386793878,-0.13041355338528587,1.0313065449075538,0.17664719993242672,0.10443846082510083,-0.2259016185716445,-0.08726578561627982
8939,1.725494263288271,1.8108969200754117,-0.561622029485586,0.04923114178630646,0.46378972771995414,1.5358082911625222,-0.8900886968606083,0.10726610209261239,-2.392325242904842,0.46516734840715
10250,-2.2839306892933933,-1.4156999649661663,0.16770163532246246,-0.15948975147875769,0.7111460829161362,-0.6841192938257536,-0.06714558624870288,-1.0271622402651719,-0.3528339989702541,-0.3954307452683397
1272,1.4064182254357833,1.959159855627591,0.49241438037163476,-0.21762637481014457,0.2143101352262717,-0.24529134761921093,-0.041565613914008565,0.026617625619308114,-1.0965006915177364,0.320789495371606
3007,-2.849993547106982,0.011149860507590792,0.23338022973894318,0.008242769332423317,-0.07006894323098341,0.5663958420463919,-0.14712284268523138,-0.1261282840196996,0.13006751585705023,0.5681805955122355
5513,-2.849993547106982,0.011149860507590792,0.23338022973894318,0.008242769332423317,-0.07006894323098341,0.5663958420463919,-0.14712284268523138,-0.1261282840196996,0.13006751585705023,0.5681805955122355
679,-2.944492030199181,0.10553038844452395,0.05917646151839242,0.04119265335044455,-0.05547517856599452,0.4591060124749932,-0.2321662927253763,-0.28868139612367444,0.10139360249496893,0.6765690619950833
8876,-2.642238967362725,1.4384270172340492,-0.4205256030940969,0.19154400105381786,-0.6803874492838006,0.4039175797886126,-0.1802984314882347,-0.3990288597262939,-0.11716012110446336,0.11519108937972568
10827,-2.5460631294171416,1.167363238098926,-0.4699807807472783,0.17821136071414767,-0.1363916955726895,0.35298302647171426,-0.023936207026754402,-0.1015245862454917,-0.02242654152446791,0.31834414582424836
7300,0.12972914324696552,1.6796519675849273,1.1693839753323325,-0.398008661193829,0.5906716453504254,-0.5076961963755704,-0.3977850449345544,0.3448345223939122,0.23384081169795254,-0.027012942642935463
4268,-1.160457695003193,-0.2345626095815808,1.754135044347755,-0.46224768984176623,0.7053237854313056,0.28402488627456846,-0.008248738859268101,-0.2855126187433357,0.19575930299338312,-0.011035179490527366
4603,1.1283602607283918,0.5869461485834703,1.359807778785344,-0.34842012276015266,0.016850604972748835,0.4101446978708685,-0.9882643718581321,0.07696493167535061,0.09093883512596751,-0.42872619314607513
8659,2.4298408961867732,0.8395462791601622,1.7750065356476208,-0.45981943473293957,-0.5044994870858495,0.04769314104823659,-0.34336171878800226,0.2679008973072482,-0.7939726196394085,0.610778287368436
10708,-2.587015478005982,-1.3686027251835091,-0.27034646524003647,0.09898338639957625,-0.2156273977894834,-0.34274215392469537,-0.21663966764062792,0.28710071866295195,-0.012546093242703046,0.14330773176320127
1176,-2.9493806116400507,-1.3176614210502957,-0.6160190873151985,0.18065851570700708,-0.032618372111991215,-0.5197121351237654,-0.10315748893285692,-0.06768567400610172,-0.025544287822698648,0.2524767484320285
10380,-2.4066987894617147,-0.8948423647250304,-0.5908463516565916,0.14072712558251563,-0.018931706025741808,-0.8073880846360354,-0.23810994802892668,0.2735133073484352,0.258954480088322,0.2605806569472889
7037,-0.8637715240835073,-0.2602387514196122,-0.7451268325279983,0.1876771900917282,-0.8318060472724115,-0.2279850490437612,-0.7317426842054119,0.6270307390260808,-1.0934026484119228,0.21111148464048274
11096,-0.13473004280008558,-0.38548701273933766,1.5417289477937484,-0.34067638887740065,0.5923623252545337,1.3726039372969583,-0.43356850401393665,0.14012240975501367,0.09934230864631656,-1.1253640777831202
6374,-1.4302323304695015,1.8030529849138235,0.12491644020535947,-0.031959231427337136,0.3067074100725186,-0.19634156922692397,0.22446767466222178,-1.1977335232149426,-0.1771446484936318,-0.33086413351304916
5552,-1.1839728823966997,1.395872021813796,-0.5319996835686245,0.31662292425666094,-0.9297411026930216,1.2907085377185867,0.1122545012212779,-0.031864269330761114,-0.13434053686452507,-0.14980522496683507
2245,-2.06537777598174,0.34543104862507473,0.304138511828045,0.07047199072994806,-0.29508095422487784,0.7939124352345985,0.3003546133484831,0.26934903869106125,0.13981868849962006,0.2273727518859244
6200,3.0943316766913607,0.3437539677509405,-0.10133118264334125,0.017982386280143963,1.0008773586124704,1.2944726837360605,0.20950575360890794,-0.024772904946008183,-0.7797643360160045,0.8397436861761199
9904,3.648611656248705,1.416876391423146,-0.9643857773678034,0.3406437987910711,0.8895054545578885,1.876627741365784,-0.06885846782004525,0.4331908893902528,-0.3919785643248553,-0.4223730516586404
10031,-2.965394602884246,1.1968509162477792,-0.5517457816577337,0.2592545536255506,-0.3765639048775208,0.6561575521025917,-0.19231670752045688,-0.37431408929524757,-0.31173034204460776,-0.1774675816206764
6642,-2.80183928013572,0.5554567186728232,-0.79490755978854,0.48766072594364485,-0.9903884010198579,1.3207566972042026,0.3556159344160612,1.1562932747880956,0.30687930984339296,0.3932497252211849
10882,1.582025392582456,0.3897751703980762,-0.2958918659004259,0.20533460978432475,0.30871658671599395,1.7350431789548477,-1.1878417892834305,-0.8794178486187945,1.0520153145649862,-1.0390484582027828
5636,-1.7294479196181654,-0.6634495999914949,-0.31182585519906775,-0.0629857223472838,1.1388542628537397,-1.3248508050153105,0.06405412482854082,-0.7591525201141107,-0.15292263295789044,-0.23450378766846322
8692,-1.864392886797852,1.7050897125371804,-0.6491022352695119,0.30288798294569946,-0.8500916498224982,0.82457168819416,-0.1590686869862937,-0.18102446622154567,-0.23901976899936603,0.05751639527151387
8091,2.516524794620596,-0.2892335146051322,-0.3683666459385017,0.05696800580574546,0.7476914442899556,1.3402747757016302,-1.785568649862979,-0.9727975633926416,0.028635692256350157,2.1999659765954913
8080,-2.03451961168744,-1.8464330728469767,0.7817713920045666,-0.23271204168041731,0.5391893951522033,-0.21780892631483437,0.15139405717184282,-0.5223923404203228,-0.5584270008022035,-0.8469098210018392
8370,3.63964982349059,-0.28688393166912896,-1.3356922679707723,0.3760637304008696,1.2778247410695789,2.4313159021494646,-2.208558222263002,-0.9382588412537729,1.5915016415403336,-0.34400757198772675
4550,-1.9241493759376074,-0.5519109082245064,1.4520684610990906,-0.32116394958491257,0.8307372459924517,0.39319464932909787,0.1965514270751429,-0.8319596147184046,-0.1165598260596449,-0.09813396218973577
3381,-2.151165170816048,0.06423432002843966,0.7312088086599234,-0.04620050259774011,-0.19309533901112597,0.6984953855049965,-0.11720906595061269,0.5233857174455283,0.30541999915085144,0.4732936217501112
10556,-0.6482790326557009,1.4040321934665327,0.527436754530987,-0.15526126354548347,0.1795773303413476,0.08489746409307206,-0.5986959286885185,-0.7768970929383358,-0.2609680563635012,-0.14867876909733177
9467,-2.5615468388632623,-1.4780429614263484,-0.09980026440697917,0.10189169774184506,-0.2259948776941771,-0.2510893450249951,-0.08091183714797114,0.40989774193855716,-0.04616627262499943,0.007071727945639103
2891,1.7088437263539695,1.6154541106004523,0.2853340630239438,0.008459977178322075,0.8290538562686633,-1.0207376867253724,1.8139401104828783,-0.5333797826891515,1.1760285599752942,0.7923248757320656
5011,1.7088437263539695,1.6154541106004523,0.2853340630239438,0.008459977178322075,0.8290538562686633,-1.0207376867253724,1.8139401104828783,-0.5333797826891515,1.1760285599752942,0.7923248757320656
8140,-2.0196517784694543,-0.8830667548831792,-0.5344092231227078,0.27022549407452034,-0.3210697979846789,0.12381975268460146,0.5236443574341294,0.6042353340563565,-0.42962580341521905,-0.5061142248740744
11039,-0.0762128064884474,0.18820724913192238,0.3334944945259332,-0.07058888733998366,1.1270489376749635,0.7485867443404299,-0.11566597403293737,-0.7284044634679777,0.20898387861858547,0.07851933971578519
78,-2.8822536103251406,-1.2871803540919733,-0.5447401903023098,0.21566651679384788,-0.17428931127550903,-0.6101841423239135,0.02364730256682109,-0.16645869096446872,0.07703851247420672,0.1644034499823302
5517,-2.8822536103251406,-1.2871803540919733,-0.5447401903023098,0.21566651679384788,-0.17428931127550903,-0.6101841423239135,0.02364730256682109,-0.16645869096446872,0.07703851247420672,0.1644034499823302
5290,-1.9538654077213293,1.7932041176452258,-0.3380613124574419,0.21442913319776424,-0.5433859165432013,0.19098015744022964,-0.13924508067317898,0.1131205955888475,0.055251771350562855,0.12258177330215868
4128,0.7802861609195391,1.4319997234334634,0.7039653997259911,-0.18731728891831337,1.1918560296064535,-0.7484825193958309,0.9465714819516841,0.27240350602716745,0.13928152720812217,0.16006391553364402
8534,1.8682077791495624,2.635176909822687,1.8663989756708859,-0.3596153086167384,-0.15566415829393826,1.1101252740914354,-0.6707929484258068,0.14064741107329443,-0.26816537061568757,-0.2906324032890059
9592,-2.8973124032723576,-0.807650088471738,-0.7798547749860656,0.25173549905672415,-0.17985879276920555,-0.5783730099327833,-0.2038100977801214,-0.018666231510170835,-0.18874808346817895,-0.06748593402966004
8957,1.5193137409017734,2.3915064928437464,-2.4038636758303737,0.907307574526265,-0.3687494309880253,1.7359048557469745,0.7667826189012341,0.21296092651728002,0.3680554703758552,0.3709614139281767
9308,2.3090225409000498,-1.8739923344802427,-0.03630035361459415,0.06317008884664659,0.289097267490569,0.6756037966930311,0.04692004542412453,-0.12473705503563026,-0.29143104164258704,-0.40319670390128043
544,2.3090225409000498,-1.8739923344802427,-0.03630035361459415,0.06317008884664659,0.289097267490569,0.6756037966930311,0.04692004542412453,-0.12473705503563026,-0.29143104164258704,-0.40319670390128043
5989,3.5599763761253405,1.1469680313963109,-0.7517288692786431,0.08520149543331075,0.9080291388960926,0.1093009177907323,-3.074020108948346,-0.23802095931462292,0.9957062807374218,1.032115181678306
635,-0.7582859287927337,3.666838507458425,-0.9887956627180848,0.3626656156420545,-0.8135602075977802,-0.16824656035076307,0.06396818116342277,0.6882512773329577,0.009393116960962483,-0.0749786119213451
6673,-1.901717018519459,-0.9016928792531079,-0.3967169132992079,0.01462478016975235,1.1649998462016957,-1.0684323853077329,-0.13223870816121291,-0.9229487641443035,-0.1748095767513591,-0.47167832296793594
1710,-2.004343427564581,1.4911506401516945,-1.9832417795970811,0.5911819663161177,-1.0605286606014996,-0.5375493222278371,-0.2635944731136915,-0.24833973471439144,-0.2857779974387509,-0.45607125686893873
523,-2.0887509520604413,-1.4082166993857548,-0.0497977949333189,0.08651127959323182,-0.18333878416153657,-0.1598143391038527,-0.2825004668970726,0.7145013274291747,0.1590314212449996,-0.27908374809126407
8977,-2.1663599807580822,-1.8469854581951672,0.6219366175853026,-0.15778928659764097,0.7048163530384806,-0.2661566120496428,0.25194243930936344,-0.5908477467844376,-0.6897545339412162,-0.9000578746861067
9736,-2.4834382774019725,0.5904738679889154,-0.0834178791279947,0.15186236066827924,-0.13101906089853435,0.5518728649677255,-0.3655510969903199,-0.10156307842177532,0.4379849796499317,0.43842574496390746
1544,4.410304663960647,-1.4893136281723225,-0.6902999240559099,0.20489308843863255,0.1079206802112209,0.40128897609558095,-0.03456141548523405,0.3114684552973659,-0.7864718754031698,-0.15865926276860617
6575,-0.2964554486317875,3.3495533755210256,-1.8433968317492717,0.5965559489387335,-0.6292170238817595,0.4804620389331387,-0.3120353186751072,0.21840695593602674,0.0566880840940413,0.23439762700680886
6147,-2.832584893992437,-1.5680203592331772,-0.3584240709410339,0.19792757114089593,-0.23928978270144263,-0.3179142120921333,0.19339133845374296,-0.06014665664899259,-0.04975889859181272,0.07381113757240607
6354,-2.995254384361584,-1.0092133735082582,-0.8943644650384183,0.3263527894812218,-0.20428125712551456,-0.49542049735231264,0.2159247682462324,-0.3158681383684483,-0.15331177054991726,-0.06886375911384442
4769,-1.0482675032626094,2.9211405201606238,-0.23415005924169355,0.2162066221911451,-1.266400563193882,0.03508031015305648,-0.4721436273807074,0.4123521636077626,0.20179048222568965,0.04729029820198751
7540,-0.28146234681526683,-0.2613164999167506,1.7177805253004432,-0.3449623304865229,0.4848377349128339,1.093797047333887,-0.32244345558561727,0.22285979457925736,-0.5851146733459267,-0.7915885001199439
5247,-2.2892415853574355,-0.3710214389381004,0.8832144136274622,-0.008902036601577066,-0.1013727085744803,1.087491524202147,0.14832856625046176,0.6113728391460523,0.05827839796026629,0.09319521398925833
5987,-2.65258272405715,-1.2932501053738628,-0.46436148011201345,0.25617505948359875,-0.12860554990318215,-0.035080690707764386,0.052982707295513125,0.3762521430432958,-0.4868559915001173,-0.6235985937399998
9960,-2.869735083858122,-1.4496605774705942,-0.3948498639364264,0.20863312489563623,-0.10890417938118817,-0.37783027786172524,-0.10732586211976428,0.046688221369386815,0.0545407262852,0.05760391348074952
10972,1.4998085629876727,-1.191161087685888,1.1107985122433077,-0.25529434036050214,-0.09045787320205714,-0.4399053407482511,0.07221103717658521,0.5021210064036036,-0.24493017568731593,-0.06964098930032442
1399,5.3316435711272,-1.8324210008220043,-1.944390542989269,0.7054821504835516,1.4175543044681933,1.5696243627609527,1.0142423125505171,0.26712354320283377,0.26939239508462026,-0.7205121195583215
2698,-0.50589653610635,1.1047660076091113,0.7834100503312987,-0.15668391713160737,0.340297579174694,-0.2169039368287806,0.003399238702160382,-0.7954536497412507,0.0494686703656897,-0.02941833591230625
6340,-2.624660440348965,-1.16861630889117,-0.3444633059587629,0.22274910751481208,-0.30489911533593816,-0.14778313444717225,0.08439447542072574,0.3371508078968653,-0.17596434222221902,-0.20318355758923065
4107,-0.21076843824688815,1.3029241245967778,1.719909164896451,-0.24604631705901936,0.7071592029854206,1.0838280630422574,0.5846534186805397,-1.2301237193944687,0.6288250583314945,0.5554700640853434
10906,-0.21076843824688815,1.3029241245967778,1.719909164896451,-0.24604631705901936,0.7071592029854206,1.0838280630422574,0.5846534186805397,-1.2301237193944687,0.6288250583314945,0.5554700640853434
2557,-2.3696214919548737,-1.7424224591704116,0.08666801686316083,0.13865017730952892,-0.23989034423710362,-0.03146427233974562,0.3856432492152734,0.45702340265146507,0.14176197058429557,-0.12895342159955606
8786,-0.2513187491956332,1.7005474782602803,0.7349957295967504,-0.16148796122033324,0.5142404711780826,-0.1604535511872971,0.11230383820770505,-0.012587007807154476,-0.2609234708733389,-0.23394976761837447
7187,1.2605101045508904,1.4536209749578293,-1.1428783658013315,0.7381796475336521,-1.1728749344926876,1.959606754232555,1.5992251554576302,-0.3404184805820957,0.5467504272468195,-0.42951179486352137
6119,-2.7397985969182743,-0.5653734345636445,0.6520621157425307,0.021356648365471867,0.16408440657777928,0.7052781083911139,0.0837264339648739,0.11315595158599559,0.426429907044261,0.6140285250644228
2980,-3.1825091292772028,0.8297393454991255,-0.5157625617695377,0.3076731207971719,-0.07144980068211888,0.5042009807425161,-0.1844376469891616,-0.5102464614489396,-0.10675990246777665,-0.028035234743370295
3850,-2.3292612710655316,-0.5479582651791078,0.8828232191764431,-0.16666002350682552,1.2693588273733456,0.3688045429063931,0.06284477976538903,-1.0966956436451234,-0.37054606596394174,-0.22561986865965064
1077,3.150557694933297,-1.8838383002040142,-2.2121227643793544,0.5682964716464711,1.1775172617760734,1.5402323529243438,-2.369493733547714,-1.3426956933737133,1.060938228902316,-0.4765586074422811
9733,-2.3959087588334027,-1.5282820360205254,-0.5704786773065649,0.2835733413016486,0.09746930407627992,-0.23091894035561486,0.5276204179949894,0.15551389623761872,-0.0435099089491518,0.027798560098863355
8462,-2.3959087588334027,-1.5282820360205254,-0.5704786773065649,0.2835733413016486,0.09746930407627992,-0.23091894035561486,0.5276204179949894,0.15551389623761872,-0.0435099089491518,0.027798560098863355
4764,-1.906018649080199,0.7343829988657538,-0.32445442882006453,0.2935095007335911,-0.3407633349949573,0.984329482161057,-0.19165907387254613,-0.09898426579495236,0.2001425333916255,0.07615350106805605
2223,3.561111830704826,3.5118833517438186,-1.1623993517269926,0.5542492829541724,-0.5944853226027165,-0.09675254068842204,0.8063253473110004,-0.7662522192612595,0.7871832338605457,-0.9254123231027528
7788,-2.535281943016541,-1.9808625280367538,0.3388735507146741,0.11452151681168322,-0.2512122241028322,0.199330327933988,0.25433733701360145,0.7043527346390209,-0.21772652730094802,-0.40402815907233575
5827,-2.2875909654982993,0.5811937296350234,0.2513868739595265,0.2036066936168734,-0.4185673194343701,0.9463470955476128,0.25335901155082013,0.1368252287165719,0.241747520445225,-0.03213265526546075
2958,-2.574027760256322,-0.9670680824429233,-0.9085098590880866,0.5531009916968759,-1.374831601456945,0.5254132619317826,0.11915014500874614,1.6467740123445103,0.16428864334840212,-0.1508626549281287
4954,-1.2545118852924844,1.3656216867782687,-0.45614231708439706,0.38257738168460015,-0.9731100252091383,1.336444115897966,-0.1459391785394346,-0.08812958351807955,-0.34498373005622623,0.020019486325787688
3139,4.731154675048819,-1.1480344410958905,-0.8557434684364461,0.3407828705016599,0.35700777036111764,-0.06641997100715923,0.9295135327001537,0.5007008153059477,-1.0995819048463347,0.7180148891396182
9952,2.191782698215551,-1.6581182930306555,1.291995080736117,-0.10838562528294678,-1.4864728324163416,-0.26277869516776814,0.4032872393407475,-0.5372699320991312,0.795191818321942,-0.12443987063852666
8180,-1.2708730970459259,1.120244158224965,0.42096652336777957,0.06165116912928869,-0.3389568008159735,0.1876673034820789,-0.3710942170148931,0.6979214935677329,0.6455386881581011,0.47213968870282796
3276,-2.29441920558419,-1.0790850344295224,-0.49452820313906143,0.22857804318644095,-0.003255148716771394,-0.5502459531588321,-0.3126779403637806,0.3502864861779259,0.17815756931064483,0.2808956501245565
4994,3.83409612899158,-0.06979551591831945,0.511443897267357,-0.15382860344836716,-0.40461347458880176,-1.2149247078091268,-1.3843782796255444,0.8417443918627854,-0.47017595208482243,-0.5820402653324943
3598,0.7025924544262103,1.2817733037537684,1.2969579600571586,-0.24795034216866818,-0.09590047111839708,0.5817800550105522,-0.9244820668579159,0.4882007036455847,-1.1271237512758976,-0.7219520862447083
945,-1.8539391491933537,0.3329443828842286,0.8791930334408219,-0.16347491619601676,0.8935330997339505,0.034486358080697464,-0.23719810849486261,-0.8647427484038482,-0.17910135091525722,-0.06576682936457276
5048,-2.596684976806984,-0.9826717820612415,-1.4202549587270028,0.604262155973395,-0.7105600882423148,-0.3571332809455874,0.17981196731424615,1.233723564861438,0.8384035501356583,0.9696821374954668
6214,-2.132774578265571,-1.317970942762043,-0.21801558134974497,0.19245154678998327,-0.11194100011395082,-0.2710985242198142,-0.09908257488475093,0.5591074373643141,0.18747783168263046,0.18538654656987613
6230,-2.1807274209470364,1.5787337412505942,-0.35322166704111796,0.2847269211656817,-0.5468100680921527,0.44029089178597886,-0.36698076653423367,-0.035785444812772085,0.17216194715003222,0.2391020744932236
2968,1.9754872510297874,-0.29648924874328736,-0.8101214561827431,0.30363758988776135,-0.3015034355130629,-0.8827216111537177,0.17588146689863562,-1.610583205108103,0.4735488686566963,-0.7325254636974394
8800,1.9754872510297874,-0.29648924874328736,-0.8101214561827431,0.30363758988776135,-0.3015034355130629,-0.8827216111537177,0.17588146689863562,-1.610583205108103,0.4735488686566963,-0.7325254636974394
1907,2.2021842847730624,2.4755116809427866,-0.30758736281000454,0.14553302835553314,-0.1302080782952894,-0.4004338882517483,-0.6255265944350202,-0.48866812940291604,-0.5073425102454364,0.58354423297977
10478,-0.8488242564207709,3.0528219722373207,-0.6274716696124916,0.24161387371545698,-0.4109490128781821,-0.9375387341029537,-0.7984915568072548,0.5016482799930467,0.8450960268145039,0.5650828158315441
4188,-1.061307489335707,1.2973035514650502,0.03520637464391207,0.06678556195259726,1.1942946026394439,-0.45675310834071065,0.7533510188428665,-0.8788114977735274,-0.05019194809701479,0.047986469315959186
8720,1.085707881688717,-3.56554676338147,1.4302208917627983,0.013367728813977022,-2.190834334375242,0.01408615546193459,1.7272880915479158,-1.444495222743617,0.7373215584530555,0.11857062061597949
2225,5.069342797756456,-1.3333695182494707,-1.2083906164531397,0.5625419196918822,0.847968521672437,0.3660019049881112,2.8868236376751204,0.22216772316931785,-0.6708792228948632,0.9647794715983884
4790,1.0497592390175006,-0.18485310866608573,2.295540344297352,-0.38616439444457973,0.015328776934614855,0.26561220353928966,0.40648670196365044,0.3212544018092726,0.6319119924641984,0.25196192541382956
1131,-1.323394026698408,-0.5220885209338116,1.966713257817171,-0.3597517840204719,0.8020114334855044,0.5939599901669491,0.07425349457779583,-0.07015073605199744,0.02787235944414724,-0.15978049408471914
202,4.600139798381237,-2.56604779380034,-1.1461269559522538,0.4288504176330919,0.7070057032291921,1.9224487261037024,-1.1459573834173846,-0.35716415292575976,-0.36439027580177613,1.2059078222370399
9589,4.600139798381237,-2.56604779380034,-1.1461269559522538,0.4288504176330919,0.7070057032291921,1.9224487261037024,-1.1459573834173846,-0.35716415292575976,-0.36439027580177613,1.2059078222370399
3900,0.8399312498325981,1.5043165884620378,1.3805841484668366,-0.3744662325717816,1.0483068902453514,-1.1520149295074658,-0.5921966453657235,0.7569589733674871,0.2083386861957214,0.37527177161409786
9958,0.8399312498325981,1.5043165884620378,1.3805841484668366,-0.3744662325717816,1.0483068902453514,-1.1520149295074658,-0.5921966453657235,0.7569589733674871,0.2083386861957214,0.37527177161409786
8955,-2.007515408354011,0.33547157221904794,2.2269374746006525,-0.33504776806650693,1.2084516170014106,1.4274004883662548,0.3735757185148304,-1.1012054018313873,0.38131838862338385,0.5583897804502984
10033,-2.5196643508218823,-1.4907264770906483,-0.2238178056377118,0.24119543042806546,-0.09589363865293546,-0.22952118426632323,-0.009192522457410018,0.38282008550054886,-0.09197119370734683,-0.035763980020640955
5751,-2.5196643508218823,-1.4907264770906483,-0.2238178056377118,0.24119543042806546,-0.09589363865293546,-0.22952118426632323,-0.009192522457410018,0.38282008550054886,-0.09197119370734683,-0.035763980020640955
3308,-2.0342805005571614,0.08368275443973806,0.3895324840854068,0.1991550940623736,0.05069695662044556,1.17048427688046,0.32265078041457784,0.6263269137447112,0.09414714468611914,-0.026599593925270813
7297,-2.7305810572943443,-0.22157158867579854,-1.2672618978745946,0.5345298403924844,-0.3854652853947067,-0.2981912141817252,0.10255609945368682,-0.22289535453570475,-0.32940802565085914,-0.6493349878102256
8008,-2.136629128167205,-1.188230530416871,-0.27218515664589327,0.23529757297266596,0.02666287705751867,-0.45429343517269216,0.10294668350133011,0.6895807942915025,-0.05539620954017905,-0.05852794791747332
1232,2.752290178703459,-0.9866639278165555,-0.00684706939789463,0.15159063573892526,0.5632517830271601,-0.34817721535484936,0.8817904259709987,0.643427407521196,-0.20208371940933384,-0.2093567840192623
2345,2.752290178703459,-0.9866639278165555,-0.00684706939789463,0.15159063573892526,0.5632517830271601,-0.34817721535484936,0.8817904259709987,0.643427407521196,-0.20208371940933384,-0.2093567840192623
1628,2.2031375550341026,-0.8249521565432326,-0.6375205963909713,0.20581888543196702,0.49959407598473604,-0.3630621256390141,-0.8906909897238597,-0.5943148226808561,1.2353821105318836,-0.4510356296346392
5081,-2.5700110724819414,-0.2724290188068522,0.41879077400753345,0.12677507704499616,0.16526103779167414,0.5164293513374353,-0.13626129593786143,0.06462542253065644,0.41756394252318096,0.7276479065320643
839,-1.6781544298891162,-1.1348739394679705,0.036555942862288915,0.16155540950635122,-0.2715589107330419,-0.45702070626868735,0.00902612187020265,0.8128369562886397,0.18660322974851004,0.07130252690172782
3706,-2.2987305874507253,-1.2445348997264747,-0.5932327207593694,0.35157895926276195,-0.08890998813874067,-0.5205714527172399,0.217969529607216,-0.019161572457631986,0.3418958389601326,0.17659104573422396
5154,-2.3476762749400715,-1.3371518994268392,-0.14201332145182374,0.20586277805809197,-0.18287993282618298,-0.320207810412395,-0.30448780160657785,0.45846785475551927,0.2220050314404787,0.004200110936631538
8584,3.4376419203524318,-2.17820345909704,0.4553767780827014,0.1367527527976829,-0.647604564803437,0.9625828619169735,0.6541633145934775,-0.22646702945578068,-0.27405998200793275,-0.4245023074907335
6583,2.6116845101585766,-0.7728062113215363,-0.006231200076710757,0.1662532350220488,0.09838697306888003,-0.695609593586321,1.2252084373879224,-0.22468724358190248,0.4519202824380106,-0.3217345115312796
3433,2.6116845101585766,-0.7728062113215363,-0.006231200076710757,0.1662532350220488,0.09838697306888003,-0.695609593586321,1.2252084373879224,-0.22468724358190248,0.4519202824380106,-0.3217345115312796
10486,2.9433217905378437,-1.2035685229009832,-0.30902699537534745,0.2490447958957082,0.9139188114361564,0.5062298457236275,-0.5357181643858813,0.703085923086018,0.9783964192629035,-0.834351170957886
8687,0.958506524843742,0.2297150444691539,0.23825610243847672,0.1483010058481996,1.2653955198200981,1.3743780940373977,1.2405289269483086,0.15523858977445956,-1.168251255797172,-0.16575185166176246
7842,-2.6077182303873987,0.5454211468006661,-0.1201769428819297,0.2603985943884054,-0.10550112970222962,0.5404294954198515,-0.2930912356507493,-0.20667260458576192,0.19852709305900731,0.4887900705845639
3749,4.211468275014221,-1.170477935155683,-0.4030634068328682,0.18225566409068047,-0.5106946825300778,0.25828654148555463,-1.6604435829718966,-0.12802685615135626,-0.6261311537349118,-0.2213898729230227
1331,-2.3943601800647154,-0.9956473634570939,-0.5934499239657087,0.32103268851257766,-0.30778372886263267,-0.23461139850896323,-0.23625506067523927,0.1487301399423996,-0.14497755758876557,-0.008166748346833322
5995,-1.4649069054049948,2.4153856808772387,-0.983265826706797,0.5583044036816559,-0.9121181844637313,0.5025735404095099,0.09940915120196524,-0.20058450357825142,0.30145804767932566,-0.3628468855553753
8985,2.735796074758612,2.4980895442532827,-0.20242711641802028,0.10375582371591767,-0.3522438092816157,-0.10132064387270327,-0.8858093744203994,-0.6681449787639382,-0.9940190232975433,0.6874376726566757
2798,4.279190918535116,-0.5694435975472667,0.06074307789282484,0.11776333073385896,0.136745741543488,-0.48846999126386115,-1.3432684328862994,0.4313041245506544,2.0858776229731526,-1.1522130809836344
7108,-0.9701479491612521,1.7288589298117365,-0.33581451113562055,0.39400448889779865,-0.6169205747124967,0.9454252060874623,0.595916007225397,0.5139604002036602,-0.08553396434916279,0.036183591350253196
2781,3.2139512622762405,-1.313418494550538,0.5353508923464172,0.08790928620732762,-1.0336426193772543,-0.5906821775264751,0.017407933930333085,-0.49947438376555464,0.15156393143408672,0.032892352998818666
3623,-2.5889598789145425,-0.38487605153592824,-0.9202658374304409,0.42649824725153895,-0.2779901709832758,-0.468631575300428,-0.33695372166098225,0.04827965852233272,-0.021728692724036755,-0.3521283089828826
194,-2.4234951188152816,-0.49652091320060376,0.8265212764254519,0.07739524224533548,0.04589801806433133,0.7461978163297995,-0.049186489974413695,0.3368869385222764,0.39743663783788163,0.6029663480001073
10833,1.2052756094212909,2.2028805911765983,1.3631941829381136,-0.3179132315421782,-0.07551352716567623,-1.0399078419669547,-1.1740333064571764,0.5778280876913005,-0.9124034650559251,-0.059044895707840155
2315,-1.0461769859906553,-0.7533186653222891,1.4827838290716144,-0.12384398059680439,0.8294347469658473,0.8927714317495629,0.5267235361609176,-0.655855326764667,0.6707053728590728,-0.1707656650347735
6336,-2.5528596071110417,0.5228706008693296,0.07024298519701702,0.3043630928183499,-0.3120796277850805,1.0219132652449645,-0.05934602455905018,0.06820160525642294,-0.11927775466250184,-0.16755800464362147
10738,-2.4121615519332553,-0.2138484200266815,0.6451019754552846,0.09344150876267274,0.0954799555920494,0.4626078564163823,-0.20723827936730121,0.24630133207155014,0.5107143936860683,0.7545720657518183
8286,-1.654928342438517,0.07620436249835248,1.3045832673574438,-0.2223304980547378,0.9004339220772131,-0.07457747264551118,-0.3974672238203541,-0.6444655034490111,0.09080050397105378,0.22462584364023752
2166,-2.3066716592065877,-0.9143719726117899,1.1457858257145115,0.060427870089717804,-0.09570260401258283,1.1092244600349628,0.48340520601069903,0.38097318797188756,0.45678612458883494,0.5204754555536469
10691,-2.6624554123342516,-0.5392445753446116,0.4929818999330708,0.18678880734348577,0.26145078439235103,0.629705558071935,0.3796963175316293,-0.009978853495905642,0.4067711991402804,0.5313507898388745
9739,-1.9203511718579456,0.10175713491159101,0.8438776654382772,-0.01633820203156859,0.750900325494008,0.10159549356588862,0.4374288794981749,-1.3231621536186355,0.08088000759759754,0.0433564898692251
1829,0.44951712000985655,2.2724370643798624,1.1170656758233326,-0.18818897205886823,-0.22600546498512225,-1.8937744601518154,-0.3487704622152804,-0.7737313142586982,0.7335116588434039,0.8382862638084786
6260,5.867713194711107,-0.9426437336217428,-0.5699004296322038,0.45169995805090674,0.24038238698762876,0.09888046112847967,1.349639625607044,0.8366115755099912,-0.21137820576439945,-1.152286188133158
10448,-0.43081837132808315,1.4418149141732297,-0.02252267283611574,0.18599653783174705,0.14633491083154793,0.5181622543952867,-0.08537180946986676,-1.254859102637672,-0.6227558818737822,0.03706645883694048
1343,-0.3308001406956081,2.62120800778764,-0.9074500684471111,0.49061561360831973,-0.2704243056606564,0.16082297990668318,0.43037047411745977,0.6568197417407305,0.05986479245944072,0.44190262955090037
4749,-0.3308001406956081,2.62120800778764,-0.9074500684471111,0.49061561360831973,-0.2704243056606564,0.16082297990668318,0.43037047411745977,0.6568197417407305,0.05986479245944072,0.44190262955090037
531,2.6311557748193963,4.395912552238924,-1.5124503644221043,0.7564686740410109,-0.8152503789751007,0.11621526189739274,1.6274776566491342,-0.5348838752008389,-0.4182736450727114,-1.4834137611300802
6905,2.5268865640046703,-0.9310014296757617,0.780188852457886,-0.050666535724651074,-0.4961973971654293,-0.47411279789466587,0.05622114164536269,0.5311454002065221,-0.23226821271488993,-0.24647944346386488
1045,-0.868856434493092,0.583865513710324,0.7724754028153561,-0.06707621616823611,0.635164341376862,-0.08210324031427849,-0.13690975297001143,-0.9706881557359255,0.14426372965091125,0.27453863669396605
4012,1.0008327549335478,1.9876115539159223,0.8698256900886087,0.024971944543045865,-1.324352627120985,-0.6367293145048198,0.022587886034981016,-1.2829713330946293,0.3763745092876819,0.260490529000223
5529,-1.606852186819838,2.8188805288987653,-0.7906322337393721,0.632306536896319,-2.0854209314035486,0.43469598246574365,-0.3517009293215528,1.4388044950714673,0.857868893686515,0.6456192733266021
4001,-1.606852186819838,2.8188805288987653,-0.7906322337393721,0.632306536896319,-2.0854209314035486,0.43469598246574365,-0.3517009293215528,1.4388044950714673,0.857868893686515,0.6456192733266021
10420,-1.1599771051663532,0.17004094086713237,0.8379854256333806,-0.036868285393329564,1.0671626951549846,-0.15330577599666154,0.12374044247930926,-0.9346866709506263,0.38615772313709973,0.4473546564084908
7723,3.6437482685106852,-0.7031100400974056,-0.6270980805335912,0.3196330120635744,0.29575577358332045,-0.4189844672692734,-0.37998844166100115,-0.21012024089145984,0.550942626060495,0.6221264619432756
2963,3.6437482685106852,-0.7031100400974056,-0.6270980805335912,0.3196330120635744,0.29575577358332045,-0.4189844672692734,-0.37998844166100115,-0.21012024089145984,0.550942626060495,0.6221264619432756
10634,0.8141350986433469,-1.3445280861134399,0.4101377929805277,0.014419020926627526,0.40882782604208656,0.18098216316194607,-0.9217030160648517,0.19957720045235486,-0.5999873172719259,-0.3345520718536058
5180,-1.6067312057659147,0.5367370624836211,1.1264903781966251,-0.14035744717280213,0.7399954373122742,-0.10724883160249984,-0.4456840895593092,-0.6896159690992287,0.09749230004255562,0.08035173954228009
6866,-2.4929898721088275,-0.6323475462939511,0.8107965537352093,0.1299663688152078,0.18171584691861986,0.8431259401435758,0.09381624349561066,0.3725528727088194,0.30699591268893667,0.3943583133945344
1328,1.6142843393023851,0.712011173895146,0.2806661682769775,0.21237909595632587,1.142532848814642,0.9176264038200855,1.0408126263164816,0.362974652830006,-0.4066043562821483,-0.5744354782578123
1139,2.753136456309562,-0.3413359300195167,1.2268582862007467,-0.00723244146210198,-0.9170342022823623,-1.9320368916008344,1.979430272838062,-0.03703795775957797,0.6828769120444471,0.3263718596603141
4961,-2.3140287645432456,-0.6269990867707311,-0.3351801494833105,0.4133828228117352,-0.8449243847625246,0.16946516161956954,0.20621485961179617,0.39826941113143993,-0.4367913934339922,-0.8823493700509313
5177,-0.44916906031698217,0.9602993250480911,1.25586895621977,-0.18394097266343146,0.5277211063848893,-0.4090561231430514,-0.3722849541133566,-0.30469044123015293,0.10592454674267152,0.16820176122812996
2075,1.9638905839750385,-1.718400203380533,1.249790252476451,-0.03887804023944326,-1.1044503663989094,-0.09606034039493297,0.23064678690872065,-0.19374849713299944,0.023041827538894312,-0.7191523073313801
3428,3.2211090631116646,-0.8257487945845943,1.148655229545615,-0.022377558030669573,-1.380963121803934,-1.1523712863905622,0.529833976017828,-0.06907206939761536,-0.25650765997531466,-0.7358164797439258
4500,3.2211090631116646,-0.8257487945845943,1.148655229545615,-0.022377558030669573,-1.380963121803934,-1.1523712863905622,0.529833976017828,-0.06907206939761536,-0.25650765997531466,-0.7358164797439258
7369,-2.6135439410130754,-0.8205497193782926,-0.5586357886317981,0.372508402237194,-0.38335004753676843,-0.494194366261871,-0.3353556724665047,0.06978728882532097,-0.087909613728874,0.13472546448667225
4381,-1.7558271671275045,1.7985843564724244,-0.13756513934397185,0.44010462350328533,-1.1912701166353947,1.1620118029075472,0.01674534154260909,0.2609682002865127,-0.3775972167559114,-0.6141864684733024
9964,0.6179585742398297,-0.13746925643560953,1.0354933643769155,-0.10095540136634952,0.9541466827868724,0.833810842367013,-0.6187381658742832,-0.0010437874128813962,-0.4290170545863515,0.15203508546313382
1630,0.6179585742398297,-0.13746925643560953,1.0354933643769155,-0.10095540136634952,0.9541466827868724,0.833810842367013,-0.6187381658742832,-0.0010437874128813962,-0.4290170545863515,0.15203508546313382
5012,-2.817759295409009,-1.2739720944383162,-0.479852279197304,0.3494379322753101,-0.10401195769723597,-0.5280115173872221,-0.24796206607929136,0.04617189963409522,-0.17412669478615872,0.15264744576358616
6918,-2.817759295409009,-1.2739720944383162,-0.479852279197304,0.3494379322753101,-0.10401195769723597,-0.5280115173872221,-0.24796206607929136,0.04617189963409522,-0.17412669478615872,0.15264744576358616
7822,1.574981887753295,0.029033785343484993,0.7114728429484144,0.1641608720064069,0.4007178272922284,1.0646728148021258,-0.08810847390524447,-0.39851240961625267,0.9686903435786808,-1.2144666530431094
10156,3.921927844216287,0.12877401176737854,-0.7949849451142842,0.42593843340964027,1.7936394702920557,1.0044775072352976,1.5589058981563224,0.024728588528972712,0.07232041654167859,0.7051807066568292
3033,-0.08358194102057935,-1.4853475451722824,0.2255899072422872,0.19291075657168488,0.7885796276107504,-0.29794499158813204,1.4295612949599787,-0.44501835763343334,0.00039969703752793607,-0.6256073426176649
4119,-0.08358194102057935,-1.4853475451722824,0.2255899072422872,0.19291075657168488,0.7885796276107504,-0.29794499158813204,1.4295612949599787,-0.44501835763343334,0.00039969703752793607,-0.6256073426176649
11110,-4.294902420117213,-1.236481937330115,-1.4883116666623515,0.5526030954136549,0.334889060513982,-1.4737299806231123,-0.49873712132764275,-1.4115965333057825,-0.006318370243588426,0.8488318011267441
332,-1.0133302905309425,0.8757509717090223,1.027691608367461,-0.07382666932291858,0.5162416887446338,0.08385921979707704,-0.25716356297106807,-0.43995428777335827,-0.17359469542634237,-0.40811904646037533
737,3.5635206037330236,-0.7903254009887275,0.38165328155227185,0.11915943144031317,-1.0393050232482666,-0.7391178622781353,-0.2984017006741738,-0.19663168358802552,-0.37046769298110416,1.1986456592321912
10319,0.9665153327796238,2.153333807729183,1.0264786000390493,-0.06524533373508681,-0.4163010757540387,-0.9582913560141562,-0.136773909811796,-0.013976811140582756,-1.1081957532740248,0.007897298345437766
2683,2.3288514151478346,2.1655167428409543,-0.16986029212334727,0.30997739471121827,1.1108684333224181,2.2759388176592497,-1.2037470676449806,-0.6351487186228529,-0.568091927677901,0.2488965047182903
3445,3.4945910763517274,-0.33322792753023633,-2.317116454183816,0.6851363186801955,1.9048292534795832,0.5194428441205777,-0.23976316889270824,0.2668753208858358,-1.016303832704364,0.5628819185406052
10913,-2.8981331053808543,-1.292350487373852,-0.45957468121302825,0.35742361596946526,-0.09610127714258489,-0.5578720746655789,-0.08381932922331982,-0.006512283562552188,0.06858719948864615,0.24799370095996776
4427,3.662486228036513,-0.38157320829024505,0.0659627991533725,0.25307245259749067,-1.003508499251936,-0.9674025852680029,-0.25487315757142126,-0.32714485686262695,0.6759487086853867,-0.8999201264149242
8717,3.913371221833677,1.307754383707295,0.6643653994300031,-0.01883031195210873,-0.3638211047404595,-0.9087086101528101,-1.3509963799694482,-0.5868008316693036,1.1291325468428959,1.360634327229195
2066,-1.7129201858972674,-0.2521000159552823,1.194931301622561,-0.09852620823413545,1.0264455428525787,0.1678119653858606,0.1567585195914544,-0.8308488891150899,0.1420698170492995,0.0009569024157803445
3340,-1.1669009959425105,1.4737279556616212,-1.611917432270533,0.6455617889388013,-0.8227549100730237,-0.7916219902005773,-0.21549655123211223,0.47171728273566166,-0.1551005229818308,-0.4626270955784007
8685,-1.1669009959425105,1.4737279556616212,-1.611917432270533,0.6455617889388013,-0.8227549100730237,-0.7916219902005773,-0.21549655123211223,0.47171728273566166,-0.1551005229818308,-0.4626270955784007
4149,2.7040742905911346,-1.1675245268290364,1.1584891908682045,0.01193223744795261,-1.6339280752735976,-0.890769952958771,0.6667712878158294,-0.6630794243320699,-0.10140104062090374,0.9109490556695684
8726,-1.9237884690062554,1.0481999081625013,-0.12736435015767078,0.45101703378429225,-0.544184799557616,1.014377150125528,0.23757184484740693,0.12059397976088537,0.041224897772479695,-0.07816237965503267
2295,1.867927536419623,0.4342177076456987,1.32205608488546,-0.16516874955059743,0.8029917864940525,0.3953570951781257,-0.9764086465016474,0.8372728672143268,-0.7563058466398329,-0.6056535641686762
3283,4.1364339729720685,0.31690546951924486,-1.7286218892193477,0.6742242146484246,3.057468209911594,2.5343364610937,-0.967918260040222,1.1140762970211946,-0.07832803484150458,0.37207168882418656
1915,3.886579882851797,-0.21655982461188705,-1.1627842670103437,0.42617726151671004,1.5396260648567406,-0.8627331660523719,1.6295112223137855,0.5926387728375364,-0.8348549386831579,1.6691734839345502
800,-2.318893834615932,-0.4293365953780066,0.9863919864184927,0.15001790409866017,-0.1627263848933597,1.1147626696268562,0.19331899441455463,0.5285070212737554,0.25151512131461334,0.2658783212977218
9166,2.6392121379824385,0.8115525598531625,0.16821276143071315,0.2379500535126771,1.3807016170602937,1.1404756936607707,1.0854375528441276,1.0166039748208118,-1.4201270896018627,-0.11244991711171586
5147,5.508494617632923,-1.209896548295636,-0.5889619671756444,0.4568916076532645,0.4626742250635969,1.0920192284033328,-0.9522067160986606,0.758962133623881,0.5003544638367063,-1.6823422615636778
13,-2.331850670507341,-0.1911882912565385,1.0785816421342516,-0.01852266186779941,0.8606960933956017,0.4104453693399269,0.09178943575554603,-1.0398095243986607,-0.3583142446780468,-0.28134626152654046
8557,-2.1764824629241195,-0.9954929299104118,-0.0851752970542666,0.31910161739630966,-0.4874980215408743,-0.18618798435834938,-0.07668180690065003,0.5590041781081392,0.15925796951489096,0.028327949937617183
8724,-2.54957683320648,-1.0428057322032636,-0.3541577948627803,0.38363724984817815,-0.28869444473544104,-0.2771646113891395,-0.08651081060543382,0.31264290285748225,-0.07894358935135046,-0.17818298471366928
9381,0.3089388323159883,2.1610590359613178,-0.03383363022957544,0.4903212771869397,-0.786031864729148,1.2352554678491128,1.1088288409054479,1.7410320428672623,-0.466837598668952,-0.9233888449885981
9384,0.3089388323159883,2.1610590359613178,-0.03383363022957544,0.4903212771869397,-0.786031864729148,1.2352554678491128,1.1088288409054479,1.7410320428672623,-0.466837598668952,-0.9233888449885981
3560,3.6060591186953275,-0.4175852463339586,0.49056867400366566,0.12550713395404267,0.6450004359951096,-0.9746193212915814,1.7573533590574462,1.7509739503879531,-0.6219920935706515,-0.3782825431510139
241,3.6060591186953275,-0.4175852463339586,0.49056867400366566,0.12550713395404267,0.6450004359951096,-0.9746193212915814,1.7573533590574462,1.7509739503879531,-0.6219920935706515,-0.3782825431510139
7521,3.6060591186953275,-0.4175852463339586,0.49056867400366566,0.12550713395404267,0.6450004359951096,-0.9746193212915814,1.7573533590574462,1.7509739503879531,-0.6219920935706515,-0.3782825431510139
9799,1.0727756008606062,1.2493148740764735,0.8073033150078605,0.1683006836329265,-0.6890698816691553,0.25645511153006834,0.18482222133768264,2.041860673392792,-0.6874625511699899,0.38244145542461394
5123,-1.6550387051256437,-1.1046667756178208,-0.12955051999064762,0.20055877613482792,1.0598292701283305,-0.8782176306787386,0.33343389883357477,-0.8018725823222799,-0.3334824073776703,-0.39626447517946267
448,1.5949746978400636,-0.1608891716027787,-1.7981940034135402,0.6690339100724102,0.6636247686872833,0.11353252485151191,-0.273954210980884,1.7130837005564568,-0.9690105690623749,0.23801706172315773
4837,3.237618392610431,1.9157708727425993,0.28251626883844694,0.11613434685969314,1.4938585624168534,-0.7386176413795136,1.4279843303584945,1.3595075830445216,-0.8156718124931376,0.23875101368403567
9365,0.6901492508121626,2.918545033411776,0.9537716583463313,-0.07090473266338608,-0.6765319921520194,-1.5732242039181898,-0.6576325440004409,-0.5575697622978709,0.6600041550828555,0.4081896940835174
8932,3.0566712872454413,1.7553914532854176,-0.8324640551858238,0.45191739761903726,0.3313425661158809,0.12685393768497646,-0.4608349455971258,-1.1413126400733486,0.49287822507984275,-0.06794320647835306
7055,1.3493670010706484,2.028273170090672,1.5146119638232676,-0.2377749364551501,0.4283288072750599,-1.471997032905728,0.025507937870544693,0.7259988372100058,-0.25456776208407084,-0.02343004739930121
3537,-2.5196003767357755,-0.31583882787865136,-0.8158736409975912,0.47436192380582226,-0.44840861720397085,-0.5162933685122041,-0.44598540241506396,0.12374853114263977,-0.14674414137673084,-0.262731846370875
9081,-2.626914814320909,-1.6560279754849065,-0.11038768855556418,0.38664554696498543,-0.1470579055344132,-0.20460617133849307,0.25935947831707085,0.2035473210126378,0.024697511962171178,-0.12570298060540772
4988,-2.1712780837175014,-0.09971535874493649,0.6543842951429446,0.2992795161247104,-0.301171732840641,1.2317007044436887,0.34683954991845284,0.39521667633979285,-0.056175766913971414,-0.05911559945631152
1050,-1.240569238811479,-1.7393049273705445,0.9290577527314127,0.009593553728031785,0.6266624823959426,-0.10465546028200877,0.06466309428950774,-0.13233575984906676,-0.3499866447032379,-1.009209424610053
5610,-2.7427545665399404,-0.13295869492271364,0.31520503426456176,0.31874059191195037,0.052712335710166154,0.726939096239127,-0.01648237675637907,-0.031343150359225205,0.07065535540858638,0.4288871511143795
3526,-2.745585307132696,-0.09089755874708146,0.4888294062151784,0.27404872057826773,-0.07352072058445606,0.6651167852948604,-0.07381362558251313,0.032999379126444336,0.15523817795087785,0.46145570726415597
5136,0.6526487582975671,3.2300306195734994,0.5664334622008612,0.12934895834484192,-0.7127221139081905,-0.4958971710170691,-0.3552612621534469,-0.3321072904805681,-0.06133492099660916,-0.6003208150503121
1411,3.8148111321904143,-2.034977568299568,-1.016976005867034,0.7625714364694189,1.0424890021352533,1.3652116961421357,1.804708824852895,-0.28141273017708845,1.628979891840383,-1.4469934042009034
701,2.1043571702170945,0.6043582572375079,1.141681221435368,-0.0032100026558806926,0.5669383846930582,0.30103561026119424,-0.00868880570859525,0.5570169273064738,0.2218978349132526,-0.14449771572553163
6203,4.992306839853311,-1.3777507046350221,-0.8361643846553947,0.45157087925745293,-0.6711533983720357,0.4682809331146351,-0.8172372262449564,-0.5282170581002449,-1.576901696389603,1.0013352451990607
7192,1.9661204799646361,-0.5999245619171975,0.8973528567602465,0.1250522659698422,0.6744911628055491,2.2027244800217765,-0.5555249570579626,0.21977026440265698,-0.669720256110623,-0.6349968827179869
5181,-3.068209003792466,-1.2266160019242338,-0.7283508573367211,0.48578540715312885,0.006760585886441813,-0.6352417566088058,-0.3298618613959102,-0.2481851927089733,0.08551485789185673,0.20523870725771926
9220,5.169919116653233,-1.6952281279478043,-1.1371312340932669,0.5913059145910889,-0.925967354709002,0.7097504130076544,-1.4982811034072496,-1.345043430245494,0.7266350948235996,1.8215745210068675
7734,4.822419025274909,-1.229694858027317,-1.4810323421152902,0.7370713154762792,1.6898845869254349,0.6930242512118968,2.6778547693813737,0.3811542361083112,-0.5673644166763984,0.21405201861609854
10446,1.5816106340946527,-1.2094492697650439,1.1641565636720683,-0.019985565263351494,-0.6033283307847598,-0.37328665092344526,0.06377877417291468,0.1735595060832325,0.2416927382769515,-0.3592080074885887
5524,3.740503495322559,-0.0873609992362709,-2.168550320016601,0.8740389635490309,-0.4095748550867425,-0.46104447726331527,0.11691100215440159,-2.1394588514492208,0.5629051134260705,0.48562070410365216
3830,0.3441095061150712,0.8533477615415044,2.457273149200369,-0.24909826205285052,0.801533384922592,1.3874649858062378,-0.13042859645099708,-0.3337978930286236,0.1284017105384487,0.48983065350680893
5186,0.5218301973901777,1.3583951580884364,1.4032641872623823,-0.13330201976265713,0.07585164181242042,-0.8009968967450658,-0.8201288802792912,-0.17593694606988763,-0.1485835968172654,0.025435595337074204
8514,-2.6552961870589082,-1.4834783430286256,-0.0734752714764294,0.378028907414835,-0.17324580034222659,-0.3011035142308789,-0.11286168237082507,0.35490739608016203,-0.08064023943070195,-0.07460795418299523
7165,1.8981565801268754,1.1935107434669594,0.07135738066515812,0.2346487952911678,1.4514406468163596,0.21494825180960223,-0.7241890321360582,0.47001329099113087,0.5298792994400513,-0.5255618899320919
10236,-2.6702537970377005,-0.7944936159199291,-0.6629369743272767,0.5101713168523271,-0.21646250893589125,-0.551744016246341,-0.15694692645631012,0.07297895806312253,-0.1045174604793767,0.027533398539765615
2392,-2.3482770781548314,0.26121324682606806,0.1937918693604101,0.3544477873637061,0.2546848492131636,0.42346373747437055,0.060786933345682435,0.2072947298424641,0.3730067067867069,0.605412695647762
1920,-2.3482770781548314,0.26121324682606806,0.1937918693604101,0.3544477873637061,0.2546848492131636,0.42346373747437055,0.060786933345682435,0.2072947298424641,0.3730067067867069,0.605412695647762
3673,1.4869422375632784,1.6619255297911184,0.5734354608060773,0.16322840640678024,0.6105857882973649,-0.3405885424441378,0.5292304323260428,0.27212078413348806,-0.34383355968111634,-0.5436245839456159
1453,1.855380171144054,0.8666824437265844,0.08125690321838805,0.053763193462980044,0.12078784409461812,-1.8141539929876498,-1.5237687865262155,0.634289886146939,-1.0734235466829287,-0.37574586101245805
4518,4.824562547173403,0.6831267765392626,-1.7432475880798333,0.6685034722728777,1.9449914966048019,1.9316384313766648,-1.6012343497365935,-0.05554756393419902,-0.2664642349966383,1.0313393417069388
8969,2.4370096071365177,1.0458057817980362,1.001035503279792,0.19424251324325104,-0.7178918374133938,0.8485589311203329,-0.8428329983929098,0.018889895073592306,0.6003919430735254,-1.1702003941612982
387,-2.421725872114048,-1.1456846678531742,-0.29023255721559105,0.26322282035892236,1.0749779620366269,-0.9973565761797247,-0.2891351963762156,-1.2258963172438495,-0.7768640924932301,-0.3758591019227933
1079,0.3162875856688775,1.6700395247506203,1.7033803789255932,-0.14909581111459314,-0.6954435934742519,-1.0921492997512556,-0.5170529733798451,-0.303503264041935,-0.6433069000672416,0.30015701592496685
164,-1.5122958504081816,-0.07379974202968555,-0.027632977673505258,0.16931860192386997,0.49050491846356475,-1.5523344070128833,-0.5798630478523641,-0.7668677671491492,-0.4028550264692886,-0.5518341459549124
3434,3.3034419467945257,-1.2260216553170533,0.4590884585636863,0.23414837855377763,-0.0915305479556045,-0.12231946991722667,0.8807009148509982,0.751774946380499,-1.0967990368670226,0.2294001181464764
5721,3.86462415869734,-1.1197960095189503,0.5922389556983161,0.27279560376967626,-1.612820042991495,-0.6135212587189359,0.14374887815279536,-0.8936537579607857,0.6389593093580116,0.789024357670104
8418,-2.4585998184663995,0.010131978589294642,0.21656950367827926,0.3993476371877258,0.15461828115851767,0.6952285783959292,-0.11110152617530225,0.06100957255536964,0.24628844839992275,0.5641582845727794
5300,-2.350633838818075,-1.201385691573071,-0.34683964324855043,0.4809688609989676,-0.09053007220683618,-0.550212833835552,0.17497330834203195,0.2057054051650224,0.2687690276073432,0.34748753452118963
10424,4.087026063899959,-2.0070277338956704,-0.8601823632268611,0.5369224549650712,0.4342895115525319,1.2788998597948669,0.23375816078361872,-0.054208968868878486,-1.8610306393884026,0.8393451420306062
11171,-1.6240411766764826,2.4205858426718696,-0.9563861469573339,0.8798464555729311,-2.083046973571327,0.7964900724547618,0.18712648336439897,1.1655452272702296,0.5865188848072147,0.47827127386164364
1600,-1.6240411766764826,2.4205858426718696,-0.9563861469573339,0.8798464555729311,-2.083046973571327,0.7964900724547618,0.18712648336439897,1.1655452272702296,0.5865188848072147,0.47827127386164364
7851,4.082937446548038,-1.746191467257462,-0.8772724018514858,0.7190843259380617,0.9817761345101951,1.4255066096041948,0.08405473687539743,0.3907697057209677,1.1757690301815344,-3.1266752944566716
10701,3.1378108799391713,-0.21117415478929902,0.29380967224879395,0.21664824735599258,-0.3646522853683805,-1.0772109012766422,-0.8781697643013329,0.10982058927400175,0.18998429933083424,-1.4382270101318997
891,-2.7558538358392477,-0.7109096659055368,0.7935353504253772,0.2782159964940845,0.20941037788726416,0.8133624499031377,0.10711551787591608,0.15687413077133047,0.3465158645048507,0.45716165396792047
6912,1.1352185186396428,1.709744589844574,2.4688932453839953,-0.3270267775937365,0.8151328214594898,0.7345364130774377,-1.219152127287217,0.4204264914205021,-0.3853081539659192,0.4307253072226481
5967,-2.622621508768759,0.42935522405764404,-0.03125291226031585,0.48479434416783407,-0.18627376089045466,0.5846367129510078,-0.047808448832350144,-0.3263055386632383,0.15735180455716216,0.3393193632225525
2109,4.241454545886579,-1.1135914142308918,1.2131792805345654,0.132565953645544,-2.3845807158402548,-0.6314414710129689,0.32759853782585946,-0.5678186666316265,-0.11557403550535597,0.6403591139355073
6292,2.906528059483356,-0.5947280202954303,1.4907150704856276,-0.04134578892382994,-0.9330382866296629,-1.2311415030737374,-1.1161939479064542,0.8917273088340791,0.49938914894170844,-0.8866387405495714
8537,3.929474424220378,-1.8315524216927257,-0.12495176156381908,0.5201881163598883,-0.8665049575554874,0.5261324675850273,0.2278870333341149,-0.9514202201899689,0.2189536887530338,-0.1187100875236357
9576,-2.451050554937766,-0.013703399192213916,-0.9642415006492675,0.5880748687764551,-0.42990439421491283,-0.8668597240143826,-0.5655035974079793,0.03014854085883396,-0.08606046178512003,-0.03748740172026988
5935,0.7286721057796026,1.647154696048797,1.127480408556986,0.04962889815272602,0.19344319626458023,-0.7121588088535311,0.31466326850595466,-0.08323926781987773,0.006308792758544832,-0.13203063445721958
10264,-2.9152224777378253,-1.1440569471104407,-0.6420600176326713,0.5903985886756695,-0.23154965324547966,-0.3520869486384376,0.18831872293845142,-0.20008515591381273,-0.1471985259163752,-0.1720178485383739
234,-2.9152224777378253,-1.1440569471104407,-0.6420600176326713,0.5903985886756695,-0.23154965324547966,-0.3520869486384376,0.18831872293845142,-0.20008515591381273,-0.1471985259163752,-0.1720178485383739
3202,0.5341435176595468,0.5047535573992712,0.9256931560445308,-0.05444307775396854,-0.24699766412058993,-2.786880995241378,-0.6067297924293308,0.20156891222750845,-0.9594296515320487,-0.018925288049913024
1103,2.642594544795514,0.7932681718581761,-0.6341120976149465,0.552982212478784,-0.5611937596233932,-1.9966368866720243,1.3614622710314186,2.1531157877042606,-0.8821728511647801,1.5379737054856577
610,-1.166704400749838,3.152152564856957,-0.7294922242620498,0.6715811279898676,-1.1995187430075156,0.19715185324126847,0.10999506770067184,0.17921025042219002,-0.07192163821481319,-0.15217488697469608
4480,-0.5708719397602106,1.9853957753499718,0.8981566500691794,0.1286696168508939,-0.05634201899314004,-0.187004484883283,-0.3473997397633028,-0.5644818209902921,0.12188856406647378,-0.2523309385221462
10660,-0.8720897981418354,1.6760404200515449,0.16203662526491647,0.3832213318024538,-0.1007626711104141,-0.3887947392541551,-0.05413110254658523,0.6713637983949008,1.0230386300518186,0.9826569987192256
9353,1.6227044964843904,0.02146954618297497,0.7748762190517624,0.27761369067488967,0.1890982753875627,0.7405904058983117,-0.08205227083558149,-0.8140696515721454,0.833759704223886,0.284792137341382
4120,-0.6374936653296396,-0.22288718779836145,-1.5254108310874495,0.7595237270184761,0.5617118830088602,-0.5243285695897986,0.3038802897944464,0.6899949946057458,0.15268904991151588,0.5590966544230839
2836,-2.757893544004141,-1.2787633703813401,-0.21517081594146856,0.47071301264564647,-0.2568281124907039,-0.5295907301306662,-0.18773629281967988,0.08880428653529791,0.1740434112932703,0.349030877000492
9579,-3.094430294233383,0.41023482322102295,-0.6337882713716586,0.8175191886539479,-1.076084767721181,0.7949506567546645,0.3151215463412474,0.6113820265591076,0.7260888697031761,1.0448592865737358
5841,0.599211689696896,2.909157604639875,0.47675267338153754,0.17883613732407536,0.035152483372441354,-1.0753327097996015,-0.29057018690057496,-0.21364058425333043,-0.0095000541398971,-0.06723232584483563
3174,2.98196527461664,0.7926706129725173,1.446560670882698,0.1012447936969019,-1.0305572626544128,-1.117278658795491,-0.09259263346825598,-1.180445169467984,1.2565350378469005,1.5931229490978975
5536,2.98196527461664,0.7926706129725173,1.446560670882698,0.1012447936969019,-1.0305572626544128,-1.117278658795491,-0.09259263346825598,-1.180445169467984,1.2565350378469005,1.5931229490978975
2061,-1.6579214806586113,-0.1819656180632059,1.5322855281061218,-0.03642280017986455,0.89925779695633,0.16430754738615802,-0.14425836996638666,-0.518158048048045,-0.036302448629159274,0.08173741902895257
8477,-3.3638829533011125,-0.4798234520217996,-0.19536622604139509,0.6550465491105937,-0.5018893467181813,0.9058194086001444,-0.17856071353900554,1.0551396393874943,0.5835414904994756,1.0057200869727392
640,2.6998701281185946,0.8013397507616181,-0.2968930780680226,0.424762961133479,0.924154190541906,0.438809678271151,0.3122172966528231,-0.40763720367105266,-1.026307586757972,0.6233125038706379
3828,4.595870724436405,1.020590651734589,-1.1368176021151735,0.7563085949959694,2.0319992461213325,1.0448984735235014,0.23109387088622185,0.6569260219630448,1.1145252574935767,-2.0516453274230715
4093,-0.64905627319826,2.0979828067756365,-0.6690738584599605,0.8106725506141794,-0.4476009104280836,0.9830224979271147,1.7913220970018666,0.6667281713571162,-0.04011167272481133,-0.335965311382474
8624,2.6470870329739107,-1.4031054935171188,0.3756740085111199,0.32499878778416635,-0.0011587704283293639,0.384103896063157,-0.4777293931623767,0.5573433734902119,0.4786934751762893,-1.2810224496313813
2802,2.33359623596751,-1.437449590902943,0.9994137163764778,0.19789293578371822,-0.9409638623435391,-0.22880057328932535,0.8071750493750649,-0.1570783487285451,0.09346658329318717,-0.21660192196386915
368,-0.31976504883929924,0.26690922904651837,0.3986063434733021,0.3011107291175364,0.835929239318155,1.096463844658454,-0.46861936107128993,-0.6950268413458524,-0.5237682080042156,-0.04349200522951454
3599,3.561438483728936,0.7784238387344454,-1.142723096002155,0.6782082262836537,0.7890969145671376,1.1173406530652166,-0.8154927843047712,-0.8886592991875949,0.06642723891350161,0.16776926508770532
3389,4.49125204775829,2.0298301066594022,-0.8372686460837859,0.6848649727335958,0.5128039938330217,0.33853372677434657,0.45683194271852445,0.0028117420212558654,0.0843854717894298,-0.7874653989159903
10710,-2.895783713999844,-0.3796840387350787,0.6984267164843859,0.1781461180276664,1.2631904646863121,-0.01375014055896814,-0.12545592175582168,-1.6029485616994674,-0.3365251602732318,0.017652812861649388
7118,2.91106721234126,1.6553536255976966,-0.3242504561731062,0.43718105807535007,1.1849058188059318,-0.8288733264115861,1.0792577410219042,-0.09222966107824139,0.34569202637351154,1.692197957113366
4937,-2.530390259235978,-0.3952339969826589,0.6771744892747267,0.3519802282544156,0.11697293016402426,0.6071279245558717,-0.10939077508202238,0.16999373249694905,0.34185790770979085,0.6985174851457762
1127,3.6919157339732416,-0.9166739401381022,0.9841552861058637,0.27466101597830117,-1.5770082153009108,-1.082786091364108,-0.21985618745192106,-0.17298128682590508,1.532406317390693,-0.2967020831525001
833,-2.575379994484972,0.5168251731162724,0.26923948176576823,0.4559206509570345,-0.1661191518693185,0.520107131260309,-0.19559607699396164,0.02913331556507247,0.2856107399187945,0.37005040962644187
3565,-2.575379994484972,0.5168251731162724,0.26923948176576823,0.4559206509570345,-0.1661191518693185,0.520107131260309,-0.19559607699396164,0.02913331556507247,0.2856107399187945,0.37005040962644187
6086,3.5675045683293334,-0.9275889174391543,0.6060240493563541,0.282755197308336,-0.7661229202161275,-0.3855311773631933,-0.46754250673644815,0.45424336394979375,0.17928766553922823,-1.057955074070635
1763,6.483587809882381,-0.8782259236901805,-0.8550370802158443,0.6795397214822679,-1.4438637776617353,-0.18452511784860773,-1.7642686555631062,-1.0071246072933406,0.3329357085324451,1.4917826922985022
4697,-0.9844068050400632,0.6361911913946673,-0.43308109984269666,0.37787356416215967,0.6279773684898031,-1.732785539322761,-0.1991489148386517,-0.5527699613048435,-0.20165251724203362,-0.5219390576726601
182,-0.9551403804270595,1.7935877627245373,0.36336640184644936,0.2942771869003224,0.5856520064828973,-0.54496226858129,0.10068562699927396,-0.8349853850978494,0.0299130860882054,-0.18129453730459769
1165,-0.6751370801905838,2.9063475693017553,-0.8975218199261122,0.8487886143086901,-1.346058874901893,1.0618710249575203,0.42598563361543135,0.2785549662787353,-0.578784687608922,-0.6429555966390238
5386,4.907083344731484,-1.1734209613287743,0.1200494189003657,0.5161600315049976,-0.47780656171326374,-1.2181595852597458,2.1983175364829513,-0.12015660899219917,0.8948710571551528,0.6214475925827568
6024,4.907083344731484,-1.1734209613287743,0.1200494189003657,0.5161600315049976,-0.47780656171326374,-1.2181595852597458,2.1983175364829513,-0.12015660899219917,0.8948710571551528,0.6214475925827568
2678,-1.9698159619079931,0.09833193246670985,-1.5787617373279434,0.8353584314595955,0.19905015706123674,-0.7421692844070256,-0.24098890634053075,0.12861763688943015,0.5591561103234046,-0.08123369332091247
5790,-2.6204135959066854,-0.8477332249969628,-0.6743236027594204,0.6117092556903402,-0.2375602121374557,-0.4760688715518798,-0.2991778837919847,0.0005403009570186712,-0.19989958397142604,0.06562235808248602
236,-1.788484777427143,0.2387678543294819,-0.20254287709245772,0.6212654589025589,0.21783125047062296,1.0668029976970337,0.35520197738678216,0.18042825800522896,-0.08187150123071313,0.2944482706185858
6001,1.8087451920778534,0.8519326113521302,1.028164127159871,0.17630699668200447,-0.10619870603159795,-0.06910444311119816,-0.25949007769831434,-0.5000362956279224,-0.4183747149718482,-0.0677746370709221
6250,0.19423787109477827,2.5076738917709367,0.7313695232567049,0.020276665278177685,0.44233629967574273,-1.5067248559188136,-1.6010093672404946,-0.29355371149754517,0.029810655657828387,0.43811232417400847
1168,3.099840406779237,-1.4242067405313996,0.7455181975820274,0.31777994190519254,-1.2658350854789457,-0.3159528135102768,0.40228532974225906,-0.15447453535049072,-0.29345875885062467,-0.20198709908253284
10749,-4.163757105529323,3.6755816050932815,-3.830113096782543,1.513834081855642,-2.125376800134974,-0.37942576897567165,0.02245941064023047,-4.499873220742565,-2.0219191908694563,-1.5294158595421998
2926,0.9139819725329544,1.9681185236293959,1.4792945514828935,0.03254450790060515,-0.62061505037125,-1.4711199269181117,-0.27086657945506787,-0.23539047819584685,-0.8978968030173187,0.016364059122004594
716,2.0117947002604954,0.9860073635996911,1.7022559535198805,0.08058030570692508,-0.9960141140083361,0.12337588237479473,-0.3965854466846534,-0.22715872184473804,-0.16857243744585987,-0.8165140237253822
6544,2.0117947002604954,0.9860073635996911,1.7022559535198805,0.08058030570692508,-0.9960141140083361,0.12337588237479473,-0.3965854466846534,-0.22715872184473804,-0.16857243744585987,-0.8165140237253822
4298,-3.137490531149655,-1.323315021488943,-0.4545083939193134,0.5986553872552268,-0.05348490882063174,-0.6237231002602819,-0.19591139964435,-0.14828441488942232,-0.05246198771856544,0.1283608629607932
5823,-2.0358863329380688,-0.2371393233734937,1.435410614838176,0.10490533619814833,0.7405423097271828,0.5428797641754851,-0.006536280839755885,-0.7149650141907725,-0.4438027650479786,-0.3982714927402149
8375,-0.3541339157477016,1.8772081313251519,0.8775601551709383,0.13184965746546942,0.6656462562050359,-0.9561632944531343,-0.2960513415729808,-0.2654988416482954,0.25013099640087866,0.11430017182227319
5723,-1.1117102615714,-0.7784634537591124,2.274318537533162,-0.08243800123682685,0.5584970360989677,0.8226913819057016,0.1589865539417625,-0.04252113263238123,-0.2433448278006131,-0.39218159856481966
5763,-0.8638374587909661,0.5361527658894681,-1.0172421729584276,0.7802548319144653,-1.068767459859591,-0.28900773345078723,0.04381858081655121,0.3672876531462346,-0.173062916178885,-0.2580173140787755
8727,2.579276609547615,1.9420626205268767,-0.037591480968579456,0.4268823209177227,0.2849237488633028,-0.41701659200166835,-1.0819450636297803,-0.48314765144421046,1.0618522235743761,-0.09645470969267908
3056,2.579276609547615,1.9420626205268767,-0.037591480968579456,0.4268823209177227,0.2849237488633028,-0.41701659200166835,-1.0819450636297803,-0.48314765144421046,1.0618522235743761,-0.09645470969267908
8442,-3.3956758245325362,-1.1151715867896688,-1.1436277878093866,0.9217843914021914,-0.9856964225195054,0.0003741207740597642,-0.07095664021712032,1.167967237633645,0.1311391573458266,0.2638647335168203
3712,-0.645747183493783,-1.0528138743981412,1.2028611235341828,0.06261262591630745,0.1508961168843907,-0.79632456441812,-0.259395591502519,0.033260636095203536,-0.4667767901232028,-0.5944604425442336
10722,0.21162972995202567,0.9754104703651648,0.666740734909348,0.32808109656104956,0.813908729697714,-0.5793881119369553,1.44309650537397,-0.812575443496232,0.7479632497387287,0.4591288756735643
2406,-0.032341322325003606,1.2650934042659918,1.2659769172210418,0.08581502046774289,0.332274633334213,-0.22236988290407336,-0.4142615116642103,-0.024881561161868456,-0.22768444415578792,-0.3898381725711599
7313,4.174557656857051,-1.0177389735809301,-0.510319098554637,0.5758016971000667,-0.061209628431139175,0.03705075566619479,-0.7516426424695157,0.09312639664558588,-0.048713790027833194,-0.46343434787697463
2656,-2.5275065947926194,-0.38710904515926897,0.5157093615579937,0.45500767154813193,0.23374771094783997,0.5227813266951812,0.311991746066264,-0.004884768443946403,0.523812552232002,0.7312495434233526
1993,-0.1519895891829287,1.4247017115451417,1.5190192779825236,0.04944477761684444,-0.39146220111234326,-0.8775125700126748,-0.3681522478148906,-0.3738635134254393,-0.9208315976847179,0.06714455568607856
4136,-2.6124967018199015,-0.06761705297643145,-1.824538057616411,1.0050043103799682,-0.1864942808745687,-0.4353752976238177,0.14421437514421334,-0.6940926629423525,-0.04157656991895323,-0.32718533412003786
2928,0.01957728843940475,0.9890964358159634,1.3058265101640825,0.12428355373790761,-0.08138811562714195,-0.8825250465386018,-0.027145390363986287,-0.6272013614153092,-0.5704670372813637,0.16349811642531395
2920,0.01957728843940475,0.9890964358159634,1.3058265101640825,0.12428355373790761,-0.08138811562714195,-0.8825250465386018,-0.027145390363986287,-0.6272013614153092,-0.5704670372813637,0.16349811642531395
6661,2.6401867637750134,2.4019209721708314,0.10973412980741312,0.3871238773245364,-0.4816157370684557,0.13319537655898606,-1.8374984873598115,-0.3342469097150571,-0.2975714999469147,-0.08661777517822161
5462,2.6401867637750134,2.4019209721708314,0.10973412980741312,0.3871238773245364,-0.4816157370684557,0.13319537655898606,-1.8374984873598115,-0.3342469097150571,-0.2975714999469147,-0.08661777517822161
10897,2.6401867637750134,2.4019209721708314,0.10973412980741312,0.3871238773245364,-0.4816157370684557,0.13319537655898606,-1.8374984873598115,-0.3342469097150571,-0.2975714999469147,-0.08661777517822161
10542,-2.7390159853643627,0.6948132632150141,-0.13415139041592514,0.5738023519657052,-0.08971030522095585,0.3280886987224491,-0.37720454791164476,-0.3112700196627061,0.25826579638222136,0.5371326218878182
5756,-2.4279625258401443,-0.9841511277631354,-0.08270367661832201,0.5601658515322883,-0.41321578559501604,-0.3258127646429866,-0.13326058240000188,0.44353411412019467,0.02113878492682316,-0.08746304636292654
3570,-1.518928223046141,-0.2903010512658104,-0.22009831652456296,0.5972022330310612,-0.5810846171757256,-0.44556201142048774,0.01258986484727686,0.8401327530867377,-0.07528111820294857,-0.35302153798168256
1072,-1.8398821349896592,0.01525289298296668,1.3058758818602936,0.16861380641573676,0.631453700174383,0.25884944284117506,0.05393643132750528,-0.9586370280162304,-0.05681129270405858,-0.0758047311749244
9606,1.830041021950885,-0.9556645000994143,0.9544602535248213,0.23481912171068298,-0.5945599001561088,-1.1602719562587582,-0.03410743663068707,0.09592963690698401,0.03775298338985565,0.23903757901826705
2730,3.182309443379617,-1.5211302400526838,0.5369489799838935,0.4033760280449194,-0.1437577756665992,0.3728574408183816,-0.22247680559926702,0.5408034890983971,0.09322051933946963,-1.512535242006721
2995,1.9198132715145624,-1.7465537307901062,1.411630047371944,0.1800838935140216,-1.288717839032501,-0.1570614929670702,0.07946882481664623,-0.1021590658065028,-0.6051468599910423,-0.7956737981147509
8210,-0.3289474477671821,1.5532232232997594,1.1054746172136425,0.23853635670769968,0.30186406560882223,0.40083548466694807,0.3348126681669918,0.2554455693200858,-0.7077215782378392,-0.9222979089376718
773,-0.521702692478719,2.4872488366507444,-0.7153848764196059,0.9236367514126284,-0.9567067899885277,0.296778602605115,1.535247111067597,-0.05688793304889578,0.39756715431162115,-0.1217653372226151
5272,-0.06895334191161412,1.952043847504319,0.3371642218645277,0.4116650760854244,0.3871920857241715,-0.7329677221941274,0.7426602548998014,-1.0573754324523457,0.7246007179752771,0.16050130107872568
5125,3.6869954135700262,-1.4191313315594436,0.970036949522622,0.37265459923075533,-1.8332772263578776,-0.27578375901326335,0.5382442673903595,-0.5583486436933436,-0.06018369861240733,-1.161607783812305
4391,1.3252423119757182,1.7432216550262778,0.7583246469622575,0.1650084980616976,1.58332770290625,-1.3765072629164012,0.4152100122034106,0.7294704638537914,0.17201232761309077,0.4704156537752822
6283,1.3252423119757182,1.7432216550262778,0.7583246469622575,0.1650084980616976,1.58332770290625,-1.3765072629164012,0.4152100122034106,0.7294704638537914,0.17201232761309077,0.4704156537752822
3421,1.3252423119757182,1.7432216550262778,0.7583246469622575,0.1650084980616976,1.58332770290625,-1.3765072629164012,0.4152100122034106,0.7294704638537914,0.17201232761309077,0.4704156537752822
5731,-2.760674822281853,-1.3446038693291031,-0.24795287951001707,0.5895538884854584,-0.06522441634230168,-0.49099428562894415,-0.07393080544931761,0.22664763264372534,-0.12958650355727414,0.008128083753325929
7152,-2.760674822281853,-1.3446038693291031,-0.24795287951001707,0.5895538884854584,-0.06522441634230168,-0.49099428562894415,-0.07393080544931761,0.22664763264372534,-0.12958650355727414,0.008128083753325929
3919,2.8979223213878385,-0.9129084796724317,1.3820945646729503,0.20478723265906368,-2.1184468117863986,-1.531093983740916,-0.2337459205339369,-0.5561924717622146,0.4667576147296678,-0.22351566429190395
6097,-0.952626084565331,3.8756402598681055,-1.6514661215156636,1.0529188166550112,-0.4654285082157646,0.014351967727800398,0.9800627407723055,0.4196163171506289,-0.08382956491990273,-0.20868994117416104
5150,-2.5627922038793867,-1.0759600841500712,-0.5499525477594662,0.683710694158205,-0.04735504804618271,-0.22690686313107808,-0.06833445755555485,0.24284335900500661,-0.10929839491277324,-0.33146938726255887
10479,3.4256283852657354,-1.5817749446707454,-0.6247119340210804,0.755939766368414,1.2047826828821797,0.5808660390383623,0.3827296221828328,0.5814149041167397,1.458067233507801,-1.0826561911388568
5966,-1.8987397107544934,1.2785318880643435,0.40181105009754275,0.5308053055664819,-0.8470189544700075,0.7246087920524527,-0.17617108671585802,0.42651222193556243,-0.30150526787975007,-0.19548745852786323
3439,-1.2407081410204994,1.4920750041626647,-0.16187126017638043,0.6974191893307932,-0.20148317586949796,0.731011450168857,0.6867622147771899,0.7179886704660389,0.2276720973759164,-0.006855297256540221
6609,-1.8739031355459443,-0.9485927433133333,-0.4743403814716578,0.4696456376352648,1.0833556834790703,-0.9387722090908334,-0.7229901165084127,-1.2106471092858564,-0.30159564380245735,-0.14694985874409475
5393,-2.797517359467821,-1.3669759476552643,-0.2918784092498235,0.5985460458969262,-0.051439577847419204,-0.4763498918659211,-0.1569309932975324,0.16834021141295108,-0.15523542983720767,-0.04061824010568641
9014,-2.722308496352195,0.9044326712979551,-0.044016406732257825,0.6503265188799718,-0.3190586599206026,0.5390528297884093,-0.20439244071591828,-0.2114360811599863,0.13355628347788662,0.2774027306619285
4050,-0.845125899126921,-1.6261868340304233,0.9813275688597967,0.2362684400095738,0.47431711851235164,-0.09633708044467977,-0.11918481619065747,-0.1081922672228912,-0.16963830712047762,-0.6755326977969794
6862,-4.871181572235157,3.853184599273758,-3.8326937255703157,1.587148207075497,-1.893976620492111,-0.6522157186594632,-0.007066803366412784,-4.502790327819831,-2.1195188626366503,-1.7179255637169701
8315,-2.148643996401364,-1.5021429445349723,0.6309353980880171,0.30145945424259335,0.5930343507786765,-0.627189606395985,-0.007354535373211022,-0.8217241901277527,-0.30128432509335024,-0.4201859847062402
5184,-2.148643996401364,-1.5021429445349723,0.6309353980880171,0.30145945424259335,0.5930343507786765,-0.627189606395985,-0.007354535373211022,-0.8217241901277527,-0.30128432509335024,-0.4201859847062402
3643,0.7534407269533806,-0.8028532170521214,1.5808712739220758,0.07144462232518543,-0.23544355321586016,-1.2257545565744938,0.04201734856627968,0.48610016114072946,-0.11622168436047575,-0.2541684128901747
2589,-2.4256226960094605,-1.0621103117513562,-0.31003401050149443,0.6672382722430559,-0.37856996924958003,-0.2825325244505996,-0.0933019146812566,0.15811597600974123,-0.05910078517675108,-0.2199565088818259
4887,-2.0052965346044496,-0.47819224412655553,0.9781285916896776,0.3880664411858971,0.10831949367245848,0.8356694970760165,-0.010279892807059382,0.5675736356470619,0.5193480772335278,0.6831635866694503
10104,-3.40598403152571,-0.4952058326072282,-0.055592315229078135,0.767372757674737,-0.5502661400917462,0.8829027083790836,-0.03917195882818674,1.0328721442758275,0.7620672644319063,1.2020197856953343
3254,1.843559209273872,-1.57160330602509,-0.8413461593142139,0.8644431332130238,-0.27831381912430225,0.7464929709566775,-0.335451593296899,0.812051465067872,1.0747799242848781,0.4686507802573451
2004,2.738214532315651,-0.6015026245097126,1.1258694370841378,0.35495190088304923,0.18733639757653653,1.0909267856373797,0.41629791764290436,-0.5355198259617755,0.430172213984805,0.45423370881683767
6142,0.9753012398251821,-1.0137514994573122,1.2423022348613633,0.13789101724134387,-0.26045596268144827,-0.8919255504710698,-0.18000689792828364,0.06650443169564728,-0.16334653110973618,-0.03601556152548595
8553,-2.5295128678054253,-0.1921804162545949,0.7558912953103228,0.46819270551863457,-0.11353024128015382,0.8059365753040294,0.028774216384990583,0.24192166282427427,0.22172912093776967,0.42856781810755407
9805,1.2586146803407385,1.2364927123843716,0.3381038592127419,0.43810261889526464,0.6529164009788077,0.895377450736301,-0.8736244936413781,0.1588588677709935,-0.27988741847050896,-0.811039270640749
849,1.2586146803407385,1.2364927123843716,0.3381038592127419,0.43810261889526464,0.6529164009788077,0.895377450736301,-0.8736244936413781,0.1588588677709935,-0.27988741847050896,-0.811039270640749
1606,-2.78566933049125,-1.3043147901811707,-0.28872450009537315,0.632471106590684,-0.17236795080178985,-0.514987137982011,-0.19677316877722884,0.030989171697728517,0.14895267565544182,0.27252940030280387
125,-1.6848190756204107,1.9410444318910611,-0.06793282501956867,0.6698285338683712,-0.8982233418815858,0.5475374151016132,-0.18118031472681664,0.23982941796907298,-0.008143170417707143,0.06758530536262666
9305,4.3251800518625005,-1.1453127855335963,0.07696604988270907,0.582416144789017,-0.45126321759628124,-0.011933253693253586,1.271560741617439,0.2340411939851583,-0.9031340502581491,-1.0709743756220411
4706,-2.0429858146445437,-0.5844434267901867,1.5645556164796663,0.13338867211838115,0.9628677541389203,0.4316525073789961,0.04297285490657129,-0.739755042300648,-0.14160388121573544,-0.11839648828482088
4437,-0.9442299842244876,0.11096640217122204,0.9793499035779406,0.4344230649124443,-0.2594337722705714,0.8074184900711153,0.42723276617790296,0.9469386751212548,0.5447657591342974,0.3984590058092503
3081,-2.6619776628282628,-1.4018667823063549,-0.08534449022037997,0.5908415378749805,-0.2183819950623195,-0.3954075011409278,-0.09250588777519927,0.21029245921357748,0.14458073735756968,0.2537060074018012
3536,-2.00027211766858,-0.35068683459950356,1.0178298474740035,0.30409110594868627,0.9777604635638213,0.6301864933175396,0.32135759010587994,-1.057642074524934,-0.4561331998633479,-0.3098715499238951
8686,-2.580536680353426,-0.8912160484538981,-0.9281116730167458,0.7894384367579711,0.00045662611212514995,-0.352468276580147,-0.4094656457154235,-0.033296163908457646,-0.13996547738124454,0.09426352898499847
9707,0.24394010674216146,2.0456438370786114,1.4428549205633794,0.06337258754897106,-0.05335598839849186,-1.4324512552020818,-0.7314110860933652,0.1934120815329386,-1.094570908181828,0.03949702958966259
10872,0.24394010674216146,2.0456438370786114,1.4428549205633794,0.06337258754897106,-0.05335598839849186,-1.4324512552020818,-0.7314110860933652,0.1934120815329386,-1.094570908181828,0.03949702958966259
9058,3.676654387438073,-0.08156906060525543,0.4242406397710578,0.5530467392669474,-0.3075715167355714,-2.2159445334544725,3.563149497539358,0.12049006913092968,0.4967740894776866,0.7806980801277096
4640,3.541272339250633,0.476161770872783,0.5644037899007278,0.4789714722532752,0.8506459674569282,1.2030066206239924,-0.17165580128439836,0.8010380687094562,-0.061888979330727484,-0.5845230172390156
2525,0.8923996862112574,-0.7185351456673593,-0.9261887363576333,0.623886609050202,0.7816940963120335,0.1008462177895066,-1.553175334435424,-0.552138840606772,-1.0003810603810455,-0.8054330866329544
9503,-0.8110840878890478,-0.38211740873909505,-0.8455601808362657,0.6105824181474802,0.9821325047051803,-0.8819385017702842,-0.480608394485113,-0.9464317092072934,-0.48023226723062334,-0.41360123375996244
10704,0.9254023767358481,1.2016592421958139,0.7633224462665763,0.3114548008137277,1.6059566013820838,-0.321071530929667,0.9540889586666945,0.8420713683008709,-0.0050593381225635765,-0.6034410174400253
2669,3.360044461260787,-1.6365070758908804,-0.8407213888961401,0.7505820249652547,0.8115647784081967,0.9282146044602507,-0.5450524354183243,-0.10348585625411856,-0.25123143302287093,0.9606591450311776
10037,3.360044461260787,-1.6365070758908804,-0.8407213888961401,0.7505820249652547,0.8115647784081967,0.9282146044602507,-0.5450524354183243,-0.10348585625411856,-0.25123143302287093,0.9606591450311776
5680,-2.497538982327152,-1.4803405065634663,0.0031084643320474048,0.6093024753896811,-0.17092038632482143,-0.2505852049340804,-0.15914283199766627,0.4243080961186975,0.010162596441105863,-0.0010947282236942108
3726,-2.890399133947358,-1.3121211783148397,-0.28674264865291704,0.6641227919859743,-0.17348665206337172,-0.5539164467421372,-0.21447930765778614,-0.02337439965415767,0.06793868488721215,0.2636690595962493
4548,-2.231873039104878,-0.7061759211423584,1.0670725051136811,0.43080466722109767,0.20929856327689614,0.9613800290429392,0.2506613204375271,0.6227215913045726,0.3253277852277336,0.4423310756735732
4599,-0.8599628728817647,3.5033047130475405,1.3224071751410815,0.2423776974387218,0.36449467269419,0.602528029076593,-0.4311855967709169,-0.6788789826055174,-0.1870435205387835,-0.09494883204507465
879,-0.8599628728817647,3.5033047130475405,1.3224071751410815,0.2423776974387218,0.36449467269419,0.602528029076593,-0.4311855967709169,-0.6788789826055174,-0.1870435205387835,-0.09494883204507465
7409,-1.2382931287356367,-0.5104956936250824,0.15894483307012616,0.5381816922683124,-0.5535443720027304,-0.5469076884395905,-0.4017125422887835,1.1121551375429461,0.02248422850539813,-0.21545943531256412
1964,4.4130837695851906,-1.8496106011265883,-0.557020549016494,0.8596607511958665,-0.4776275383959831,0.9376183292915525,-1.0854683809937995,-0.5946748935151283,2.0422019152049637,-0.2323050722629786
0,3.426707587568531,-2.1333660498363125,-0.22915781688099765,0.6943540020063124,-0.04576603042856627,1.100714794061885,-0.05665179594733811,-0.23796588632055157,-0.1298062941256404,-1.7254096754686592
4860,-2.707347514968935,-1.4982513360633671,-0.10573791792016321,0.6334038833840647,-0.08747129293147818,-0.3192675131028744,-0.12019238674016774,0.3012155413990511,-0.14810147224233938,-0.10032797185419914
425,0.489531125760045,0.15482028102222592,-1.7784940842343004,1.1019933095653154,-0.9339568650898148,0.23501588690644507,-0.6703453066908466,2.643700416271581,-0.7229423946739557,0.5306637722301148
9500,1.943953135717305,1.312555721448965,-1.2122243914494393,0.7604947107063308,1.707034378370048,0.7878157057822749,-1.19235576700973,-0.5201618895029673,-0.1237446198109107,0.5608225469656091
3074,3.2925038682472754,-0.7056995922166199,-0.4934279590106872,0.7094034727597094,-0.4673907619870947,-0.8755597733700429,-1.3534477651563608,-1.1642515078390674,1.3119159497700805,1.0011269258516196
5140,1.451369588470533,0.861508362620418,-0.9523516654861648,0.8140206992026042,-0.06554615563855808,-1.816227268858677,0.4846119444161932,1.9455120156227685,-0.5266819423266762,-0.18229575062197265
2611,3.7501935672935542,-1.2989117403274157,1.2426544573345875,0.21092307573318708,-1.1048679854161063,-0.3329606780592435,-0.6326192027480126,0.6393130886394311,-1.7771289439500095,0.03873435344419012
916,-2.2346322235405274,-0.5620078249036187,1.1664071961217737,0.4683106482764647,-0.1182821282191345,1.243895813260529,0.24352742975854813,0.6316604714483876,0.19749457457026434,0.1794137545300794
10413,4.674924890225969,-1.1704337145227621,-1.4074230205429976,1.0163401330518225,2.0578869508211115,1.0484357178132766,1.124943186596664,1.266491541285126,-0.13159161561733887,-1.3870055543431439
3696,-2.7261387637190126,0.05515515086459715,0.3469448085651244,0.6115407917813324,0.15196450088860694,0.4997574208741345,-0.07173871027272975,0.010103306240527453,0.17537099898134795,0.43471697376913215
304,-2.5709870272830257,-0.4444996048169448,-0.8246117059603562,0.852704428141966,-0.16032553635011623,-0.4603402318597584,0.01912934128372614,0.160728476442345,-0.11194581044951572,-0.30245192388919095
5113,3.7024799476747408,-1.7222725497475275,0.16926145230517683,0.6370494901001833,-1.0459945852315542,0.17019274534642642,-0.38032833320904136,-0.701274265740562,0.6894440454784935,0.8759461820334608
2863,0.047932981681700376,2.718839923306661,0.5100725387888488,0.7300959754843487,-1.1153280038122129,1.7772485590536398,-0.5958926736162904,0.15210488581619613,-0.45262317965801097,0.0893854554318413
4597,4.744976757326541,-1.286504074434461,-0.09349502799331365,0.6546091224644703,0.1362531649223214,0.18891547226820357,0.08127931619042565,1.1412354069467907,-0.7799961456728897,-0.8052919374654108
675,-1.2903464620773015,1.574433734394932,-0.2859448744094133,0.846224809087935,-0.3732406923817939,0.520601696937313,0.7357044777686073,0.3616264297657388,0.2693456333168641,-0.03428809006868153
4483,3.706765226688823,-1.7669540664281085,-0.3090796176009421,0.846723084223686,0.18145048915305362,0.30061196713443505,3.152831958674147,-0.4139342782842006,-0.5590973808115146,-0.4414942438297424
1502,-2.7522749684781638,-0.8126277603015687,-0.578649585106564,0.7698594777335034,-0.2256313169667472,-0.5692293956402545,-0.28668190732550836,0.021885796803543127,-0.11282771979211857,-0.013065334688310885
736,-2.7522749684781638,-0.8126277603015687,-0.578649585106564,0.7698594777335034,-0.2256313169667472,-0.5692293956402545,-0.28668190732550836,0.021885796803543127,-0.11282771979211857,-0.013065334688310885
4487,-1.996238895062752,-1.256652556195123,-0.23501777991974387,0.6803913761461369,0.08081877886077611,-0.28566808423917567,-0.12034733948978384,0.688948543796882,-0.11299972100215239,0.19875472718189197
3412,0.20635706331499423,1.6949962214084144,1.2177277217675855,0.2943525635154444,0.0009044309137550777,-0.48556350778541424,0.31231042155376004,0.11169079245350337,-1.0623761640376945,-0.04675304886519927
1744,-2.176313366048082,-0.5520620404816543,1.116941131408722,0.32904114512207594,1.127777477483159,0.30375556625139105,0.30224752111671005,-1.2005811302945102,-0.1321116811759898,0.053045608601507276
5837,-0.8239347869838297,2.5168079718344427,-0.5864499534390909,0.9303494605409761,-1.007863758412673,0.4238660130976814,0.5938328760439662,0.21563108096876643,0.04447963854446042,-0.16078323904013755
3422,0.8175540162999738,0.4829545233674141,1.6112655217765097,0.21394502794527806,0.274488622008169,-0.8582921250521216,0.6140782138990482,-0.2557489619783632,0.2361784339560087,1.1258781279396557
7462,0.3631847677259549,0.5203030672603798,-2.2811456635053005,1.1011979388711237,1.4048022141099454,-0.9368025671969795,-1.370799063794101,-1.3642136111306877,2.1351358292496387,-1.90933362552433
10702,-0.3663256987271119,-0.08746082094760223,-0.9369754456658804,0.8025148167115718,-0.20932911260783935,-0.5970802563075513,-1.3490368291712902,0.7453199835086837,0.6531645761747031,-0.4516072328887411
2115,-2.217138334336725,-0.22368232518690823,1.0470015319833919,0.5039283946605748,-0.1990263677174667,0.9215441643055365,0.0033492530023645417,0.577306852209326,0.13136672843076094,0.3096874866178697
4138,3.503934330618546,-0.4414333794112287,0.7209436077667123,0.5796709389517477,0.5461856906604999,1.6011897073337593,-0.1287639699540638,-0.3390890997266848,0.8790755375285364,0.4101025912843337
11091,-2.467007008098093,-0.4692418419768625,0.9442500415686585,0.5483023881106326,-0.043964451372327344,1.0855047224039507,0.1670033054749297,0.4070281796360635,0.12295901036375122,0.18174004909899133
7712,1.4703179074982091,-0.7779281210682907,0.2082541319872086,0.4768245227638321,0.4979618093130844,-0.3582516286108871,-1.1209572135630481,0.3577955961395097,0.0261246229363155,-1.2840515048926542
3535,2.54064109055355,-1.645987098388267,-0.7023438567525647,0.8365433311524703,1.1286286903615754,0.6862136037610579,0.3102832915088094,0.05814065233538523,0.2009024174256381,0.2668045573380533
5899,-4.861373054255085,0.8874233523437973,-1.8005851421482897,1.0556169805517186,0.7702066262727311,-1.3641660884892117,-0.8531332456809143,-2.454211096617357,0.22482612123590598,1.753295700081205
8749,-2.1410643929356845,-1.713083323217934,0.22356043968300934,0.6764319664590271,-0.18422097344929908,-0.025843683313739582,0.4286421254438974,0.5672980586174565,0.25412541611436246,-0.07914259121387936
10955,3.4309179044916207,-2.203831405941332,0.5365731711640501,0.7128402296179059,-1.3618838159964561,0.4385819740664764,0.4293923950079785,-0.8610108271597827,1.5166554694733247,-0.2464930730617118
9491,-2.4868934474513447,-0.42823054774578645,-0.7469218966279577,0.8818036529562836,-0.3032775865063926,-0.5058896050547113,0.13842353175204702,0.07139754519593898,-0.06900705512657128,-0.3041039343795281
5286,-0.7902894794543613,-1.2928712518674996,0.9481048395131326,0.353934856692735,0.5674651098689888,-0.6271799205447279,0.44571838066444824,-0.08700941817803502,-0.1042734463690929,-0.7521156303168507
3409,-1.6277692891641335,0.5278352843076326,-1.3076371814943317,0.9402703531007693,-0.13953971159453135,-1.3160093893112357,-0.2852373867410758,0.1793010542664286,0.42483565888019975,0.15232686974042076
2544,-0.9278847044216084,-0.9745341768980115,2.4566431426554916,0.07425527609329761,0.5427448968399535,1.0818987207507933,0.28828374761925313,0.0407899619225155,0.0720498821401879,-0.38428382757409
2118,2.007138951993048,0.5906990663080612,-0.5014177573080995,0.7382187723976629,1.4640003736371432,1.6285827442357133,-1.2138038708620977,-0.1880085883656267,0.2800522818278854,-0.48635862108285954
9370,2.1353508765423554,-0.7710095410564175,-0.2985329428409182,0.6153762512745,0.6821117765390841,-0.5956722459880649,-0.17322400697038842,-0.011788463135153898,-0.2708001768936731,0.63492451190302
4864,-2.1896818304511654,0.12160314518039438,-1.0421354280399326,0.9474532309495037,-0.5947883352228557,-0.5811791801997505,-0.005013635490765732,-0.07150969923648061,-0.07082805138167357,-0.11768535941886889
405,-0.7729591998384355,1.6790108737365044,0.23550834204488874,0.6176294600097934,0.5765572633318885,-0.6112840868366782,1.2153572651522655,-1.2564521828839117,0.20529302666037239,0.04355834010053417
10513,3.272090533630573,-1.898674155571013,-2.0996455513922334,1.1944357723113037,0.6732496197646264,1.1095020936272377,-1.576060375991428,-1.3217343087429818,0.09555059125649502,0.8948296138109845
5138,-2.4399435628843142,-0.27968299954615494,1.0351184493477155,0.33753572443856816,1.0669767690268743,0.031189094022017392,-0.23904318313367237,-1.267179246904271,-0.2535123764839159,0.08226333493772954
8387,-1.1794188728553419,0.1323664758743723,1.3564500607280345,0.2263810069715511,0.8934837584907801,-0.14123288551204768,-0.3550680719396265,-0.5849140776264848,-0.078213805757494,0.14684920334249002
378,2.0655681662578997,0.049360050652026435,-1.4792707444668212,0.8494803069677941,1.6994177088197737,-0.3502879424290456,-0.6272696520386425,0.41416187563338597,-0.8784959504653311,0.0950715378567732
5846,-2.578797743077003,-1.5264156096072121,0.09389274502641273,0.6641253028658106,-0.2366777090319892,-0.26026145792589106,-0.04345855546522521,0.3355136334412624,0.1683383887430551,0.1338345127895476
8870,-0.5890354710614761,1.3703218651192044,-2.7676622626893073,1.4508789308066596,0.555027959962163,-0.4652747391110927,1.6429299560234718,0.6844377061993561,0.08834054109275392,-0.8285792298254775
10340,-0.5890354710614761,1.3703218651192044,-2.7676622626893073,1.4508789308066596,0.555027959962163,-0.4652747391110927,1.6429299560234718,0.6844377061993561,0.08834054109275392,-0.8285792298254775
7290,2.0238991442208554,-1.150207244173806,1.509075529803832,0.23850766413588678,-0.9836292377391155,-0.5398897333442699,0.0405187220617147,0.5177730643784875,-1.3119844001506227,-0.3423943002700017
8895,2.0238991442208554,-1.150207244173806,1.509075529803832,0.23850766413588678,-0.9836292377391155,-0.5398897333442699,0.0405187220617147,0.5177730643784875,-1.3119844001506227,-0.3423943002700017
3635,0.035318572124823366,1.4654970656921682,1.3742216787172048,0.2740646589571092,0.39224691283966456,-0.5325214383405584,-0.044667234216858434,0.05223864133592881,-0.30923331508776436,-0.3172406476691333
11178,-2.533596978641025,-1.330601525915536,-0.00209600594280053,0.7040630003795577,-0.22634755393431855,-0.42288393576236966,-0.1787215696936726,0.3623185588417217,0.016342319267978866,0.16543259466332633
2410,2.9318617242244094,-1.8230766573938604,0.43900780395496564,0.5963955764758778,-0.16120137600092335,0.6387279040989419,0.013808404386553778,0.12972156798937315,-0.25559057975132293,-0.7119471418759754
3281,-0.7924783918064149,1.8493900300203823,-0.45854096566030267,0.9490942806255437,-0.3538409875044724,0.9669644267518038,0.27043261009527686,0.8307153656332796,-0.36250238593221323,-0.5955586903315481
9905,-1.7880696282700557,1.1796595379237718,-0.22169903883260758,0.941743841144054,-0.3883908778939146,0.6757701642196111,1.165382764015682,-0.060274395531471445,0.13173880853859177,-0.014270678617726178
2437,3.4726456256828238,-0.6204123711673805,-0.11018502475631005,0.5716860702095374,-0.00016642067831381215,-0.7019962044970546,-0.8738316091871628,0.30788706967701857,-1.8365146210491077,1.0433091249530362
2565,1.9704503041805281,-0.24045058990798804,1.5071817398408676,0.23086568595447737,-0.4573804151958227,-1.736107371867954,0.22655506120057473,0.8580075231939668,-0.597431808357563,-0.25856438942555415
7912,-2.190233723283532,-0.6977366691550174,-0.8663125599803464,0.9333961980738917,-0.03570346772906542,-0.517694009091621,-0.030665501234099956,0.00971013564942701,0.42471291354006996,0.2287230932252478
7072,3.7708634384569786,0.3419156081527445,-1.5232049968284158,1.1451090164746884,1.9571146637120906,1.2934567556581484,0.5100917678547383,-0.7300921460059,1.5488024058975152,0.20315010923021715
1409,-0.7371043374000396,2.844398855986497,-0.6172918489931783,0.8249087948127946,0.7182889971732859,-0.1458781431697526,0.6670501988216074,-0.8195458294148364,-0.391141747350752,-0.7012785216743567
5314,-0.7371043374000396,2.844398855986497,-0.6172918489931783,0.8249087948127946,0.7182889971732859,-0.1458781431697526,0.6670501988216074,-0.8195458294148364,-0.391141747350752,-0.7012785216743567
7215,4.084472536541664,-0.1455141253269529,0.8239109490566859,0.4229995829658525,0.823317046993349,-1.1318497825933722,0.9377022023059557,1.9350778766567,0.27820452325813794,-0.735226390878196
8858,-0.6984761683264881,2.2594119834987927,0.7856031267747009,0.35176881295229073,0.22795580157455056,-1.0379132901373775,-0.9521027348520943,-0.6336319267337297,-0.17701358976125364,-0.13379904498277065
895,0.2545057207341949,2.272836973707949,2.1136531032050576,0.15264663728353214,0.774525727715692,0.7874487434415309,-0.13360821621888022,0.17972161045476934,-0.4420849006028119,0.21250493662891443
10313,-1.8764937042883323,2.0118683953159366,-0.44846264875269065,0.9165533973719823,-0.6005902282850105,0.4159973165426522,0.1696271966794189,0.0017665526985605662,0.14301477854021696,0.11816001637736136
642,-2.538805643461079,-0.5888626103320361,-1.3677478237685654,1.1069219304542532,0.07563369216020498,-0.29668109145244187,0.26695708182206573,-0.2836863291771139,0.14576271252055714,-0.4621909452881105
8504,4.078073370783636,-1.3898926497228115,-0.7814515137454102,1.0193736200265995,0.5747278480156205,0.45831799338356843,0.7053995223097336,0.021789324453107713,1.1648130789288518,-0.730072566968235
1020,4.078073370783636,-1.3898926497228115,-0.7814515137454102,1.0193736200265995,0.5747278480156205,0.45831799338356843,0.7053995223097336,0.021789324453107713,1.1648130789288518,-0.730072566968235
3717,1.397261917371097,1.0237251417976512,0.5668715140965354,0.6379941191616082,1.9530878479598974,-0.15181570174603318,2.598290565022582,0.7616660574270832,0.3302105879296618,0.03342609326373355
7646,1.804498708155985,-0.03137304907098697,-1.336177658187973,1.1011286372843814,-0.6648790435306067,0.7153623301734081,-0.3270615368781393,1.3555725413077868,-1.3223727557177294,-0.5054822462686333
5796,2.6877284585535555,-0.9101015850729179,1.6338353473376463,0.2826464560982253,-0.836148658007036,-0.573307961424589,-0.3922675735324787,1.020956405461257,-0.5768591141078061,-1.075680120237531
8625,-2.907656309340289,-0.4000423625500419,-0.8309403482291943,0.942227868379425,-0.32626722693451066,-0.6059421128591196,-0.39321974202833665,-0.14918529585676027,-0.1597694144498042,-0.29347161068259536
5407,1.5025842115383996,3.3026092305739096,-0.3655679326102235,0.7885379527932126,1.012901502435842,-1.4952113955134965,1.8846424433740319,-0.03481450715525185,0.09521115994648556,0.21686366571778848
4356,1.3410211026376218,1.618904861564827,0.82909288175638,0.5555744235936292,0.6743324526787116,-1.0609754949557735,1.7056820636184307,0.2342393432335884,-0.05416518089204694,1.0287100936325544
2886,1.8315016705649751,2.9370713023630075,1.636553156009832,0.22065913048480423,-0.9333485087463352,-1.6833412884486134,-0.7722472408707748,-0.0804997787470921,0.25140475625880104,0.052363405084980455
10057,3.3754962426414035,-0.36718690586747055,-1.2012616436360595,1.0565526111796153,0.7319543152791513,-0.743386486477105,0.34108160215180644,-0.2747123894386131,1.122486561539669,-1.0334189842604766
10741,-1.0020239441821621,1.4320206343443846,0.6779162733628236,0.4870280199784347,0.3453807887453476,-0.12397472692188201,-0.38929351530954637,-0.8569011508933491,-0.16460975981271955,-0.08044585934302703
5491,-1.0020239441821621,1.4320206343443846,0.6779162733628236,0.4870280199784347,0.3453807887453476,-0.12397472692188201,-0.38929351530954637,-0.8569011508933491,-0.16460975981271955,-0.08044585934302703
4442,-0.7511211926313228,-0.4051977481663429,1.3468506068347699,0.4228341286321766,1.015620503485344,1.0777123782899545,0.620031333324835,-0.17203817824064135,-0.45142291414788777,-0.4031987772040472
3972,-1.3220936269435917,2.4946809508420125,-0.6604179531267323,0.9673006239725689,-0.31207295761494236,0.04930377158413776,0.16521777942653393,0.35224594205528287,0.27573791278532905,0.1633353333962101
2431,-2.2864162980313614,-1.1095836178952894,-0.006831652078473475,0.5913305951756399,0.9521746278039782,-1.0342657383273193,-0.3078338898638008,-1.1169991487432043,-0.5074654177220019,-0.4933179314361646
7899,1.6829868069837093,0.9278115606492714,1.4622370377693594,0.3990927934136315,-1.0788331826055924,-1.014131866216991,-0.21222396828548248,-1.2972487064485914,0.6578353215859977,1.4115423389964845
9703,-2.107221222544293,0.9399834040977838,-0.21211705184005367,0.9393652724655026,-0.03489893235669145,0.4763926082778375,1.0405063072178475,-0.08802774439161658,0.4138484310776283,0.35928159486907113
6927,-2.0608084857502504,2.6492258913989137,-0.47044250052383535,0.9791673719423358,-1.2686771332792086,0.5644987900431028,-0.14436486181374553,-0.12955286579446285,-0.26044780832850883,-0.35318636811833043
7005,1.6858304185268653,-0.4438738447639901,0.9681994298608387,0.38216339645780034,0.5513447188426362,-0.9678661657130724,0.17198050563247727,1.3235883836154083,-1.245966858092294,-0.6479341970854703
246,-0.8289435571542435,1.745426856684499,0.3634252200064871,0.845572614500758,-1.3181658023033045,1.4825402507138659,-0.22219874773442194,0.830252675859732,-0.17546716562345233,-0.6522902792778029
4796,-1.3986261112186038,-0.9649834122517174,2.1529631158945524,0.2310977649232199,0.8150546838388681,1.017923324458131,0.13186787879910045,-0.2087539771322392,-0.009311634031081165,-0.1477531821293531
4725,-1.1972157555431961,-0.8364600425149884,2.2604586061312673,0.2156697018792286,0.6826800827196947,0.8624989283664125,0.3597375016412283,-0.11934850273962784,-0.07978896712493946,-0.2969989364683124
3286,-2.5836555776459305,-1.0334544175140548,-0.2558875787353187,0.8534553229938385,-0.21641892504653143,-0.3285982599642344,-0.08641925711145339,0.30826746884678563,-0.10966236030493257,-0.2095519332046187
10680,-2.4807430033904434,-1.0242495602369994,-0.20172604140964556,0.7881942469843928,-0.028431541854976584,-0.7460506744919926,-0.35011689082611935,0.34255969646995255,0.17471924386655052,0.13306370541299262
4297,-2.871577809063935,-0.8425657835027972,-0.565855946614952,0.9043458764418544,-0.2244085918060511,-0.5885642374682633,-0.35709950821777364,-0.06722700322186777,-0.1988686428288724,-0.06347197190369676
7327,-1.9411112658906857,-0.34102278351580956,1.109402775463836,0.6609790361763603,-0.33869447229391814,1.5032622217379747,0.44295414827861646,0.6752487082487098,-0.10441081661015258,-0.2062716657923002
1553,6.153803754029702,-1.0105991898760807,-2.051969456521844,1.1906903318450124,0.6145296229823412,0.4320883186052382,-0.8741082049206486,-0.2891178583123782,-0.9057711294857538,1.3595361514218784
1665,1.5316108794128078,3.3366158361396483,1.49626922323565,0.5859118122217535,0.7337428752413979,-0.18286194046888007,2.8502263892190283,0.23791279498000625,-0.03264637946652644,0.6459860910493099
10640,-1.8662464296232928,1.3328697934153546,-0.1803068281311322,0.9373477041619899,-0.48231785551735396,0.6928440587571867,0.09901939231480239,0.04199506052101186,0.23081766080588906,0.021715988794182593
7620,-2.469723583636453,-0.862286371299927,-1.101848390461244,1.086266705337871,0.09005703891021667,-0.5385520060224632,0.41795043111284763,-0.33135042999615305,-0.0698108297592281,0.03050365750532353
7761,-1.9016683686651568,-0.7789522895974099,-0.4939114568708456,0.8972316378817634,0.07178182842259069,-0.31726295041045666,0.0638914580831906,0.6898896173685612,-0.04939334017030678,-0.10254667286709143
5062,-2.5912278718385986,-0.1464764532399596,0.6914880414467951,0.6415404251575026,0.1060704941607963,0.3163172593351587,-0.2716413566747153,0.02337356918885724,0.6680416832567768,0.9856677243757516
6349,2.486760044891633,-0.3788905875758821,-0.5687499979050072,0.7837425664662828,0.5113609155753204,-1.123695118141234,-0.26525943977884353,-0.3300037920215994,0.17713347931996584,0.6570022552706793
3386,-1.61469834428672,-1.1085804859009711,0.38195273963529414,0.5593369364143195,0.6363510084057263,-0.921727744335571,-0.12768172118252397,-0.762603039304818,-0.3511718859929894,-0.5218047584489569
8175,-1.61469834428672,-1.1085804859009711,0.38195273963529414,0.5593369364143195,0.6363510084057263,-0.921727744335571,-0.12768172118252397,-0.762603039304818,-0.3511718859929894,-0.5218047584489569
6245,0.45163694981747315,0.24378837573625448,1.9755874270057174,0.27949098078610013,-0.02176415903035862,0.3738964993767167,0.014213849844173631,-0.09564919881146831,-0.38049428098257676,-0.35188197869500987
8780,0.45163694981747315,0.24378837573625448,1.9755874270057174,0.27949098078610013,-0.02176415903035862,0.3738964993767167,0.014213849844173631,-0.09564919881146831,-0.38049428098257676,-0.35188197869500987
2276,1.6315252978514931,1.3106639329547904,1.2755944622187516,0.5478132900289103,-1.0360999971228928,0.6321132933297872,0.3370162348893569,-0.3473386221749267,-0.8673529273251684,-1.0825109143778078
1172,3.935618757115595,-0.3375065913841307,1.414332132547253,0.3483152867147067,-1.8908142720469592,-1.6601618692638491,-0.6691993613852699,0.39717649178655207,-0.24443573840724328,0.4230670061862351
3225,-1.4218162951524054,0.0855826587017022,-0.7521768229575388,1.004651582772287,-0.5049035047188314,-0.30934620804522495,0.13213755079122144,0.6658418358171557,-0.07333734683898673,-0.45740394955912356
8629,-2.3113793565027727,-0.5973314904745791,1.074472475531149,0.5930242243926284,0.1268545175102642,0.8317768156414311,0.08890197904652081,0.4971092030285037,0.3628002616631821,0.5321281789413755
798,-2.7854307305820374,-1.396919745998291,-0.27256537252549334,0.8436237765912892,-0.014524410114914664,-0.43290866898372277,-0.21399030688231885,0.14398730689229433,-0.12124392646473574,-0.09528046735270188
269,0.6048413812034789,2.565456225445468,-0.4791430755535211,0.9439811595514953,0.20138644458627458,-0.45915078653154906,0.6797242650341954,-0.8772653196359457,-0.3487475992693837,-0.2305410579670247
8213,-2.3422909282963253,-0.36532535445436737,-1.2120974470443768,1.1776396830276106,-0.3670105505801834,-0.06601157927899037,0.22731254339937335,-0.23284958124457855,0.01965790374804106,-0.8500709667692224
10245,2.1596812393023868,-1.7916093927929593,0.7295950405046421,0.55029934508819,0.0013381120762918583,0.6617317576786211,-0.14543871949921888,0.39669709236380596,-0.6664353647773884,-0.016256139777262094
2447,-2.4237581966862187,-0.9879267492496617,-0.583778794519031,0.9231397339757724,-0.11551755196477383,-0.2660973459217137,-0.22418293592955435,0.14956038533398275,-0.16324073269731437,-0.01359099004356649
9817,0.9723354847449314,1.2896923447562343,0.32283961037422443,0.413012394503799,-0.09851883068547264,-2.739825667197642,-1.4409646251840487,0.17515826349496727,-0.8108862586936348,-0.45086178226528356
1371,4.073256233866261,-2.0889343498232957,-1.3443231048982591,1.0958687682667343,1.7063337679721284,1.8160583901296399,1.193223125843398,0.5051545712289048,-2.304321547070301,0.9245370802958821
8093,1.513189126574702,-1.2332867551028432,1.5406759663968381,0.3949171062746106,-0.3510068241250831,-0.4239037181813056,-0.35923575200473196,0.5173139169904779,0.7643393395147388,-0.77444029520726
713,0.5941091963800149,-1.2775322955900554,0.5597004919548664,0.6023320107252866,0.3613228093339157,-0.29888063793831143,0.07659143429834887,-0.2230752580974423,-0.11545586668919554,-0.8607877927955437
11051,0.4379229606589163,1.5513750038210525,1.0161175657966466,0.6105472881977617,-1.0895644864130651,0.4497743818943497,-0.6250380941305888,1.4622179179148773,-0.10508217117351021,0.1608787740440738
5545,1.7322257786592694,-1.240991773147399,1.3238367915201006,0.5081208307575261,-0.1912614630032617,-0.5879904057656941,1.1147595155120535,0.3982491998171827,0.5040060359832119,-0.45854454215164525
5283,-1.9871916815282153,0.280315908547243,0.6576649658366415,0.7681066842098373,-0.20772869009428468,0.8223989467671909,0.3325634816221852,0.45578862662633024,0.1466404662927905,0.11780347049568411
5010,-2.8632416655070863,-0.9840470575985049,-0.5782264355139712,0.9603003692968233,-0.18081650587593542,-0.42398253799690483,-0.17451779975512222,-0.043709773611973105,-0.35815950839755206,0.0013988429847576268
7495,-0.8883068926450187,-0.19447004816681157,1.6427302994110622,0.36154881069051176,0.5518963259163904,0.8186056731383675,-0.1481521658157312,-0.3693650162496498,-0.5040082925340048,0.0854404092120563
4368,-1.7721077765147681,-1.145682277153817,-0.08685461097197249,0.8071959280758219,-0.0918544117630491,-0.37088577010447354,-0.42551341104383356,0.6857018060911669,0.21043680189442399,0.06719593167509491
6303,4.657691293750194,-1.8871126033059444,0.38790993783405275,0.7372650621352109,-0.5035699540679827,0.7121197898610012,-1.5627329648808699,0.44834943734618665,0.9513441158734943,-0.9778075472090846
1030,-2.696300307713344,-0.09222504305047176,0.620366411691685,0.7382147098020729,-0.05279199606900775,0.6485066401681738,-0.06549903166507391,0.0518865610132415,0.16374085080381628,0.4790026765198855
10364,-2.4932755753313582,-1.311286454963462,0.18908031783094076,0.6423772971413669,0.8004878879487087,-0.8906500430349719,-0.27521868059186244,-1.2270631285609686,-0.28544425988927885,-0.4935202056707732
6945,4.185537773764719,0.3094337988091157,-0.12014138837042225,0.8458701406731682,-0.34223836876115404,-1.7669708913150097,1.499287224813149,0.09738656930743705,0.8341747157358258,-0.41527174814031076
8562,-0.39929344984664705,-1.4559798688350374,1.5133819217468163,0.33734016464118827,0.25062128658407196,-0.26540258072064915,-0.08200330665604587,0.4938784950388956,-0.6574283763122865,-0.9974590189459501
2918,-2.3668776693848668,0.189186695828309,0.4675289589240746,0.7979466022487895,0.013917708230649195,0.8842504317832081,0.1349876078102775,0.36659577730758197,-0.06541299113742144,0.015595730399420062
9167,2.2248729167350065,1.714177498097787,0.002261866124511912,0.6327713266892412,0.8890192155929045,0.08587022712365101,-1.2297592146335823,0.24447965288471715,-0.870199095630397,0.2690742234484926
4743,1.1761758762250354,2.7836826009770164,0.6665775088756917,0.5695384829200895,0.09297563912127912,-0.8898090132588923,0.17715533880169906,0.25700958873497104,-0.6366200620528962,-0.5415606852327672
10742,1.0946191889098584,-1.481808310496918,1.8518350789409634,0.24392696615230264,0.06040183096528271,-0.6135658801693723,-0.1650022498738965,0.7576160683039985,0.3602398173556814,0.04676957064709524
10965,3.560650539880692,-0.7058765581168335,-0.08885273157866674,0.7162464242900473,-0.4694368646204126,-0.6879252247227988,-0.9575785415226956,-0.149562666694186,-1.4039798950473672,-0.714598130542694
7129,1.0743415700210566,3.240242202529351,0.4682374919619507,0.6885467791192728,-0.9598794762008912,0.06344411302678608,-0.5374824907072527,-0.08318399761042258,-1.4495546742410965,-1.3871254386930656
3732,1.7617295921288287,1.6941868407412308,0.17739238149138886,0.8982868031441369,-0.4614870190970015,0.8885929037062295,0.5079272783877915,-0.7486179712608838,-0.041376156990995706,-1.7249153292668724
7124,-2.140917201094596,0.8148741498317832,0.2415502572332057,0.9100572729227733,-0.5077081090234671,1.154889691407318,0.5154582160612384,0.23538483522652115,-0.22681548861291057,-0.23482582389326132
10686,-2.8868148109474574,-0.4597918458884775,0.6614952268211909,0.7132362554709292,0.22403310345763783,0.5115406886632694,-0.06790055505053412,-0.07121315124544818,0.3601875215203059,0.6833391563101792
7247,-0.0897287107811925,2.316017301085931,0.6583141554673245,0.6115185487230675,0.2792554189620437,-0.6501918086082762,0.620770216281845,-0.4263898623775516,-0.0917720074468713,-0.35860900996285433
1513,1.9560428830380976,3.663701026987021,-3.3995201298321898,2.0107321921363033,-1.202393422619692,3.011930945603044,-0.05007317095075648,0.1102215166628882,-0.9761749900264726,-2.8113567343721537
460,3.3733770285622513,-1.6183763460647869,0.8403362937519703,0.614664027568119,-1.358239915606373,-0.15863454952548306,-0.46758317356089185,-0.33735858942224717,-0.44838164378394274,0.6384311660725008
6653,-1.1040354326055077,1.7067549444350443,0.14321212346426493,0.8181058275825104,-0.5025435447443091,-0.07516315510288726,-0.337619272226213,0.38033405376517915,0.7147450361194827,0.357221875015552
9400,2.6857286613650055,-0.8737360689257523,1.196419844623387,0.5391947412717558,-1.0143771424957728,-1.0998846047566222,0.6217127471319168,-0.0548527829331077,0.5030374098544775,0.2657403756423581
7106,2.6049095491543444,-1.580059250142859,1.4224706900353143,0.47627824681375613,-1.2308173668908824,-0.22027762115041308,0.20863632143175426,0.04730603223790853,-0.9539799250815865,-0.8548128359526481
4252,-0.7905695653072455,0.23137550868784698,1.4320957870793494,0.39271718590687477,1.189381367010954,-0.13244614112591463,-0.054333053647668605,-0.09098607154384644,-0.11456565920682192,-0.09659259254312316
9240,-0.09357411316506446,1.2561521783092493,1.4892967379745745,0.3402476007482686,0.6549949952363414,-0.6828935133029236,-0.4423788518302403,0.13276046861343194,-0.12443143193624041,-0.05949240892726725
10770,4.422759277162502,-1.5233117964605931,-1.1921497651164128,1.0688650143624852,0.3449461451532352,1.7719044526496628,-1.2369641041072907,-0.19398215147505415,-2.1195335868818774,-0.08013182549472277
176,0.4281245161492121,-0.20363759561927786,1.229764872857166,0.488409030117312,1.4280356594484134,0.8635132215642164,0.0827901109928377,0.3282698036593471,0.1667006544856024,0.05972960763255733
6870,-0.08050808778727155,-0.27484520310314653,2.2935305031400652,0.22625555144233786,0.6905056454204943,0.6135680473451676,-0.08792875689427614,0.5362814608759784,-0.026216595486815902,-0.3938126749452136
143,1.6296410874709812,-1.1364707239188006,0.180572324894775,0.7696417530168618,0.7757828309421637,-0.4757596416471257,0.8281450439789624,0.08146117272973573,0.6412300985323269,-0.7882929775778144
6445,2.020343508525823,-1.6082013357715934,0.42081219705045625,0.7090885903025831,-0.12586080747380177,0.2170516283524943,-0.06902958031976274,-0.28655013917825645,-0.3818542958120336,0.589407618975154
4278,3.9028858497024914,-0.4591093835357176,-0.13966966293260624,0.7455616699536748,-0.20090310843910394,-0.9807386006686175,-1.2115370341339073,0.0886286543046556,0.7849307132574512,1.4423751878154247
6906,2.984690509757171,-1.8870124810252382,0.4635380207389485,0.8875896194824845,-0.9332250703434198,0.3127900722415411,1.2723805247519915,-1.0054175132055232,1.056683336748512,-0.12958133035833422
4637,3.628676952763951,-0.7272013512564162,0.7367989430290517,0.5737946734451501,-1.256888031843001,-1.0503443057073212,-0.25899301573653355,-0.5301435335293917,-0.990815467848374,0.7139149276453892
8690,3.53782928438779,-0.8329646146227985,0.7556081993410116,0.7097566817540953,-0.6424534472326255,-0.7950421911618705,1.4123402389036386,0.47733320315750627,0.18232416506911403,-0.4076859897063321
1173,3.57887759114437,-0.8783596151538157,0.33459499789196895,0.7618624163399952,-0.1588477689084587,-1.1571257302334665,0.9780434251484943,0.584717017036614,-0.20286666430960715,1.5971950616384027
1928,-2.734931365705532,-0.6399163254044197,-0.7054068159379355,1.0051095419519906,-0.11939898044137481,-0.7603848189658517,-0.17951972426893703,-0.018464949875036486,-0.1245857225514661,0.13535559019433696
9029,3.632160667193185,-1.5418494257794495,1.143051832638188,0.6115920759521309,-1.3627819918407242,-0.0672471150264923,-0.07231146349471203,0.05441966142705113,-0.8298411304314246,-0.7857728487158591
10299,2.011995173139336,0.10612134538547197,-0.5545812062762835,0.8117402847829176,0.2634232694148328,-0.2693626153327417,-1.3592305331270913,0.2445765709857883,-1.7249815298023705,-0.5405958674831987
9246,-0.9981712554831854,0.5563271030827456,-1.180042658232606,1.143327343443494,-0.29580971321626764,-0.7182478426129658,-0.04023504093388205,0.6725392750327401,0.08856930336671172,-0.5745992856886032
4943,1.8300745349238092,-0.11136878304756014,1.0843529202775373,0.47482439411185345,-0.4882931515427699,-2.1040866955085233,-0.20096778189470285,0.4090622682332908,-0.6679966451424154,0.4318855827221348
4122,1.9818277338474,-0.9448654398696293,0.05848406853339055,0.7229036545049192,0.30283420243916687,-0.46658818894741716,-0.04202869671536726,-0.5284018461117762,0.2510328571855331,-0.002150854533310491
2853,-0.7711342589497825,-0.810750832428713,-0.5777091180876994,1.0482721445406364,-0.0950017112827396,-0.04359006853599569,0.10897899175702559,0.7272949777576885,0.10828805656540727,0.4984841497147284
902,-0.9402604699137551,-0.5110632500571355,0.07221406059654678,0.8072640528046695,-0.35042585924403247,-0.9634695676250515,-0.5482374552538589,0.8232214178819756,0.7820519883663168,0.5060773484987297
1672,0.5504670952037111,0.1407868119473525,1.8444731262198437,0.35590300197845554,1.0827043673645131,0.28727683868979453,0.2539212899383785,0.8053062280948691,0.046626118336575435,-0.34905828784420606
7254,-2.1094158281399786,-0.48899475527843134,-0.5782092443338498,1.057004425940334,-0.5397935648135952,-0.3733451894732026,-0.05686184793508508,0.0839305288424571,0.09404383444285831,-0.22588374775555856
8775,-2.1094158281399786,-0.48899475527843134,-0.5782092443338498,1.057004425940334,-0.5397935648135952,-0.3733451894732026,-0.05686184793508508,0.0839305288424571,0.09404383444285831,-0.22588374775555856
9543,-2.9422538618596183,-1.5408469197819872,-0.20930972323536592,0.9474351322276224,-0.04060804309526084,-0.35604158017358734,-0.10324575494969082,0.09416385502496648,-0.36353965289740164,-0.020718303939575723
7093,-2.9422538618596183,-1.5408469197819872,-0.20930972323536592,0.9474351322276224,-0.04060804309526084,-0.35604158017358734,-0.10324575494969082,0.09416385502496648,-0.36353965289740164,-0.020718303939575723
2894,3.511552394629379,-0.4893765316071432,0.4043969214486371,0.6602144322796177,-1.036589120588792,-1.4382255533206865,-0.7633723571379827,-0.27838046577487513,-0.7656875063253451,2.1786777385921248
5956,-1.8930401168948885,2.74730632266265,0.4156405078304614,0.9063384635294363,-0.061363551408485706,1.1337503069287047,-0.025644043552425593,-0.23841530153562418,0.6378459469092206,0.7793927939727896
1921,-2.422889064811161,-0.2552225403684257,0.5532731957027895,0.9668840971878607,-0.9168462706093344,1.330730629361322,0.17117327703051988,1.8458862333969732,0.8905384121041542,0.973944273068742
5057,1.454705130985537,-0.006127583712165233,1.4899649775198642,0.4935581438090443,0.2163330193804186,1.1225417092551877,-0.7093910361626891,0.11232829624013733,-0.5122476670431941,-0.47807820346220115
10260,-1.0403212107285011,1.1747164617629209,0.8556463295127289,0.561411297924196,0.6225902097717159,-0.30602310486416234,-0.5173933658595067,-0.7675142959751369,0.01821050568178657,-0.07686717732528361
2262,-1.0403212107285011,1.1747164617629209,0.8556463295127289,0.561411297924196,0.6225902097717159,-0.30602310486416234,-0.5173933658595067,-0.7675142959751369,0.01821050568178657,-0.07686717732528361
7930,-1.0254402282357569,-0.6704880614335711,0.032544916275177575,0.7543098786471484,0.7472147871423129,-0.7532201087891562,-0.12881028194779817,-0.45329189338140446,-0.7533752935686975,-0.9276096800018643
1461,-2.647737209014174,0.03980510858567792,0.5000066452552739,0.8202694065795095,0.07251035249986272,0.5420715517417396,-0.17031304275894932,0.03970890855977892,0.23855860482077806,0.47259703064921044
7514,-1.66660126958187,0.7909122736554104,0.2758210923690926,0.9291660400841876,-0.35709354440232943,0.8982440753309797,0.162049053847167,0.34189247088022306,0.22997648107828592,0.23229337413684215
6461,2.2519384968698373,0.5212948880366849,1.5087466977595114,0.4590835527755661,0.8358334122872787,-0.009646122284850555,0.77490118900593,0.7925376059390792,-0.8514671036477968,0.24710127385988123
257,1.6282209595788402,0.8492648407542174,2.1961847110126667,0.27420218664231005,-0.41627343184672266,-0.39620372190978403,-0.49905006487266096,0.30790689581975295,-0.2748354397964606,0.1477245900842441
9460,-1.694400232623017,-0.9737660538723044,-0.266415765019992,0.8375157933529923,1.0090612169349875,-1.1274274036152496,0.13990314797343167,-1.3019374945808544,0.07503176889673739,-0.4526245042295302
3855,-1.694400232623017,-0.9737660538723044,-0.266415765019992,0.8375157933529923,1.0090612169349875,-1.1274274036152496,0.13990314797343167,-1.3019374945808544,0.07503176889673739,-0.4526245042295302
367,0.6213757577768592,0.8970794532181472,-3.898169809114344,1.8301121193028926,1.0892144722891648,0.400884341469218,-0.7805859358591086,0.004282402115456341,0.35624944448473805,-0.06597207800681272
9265,2.543784073770327,1.3055646724793477,0.3459762137906771,0.6570541349196496,0.7758622017017799,-0.44753348936549237,-0.27241922911015365,-0.27562623556556504,-0.07398551953486651,1.3876205502077283
1990,3.009812693711038,-1.2664685707982057,0.5269499481775777,0.772513123933418,-0.8642210460153129,-0.6243598771468899,-0.4607899605783397,-0.36364411100508875,0.165724719613853,-0.4596500751868532
3594,-0.4419586648025598,5.181822251013634,-1.576339566218851,1.4571218589499362,-1.7957519847693797,0.4232760208968959,0.6914370380699215,0.5194336715361224,-0.9127664505490326,-1.1428177322051751
9292,4.463315817515859,-1.7332479931317024,-0.2714205503963107,1.0857696488688717,-0.713313748339112,0.6495754540777955,0.4174431638196142,-0.8014115363623537,0.6524405839914045,0.562780113657781
6218,-0.3713393723388673,1.2522195615978762,1.488448741802917,0.29061260648608855,0.8979582694934474,-1.1455750720144677,-1.1260982423976762,-0.01878158906463574,0.24640680130842857,0.44057051305028905
6528,-3.139496370744481,-1.3416172146038075,-0.4037775311904056,1.0091177916441134,0.00747471785148427,-0.6249254230878013,-0.24147308556817015,-0.18069968655174326,-0.10044269786823519,0.12725920918173605
10164,2.9840552029577987,0.08553897098798802,1.0949203984934621,0.6724702292678139,-0.40841583316572866,0.16880125666719575,-1.0339702507529491,-0.8464153213791127,1.4944357311621899,0.6575595927705795
9937,1.9120777177159407,-1.3494701081151728,0.7449062708832488,0.6418133252420505,0.8892651017992539,0.47143061454028395,0.03800493467127757,1.4639960058149848,-1.4564100501361747,-0.5846079927565
274,-2.56128362110175,-0.09956805938822173,0.622074062040013,0.8369788068273578,0.06837026890486247,0.7034551965512336,-0.13944203448078463,0.14397965273133614,0.24107610088066106,0.3758836452436899
5250,4.682474585398866,-1.5353420820636325,-1.3209531464064561,1.2290190978016822,1.0610614965210254,0.9558541380890893,-0.3828140688178951,0.259706060090408,-0.6966429183661768,-0.41537594493979807
11010,-2.9336105247340885,-0.40475060674096597,-0.7995267042150551,1.1059180498707624,-0.3068190303927489,-0.6234718252182788,-0.40067326057909214,-0.17184166381847527,-0.2623089572511027,-0.2429440985691703
6969,-1.4169757088726274,-0.28502816791020447,-0.56246835518704,1.0425241182918896,-0.634378056607097,-0.3259858763844953,-0.5618125338429818,0.3709124203228904,-0.17761508246667487,-0.0886651166347183
10735,-3.089586229323755,-1.0588801679504003,-0.551754001035228,1.0174863833618246,0.03338218736813166,-0.8850502471384043,-0.41592139825597235,-0.2453112279374857,0.06062804153098181,0.27507749698200007
5068,-3.089586229323755,-1.0588801679504003,-0.551754001035228,1.0174863833618246,0.03338218736813166,-0.8850502471384043,-0.41592139825597235,-0.2453112279374857,0.06062804153098181,0.27507749698200007
9974,-2.3796293031436093,-1.0974254808212298,-0.3864978215986895,1.0031742017454865,0.059878134381280416,-0.6867267779110435,-0.039259836353867754,0.11399481034870255,0.3324251703144418,0.2449947318561741
7053,3.3633315191507056,-1.5851069888709255,1.389526219215196,0.6666212397907503,-1.8089881124761087,-0.37567972451500004,0.7801894657786717,-0.584431840851118,-0.1194912956982091,-0.2756433138426755
3179,4.574096089054938,-2.2577744176109156,-0.5037295404924024,1.0781944488927817,-0.4737671283845768,0.9000088988107261,-1.152591058457579,-0.7989111057970091,0.8241766905888693,0.9524148295619533
8082,-2.690093964668897,-1.4163801973716588,-0.28109987350023796,1.0118768170545314,-0.046140490634619946,-0.45971000145555535,0.09054967422705804,-0.01155690734387897,0.07912331061666115,0.07787344417888056
1362,0.6259441311695979,-0.9176472740885873,-1.652343852561527,1.085706624351059,1.979901325717337,-0.1368104935507036,-0.6256666920645995,-0.7921511137228818,-1.4314007161576614,0.3276348501312384
6768,-2.9283824141859935,0.9488962989684073,1.1746155025523486,0.7549847003240598,0.3933382821666593,1.499940498744051,-0.14305315923180065,-0.3474143891874113,0.3836916886480553,1.0527308257069932
2375,-3.1043313788192597,0.49747534846155217,1.2634028150136112,0.7319914321078047,0.6503067626171555,1.462779706527087,-0.07106190713319928,-0.3644004006859219,0.3359683017294864,1.0855596948676658
6856,-2.858021048509626,-0.23400512688093916,-1.0113952805363033,1.1586380781142187,-0.1724710135896222,-0.759090959989694,-0.2390716572086339,-0.175619536757239,-0.13572941982226988,-0.18791236176917678
4066,-2.5423181656115763,-1.096278732259986,-0.4340413479079629,1.1016843654774289,-0.11378806369928313,-0.3063360778643654,0.18221054394235012,0.06001742026449333,0.06596984533077715,-0.17595675855885723
4333,-2.6815460566566425,0.6455471214374879,0.24000014847707657,1.0103567473988044,-0.4424029495551145,0.7138101959346964,0.05846489929609832,-0.24576977828315605,0.00872413657440142,0.10839359387443366
2948,-0.4722067593664029,-0.6390518202086086,2.3176733659763347,0.368263442221332,0.5003488205125759,0.8295021365429978,0.05894372672087859,0.00025454401995316834,0.06972890654398956,-0.16118281825402286
4927,-3.381005222542519,-0.3349334334891721,-1.757334929046973,1.4949010752421859,-0.9222898507083777,-0.34758602621729884,-0.30739342932514524,0.8017553809041417,0.07660255217999085,0.35633334962588453
7426,-1.2174850861084208,0.19608835750384454,0.9766414702862679,0.8226987988351155,-0.2966018707832965,1.1650780588133032,0.09239067542908555,0.9369019860289751,0.16098392857791705,0.16318074734951088
8360,-1.2174850861084208,0.19608835750384454,0.9766414702862679,0.8226987988351155,-0.2966018707832965,1.1650780588133032,0.09239067542908555,0.9369019860289751,0.16098392857791705,0.16318074734951088
4058,0.9453095826925783,0.7759583166470436,0.4369006565883338,0.5400912103046687,0.7390592298068491,-2.426475109192327,-1.0210579036550411,0.5355296371134509,0.19619782646157904,0.0681482344850133
10755,-2.438483816040489,-0.506710779313934,-0.8859452517223725,1.2114124285337127,-0.1281513152402595,-0.42687699810366025,0.2994128828195327,-0.05150210979737173,0.06955802811765398,-0.23205464097822295
8414,-2.0492271816720202,0.19806191318631647,1.1162614840280574,0.6086033960271249,0.9664924144794805,0.07107553065045039,-0.0800598745618805,-0.8883938333190396,-0.348312105912791,-0.16534816149975803
6810,2.807009692917069,-1.9083572100788866,0.1608963443903321,0.9409919707433969,0.2532091370865716,0.6707437893716216,0.4421076827654362,0.29077285115696994,0.009448762162216963,0.3871227559034829
3839,-2.290489708242179,0.6655331688224257,-0.2462415483806598,1.1958350338799053,-0.20495009742878081,1.2275833097028501,0.761728154660841,-0.22717720740274627,-0.2977418667463335,-0.3054887732287458
3483,2.503403770090469,0.09604923370819025,-0.5371287108122207,1.0220448758932137,-0.8548515529603213,-0.9197273891691132,-0.9044458706591504,-1.0069681886038275,-1.715847882812853,-0.7322819099499903
238,2.1035486945438455,5.10616029114637,-3.156305465557394,2.0555397103877975,-2.221412392678473,2.202877354625229,0.14963496146671823,-0.4057466124909721,-0.36921639248486476,-1.7614920723654561
591,1.1142506159743724,1.1994952612154686,0.2104185725311234,0.7953636073219513,1.0955081325893348,-0.1477770891388904,-0.6756146975518303,-0.40762338623751665,0.6856576114501456,0.1578529435749277
5063,-2.303118061771025,-0.11760147098608792,-0.8958994453904744,1.158611929868192,-0.6001361103528526,-0.8512328275456966,-0.4999424036899332,-0.24271713794738595,-0.1268107938891673,-0.052734556346204615
4303,-4.204092976071513,0.5656176410996023,-0.8304723305220763,0.9600990870885563,1.642254064216773,-1.8133201087529598,-0.9929129066790843,-3.3839025367577875,-0.3566897757718823,1.3464719843807096
2258,-2.7142957655563964,-1.282782098819405,-0.2764013239816664,1.0094177991079172,-0.10106327449050183,-0.5224198319868661,-0.3619404936183969,0.07125128852093336,-0.07783822249550414,0.14108981364576553
7301,-2.494105190274755,-0.6667402311439307,-0.9335497460962892,1.1589252436627542,0.22014536533606752,-0.594239664958995,-0.1899616478116414,0.09229053670902503,-0.17091757605696056,0.20464095465138252
11121,-2.748355290919943,0.09479931985192108,-1.3161291001163762,1.2615847546640697,-0.3427269299134146,-0.5797844416791784,-0.4968130512253845,-0.3622764894296571,-0.34162002485232573,-0.1487068264813686
5287,-2.3772563699368883,-0.4618921199717148,-0.39446126051903735,1.1036318073158495,-0.6106182478955717,-0.47425141698743634,-0.19604590885223105,0.06645042461745919,-0.019830319283651518,-0.15683857583622066
6457,1.726135618374832,1.1162873291765438,1.414906147908353,0.5549285707977452,0.41414925879897924,-0.23117396653819614,-0.22969015801521908,0.5955466927429288,-0.5841675447988998,-0.31522868223969847
3559,-2.528860342305481,-0.8037693949180159,-0.5895472043234775,1.184383584959329,-0.3545877514544909,-0.132657034032695,-0.05576909431363212,0.00017689250110565935,-0.2570681022784465,-0.4316141747014611
5577,-2.5091733060007018,-1.509262809535165,0.2113174026235201,0.9545976342865424,-0.24164206990909046,-0.28548840798370223,-0.026963463502044767,0.3804049027876305,0.20312273625280067,0.15721855767376153
641,-1.2231964048555595,-0.4243830087438667,1.7299609922749848,0.5598454605672705,1.0086445389035374,0.3400316755995453,0.8889385368056221,-0.5129888778760404,0.38174839248200254,0.12231835577576207
954,-1.593379814807718,-1.4548555279972317,0.35026422663739304,0.8033405262185506,0.9542174661361337,-0.5698970062332978,0.24672165335186486,-0.7372111193605647,-0.43951558984216355,-0.764232343105959
1834,-2.4875229989509933,-1.2103539629810578,-0.10686411254332755,0.9936768900361489,-0.10113726976940736,-0.5671012794962248,-0.31149754137704144,0.2956027340443159,0.01998247658060971,0.18870114322115222
8789,-0.4300050232088383,-0.820880136048815,-0.3138366653525306,1.10792433994478,-0.6209361918352889,0.6382832930248448,-0.646263758934175,1.034663781376168,-0.2787783592511518,-0.4126019907080522
10584,3.353384609259792,-0.644911749600348,0.33621446542847827,0.9093957785713292,0.06933380949924373,1.6150709347161598,-0.39725044246497804,-1.2533978115984912,-1.035570855043496,1.8179907187720699
2337,-2.5114844288153972,-0.6026826522726008,-0.3204819934607706,1.0843390201800165,-0.44714663019686074,-0.315037252969113,-0.18600375844611133,0.2658954072417235,-0.07410411069487341,-0.3270367771693092
6071,3.674658102971022,-1.4054422459277582,0.4837453541139927,0.8466620028395495,-0.06579393867566809,0.3682444186205378,0.4280922083305995,0.5001401670012788,-1.1763607783595669,-0.3348641555909376
295,3.674658102971022,-1.4054422459277582,0.4837453541139927,0.8466620028395495,-0.06579393867566809,0.3682444186205378,0.4280922083305995,0.5001401670012788,-1.1763607783595669,-0.3348641555909376
10203,-2.713999243565779,-1.3682486646427117,-0.21374734284794192,1.0374099471380538,0.015405649030715073,-0.46325651229903225,-0.13578516286740686,0.20434325234832873,-0.21345911649049304,0.08974291153270826
3968,1.941699324186433,1.6007875632479074,0.2341065720634925,0.6133764368177003,1.0680086037121397,-3.22870060913674,-0.19177110191901067,1.3450152270428222,-0.3761328623553269,0.02234824769321562
4037,-2.7793275580476005,-1.4278107064007548,-0.12229964563408262,1.0232079740192486,-0.08235789019717547,-0.43740478396319404,-0.09285778048096824,0.10764177690008896,0.02624096006765274,0.14918190392299852
6932,3.9096246373394092,-0.8310573557371393,1.82244364020142,0.5184912596969624,-2.066680866486018,-2.080039820607243,0.4171169360045838,-0.571669519180807,0.653016839876047,1.5124883913176548
10159,3.039054427720486,2.9450235288703683,-1.4575147864085218,1.382573037838238,1.0674693387110774,0.21505468692525118,0.21056491732580843,-0.13406624327429806,0.9305085472115703,-0.4281245218274369
1177,-2.1609048307372056,0.8544802322624903,0.285782056639075,1.022495909844435,-0.4565255578590741,0.6443074003891011,0.0759509255465351,-0.0016510985891213922,0.2980072613546721,0.3478178128973355
9426,-0.033000064808991765,1.5614573842586998,0.5864066430443686,0.9277797231065013,0.2174740002138524,-0.7239873494718031,2.0305644009819166,-1.0711557918690207,0.013488698861843902,0.3892712298573201
10637,-2.3272491225989156,1.078075096349857,1.0030123265671473,0.8679685466911211,0.618891760346267,1.5956897132162424,-0.38420796051409034,-0.1306710778711992,1.0390324811898903,0.7767694521973305
10826,-2.3126465471816,-1.311951342441763,0.049129496872465754,0.8643826651242278,0.8608629890087037,-0.9245233773906429,0.05015516665807845,-1.3714802956190617,-0.47557381377432145,-0.4601337963716878
4086,-2.3126465471816,-1.311951342441763,0.049129496872465754,0.8643826651242278,0.8608629890087037,-0.9245233773906429,0.05015516665807845,-1.3714802956190617,-0.47557381377432145,-0.4601337963716878
10304,-2.3126465471816,-1.311951342441763,0.049129496872465754,0.8643826651242278,0.8608629890087037,-0.9245233773906429,0.05015516665807845,-1.3714802956190617,-0.47557381377432145,-0.4601337963716878
7998,-2.471569239126366,0.28829541527917135,0.10065995819986272,1.0826775840255634,-0.12072086499818434,0.6204853313809947,0.36221396272032613,-0.4213772943787334,0.1579721211900191,0.4598067923221727
10992,1.2142325869169603,1.9096030552982075,0.007472869184932392,1.1354794548078284,-1.8589486967866582,0.3247097638364917,-0.4841575867792048,0.28940290175381683,-0.2925169411486628,0.21344177414315493
6383,-2.656559771033805,-0.6404244932316613,-0.4215069086048836,1.0993145460467573,-0.22479858586916557,-0.7362495856510566,-0.4277607839013049,0.09811572527767225,0.04057006712817802,0.03388458473659207
10536,-2.656559771033805,-0.6404244932316613,-0.4215069086048836,1.0993145460467573,-0.22479858586916557,-0.7362495856510566,-0.4277607839013049,0.09811572527767225,0.04057006712817802,0.03388458473659207
6036,4.444088421295889,-1.1461462895680097,0.4222302739844771,0.9285814766003964,-0.4399116629207258,-0.1248558611475036,-0.8821300273685703,0.2384005414148733,0.8720084915403814,0.29747197125555247
11092,-2.797815419461117,0.008840838474300993,0.424007403837602,0.981434764171957,0.14423875261213226,0.5032150075668068,-0.19680436415420366,-0.07781686904814024,0.15287576119348523,0.3787310304259858
538,-1.4771317903468058,-1.7135685199373976,0.4198830672956971,0.9796857483575648,-0.13098434181154534,0.18615214319372442,0.4336087963711368,1.0602210672541605,-0.023037464172427462,-0.20982654667488593
10022,-2.357647462491188,-0.6563750371244479,1.259627891615768,0.800673141587618,0.01586813560760601,0.8557185437954287,0.07034865876151891,0.41788479101587667,0.585128071835613,0.6880748673477475
10157,-0.165977922965869,-0.24140962087933915,1.5153841737006026,0.5793693016961173,0.894682444993794,0.6757719637250955,-0.7663678147032269,-0.18397986076249442,0.3406420906954256,-0.3152609277566051
3503,2.056345179607752,-1.591717265526146,1.161061461723417,0.7042675856903227,-0.6583630544371498,-0.014776747886682847,-0.19327748612254397,0.019414222566353622,0.2192396654052329,0.00681419583983311
146,2.8646205185308844,-1.03441578189556,1.2468198113050108,0.6674005568092455,-0.8380405811204165,-0.39009177711757437,-1.377939457181972,0.47029196989132427,0.024621199653122733,-0.6462438537916549
5538,5.312608724268884,-2.470495670669103,-0.7139918306800396,1.2128115975951341,0.0343256706421917,1.4098575020457789,-1.7062328146965833,-0.7251142769225858,0.4299338699330264,0.8936032540428889
3910,5.312608724268884,-2.470495670669103,-0.7139918306800396,1.2128115975951341,0.0343256706421917,1.4098575020457789,-1.7062328146965833,-0.7251142769225858,0.4299338699330264,0.8936032540428889
4227,-2.3752946681592824,0.1151656344003959,0.6416129370710876,0.9857451643667003,-0.21013998390680894,0.8875218169053604,0.20625763846555864,0.1264664483211094,0.16584970892150716,0.08219633836546386
6634,-2.546222908379052,-1.1786040525031798,-0.12343524286548767,1.0350654706306175,-0.023874711176616704,-0.6186995833860778,-0.1969367350734293,0.3265811093945331,0.017095167784505937,0.14850377982251028
8916,-3.020099053706201,-1.7572649632288455,-0.24348777962671325,1.2439759205741214,-1.0503103997233,0.26910906511783433,0.05179420014290336,1.6550023226566883,0.24552316314149136,0.43684884766771176
6460,-2.6406138353003126,-0.8144725621833634,-0.6192412979629842,1.1720992314487502,-0.058179155456506274,-0.5266833942222175,-0.2330702064531986,0.052257577764995,-0.09497564970197307,-0.05677877179523246
5883,1.9039642910939285,-0.2850066613890966,-1.7027474644355232,1.4969456689179281,-0.14828788921090533,0.8712114593970601,-1.2878985920408745,0.8881807488782482,0.9478046337197092,0.48259742340469763
10091,1.3557562926405131,0.560183230102144,0.769840853822823,0.8331942083675544,0.3200266765371199,0.0968269125867687,-0.633299441757117,-0.6151517348667369,1.0536297766595202,-0.1926866098371666
697,3.5663891908909284,-0.9261730345174995,0.9992515363739376,0.8395810797393907,-1.9028707606938273,-1.5285405604931053,0.8893068388005473,-0.8725523796942908,0.20658755057452424,1.094557713086643
2607,-0.18933474059956767,2.7650784832676734,-0.00020119237192279033,0.9352066197849981,0.19155325953208396,-0.4857734200974454,-0.644856404138612,-0.715714336131566,-0.42800595512963646,-0.5892983673532899
8427,3.191609644525728,-0.7678875778173961,0.1016545775895207,0.890161606356717,-0.6757184007595094,-0.9817884557899041,-0.1018795860221823,-0.5089639129489828,-0.876863970730945,-0.32814510303770095
217,3.191609644525728,-0.7678875778173961,0.1016545775895207,0.890161606356717,-0.6757184007595094,-0.9817884557899041,-0.1018795860221823,-0.5089639129489828,-0.876863970730945,-0.32814510303770095
6202,2.611002272442649,1.434972821514127,0.7066364443372652,0.8944012447497889,0.8470202468605432,0.6616136049351795,1.1294532289541617,1.1517247827791395,-1.0668478301737945,-0.8403261323502269
3856,2.611002272442649,1.434972821514127,0.7066364443372652,0.8944012447497889,0.8470202468605432,0.6616136049351795,1.1294532289541617,1.1517247827791395,-1.0668478301737945,-0.8403261323502269
10648,3.7467529092550405,-1.8695491026955307,-0.9377244135630171,1.245050179866034,0.00786453124863545,0.9177785958433219,-0.804350850751942,-1.245857359241477,-0.04379558575916225,0.037954127505162666
5120,3.7467529092550405,-1.8695491026955307,-0.9377244135630171,1.245050179866034,0.00786453124863545,0.9177785958433219,-0.804350850751942,-1.245857359241477,-0.04379558575916225,0.037954127505162666
6749,1.8256624691099754,1.595896018868041,-0.6156558837787727,1.320868982161625,-1.0531340546229846,0.042530434938282874,0.16302330309239543,0.2541568516184893,0.5511316549888038,1.4867663106808628
1584,-0.9042797446043075,1.5545527730010296,-1.8483672335791257,1.5359960245032196,-0.41098034862131383,-0.8895366811585578,0.30459658300124853,0.41998393170575016,0.19153860815507417,-0.5280415268293902
9559,1.2470446713764693,1.89076967487506,2.0739334974243584,0.38452508160489374,0.006981560534058189,-1.419977622880374,-0.730828006875729,0.6970295203844185,-0.7793376661747509,-0.25549211769827007
771,-0.686004899285424,-0.5903413773392998,2.3477735414411787,0.4577003676654948,0.5465337607139983,0.6504253028579605,0.18082885683590438,-0.04514771959575337,-0.1516952612813839,-0.15260288886829912
5237,-2.2067491173924005,1.0943372543846115,1.5598030841002903,0.8558746172357303,0.044417602656084756,1.9112832083285132,0.3002621543503462,0.08065267974307878,0.5687598349976835,0.7709845419050407
2461,-2.074796001972223,-0.5297077113650427,1.3895245450662488,0.8409576250942153,-0.17781022759623438,1.2248399206828977,0.25771048115271694,0.7409737489884453,0.31878007477610726,0.23600518546459426
5474,-1.4789663327513078,-0.341995605214543,-0.6040951522935964,1.2498891858401462,-0.3023428988304844,-0.33493014766707613,0.08250475375629591,0.5519490625268434,0.34109659560003025,-0.3496099736112646
2895,-1.0613362147392325,0.15727263551449047,1.5285657677178859,0.6309346031746342,0.6688275246804258,0.32182843071779904,-0.13066470468490737,-0.46461954012278583,-0.08311064447827331,-0.29420011987866096
7972,2.650383578968645,-1.598578378032106,0.8577139815788293,0.8711513740508636,-0.34751688133268427,0.16286786648411425,-0.005314963168794658,0.345761425918163,0.05635358609917033,-0.9778435225272115
10067,-3.0262017945407074,-0.4765840374293531,0.5969546739116128,0.9768507368260922,0.34841094769434383,0.4678572185511323,-0.04138502500376339,-0.15633754919141357,0.2608606072713155,0.5970123665046334
500,4.919137445763553,-0.9535252004908291,0.4919988137508993,1.0079038614832723,-1.203348109656999,-0.25869593566841653,-1.6830233920846789,-0.03788209890708339,2.419197529215691,-1.0046769855491593
922,-2.8556491915623985,-0.03102342882280653,0.29693062447440105,1.0787305226600132,0.08247526677654175,0.4618740429918083,0.18385890429370066,-0.3784248282291762,0.2113033515382424,0.6068166990945778
2861,-3.033001954730106,-1.3174142896214125,-0.311150576931994,1.1290557589474073,-0.020970914789853096,-0.6361256697380406,-0.19300630358528856,-0.11087212721317342,-0.05351605949026491,0.17748390535252567
375,2.392746048370386,-1.6413386945385833,1.2840360229827728,0.6738633937424268,-0.5280629086609399,0.22066243710252778,-0.6582774923697713,0.6933990209061438,-1.2668127608578743,-0.42195288469574904
10936,5.614223958926572,-1.590788204721466,-2.8524268305960754,1.8707671833033583,1.940304171689933,1.0676331188504182,1.291650248082411,-0.4847986785306736,0.8074337783375868,0.9732878958141745
10314,3.77990126253698,-0.03371553233553352,-0.3657262483264961,1.0856645754180527,0.46772954276069995,-1.1483389636158563,0.21490297736104882,-0.24689643475595038,1.3325852352946979,0.4560250387639422
4240,-2.799365185919853,-0.9258122566668471,-0.7547737354162496,1.2547691164086874,-0.11523284578981084,-0.5571161535121804,-0.06304063614760642,-0.3521808160929899,-0.1860614874239996,0.08122292904345214
2674,2.8151259027086395,-0.11488561847318776,0.2175943402489602,1.032039450858002,1.3831132603436622,1.0873158435190018,-0.6385321814813043,-0.11608307208090217,1.805265428111406,-0.9492279329410546
2563,-1.915446549579054,-1.3388715238727549,0.48387625124101513,0.8473569458518639,0.8722227698152433,-0.6794460997175252,-0.29963691342896165,-0.7248669184513119,-0.30901196659537583,-0.5779003820333471
8312,-1.915446549579054,-1.3388715238727549,0.48387625124101513,0.8473569458518639,0.8722227698152433,-0.6794460997175252,-0.29963691342896165,-0.7248669184513119,-0.30901196659537583,-0.5779003820333471
6999,1.5729413002645334,-0.045656345197667564,1.4971673783839399,0.4951069545019939,-0.038636988736230206,-1.4338098066464526,-1.2308937275025413,1.1244250030148744,-0.7086892261059178,-0.6927459927071913
7574,-2.309136339742352,-1.5433792279595038,0.2658719868595908,1.0457846306665324,-0.0014342122600887665,-0.20930994838197883,0.029391101631944767,0.6978721636497984,0.07126281056538868,-0.249768171119176
5223,-1.4579768910791882,-0.2830783544197809,1.6781782078496634,0.6663228661474792,0.6574004911580098,0.6968685573495043,0.02843335791500425,-0.6678274585775114,0.04886574426949939,-0.2066270316411309
2952,-2.2967406690489662,-0.8643400047643576,-0.13771076847044622,1.1263266546023019,-0.23610582123787913,-0.442021956221482,-0.18621145473457262,0.4301994439869115,0.0894189183085786,-0.06468257582791535
7683,1.4170055088019742,1.3546467790394567,1.707385730263708,0.5985106607373722,0.42078292392750716,-0.01982247842156478,0.1296718510075905,1.073817522472945,-1.0391313569953848,-0.2259653169967748
9481,-2.623705760186683,-0.1251196380465228,-1.122422992967749,1.404599615695948,-0.40182229868413744,-0.3862420308392857,-0.14170547270774703,-0.3080626391591517,-0.3009886129748286,-0.4143915791436858
9907,1.9512262810290608,1.2133043137482045,1.707762852022478,0.6282022612454226,-0.13227046784468294,-0.6129456351416738,0.24016104933161503,0.054374818837785985,-0.38058751455030954,0.22155711746955387
5454,-2.187108708454092,-1.3906148148755666,0.3900681799024299,0.9983821855561945,-0.21442068772220554,-0.3156190278808411,-0.1335078335945979,0.7095601332856291,0.17013931012435,0.03640845667555533
3798,-2.236531240592667,0.2736941382618192,0.4744405339525279,1.0976474556905982,-0.11726074121577104,0.788848166548033,0.2870481283240906,0.13557803541732713,0.3141713343037115,0.2249683666662539
7281,-0.5548326284131784,-1.7004074594175163,1.4124719674014456,0.7185401708301767,0.303831391005498,-0.20397419138061612,0.8459381742995037,0.005859378371363017,-0.34526305308876815,-0.623239393842982
4259,-3.538703672799473,-1.4721861097854028,-0.8023778185556176,1.4198084160785174,-0.808685761993881,-0.18492379183991722,-0.1460541288356903,1.0868556166671326,0.32785546109742925,0.5697912124324689
2549,-3.1097568060634084,-1.1414144982259131,-0.4045497380660782,1.1668918828184895,-0.028869031283019795,-0.8174920757832821,-0.3985497836645761,-0.15237283461024723,-0.23051228775688742,0.1374172249346915
6437,-2.2885843788263207,-1.2286920100542071,-0.13746203469007223,1.10835031206837,-0.056249597019203124,-0.4654994569627396,-0.2893429786675215,0.34299706725702395,0.04137765747753343,0.24793816810649
2488,-2.499403803963517,0.4993356934103754,0.3266223524544291,1.1503848151239964,-0.39725258929725876,0.9090555447475142,0.12862781604432433,-0.12139400437923624,0.11154257790002456,-0.04681020987167594
3945,1.522300109407186,1.6664220342460587,0.9749423699393301,0.7567411094366464,0.03129103748748108,-1.18406235549288,-0.24419887441153323,-0.9938111744820874,1.213373835335054,1.2802976130588717
702,0.9342827888982117,0.7376478251768233,-0.14782436325687512,1.1244630085445046,0.92284533208785,1.3528295512332744,-0.32251231531060953,-0.610157618686866,-0.787145413867617,-0.5200104232720856
9010,5.899471194246438,-0.9177568839493373,-0.8970264226770953,1.3367782114217284,0.21290009431005613,-0.34743808637421625,1.653836528120484,0.3722046904081241,-1.2389590997661142,1.6148141013344677
9710,0.2511553370008889,2.2627317160625617,1.130201820406655,0.5728975002913853,0.5642020285905478,-1.851754450001109,-1.2323107828382962,-0.3094400053127186,0.49716427023672827,0.6648181804981133
1509,2.315044062513827,-0.623047193591195,-0.11069581070481276,1.0163535126284662,0.7640392388930887,-0.9340978063372072,0.3298562413626952,-0.5740497989925051,1.447756321312318,0.0451910916683989
9120,0.790767441244591,1.6970261192304144,0.6224792021022408,0.8844455819394162,0.014637225812494646,-0.26120999800168215,-0.6884583623652707,-0.43588225637677386,-0.49714612515686407,-0.3098286245832977
5252,-2.586180113231822,-1.2422723806927638,-0.3387369104356839,1.1552773571290862,0.12654242379531414,-0.5547805210853242,-0.24007462143303981,0.19541684461236264,-0.17433354164125087,0.17439532979502553
5959,-2.330777746796511,1.7305327610286207,-0.15333362378739945,1.2492503598257036,-0.7660122093216779,0.5441704379895793,0.013266470054390151,-0.11410467712692608,-0.3803769183606167,-0.19369465897576713
7441,2.707130333183607,-0.0592764050843514,-0.5499625173239387,1.2920598570933048,-2.463254517792617,-0.48339834560317185,-0.4402818896034398,0.2388962167239243,-2.321539802190078,2.3227783404115976
4271,-0.7564927092575228,0.5278144346506826,-2.0177297636389033,1.666427754687623,-0.3472501275633701,0.5129365854863338,-0.035986323809023966,0.24860192174707835,-0.6622863274199393,-0.8446201100079684
4095,-0.5087794055127772,1.4340119279111343,-2.3147202341893207,1.8194345805887993,-0.6783410682220576,0.3163699953949251,1.0228156557759998,0.2561287857959878,-0.8186097777421656,-0.9697660805054036
8852,2.6756560698922707,2.360495238167172,-0.9304786793177211,1.2880844853043178,1.2042178273348259,0.31098849122050304,0.644739110980533,0.2630128935899093,-1.063833744140878,0.7747342582999786
7698,-1.1258395647449309,0.017872766954359846,1.7514926019752808,0.604304135488198,0.8782460880196501,-0.017760508525081455,-0.30849793564336436,-0.42949415014524134,0.26235061581957814,0.11416072452661531
4174,-1.0935975809922,-0.511027498902372,2.2122404241184235,0.5493120597647951,0.7335755123711307,0.5163912989501418,0.177296483328374,-0.15390643499985215,0.044370844357795154,-0.10445215075808043
3182,-1.8361464549576345,2.0145205641823414,-0.6354756832944853,1.4163971464142568,-0.24245478432803552,0.3627144529292727,0.8485248910197862,0.004762272408048654,0.316196413434311,0.15214093227543443
193,-2.349051575869294,-1.6482684467231405,0.654528665052116,0.8728436226521946,0.8420808499321079,-0.5982502176540586,0.07173592960051878,-0.8710336705957648,-0.4637998852120248,-0.7477335722525436
5229,-1.9500681244191558,-0.3237106736360221,1.6369555390339465,0.6584414800802297,0.8433899540695005,0.20127800914394514,-0.17015044418626524,-0.8400308263625228,-0.014093527752291543,0.25163370994895956
5555,0.13241743490817603,-2.51814652410187,3.2087740784967402,0.3195953854556415,-0.34501274024195483,0.6255495457886618,0.6665970053553384,1.0665318704846782,1.2940751500948684,0.43076985619374947
7732,1.6103062689354113,-0.587582224936279,-1.1578157367738402,1.3702696973452142,0.3940781450866383,0.06961817371996351,-1.3365694462065032,1.3705294849867535,0.6787954753554754,-1.1919669554194599
310,0.6019668067090631,1.0327577229628637,1.4662517198431297,0.778126299643001,-0.32496303054165754,0.5155627237191351,-0.21865288374243208,-0.23084519915654708,-0.4296829366712025,-0.9141615192632913
6261,0.4236387587437183,0.5892030632213352,1.3782152624863986,0.7577538594940212,0.3912333726696708,0.7992294224509598,-0.721456784658334,0.19258734045137632,-0.6210679587495697,-0.766229055098542
6274,3.237054102181504,-0.19484204203156177,1.362455225704865,0.7563712848094782,-1.4573184861876989,-1.8779649743424518,-0.2190911582689521,-0.4500621633470461,1.1988738511693429,0.20356707979547062
1655,-2.602346301699104,-1.3379330247659385,-0.047918473141575116,1.1409415169779356,-0.07402557621197063,-0.4803360417436479,-0.1153512789012815,0.29586667743363737,-0.09246952195919693,0.11211369425237212
2740,-2.273378915589012,0.4815316152813664,0.586818521358563,1.1166201669572704,-0.4597895398091559,0.9722842197640809,0.14375689148180676,0.18619227400546684,-0.10598419437655349,-0.14219496524258743
4328,-2.3940561026753984,-1.0908176744738944,-0.37462511453516173,1.2560740640729795,-0.15986944357496316,-0.24425797111624456,-0.07706239916995523,0.12026247185788358,-0.02114994339629154,-0.39715790188031547
17,1.998543361458235,1.628765143619099,0.8674236931256818,0.9919866780040669,-0.6645565002946581,-0.31500590699964953,1.0112203371414163,-1.0330776200228444,-0.05896613306105381,0.3919361885087285
9153,2.490506530959611,0.9378052523044511,0.590683195403188,0.9776757431147408,-0.5737822270359605,0.4146642111797795,-0.8488063219752318,-1.0518325876919068,-0.28158372209253785,0.025358333771431794
520,-2.6969565189097313,-1.4194601233204767,-0.09839543882480727,1.161349878176988,-0.05854208399905814,-0.4258935698292675,-0.06934479700067393,0.14852568396914284,0.0633003631542166,0.18788960645210312
8372,-2.6969565189097313,-1.4194601233204767,-0.09839543882480727,1.161349878176988,-0.05854208399905814,-0.4258935698292675,-0.06934479700067393,0.14852568396914284,0.0633003631542166,0.18788960645210312
73,-2.4807878246203714,0.192849995548009,2.0638835793467307,0.7771040244547417,0.3804261688050151,1.9219512324858559,0.13243330999591665,0.2711010561013638,0.5427444135313212,1.0443160801303275
2002,3.7681892630632854,-1.570183167964204,-0.2578106047407605,1.2491110516879849,-0.8288149399353886,-0.35305996419142305,0.9320049183975065,-1.147360366381365,0.06298460803725936,0.48809736705130896
6059,0.5669657829238166,4.594224386872324,-0.09106155243455615,1.270182381242846,-0.3523194104528491,0.08838448167546117,0.5749934820954903,0.3372875396803028,0.9096298141585268,1.8048303180992067
11166,-0.9573349715217011,0.9068435505871085,1.1352174314051995,0.7373626093688496,0.744795744112499,-0.541332472513882,-0.3146062372688191,-0.8039827333192511,0.33332796172850343,0.2826979307951889
6257,0.28392714657838447,0.7274792155963048,0.8811278852263359,0.736090965153519,1.022581290744667,-0.3284035513867434,-0.9838993415701728,-0.42701162678012927,-0.07769840638371574,0.7272776432089219
9224,1.9529571195959567,2.1772694077477626,0.2893915441779129,1.072887607367332,1.5261652753797847,-1.8426722751686064,3.1272949216422528,-0.05096728068194307,0.7105864177242733,0.7176721578535658
8732,1.7561707631661432,2.3103536097045487,1.7581069188197302,0.6072082411847776,-0.40182022280101537,-1.1204634353536784,-0.4426523617748135,0.5226867323605482,-0.3970793234634211,-0.19625361336056166
955,-1.9766057316127745,2.112924664419093,-0.2939783556087222,1.3495970231487326,-1.1240387618197114,0.6295670263848164,0.16482668920951316,-0.30656493232682136,-0.06678552635129249,-0.11244062831608821
4910,5.467033311116981,0.5432396749441321,-2.111969470537728,1.409271506638993,1.2394262842981503,-1.0508105080145345,-2.1533558537398534,0.18025618742815597,-0.30632763186178597,0.6161916983000607
564,0.409657963105474,2.1208588863794837,-0.4386606083863435,1.2785252273803196,-2.3431091546548117,-1.2074808767054552,-0.48248293461791564,0.6468231072312276,-0.39605455193283234,-0.6379250902338903
8931,4.629946985945493,-0.40992816034380286,-2.2153764018838125,1.6406436741778703,-0.14012570730661328,0.3080337918560548,-2.79211936848094,0.7967004876769224,1.0424224968143676,0.47587061173953676
1998,-2.147960444162873,-1.3275793053606102,0.043770237465075655,1.1595171758979972,-0.17539002828607478,-0.40617623494541905,-0.11986496224473742,0.3544886764333242,0.09061090168099925,0.10532201038963311
1250,-2.147960444162873,-1.3275793053606102,0.043770237465075655,1.1595171758979972,-0.17539002828607478,-0.40617623494541905,-0.11986496224473742,0.3544886764333242,0.09061090168099925,0.10532201038963311
8397,-2.588953332681949,-0.11458842344148558,0.6919540953007188,1.0977351259792614,-0.08877415496423223,0.6240810765148128,0.2095220109717676,-0.09698343872747787,0.3832017849364114,0.6133386026424993
9672,-2.562915822546156,0.03761258168100603,0.2686989271343736,1.2289886283402653,0.015048261404632913,0.9230661554323203,0.35433208278034306,-0.13916654803740505,-0.11632869240008878,0.05074117196254398
2125,3.23029229891598,-2.2844192476353347,-0.6110546010749255,1.3299269197932704,0.217427623599529,1.418921827162139,-0.9089025970376167,-0.6911288743146078,-0.1847190546889683,-1.127310068039498
5975,-2.4811107676870616,-1.1690523068308136,0.0652170012965647,1.1283710297008969,-0.15881127513453872,-0.6256130953770459,-0.2986882281967483,0.36961343627445187,0.10486252427394839,0.17422238264453221
983,-0.826728506628225,-0.2127269735917741,-1.5201992260360282,1.5114000088652304,1.1239753012170242,-1.2350067896871775,1.1064842653611753,0.6276600859087205,0.484350299569851,0.7811860432074622
9938,3.5236621744750614,-1.6690475458252574,0.43853850459066956,1.2239931224287781,-0.9628077555218392,0.08019024639591006,-0.3507068802016067,-0.5261257303888158,2.406099292287231,-1.3382061795802997
4385,-2.3730772597472436,-0.8490351317921231,-0.07408674736567777,1.1797994254788051,-0.2318930370706746,-0.46905143448417375,-0.20476345075073782,0.44599138454359805,0.11583897891699782,-0.117799551639195
1612,-2.1190874721392605,-0.8168262067515084,0.10902726595203877,1.13586579129614,-0.36723165987086615,-0.4071176825507059,-0.19807220381102442,0.6137056492439481,0.277998389948957,0.022785974728063273
803,-2.5266140520948874,-0.8201734165742487,1.184590327257252,0.9922745185004487,0.0006084728448106132,0.8853256931218662,0.31062876043355503,0.15041475184806138,0.35290029987333493,0.5395761820740742
10675,0.832821700195948,1.5492704717756078,1.7373072849232456,0.6034099286437458,0.014017933156366257,-1.4091054689891664,-0.5015603588070594,-0.20496254228215682,0.7000459547375439,0.8948056990203317
7004,-2.9649203398451376,-0.30241647085825646,-1.1193092148150472,1.451272650978419,-0.15019394000701508,-0.8363339607293834,-0.0016918735718566102,-0.5157235298761764,-0.14899115475199157,-0.09342354885559502
4432,-2.5186206085898584,-0.9492549095932326,-0.35019058523156504,1.2611906306685254,-0.17290572674702556,-0.3758222196715785,-0.255348000478282,0.1885270459090227,0.009821828031327095,-0.1551416421247858
5079,-2.4033984607654317,0.828693999085318,0.3387215293487737,1.1900963561138296,-0.553367457120716,0.6009852962294419,0.041549884532196595,-0.15467275493546123,0.18159542473896423,0.40913484632091623
4475,4.474737758148359,0.24947571657769227,-0.1496593901099216,1.1690493004582092,-0.4778301716270563,-2.539714374155592,1.8508316508880212,-0.12174322998138717,-0.4564086386245876,0.6724465373578362
10868,2.704728838608501,-0.9375569878352596,0.1984916071555587,1.1214163552876757,-0.29405459082931035,-0.24953720651421477,1.1516345734164528,0.17731305177857715,-1.2297051068434566,-0.3341834359075196
6742,-3.142435921919791,-1.3426467749549267,-0.3624541082690202,1.246106410371019,0.041740943540411225,-0.6412482595756949,-0.24329212138738715,-0.18783193541753415,-0.1209397493478825,0.11949104420321356
5692,-2.806850698446898,-1.2904810396917905,-0.3641767395704801,1.2442296538761306,0.05497337927378253,-0.5397018655261705,-0.3400289512969035,0.02021345757372444,-0.12805940991593234,0.03878385119571615
339,-0.45111306849740146,1.5639835090783507,1.312934587547486,0.6499478373895301,0.6448408255154991,-1.1563771571703927,-0.9528738308999409,-0.47860350994012274,0.5864066936569088,0.4182252850466891
10398,-2.821046250041415,-1.4435334482506432,-0.2556535852762533,1.2335232021431604,0.07834353656098608,-0.4392859630104132,-0.055353065345379586,0.049691570568379514,-0.07544316996322253,0.1373421325826349
8017,-2.2648437086301176,-0.06435507957373422,0.8663141844052253,1.0634357819170386,-0.05441411366654856,0.7399399099907868,-0.14028328483521735,0.30923417061899167,0.4380360657103933,0.46508931450343693
3722,-2.414785199392689,-0.02841617692217942,0.8225683586224697,1.0700130330344095,0.036232558343477404,0.6439608564573779,-0.04189410357186491,0.29745080052634926,0.31287111646262133,0.4756334768079114
7326,-1.1875618770441978,-0.9203863048555335,2.419676597089929,0.6100414633755403,0.607567536251973,0.9229035109804656,0.2511187204176409,-0.2338482828861428,0.19944633856457009,-0.21169493880570683
2416,2.2912651211357775,-1.3594137782891487,2.005015567277607,0.738539518644545,-1.5403236065469872,-0.7061776725644412,-0.011455992639955344,-0.02798764385507523,-0.3272509103725157,-0.5456130695053463
1878,-2.1756420288221414,-1.2090366485895379,0.37285674450995493,0.9627676210227395,0.8977400265304764,-0.9221379148418182,-0.28530355754861225,-0.9176252277718746,-0.5041805597687817,-0.4828888022463855
5278,2.654840954335155,-1.1574330545327343,0.5129109563250184,1.063973939866355,-0.5677195998821812,-0.36572741885124316,0.4809394217901367,-0.8443147786219424,0.5041376784747099,-0.1310639652720486
5734,-1.8414652332572605,-0.3851164795970843,1.3451823393531808,0.9241641975267685,-0.020074316165936967,0.7389773462503749,-0.22420678378194545,0.7562690667250733,0.4521721003774931,0.6544935690475261
4370,-2.69707664446497,0.30624361637503594,-0.11954096292124451,1.4519365628455556,-0.7826998848569385,1.129206772403752,0.21145822769358133,1.5028194351250144,0.4740184535819459,0.7017394040363113
8405,-0.35632071135110527,0.07119131760082947,0.8861279496550888,1.083105174180498,0.0778005404073353,1.0906785772085041,0.20062852141887147,1.127431632005896,0.6374378029291123,0.47724204965245204
7617,-1.869913069405525,0.8400242152537472,0.4494470497445507,1.2482642982527197,-0.6806100955751636,1.1570782440038958,0.2536424325469464,0.3416115377892254,-0.22147473746111318,-0.3036767631751055
10339,-1.2387166085744112,0.5041489017635304,1.448730594831293,0.7638737278182222,0.8002528064240634,-0.12903872885310366,-0.03888431902690494,-0.5429405734542887,0.11727046279299991,0.04828202984459639
6376,0.4605222909850992,0.006713274787665133,-0.8595703219645686,1.4754336881150159,-0.36469598067645526,0.20734019371815007,0.7629610019625266,1.2920473667547683,-0.9556158958805575,-0.02344485022131235
2150,2.9735282218231482,0.5864123685449892,1.2245602918422605,0.9301715181812829,-0.30886367091837164,-0.5533486689932177,0.24688835949443547,-0.9700957526983174,1.6300094590096954,0.8992302687884777
7386,-2.6768279419887953,-1.377072983654444,-0.03313641504426319,1.2067534094285597,-0.11236606390717414,-0.4686623538302384,-0.24830531860477872,0.2075694614776752,-0.09495371488937125,0.014026623448299155
3006,-2.6768279419887953,-1.377072983654444,-0.03313641504426319,1.2067534094285597,-0.11236606390717414,-0.4686623538302384,-0.24830531860477872,0.2075694614776752,-0.09495371488937125,0.014026623448299155
11088,2.1003415386237694,0.6649969292891104,2.066461565906691,0.7332417800920864,-1.203792314433973,-1.3647345626054048,0.08684926307528772,-1.2398248849790905,1.0795668120832393,1.0823923948432308
5185,2.693336251335203,-2.007413592664982,-0.4416886037412537,1.3466625873665508,0.681416414739124,1.2676574319006624,-1.234222541488838,-0.31468174570497953,1.57671278418094,-1.1058332482119981
3523,1.8661698910851383,0.837456991335835,1.4408592913401772,0.8548826592909209,0.5838460007255575,-0.18504440564010774,1.1171971475742515,0.5799136248961145,0.06139483562129511,0.3514118469059699
55,-0.014081492981168063,1.9501171693810702,1.3527812570803608,0.7433312191024368,0.028649936923930645,-0.5474097130170044,-0.9538252761343986,-0.0736726407174962,-0.34532973319979093,-0.5230179101559848
3807,0.8634770179199268,1.9114786473194514,0.8144315060368729,0.8503703293015135,0.7208232230315015,-0.7036595917972043,-0.6630483984925319,0.14346234273532,-0.00034049382165351273,-0.03305811908840051
2453,1.2726016503882551,1.561715186923965,1.1118718332464055,0.8514213989694406,0.7267637406684329,-0.2524863948255927,0.16852973350415298,0.7433027908168569,-0.9192454193120465,-0.3691411241142019
7787,1.2726016503882551,1.561715186923965,1.1118718332464055,0.8514213989694406,0.7267637406684329,-0.2524863948255927,0.16852973350415298,0.7433027908168569,-0.9192454193120465,-0.3691411241142019
2230,-2.4055332578925923,-0.7093229167093246,-0.13345453553390402,1.3054732113386607,-0.5201109950603144,-0.26151429342291455,-0.049678475752032714,0.24904210621529665,-0.12081897188129578,-0.432573905056031
8146,-2.3912392274530423,-0.5098383937294023,0.9953819307629633,1.083828061712902,0.113362192838793,0.6165472464311597,0.2580592622308077,0.14248392077974964,0.5112003790885058,0.7164011377267981
988,2.4057735843967363,-1.1168103252011852,0.8128932630285115,0.9734517886655644,-0.7279104059929525,-0.6333341979589521,-0.13577736426634168,-0.34175852400090967,0.17899594192003335,-0.48490853059050065
4832,-2.2050309608856744,-0.9269636819522307,-0.6787421794844913,1.4679101209229395,0.014509363486581547,-0.40973076965143196,0.40788488522420274,-0.023879293547640994,0.3574073892381936,-0.1666605546103729
3152,-2.236993905694123,0.04976926946637022,0.3499989415537156,1.2799586304067583,0.048084819895691064,1.02810484361995,0.17554927643257806,0.05551786191730525,0.18354118968358799,0.023965381642672087
11188,-2.236993905694123,0.04976926946637022,0.3499989415537156,1.2799586304067583,0.048084819895691064,1.02810484361995,0.17554927643257806,0.05551786191730525,0.18354118968358799,0.023965381642672087
361,-2.713307247364166,-0.45469587649530757,0.8290423367092982,1.0977638748869212,0.20204372124909398,0.549075869723231,-0.07145017231720459,0.015309177782615023,0.43512722103672763,0.7610856330318482
5939,-2.0124499184998323,0.6091127537369697,0.3365395758869552,1.2875802302603692,-0.17218196869105062,0.9185486283996063,0.44691463462515973,0.22842675904074883,0.23451925932247075,0.044394648497927645
9349,3.65082947061237,-0.7116655703543915,0.5334311354288455,1.034672247818186,0.2950564316878345,0.010489953496072913,-1.5121728836368327,0.9254312047927706,1.0440439419833731,-1.6597889085048483
819,3.3554429757426996,-0.3709983918340773,-0.2582193201095829,1.1406557519163478,1.104894715491996,-0.47559432080163966,0.008425728924791525,1.0869364034382556,-1.6569439133547477,0.4550005515625108
10120,-0.9960610138060695,0.2717863396784616,1.3404098074062982,0.853295296498732,0.9432189758635381,0.17475936263978503,0.15122317611007455,-0.3337188167362207,-0.4032008528468522,-0.3594815490688182
4541,-0.9960610138060695,0.2717863396784616,1.3404098074062982,0.853295296498732,0.9432189758635381,0.17475936263978503,0.15122317611007455,-0.3337188167362207,-0.4032008528468522,-0.3594815490688182
2456,-1.5642022920577252,0.937941201747677,0.9981585377406029,1.0108998615188691,0.023341816316623198,0.7231257128418687,-0.15703657966499887,-0.9967241511466113,-0.5359991577561353,-0.863119165282919
2516,-1.9304987226345574,-0.41466342826659686,0.9983341770549587,1.149150494324531,-0.04667864880166161,1.0371117903640767,0.8226049150496539,0.33402270276676177,0.5012719298811811,0.37099312909233284
11013,2.698465839626184,-2.0387710014750566,0.4392302138050098,1.1926914383675558,-0.22204795123562437,0.653744515099918,0.7315120667977059,-0.6184159895322767,-0.1850885756752958,-0.8855400167625787
9988,1.8909911732576405,1.197594588430426,1.3107148764268548,0.8209218035903608,0.12805528848223552,0.44156880102010626,-1.5887021841430742,0.49571468854419287,-0.45192400915187303,-0.9777398304246951
1627,2.6613878004869544,-0.8518909205171672,0.16714842051850828,1.1401115374732655,0.2860412505363166,-0.032289239264114186,-1.0995473805868037,0.03774447896030707,0.6420137992629968,-0.7738097230596375
1490,0.4763153644699052,3.164893618969291,0.3778151831655456,1.0064229518533403,0.4295002559369491,-1.3996397285250641,-0.19055996469461334,-0.21271015734741083,0.026013780552163655,-0.16644018086107173
6710,-2.458612695001014,-0.24658062169924425,0.45563748170091695,1.2950759209962743,-0.6100992676196344,0.8894765085661323,-0.165100643911914,1.7689084852362351,0.8559182374392749,1.1775893424771933
7375,-0.008121586906558129,1.7946421995339799,-0.06233282689296694,1.1523898177929068,2.2344894701336924,-1.2357959029758188,1.503304846197592,-0.0981396611828766,0.74326553305983,0.47979489655662794
10144,-0.008121586906558129,1.7946421995339799,-0.06233282689296694,1.1523898177929068,2.2344894701336924,-1.2357959029758188,1.503304846197592,-0.0981396611828766,0.74326553305983,0.47979489655662794
3138,3.5758713736769123,-0.401039351376313,0.9646433707371456,0.9180554184256215,-0.4824061848484632,-1.6476878777860668,-1.0672504435416748,-0.12468258268181041,1.6599536469858036,0.12889509395014226
1440,3.441430920948463,0.6093232760649804,-2.5195699282089135,1.834776624745634,2.4245404401866,-0.79861167350839,0.41816028496162894,0.24305785580711992,1.8633539741506933,-2.024184685580815
4200,-1.3077781747872856,-0.05489527871536437,-0.19391607807720698,1.3471745382100782,-0.8633091348134808,-0.1921076664366624,-0.38012933828140677,0.7549306987805124,-0.27067374379805603,-0.7205367344007781
4998,2.383027992694938,-1.0931379790427538,0.04031513153656131,1.3218717852583433,0.971799935549108,-0.5133882706496959,2.6595001483521954,0.36043453113777163,0.5360563968984089,-0.05986559110811156
7321,2.383027992694938,-1.0931379790427538,0.04031513153656131,1.3218717852583433,0.971799935549108,-0.5133882706496959,2.6595001483521954,0.36043453113777163,0.5360563968984089,-0.05986559110811156
8663,-2.6931192392194663,-0.5682933518444121,0.9975497374863599,1.1004501370312822,0.1819468648803029,0.6470270267394987,-0.019811823023807528,0.12563484882018955,0.4150552851517173,0.6460894665876284
1958,0.08761814593967705,2.6777690390246414,1.2562771771508754,0.8681701293447445,-0.34698834943685936,-0.47746722697526794,-0.647529078356808,0.03228593440605374,-0.5639584027267093,-0.7688388507290682
6963,2.081659590374655,-1.291846272854776,2.086155871291536,0.7552465092261498,-1.1270219870075633,-0.5642544208016148,-0.2125031940107424,0.597181079990122,-0.24820197732272434,-0.9046281562791424
1065,4.6318096541435585,-2.1673108466681588,-0.21922954105492223,1.3736828072662266,-1.5131916780528656,0.5597977053793697,-0.1321787473226462,-1.6961377657958914,-0.5042654338654172,1.5595347772743295
2712,2.7339869172004887,-0.3373036542067246,0.23849023668390765,1.0525180401415641,1.354272584734153,1.8086572944760961,-1.55415920744124,0.030548747033691887,-1.5879559084865928,1.783718057201214
6049,4.0297514144223054,-0.24606318241901332,0.7234180934957114,1.002000076396438,-0.8022617934406783,-1.333307950458215,-0.9161088297575951,0.16090791590083534,-0.09059849649144283,-0.10988673035349225
6605,0.35353101849417834,0.37987193012859044,0.5679876273872371,0.8924894795807184,0.2832034707856104,-2.3336664665933533,-0.6830910872630478,-0.3061499738703448,0.23171693849988118,0.2287422957590297
11181,0.18342764150540297,-2.5122666790579866,3.278707414351703,0.4439336349965452,-0.36410026964501907,0.6267433183775258,0.660363412957435,1.0963877151313963,1.3196446047884336,0.4587577964313903
5234,-2.296998730092562,-0.3090590456991516,0.6817564403510723,1.2317250079428284,0.1776897832194963,0.8896286690537495,0.44601788462778136,0.22472616756549746,0.19146041787111892,0.2166722854511274
5253,-1.667929242502885,1.6041351121897074,0.05957044565879925,1.3838501962848664,-1.0523052655894862,0.8329491841018667,-0.09050091702241173,-0.14429659467055,-0.0149354650094581,0.16572603785600823
11148,-3.071434085683759,-1.3323069751995074,-0.2763699578464161,1.332037677234386,0.0007577861854507265,-0.6379204808082839,-0.2400083124567787,-0.14134554498752025,-0.06769865965907858,0.14707837826319248
6289,-1.5450005860389868,0.23939996834367364,1.011951600761196,1.1021131302511158,0.03851365087436103,0.5315640258912429,0.2840908673662879,0.8135339639211343,0.5356344617188288,0.4766428180974585
9743,3.8299909782091532,2.313914192413264,0.3722845912759073,1.0298771349356521,0.519752217591763,-1.5530541924689267,-0.37054953843906463,-0.08983086057991746,0.20177697377852935,1.9387565108423443
9209,4.2343624567843365,-1.1884096872767975,0.5348411076085937,1.054146205273546,-0.5937225495405314,0.2543340034213708,-1.7559613657254052,0.4472175344525039,-1.1471661628038208,0.4508152079462906
6417,4.2343624567843365,-1.1884096872767975,0.5348411076085937,1.054146205273546,-0.5937225495405314,0.2543340034213708,-1.7559613657254052,0.4472175344525039,-1.1471661628038208,0.4508152079462906
7937,-2.047873050733421,-1.0719545497738563,0.36979748660006656,1.0523801437441715,0.8992908202252075,-1.038878771313706,-0.4260219704465444,-0.8999223983841165,-0.37611609706325533,-0.41559649929332815
6488,-1.5958631832849317,-0.2620622148867919,1.6419387113978827,0.8570741404962239,0.9447128514068387,0.05277664771493155,0.24382321892853112,-0.9084045411680635,0.3269962923539692,0.12351899141538046
3194,3.236579020650046,-1.7532239230275322,0.6161662106168402,1.2170370170315787,-0.48985204849410946,0.686121006605578,-1.72767143673992,0.11733936896653796,1.524002797160872,-2.317643614529126
231,-2.601328289540632,-0.19552931899371875,0.8654677846675684,1.1733222333280422,0.10095439307229069,0.7263049414124294,-0.05826593380393591,0.2435017706186028,0.17011568334574265,0.23053025428085266
9697,0.09184656442460945,2.230283566914861,1.7324637601553365,0.7933130574034573,0.7972132434511608,0.8420595171654719,-1.0102102938359623,-0.6144083403595647,-0.33486910634435163,0.781658699832571
4676,4.689428422167159,1.4671122892415782,-0.5508167853704565,1.4856805202657077,1.4160463850539595,2.074691828036822,-0.594127242129394,-1.2411596783431162,0.6652035794537325,1.015561551290162
8079,-2.1063978987095546,-1.1119168181162322,-0.009780018236019553,1.391765917601107,-0.3811727337292123,0.22424674843595738,0.426322557796819,0.5106442501575978,-0.2588691510061174,-0.7165028681083558
10032,-2.5489008205719212,-0.332495901721059,-0.754276363193074,1.5521752754433422,-0.4023831999718149,-0.20524431061614457,0.044023341752942924,-0.03255778360073029,-0.22894030734853887,-0.6926680831526972
10505,1.3772823140715913,-1.0173257220935397,1.6730529497748667,0.8120471663928813,-0.373712475741165,-0.883819277396897,0.0615023413841257,0.4230212780498347,-0.48578217485788705,-0.17959715513310767
2005,-2.2654800769574517,-0.943546868795192,-0.04299187263531033,1.3283032234129741,-0.2247159525730752,-0.34472752820345887,-0.1260951476971345,0.5529381583057569,-0.15092882052593745,-0.22536411561657768
6940,-1.7763456003706783,1.8640214747595025,0.882752556392475,1.2990572972260113,0.3446608357198069,1.5584918590797505,1.1468452947797736,0.07671458931968506,0.6007172169400888,0.7585843672033896
2304,1.0302551761081598,1.194443705746306,2.142208603233962,0.6452319833101203,0.10836185460340685,-0.4477688533399715,-1.1066111520362802,0.6887457809298435,-0.4927599318798422,-0.5058564758328632
3170,2.176955617888604,-1.353552366760925,0.4363957460259038,1.1887929669281911,0.25872955473766385,-0.14816715239125045,0.41242665993288047,0.10121421382190003,0.10600743733001462,0.04361132516340595
10466,-2.1346303625187697,-0.3677954168663409,1.1924927935090097,1.1195131023861082,-0.04325243843136577,1.049681411222275,0.14292884942246778,0.6662037627180092,0.07316325482701906,0.168596773782685
7325,-2.3793801480840795,-1.5672748776982763,0.41455314810548305,1.2236630082996038,-0.20525844489987513,-0.21924437488217355,-0.052029981556841576,0.5961090163287313,-0.009610811618630062,-0.06730495273445067
455,-0.9911930811294426,-0.8440192755706356,0.7139882252817605,0.9792622025115326,0.6571979056761306,-1.0570522123013302,-0.24645997632425984,-0.3520365194518089,-0.013915119460014344,-0.2791316362547677
7592,-0.9911930811294426,-0.8440192755706356,0.7139882252817605,0.9792622025115326,0.6571979056761306,-1.0570522123013302,-0.24645997632425984,-0.3520365194518089,-0.013915119460014344,-0.2791316362547677
4547,-3.2109591416025554,-0.04734979765504512,0.2330521248191168,1.3149733057451982,0.2702543563143342,0.42145231784461884,-0.17940976791783336,-0.37975306107769174,-0.15422817806271427,0.333620904886246
6825,-2.7807502715979306,-0.45215035559290145,0.8785454488959218,1.1537593062138887,0.17886631478448797,0.5138880902188685,-0.11905931900224284,-0.007477241477694059,0.41435236241547885,0.7461962985686151
2961,-0.8630162149981095,-0.3833813365046755,-0.5143732069638247,1.4183458783067469,-0.35808360044285553,-0.7697954707579866,-0.13926344905040483,0.2881765142384078,0.2986103102978811,0.11985722369325656
8700,-2.113862024976188,-0.6585972173971201,-0.08813406774842665,1.249633525540751,0.522040023187317,-0.6293725155207064,-0.10144868936406573,-1.254049426780676,-0.6148998356305433,-0.989387218505267
2278,-1.8115782261459084,-1.0981620189608154,-0.6089059501547597,1.5017252227680933,0.07754211385971761,-0.023401573705849714,0.12000060183697224,0.2872535412628289,0.04674658628367375,-0.15460211737829288
10703,-2.2814783939529804,0.9779225868111945,0.07557059309428454,1.4112427160378505,-0.32051995038632103,0.39952412585107294,0.5032083978746508,-0.301146078079092,0.45287967104055055,0.47348434233854375
9,-2.2814783939529804,0.9779225868111945,0.07557059309428454,1.4112427160378505,-0.32051995038632103,0.39952412585107294,0.5032083978746508,-0.301146078079092,0.45287967104055055,0.47348434233854375
2804,-2.2814783939529804,0.9779225868111945,0.07557059309428454,1.4112427160378505,-0.32051995038632103,0.39952412585107294,0.5032083978746508,-0.301146078079092,0.45287967104055055,0.47348434233854375
4915,2.179158998159575,1.5652384109577608,-1.0112755197818317,1.5076288358395307,2.463548641083576,0.9095486435280276,1.6159911476224698,0.8078361546625251,-1.9005717451158943,-0.3595213415058079
3010,5.442346397594383,-1.3733790501960934,-0.4550900274418193,1.5041888371285017,0.14868339193773703,0.31108090537783684,0.6477492469927983,0.2748604451890186,-0.35020200034076504,1.284831820664567
4279,-2.0367006760454864,-0.5373870778772709,1.1993989964525698,1.1878899514259833,-0.019288593550520962,1.185387461998438,0.48695446501186385,0.5617479982086651,0.23117101465285383,0.14310606724169822
2564,-1.1714212130003143,0.28426463570480637,1.6091955994197542,0.8863772000936263,0.6375025644752371,0.1611621028152074,-0.11837253815032765,-0.5588546417899312,0.13207231885274595,0.0560430298658569
1137,4.366109936534626,-2.2355769831158137,-0.6044651840793119,1.5148517932376293,0.12699427856754497,1.7133373581580398,-1.60759553925778,-0.3602956833105514,0.19906334309757576,0.9045429179808855
5084,3.125074278850681,0.6414400072028469,0.002353937339507279,1.285892818381888,1.97335092180236,0.5345641996176571,-0.07909809751296557,0.7999541282568451,-0.22540949441727004,-0.6802678540839646
7094,3.125074278850681,0.6414400072028469,0.002353937339507279,1.285892818381888,1.97335092180236,0.5345641996176571,-0.07909809751296557,0.7999541282568451,-0.22540949441727004,-0.6802678540839646
6327,2.1360934689210658,-1.5711332903939916,1.4528511069266619,1.061175529534826,-0.9280432413093818,-0.4633589873875063,1.0457262316605558,-0.28118049280607793,-0.004202641631316199,-0.24498986576943727
6131,0.48473840928567263,-0.07621683123993217,0.6258439850750616,1.2358387390912635,-0.02988055056362034,1.5893305664857724,-0.5850183942730715,1.1616400021303135,-0.45098652490898855,0.8714568820948717
5798,1.6589388776412477,-1.8084301005758647,1.084812516119459,1.0492247805106862,-0.3554358906065262,0.07700223157208694,-0.08918195696002619,-0.07757017716387793,-0.9418145457128123,-0.665910870227213
10379,0.1692833805257081,2.9005364203290016,1.440413153313041,1.0182284648841313,0.7984910390602843,1.005086572802867,0.40496941415119314,-0.18320640280134248,-0.41552564596309144,-0.2063205735179143
606,-3.000117336732875,-0.48381112046586544,0.6650203644535166,1.2413118933631495,0.3599107055804644,0.4683950174982085,-0.07909956377901364,-0.16017478162924365,0.24119641216061144,0.6170644152488965
7801,1.8335207460393605,0.8881376504047714,0.021436138802805395,1.2939792652498825,1.5694732766168704,0.9890683057803102,0.053666050856623446,0.5732776741846327,-1.0345443530783813,0.1977334565204089
2445,-2.772920306429569,-1.0933727991024476,-0.16862443251694015,1.3502422140070987,-0.0659217117057855,-0.8088047874186,-0.43963254092525494,0.07643003606330527,-0.0440270920846717,0.17360901162124828
5346,-2.5687074952622404,-0.45101689084977553,-0.6201224683404832,1.5028371347403786,-0.15554142819426411,-0.510440947384691,-0.032945275820269675,0.14237430438032983,-0.2257681882254749,-0.2206938329862458
550,2.123940310245745,-0.2005787909495004,1.1327624316606622,0.9631556478559661,0.5641716958103864,1.6659030022069925,-0.9109121337333045,0.4080879347004789,-2.5379839639907567,0.7499298714517123
4478,-0.4426351792111167,3.785850021372417,-0.8035028259441707,1.5731911950440154,-0.80958655719188,-0.2727717390077942,-0.4678412682736677,0.5198358411959063,0.6313206778329392,-0.00866470013005479
2350,0.17575975123538748,2.5186376039765466,-0.9671759756678655,1.745906302737829,-0.5574539775941746,0.5158989333137722,0.9731003345256632,0.6669985126232545,-0.9787852816562174,0.5492199750813067
1118,0.03539414301470383,2.148612700964854,0.7030960210504927,1.0097407620300927,0.4843011918991871,-1.3607955701395578,-0.6491052761106699,-0.8944091091416465,0.5593911442689007,0.5323748784003602
1491,1.6857947923259942,-0.827545805576232,0.42718960402942135,1.2521186527954526,1.130855755994742,-0.017838008787594038,2.087295049448996,1.0447682043381716,-0.3625716126445213,-0.7949285212493069
4507,2.41623620529043,-0.544490160540556,1.1820112540494,0.9988385657617763,-0.769775343409396,-1.4153231751340472,0.4306707193218714,-0.009537753236913568,-0.01552469105871396,0.06388219753527866
7023,-2.4735925939777657,1.6131262110390514,-0.6922759164813465,1.6588460141339698,-1.0855595512400742,0.18035159596223588,-0.5361906492267653,1.0126362841415413,0.8880801767225236,1.0573601651216646
6977,3.686741015657844,1.526460496231529,1.1169220608616763,0.920905863055618,-0.3655966519786216,-1.3656542693150302,-1.2502445039092493,-0.04961479212541395,0.08476416579305852,0.08818251940678508
4042,-1.682406159001746,0.946413831631931,0.8123662243740949,1.0559915813117269,0.8811148329465366,-0.19072116130627426,-0.14521769220203776,-0.9180820670877474,-0.1465523009099253,-0.027339912988617786
7274,6.18971466787938,-2.1351715496170964,-1.3396995754291217,1.7338001309214266,-0.3454205872311382,1.5332511877278585,-1.408762674083958,-0.8264251685871415,-0.2878306735579533,0.4028522936654214
2902,-2.2062634508811616,-0.6060681641133231,1.2555473519502451,1.1127069286557383,0.11142713450875809,0.8461333855285881,0.009042908340616657,0.5274161571480273,0.3774128905347097,0.6126520807011617
3332,-2.296104151468208,0.004261729219069788,-0.7749183597923912,1.564963808708716,-0.6612864139425997,-0.5344067547575251,-0.13130772773514324,-0.05459895218057105,-0.3209460519140706,-0.36156132424000603
7433,-2.296104151468208,0.004261729219069788,-0.7749183597923912,1.564963808708716,-0.6612864139425997,-0.5344067547575251,-0.13130772773514324,-0.05459895218057105,-0.3209460519140706,-0.36156132424000603
9386,-0.8543355438135047,0.5009330615470764,1.657193390678749,0.8282654343377281,0.9832238850877811,-0.47787334058127223,-0.5974817464781144,-0.2275430092475369,0.057038384051932796,0.04371777486083482
5176,-2.8085988935109416,-1.1465958520174104,-0.4445019857933046,1.4660632929573287,0.08416451502120506,-0.7046434685247721,-0.31970576342970647,-0.05441968187083817,-0.1555020329568288,0.2291151092050377
10323,-0.7220494936108767,0.4950458744932254,1.4688887970387343,0.9577862052102475,0.8692265593360814,-0.060896036019563546,0.28773015058260654,-0.3274352268524237,-0.06249633212607835,-0.037115162053840675
4682,0.39499614217036066,-1.754301281062055,1.334294257222068,0.9829248412973803,0.32716146601238416,0.334261493082738,-0.551764342862382,0.45207922321381333,-0.5156154006427576,-1.2706113041105227
3083,-1.2175600333001422,1.698824795752025,-0.14679599044526334,1.4939536711918817,-0.5261054883039605,0.38463662905106183,-0.3035649253931205,0.08969517182730889,0.2930039963083431,0.14613304023274312
8015,3.1192398315103533,-1.336692969936104,1.3684905655827255,0.9583691327170456,-0.9349217580253957,-0.21491782776216442,-0.2863428080699824,0.1696724360740923,-1.238605039935444,0.5883082830205801
1745,3.1192398315103533,-1.336692969936104,1.3684905655827255,0.9583691327170456,-0.9349217580253957,-0.21491782776216442,-0.2863428080699824,0.1696724360740923,-1.238605039935444,0.5883082830205801
3136,0.784436132963778,1.022460964410223,1.447240578368839,0.949617115360426,-0.08613455372727453,0.14844493287799643,-0.7794845450994723,-0.05854904862703991,-0.8132348180074672,-0.4464420743294905
6991,-0.2301360665172091,1.768684266357971,0.8434242651871994,0.979997095803122,0.8866210609503262,-1.4001617209961543,-0.7908712576114545,-0.6653933846071973,0.2999077841355288,0.3683351781576293
8132,-0.4245982327124858,2.663900350898608,0.32945932595260335,1.2783709355094635,-0.7530441568435082,-0.5405897897830682,-0.8833284347721683,0.8955024124643984,0.2712184547711386,0.3063513461625284
503,-2.8937653361767897,-0.8228329496848764,-0.4597619375381703,1.4821673346358804,-0.13515326743266,-0.679446950352543,-0.27359746130832907,-0.06548033569558316,-0.23586484159402532,-0.08142952367191254
8148,1.2565097900151607,4.145629257532197,-2.2717107090572313,2.2685730845252765,-1.2214110029098018,2.278282239592329,0.44608175830504004,0.9178347068864326,-0.5083250206433408,-2.600674363102617
2736,3.0205013640095317,0.09593632337031474,0.6846140583966115,1.16753250488793,0.8431871177960492,1.629375370982692,-0.9798159886789929,0.3311259163060801,-0.7882981944637173,0.4411100295020498
8162,-2.3539516445261746,-1.5004437961008423,0.6176217516954318,1.106886600205452,0.8056013917337064,-0.7401350124179107,-0.18826343869438245,-0.9293055672116759,-0.6721921423414581,-0.734852439461088
692,-2.714754031982847,-0.5749143029459227,0.946216556380835,1.2197530392711282,0.2570289275492396,0.6427318610892592,0.01941264353873703,0.10301250430845535,0.3628217027417302,0.6440109001361305
7706,3.1644178114304142,2.0239271019808904,-2.6016263449787487,2.037828250164536,0.7648832121053372,1.4344558337433202,-1.539450555470347,-2.4209524649380563,0.9404553551467707,-0.2623192516985005
9298,2.702186527669445,-0.8447081553757663,2.264772661721526,0.823013579364923,-1.5716625624562883,-1.4547461507704726,-0.4078278530300982,0.40376756953292287,0.19412954520103332,-0.28374954010424747
2986,-2.796371065218529,-0.5948255908567889,0.875896684269484,1.271918636304253,0.3085508958772862,0.630904540899048,-0.010324043209716815,0.029423520759871126,0.30571175680413454,0.5810753804383777
10812,-1.8755125984709726,-1.5382240049423808,0.6393241647478232,1.2861281020938682,-0.4173514690532587,-0.19014762041112518,-0.009769916171018281,0.7012722089484731,0.2681137237177359,-0.048298017503953405
2909,1.804196231211794,1.1692944380250903,1.941513955947264,0.8609549616598444,-0.05871721516402718,-0.7492668286092617,-0.34335953046527407,0.1587025590437257,0.7385825772551111,0.6785390553425291
6974,3.664956583293331,-1.1375606018666575,0.6894639139471298,1.3424671267100614,-1.1209325469260407,-0.7387890188479377,1.1759075782610047,-0.7441995601388416,1.1278223316722908,0.21472182278148905
9140,-2.125127188917902,-0.007767537536052239,0.9349165337633673,1.2483931998284048,-0.06487693851904709,0.7161182382244499,-0.3079723469675582,0.4208266305620864,0.2602101944551957,0.42320590600472546
4554,0.32656078974138564,0.8054319447458563,0.5708883695404124,1.266281200160008,0.9739800261536802,0.9476041850135976,0.6440332684408607,-0.06639752513335116,-1.2767318040212752,-0.39769417767221144
7791,-2.7458455258700654,-0.10181846418102887,0.700016663302309,1.3185406449633679,0.056533747452435064,0.6188902788243927,-0.0878282431565604,0.02167444315393895,0.107407643077796,0.4449011115754488
5455,-2.382845929363963,-0.4984955879097435,-0.2084319873273258,1.4896060979171015,-0.6120270114663409,-0.496271173530317,-0.16440569135588934,0.18210425892565663,-0.32586834033903583,-0.3040118990948042
7960,4.006624372531245,-0.9318106754638752,1.1157306575877952,1.1357687874283577,-0.5098951399136714,-0.45045215512065945,0.9837886313644187,0.7619018475919657,-1.1952153958254401,-0.9113101142779382
3426,2.1758331086168607,0.7866948777432456,-0.6802196869966335,1.556271205847443,-1.4995275719421013,-1.2522984008169817,-1.201293592917789,1.06627253374986,-0.9822722389633014,0.5154888665002424
5316,-2.0587810104724125,-1.1086990549750022,0.418591179714449,1.1576235057680342,0.9508706115178456,-1.0286324439292198,-0.25966871788076695,-0.7697407403270714,-0.6811507525626033,-0.5943574724944992
1404,-2.391609745124404,0.28888421955110705,-2.036700128074413,2.0308484594947283,-1.0384341985182042,-0.3525371273942984,-0.04686971796405107,0.8993027103307288,0.20625057712195705,0.7544613221649232
10598,-2.9211484979582507,0.4172598068628527,0.2336817822535499,1.4260290797123085,-0.022152472692021714,0.481636189898574,-0.22872888781716205,-0.2878443295002225,0.00470739762098677,0.30941073461072033
8212,-1.42785397432902,0.2786782294343512,0.9927135090235956,1.0977335954760306,0.9895760516310356,0.1379173652866242,-0.2617629836838951,-0.9674564337932293,-0.15507388515553053,0.033887684835829844
3233,2.0734954659700233,1.4737179845935395,1.4865533628537593,1.0322467055119344,-0.8915904348221522,-0.6036781862531353,-0.05929560719889258,-0.5159683486410123,-0.3968282784919052,-0.07718985093632869
7892,-2.0273091552507223,-0.9578439796159472,0.13772342834664247,1.27729724009807,0.6619511052318419,-0.7645353993072728,-0.1518736444752549,-1.1772199511043155,-0.5186586807013222,-0.8010437776083296
2975,4.554576430794196,0.14395561390726266,0.5978360350582056,1.3454243096827667,-0.7454711403029453,0.5631656598498163,0.6433502129368416,-0.8394381840131601,-0.24596154161787762,0.49764848026061853
5043,0.23834439676146088,-0.6028154257313028,-1.570884485844487,1.7185867646706838,2.0269410175656954,-0.3539580517464305,0.8676036020778303,-0.6996751000010997,-0.47327526642882173,-1.0140873089471933
3104,3.9980672543873497,-1.129144974715693,1.0727812551522322,1.1253496609558793,-1.4311779605561703,-0.593939733555665,-1.1726666890193547,0.33752666532976333,-0.15766992787343795,-0.1924654111994875
10854,-2.638767059408107,0.05597482611907322,0.7087209590340904,1.333134608483241,0.05180725891523747,0.4752170827783894,-0.21341131148296916,0.05900790469860172,0.24201275472029454,0.4979040663388283
7419,-2.5972811613601436,-1.0510428927887467,-0.05407840344655829,1.4733212332674774,-0.22630984816154837,-0.357540301368902,-0.19076656533248476,0.2829115937507692,-0.1332958088752203,-0.18994968276563667
5558,3.186043045310446,-1.1544450463964158,1.2304404339051085,1.195160415447705,-0.6595987476918239,-0.7882437698070838,0.7356983312152104,0.09959681034241563,1.007358222356642,0.22345904658989632
832,0.8307462964352903,1.8066827679814055,1.4936573113445326,0.9304266102266933,0.42268021729250943,-0.6424792547146645,-0.8188342453908155,0.47553713717218216,-0.24923922543562235,-0.193761763797097
4964,2.1095141948368394,-1.6968429699818697,2.0393810642367582,1.0372482263190252,-1.8663908854927336,-0.65595749584103,1.0769871965035203,-1.0142547903546562,0.08695242360350522,0.018312495774100875
11030,-2.696025344621152,-1.5171449228223641,0.2160802012872023,1.410390473274938,-0.11118909709230902,-0.37377260260059547,-0.03647541784976289,0.28377640482876976,0.0696152146932289,0.07454583850457998
4587,-0.4586672670699579,-1.2297215177720815,1.259721385405986,0.9880285862170141,0.5061405096314939,-0.5172286101798192,-0.4021037597095835,0.27058819486901375,-0.9540164368233743,-0.5893323829491576
450,-0.47340291217733105,-0.05070302737668239,1.2897462148017305,1.2290534750556734,0.6591550817491902,0.9138625525438054,1.4890966848169775,-0.6028046420827556,-0.3185273259154105,-0.4738714186747083
11031,-2.3115618343315654,-0.6080820492818575,1.3113265446305653,1.2023666826955255,0.08608798960285204,0.7931082549146178,-0.035581547376578045,0.4798570991250761,0.33927581498313947,0.5616416219423501
4990,1.216460106640399,1.094402544325098,-0.38251286519308414,1.2752811431378615,1.9032783866408287,-2.613920310997136,0.19491639606144823,0.9297965892070656,0.551837465256863,-0.31268778280507387
221,-1.0826166282288137,0.7000979193149254,1.1461545882296993,1.1519350075126928,0.7623428253565422,0.07551504834605911,0.6839527949341028,-0.6605493302439361,-0.13892594645778464,-0.13826396259553758
4351,-2.5952110702373705,-0.3915001630856713,0.721682323005693,1.3549537812642662,0.3199804122527684,0.43156747604075557,0.30333271559335684,-0.046337109988959055,0.39283185799088416,0.7506137182513349
1357,1.3266401897193205,2.4871170752214717,0.5300475212810091,1.6886520111693286,-1.8133540173789222,2.108670731167615,1.0562418832549372,-0.3722711408624749,-0.00036475238815768924,1.4397749133055793
5667,3.004010665508559,1.9380741536373463,0.04284471780131382,1.5039830262075677,0.16776451568598813,-1.255897735357906,1.5475939713003437,-1.131344339692801,1.240915865570433,0.8418872925477773
8867,4.924064967407837,-1.3838989641383543,-0.9505750515251447,1.774365526845224,-0.17452405275404356,-0.31275700576214505,1.9446333411299581,-1.07784153997972,-0.6611580378928951,1.7671404316019466
2747,4.924064967407837,-1.3838989641383543,-0.9505750515251447,1.774365526845224,-0.17452405275404356,-0.31275700576214505,1.9446333411299581,-1.07784153997972,-0.6611580378928951,1.7671404316019466
7422,-0.20939860099482133,-0.41285991010651485,-1.4660897079864426,1.7877890522111286,-0.04080514651697632,0.4491766874469946,-1.6537592478705863,0.34626131173296537,-0.0012808848224809223,-0.5540638895272434
4148,-1.6685501482528446,3.2516652283506016,0.06731331288264203,1.5957321907447668,-0.2936777401265745,1.5800532527452322,0.02943029238342203,-0.2230978439051095,-0.29891153881643934,0.4825511157010399
9516,3.0485535315773236,0.6170918919510708,-1.3476045290597254,1.6541714527610725,0.9494671178873652,-1.312216856493875,-0.5168815221632865,-0.31349670595796536,0.18229197596926924,-0.6451282273742092
1291,-1.5910835530011842,0.5190378548760727,-1.1721134377344997,1.7448276204022812,-0.4088769870301871,-0.9836449756793104,-0.036354495719508474,-0.008765027657915935,0.10031903855661169,-0.20185583637360258
1833,-1.8205335131764095,-1.0883486657530714,0.08919297947427958,1.4913922197649612,-0.34278869153804387,-0.13201656274561577,-0.07940376802463771,0.5697406387638888,-0.1517923149175368,-0.22912967292932943
7270,1.4014155531141295,-0.38038932802154035,1.104085441514788,1.0292565809201657,-0.2916654569314591,-1.47400615325515,-1.0464870075917518,0.48072445366647903,-1.977067396672508,-0.058466270359447674
8182,-2.6156278130228054,-0.039008012948262914,-0.7488739004732535,1.6791135069798722,-0.5565919018241101,-0.5262350407822175,-0.3996489462957235,-0.058320751190938894,-0.4406115408628171,-0.44325572398340446
10394,5.333118149741267,-1.3691253357818869,-1.5791545659699628,1.9938425042557513,2.0794565164416716,1.1227836651045289,1.2360718324085327,0.5708374923751707,1.3882690911197868,0.2183198576137921
1142,0.4798878738170238,0.10238026851276943,1.560708714932865,1.0898017650597607,0.7983772174776261,0.8605786087219105,-0.48817278642151735,0.2783655296636719,0.02423081253459283,-1.1771283489808944
451,-3.1655437558813833,-1.3373298304611483,-0.3479524944180155,1.5744561985571652,0.01363674776884227,-0.7511419369521473,-0.1135822391049037,-0.36949511826945036,-0.17351446171720517,0.03565647335060269
7128,-2.731239432019214,-0.44402846962071757,0.9007471891181867,1.3278000054256653,0.2246465522415353,0.5161958925941802,-0.06510787524270116,0.02639546959526522,0.439697508324149,0.7468332276575418
10678,1.2799022252340488,2.0862211955186414,1.1409305948053814,0.9602572407489582,0.5962232333095846,-1.2631790833112426,-1.7254173399734263,0.21003995520309593,0.30530122930134007,0.27155254430051606
7755,-0.7747166766882814,1.585312197370634,1.0760225402029016,1.0202712094720634,0.9542057219785272,-1.1855204123974363,-0.8364210491800671,-0.6035118226704744,0.7022692072798634,0.5929000704158791
4754,-1.4465375939508587,-0.5145042573886367,1.5808229558554028,1.041109689714706,1.3062071497488263,0.4953842014248774,0.11890470589203865,-0.42515601493387467,-0.2695979687807698,-0.16801392946400137
20,-0.8284973108705335,-0.44081292206296474,1.4200552437650782,1.108298661123327,1.4290866019517412,0.5938692964452414,0.5541024382638978,-0.27904065683508467,-0.03688828398483124,-0.1233205279721749
2246,-0.8284973108705335,-0.44081292206296474,1.4200552437650782,1.108298661123327,1.4290866019517412,0.5938692964452414,0.5541024382638978,-0.27904065683508467,-0.03688828398483124,-0.1233205279721749
10307,-0.08850962940319171,2.1991651761657978,2.0637139795365265,0.9408175300514118,0.9530033143334564,0.7371507633935938,-0.3613984795231306,-0.25415684199340544,-0.01722158515983531,0.10834818624975516
2147,6.225147319098644,-1.75013611405791,-1.1641505946869994,1.9233420426057901,-0.21257120977320001,0.8508199093306661,-0.2293485215551034,-0.3914815411494954,0.8458484090122936,-1.3415303180598883
10590,3.0719809907155935,-0.9900815771368626,1.646856527756753,1.0567688674839066,-1.5182490961606334,-0.9115799568893034,-0.2857042628868689,0.005101831629800652,-0.6172527932845434,0.4506937374868981
6565,3.4133835598954256,2.2109083814629544,0.47235225708974965,1.2483960600855541,0.9958458928371421,-1.5303319004041973,0.733234230853785,0.7158256223413544,0.15771204266811537,1.7193012445231566
6619,-2.69465445425548,-0.1076828587535268,0.7276685665222726,1.382017727450939,0.0263578399848441,0.619607907882018,-0.09877034787526617,0.015515750805058503,0.09476556170378443,0.47147881149755627
4817,-2.55825925950501,-1.3071180509184892,0.40989053645453205,1.2523743195676478,0.7895872691774897,-0.9841052956597995,-0.29184724537355,-1.2515281452193698,-0.4347847359538513,-0.3929103152225541
4508,2.8035644612228645,-1.267453446082015,0.4574943268003233,1.5654148819057372,0.5974465020469883,-0.3497061468129106,3.903820802838838,0.21083437883489456,0.11183866399168602,-0.17471058044871887
4843,2.8035644612228645,-1.267453446082015,0.4574943268003233,1.5654148819057372,0.5974465020469883,-0.3497061468129106,3.903820802838838,0.21083437883489456,0.11183866399168602,-0.17471058044871887
9197,-1.8856940380340341,-0.12397544169598523,1.6393950308554484,1.0722802247626693,0.8588388463990162,0.39727588027652316,0.010899640050955058,-0.7212780924767792,-0.13107623011634875,-0.2025372748151398
6237,1.0794413964649705,3.4564598134266005,0.07755181247373748,1.270210834744134,5.501046790820197,-1.3546400406348424,2.3470030404326643,1.2583336620252716,3.0637320417909963,0.8534164315971358
6515,-2.0600936449981067,-1.5325873350971255,0.44716119854290304,1.4294369296866094,-0.036787787898693185,-0.15033240120856098,0.01103305520444183,0.8198707772731034,0.21222658493235289,-0.15187554265694925
5954,-1.898512841372525,-0.3168288420547787,-0.4905699847503386,1.5724840838262888,-0.13644962804159202,-0.885298806391974,-0.7250178493869162,0.32400197054926866,0.11273911943793326,0.2918113652531838
7938,-0.01422336481598995,0.33289300211690936,2.2519097559975805,0.887222552369938,0.29725299321003423,0.26547043136286624,-0.515618324331014,0.3661423443966949,-0.9715215740467125,-0.6407989360506453
961,2.2427854850147844,0.17062468480805107,0.13056247348182107,1.5926389702881705,1.0096152840747608,1.225074376789595,-1.0010810571105855,-0.47424850731095225,3.018097181653653,-1.1595282671399307
1764,-1.806737202301387,0.30548156335762267,-0.8017528199836245,1.7100590080863245,-0.7182755232245965,-0.7464694310152117,-0.5113798787607943,0.05754818281252576,-0.1893351403634824,-0.38534540484963414
1916,-0.6233394071178291,1.9713877286838508,0.5022888441316273,1.3260351139731454,0.3745730257093609,-0.24880701065830077,-0.12086565120385472,-0.7381953360614583,-0.23455253945518217,-0.45977344250283664
6941,-1.780289249310521,-1.2254317414711413,0.29264616273538463,1.3378890398684626,0.9654305664220808,-0.8591987894824926,0.06734475340804816,-0.9915175620918643,-0.11011878326983128,-0.3745543288449054
5562,0.728526513623004,1.5975221305790488,1.1838361680447382,1.0763422056596108,1.1320284446680315,-0.8908245837043501,-0.04699493832290861,0.5584978391671336,-0.4159446094599212,-0.013345248800990119
1517,-2.54829457802365,-1.392423420571558,-0.11696319506506807,1.5513510017619843,0.05386423276750319,-0.3897213794431074,-0.24830100532331295,0.2369475290947839,-0.056772370477743625,0.06011843440274351
7286,-2.760577902352223,-0.9044749047072433,-0.47476300003199456,1.5948966924426948,0.04734751022572269,-0.9417262645568886,-0.4198017802599637,-0.16150760122149815,0.22639819963079988,0.5701185439152151
4687,4.029034813801829,-1.3258343034769737,1.2460339924794204,1.2934216116529118,-1.4737656566401203,-0.5990599522803403,1.577527676261881,-0.22215926747805323,-0.9952354532769633,0.9731985011974968
5631,1.6057599599942989,-0.6491805745272099,-0.3042816944560745,1.5120172586943599,1.4783358351400808,-0.659846223038881,0.9765914524248803,0.39567835050055233,-0.4215131553090611,-0.4909315596011877
1951,2.2688170031726673,1.1786062358734977,-3.5208482389935543,2.187537677987765,1.1265850936075545,0.5804154295078571,-2.838921526935488,-1.5952815727123426,-0.6586747868909887,-0.7768836156512623
123,2.161209583293871,-0.009030998103365133,0.6837483599799463,1.4908853066185055,1.1188994243011852,1.1056506794864849,0.2692414689546576,-0.14286366854253385,2.0305616074766464,-0.7067910509151464
9451,3.778828667313834,1.7896300502771478,-0.8834579547957931,1.6839573313840666,0.9726738615845008,0.016615622623962763,-1.2792633333230856,-0.4228340649854878,1.1143204815299714,0.22046755517786792
7396,4.444787708998322,-1.5050701478941617,0.2851905038496035,1.4517404281152384,-1.4472272250062828,0.07606926516054353,-0.2513974371048279,-0.7767264975227103,-0.9704129577447014,-0.36639460723148176
3298,1.4441861152074154,4.118562827819105,-0.39123293499785305,1.6067912280221592,0.6315250736127738,-1.5216666002473678,1.8221074121273932,0.02504809565641141,-0.35850696245873,-0.5275679170879278
6730,-2.746743944368921,0.47168351569084055,0.41219908971107805,1.4881857989600111,-0.11125386591785145,0.4641789895047251,-0.19845436671704103,-0.14294167523943552,0.11103361877923575,0.4356535406632683
9916,-2.746743944368921,0.47168351569084055,0.41219908971107805,1.4881857989600111,-0.11125386591785145,0.4641789895047251,-0.19845436671704103,-0.14294167523943552,0.11103361877923575,0.4356535406632683
2227,-1.0095967920087792,-0.9028417245034088,-0.04367248859333912,1.3973373129320241,0.8534013012010758,-0.42698542813806906,-0.48259763765989727,-0.7233998067876573,-0.9278710744159493,-0.40589218681818706
946,-1.0095967920087792,-0.9028417245034088,-0.04367248859333912,1.3973373129320241,0.8534013012010758,-0.42698542813806906,-0.48259763765989727,-0.7233998067876573,-0.9278710744159493,-0.40589218681818706
3745,-2.3381364878141793,-0.6694627310804452,-0.9767254861902888,1.734474962462055,0.4257885633971665,-0.5491957893511228,-0.147342957351828,0.13072479404403442,-0.27426383017094336,0.38465212362300966
4094,-1.2992828244315606,1.3069004761829197,0.5592281815455327,1.4509255431119596,-0.3203665701232368,0.35617904332769024,0.008137242107732642,0.6977798334713005,0.3848958151720686,0.2677706043275995
8588,-1.2992828244315606,1.3069004761829197,0.5592281815455327,1.4509255431119596,-0.3203665701232368,0.35617904332769024,0.008137242107732642,0.6977798334713005,0.3848958151720686,0.2677706043275995
3916,0.335469371501774,1.1169040231622613,-0.24983545329062368,1.4979341180956274,-0.7164942830518912,-1.758395458743085,-0.6005804760081537,1.5535204843967276,-0.7232580298909674,-0.32751306408817604
9135,-2.8623575383870103,-0.02707435963646051,0.3121991208515699,1.5378722805576608,0.19874968723781974,0.40875345575510996,0.27094749322577816,-0.39779481377056086,0.1585357505005037,0.5764611738712049
1755,-1.5295105639700246,-1.7776661827751055,0.596902455495522,1.4530918833662976,-0.21274521129301457,0.19667118464979383,0.24572227367761582,0.9445378243377924,-0.21996361756932423,-0.13413181230838736
2875,2.1421179094541536,-0.9675681776348709,1.841422949470102,1.0326006878958303,-0.970361850162152,-0.7030552133976157,-0.18984855633708028,0.5424295412827675,-1.4178629836691259,-0.5363724185419766
2008,3.2958549210348314,-1.3732978403373566,0.05801650889516259,1.4927718582706493,0.41599223147134606,0.145864206480262,0.9805192520438826,0.14132711025051642,-1.0838729083366256,-0.6495291720714871
10925,3.5696511773262194,-1.0150133578006524,0.7151275008458292,1.4832251281541033,0.12390894877326868,-0.29156293335188394,2.244448228281964,0.7539027274234983,-0.14492261959835678,-1.0600347542748307
1604,-1.050916543695139,0.41013006349494313,1.705194577115893,1.1141473864754663,0.2568497564681081,0.41209228905661216,-0.14792867443123892,-0.5549784990742929,-0.5100389128709483,-0.5448513744357452
5389,-0.8651438486524573,2.092202417658978,1.7687672848757432,1.0744092784922121,0.8806015402867675,0.7058417686786638,-0.633467435250907,-1.0964563708294293,0.2897289550155377,0.6235276568992116
2878,0.4540626120887691,0.29364001737627937,1.6250226475884397,1.123074503569981,0.8939952922703798,0.5382536851768615,0.39051653288682775,0.3476358014846113,-0.17481444041276187,-0.033490528966667904
4440,-0.1434433162885008,1.258363328256993,1.7522338030405307,0.9326366849025403,0.6512659676982949,-1.2899795587437841,-0.8524778658685734,-0.2875486252489603,0.5247097898135542,0.5628468661940095
1324,-2.313512153589785,-0.630496306918363,-0.4820051357864889,1.6628584480873434,-0.01006560535632712,-0.6367432983377509,-0.3496232096322563,0.21914186115370332,0.2917216588328013,-0.02747284547957326
6262,3.689116935764876,-0.8852973816735221,0.6129610089799384,1.4991587354361857,-0.26193086601872057,-0.8947068879302905,1.8931801852877346,0.13180367625469286,0.06606876122684698,-0.17534567522949226
3628,-2.800834059260269,-0.8032513748120261,-0.9705383225780261,1.8033084122374095,0.12025217308034263,-0.6780558523880701,-0.08645974704900429,-0.4677113885128193,-0.08108757702705295,0.02376098916132018
3641,-2.8048522886337754,-1.0660287932472972,-0.1952653425488723,1.6129409412883546,-0.07657195533569841,-0.4287533928178302,-0.15223505315596852,0.15685980192148682,-0.28440521984340467,-0.31577207163975646
322,-2.2598925793423077,-0.28815997458839293,1.2359183062589056,1.3409906717963458,-0.032506898915201525,0.9020943148332972,-0.000569681550787163,0.5204729854904929,0.30557438483081484,0.28580496266424205
175,2.8637858378897554,-0.16181285945865653,-1.160321484699484,1.8936124773627088,-0.38864000101673823,-0.27850167018305727,-0.7050247211333015,1.2186799180174754,1.0310576558992572,0.4669782920316644
6988,2.8637858378897554,-0.16181285945865653,-1.160321484699484,1.8936124773627088,-0.38864000101673823,-0.27850167018305727,-0.7050247211333015,1.2186799180174754,1.0310576558992572,0.4669782920316644
8204,3.271760259237619,-1.6032633050538132,0.5042876995100516,1.471241865311525,-0.42350537451497516,0.4478246178890335,-1.4573045518040724,-0.0036456631084539944,1.250095824292175,-1.4771546633932102
7476,1.5805792965360852,1.4925288809047845,1.6884940778157758,1.0870392371327928,-0.7194771757119522,-0.18790759272176913,-0.7619377757965861,-0.016422052618537863,-1.097901541104121,0.5073714809631034
5221,0.5676700744419446,2.6276315519254454,0.7046423523008131,1.2846801923282485,-0.055787979249627126,-1.5868504425881118,-0.008352925115992237,-1.140679958770388,0.5224232005494949,0.4902218768595512
8970,0.22660225598364286,1.7133875213512062,1.0079226947347544,1.2410310282415562,0.8341494907761685,-0.18549288529796318,0.5595982388538342,0.21537238490566868,-0.4016211531718715,-0.05291743759016439
9286,2.3351560882724884,-1.277735378413573,0.6443849653043848,1.3910459421419787,-0.290570462643267,-0.07254179877957835,-0.1890496220747243,-0.8153327596927332,1.0128630489501844,-0.4331783355434339
5831,2.529636943599441,1.4318202203982515,0.05504879461127809,1.587503396512534,0.08934335387783059,-0.7049281212785957,0.8109358802728037,-0.9844580846257762,0.4530658229792402,1.2384722762175397
1010,-2.4368279210171186,-0.5272230988656161,0.7717800448018285,1.6650361610156112,-0.9077924106550783,1.466037318257625,0.5063151046754244,1.7476515165415705,0.694608836323126,0.7323117078707375
11074,4.4277900635269365,-1.304242776961504,-0.4002323090000827,1.6764066125181036,1.555421601931188,0.4238445829810893,2.506379356614558,1.3952419197234265,-1.733688783656242,0.30190139172343616
5896,0.5090261110240875,-1.0982397634292316,1.8314882755755042,1.0458481780948021,-0.1392875332378488,-0.6455242073034589,0.012033833486621692,0.32323443367695176,-0.030820300621249963,-0.5329486017952355
3515,-0.9723301095615684,-0.05642057668057016,1.8054972293823675,1.037997049283774,1.0175436400009488,0.1952691174027347,-0.4350030866309721,-0.27290904636064783,0.22574173791975993,0.29618886173169834
5324,-0.17856080567270943,0.21399497469019332,-0.6769643074338761,1.8172740892293038,-1.149127700279686,0.27308227622511744,-0.44160247142966375,0.48200268358725035,-0.3053028264070512,-0.2599370402102935
6534,-2.092220790626425,-1.404543460729102,0.5176341115550165,1.4690144405951222,-0.22294530062870518,-0.3129605499879658,-0.1710442242793191,0.7198185591351679,0.2633902781468692,0.025042741266615733
8373,-2.5374029921321615,-1.614889191736786,0.22750415777914773,1.5504317251673514,0.021274498672892262,-0.22419733432738922,-0.003334377738712373,0.45224527336981923,-0.22208514817131766,-0.15928918921619975
3829,-2.5374029921321615,-1.614889191736786,0.22750415777914773,1.5504317251673514,0.021274498672892262,-0.22419733432738922,-0.003334377738712373,0.45224527336981923,-0.22208514817131766,-0.15928918921619975
4501,4.861346773144353,-1.959446852583172,-1.052392495334828,1.9602244446905641,0.7707889790016887,1.2612965156455267,0.8527794692819164,-0.023586382458322442,-0.2067206079629512,-0.16320794304374553
4179,-1.7257026729687135,-1.6660381845584495,0.9268467186558504,1.2836990943709818,0.7955393703150315,-0.444519974725485,0.27626332836999645,-0.5541561595659372,-0.5389502670044347,-0.7217506785608976
2292,-2.6205581719909556,-1.6127545925073081,0.2609917373788691,1.5410163356009439,-0.010500920379510788,-0.2589874760540319,-0.056917190315929345,0.42900972296026463,-0.23066419983185207,-0.1529907624238999
9239,-1.0583892481802224,0.40913017115582456,3.1128583022538945,0.8455283092554832,1.0765919053431323,1.5534308058034643,0.09058853403330079,-0.3396771787950764,0.3716520602823903,0.4772220315853701
8953,-3.3788607777796034,-0.009560117349288045,-0.03399193567169002,1.78799893322898,-0.7095871133991003,0.7835348456324129,-0.1866852594977788,0.9709344385407375,0.4674469908926153,1.0579374341862942
10258,-3.3788607777796034,-0.009560117349288045,-0.03399193567169002,1.78799893322898,-0.7095871133991003,0.7835348456324129,-0.1866852594977788,0.9709344385407375,0.4674469908926153,1.0579374341862942
3520,2.028429140391236,-1.6186377000923824,1.4610628960114214,1.2242040047332385,-0.7109908767561152,-0.7131069319770212,0.45889259739012817,0.10213216101473056,0.4911835427462209,0.16273482333125694
10402,-2.8700097091285315,-0.0006410683888915741,0.5920214077667443,1.5091975756671723,0.0542270375198529,0.46558027586350953,-0.24010274926971556,-0.16528318208735365,0.0630886371378472,0.5244815315616896
11114,-2.528132453617049,-0.5869439641285191,-0.6198602597463395,1.7884117567370008,-0.1662707593388068,-0.4148332785315748,0.20565164962178972,0.0115768041281452,-0.2468178710810321,-0.36961710643074425
9553,-2.5577277605385538,-1.6520896005041166,0.6375086464949254,1.330429990711708,0.853958127389225,-0.6706439606400707,-0.06360820090822598,-1.0138880580907976,-0.8911259990294151,-0.8051280333132844
6055,3.4884120705516266,-1.2363899686918736,-0.34798354320131203,1.67077041225077,0.4675494495253099,0.27470896062066136,-0.924031283343509,-0.07404448671112711,0.8242693353651734,-0.6904290599270898
4786,2.3718324542906855,2.105456200224182,-0.7431912377834833,1.7469731514871343,-0.11629628023868555,0.5531573059350515,-1.4997613707574717,1.2539519996681114,-0.14357233986601176,0.7281776486962501
5015,-2.047384009955846,-0.8029460384698748,-0.3159071621871047,1.7103840484016875,-0.1970214526909271,-0.5926859837281954,0.37894415079216237,0.1675201763684957,0.021451835298247523,0.025368301755031193
8560,0.6872714707442769,0.06734381922539694,0.11622007311506624,1.4272874174855543,1.244024782254277,-1.8899580146205022,1.1989037634445903,0.2931266646482699,-0.24975225689316496,-0.17488808552476234
3469,-2.5645708250989876,0.6054834491916435,-0.11408897775332082,1.6551364781477562,0.11295745590976707,0.43129657143982764,-0.4525644267950816,-0.4113386546488997,-0.0412981902300768,0.7189930712845661
5885,-2.6926083505633183,1.9918909192879473,-1.1237778672256618,2.136005282965209,-1.5669150748180365,1.0245983508434493,0.2735640825666925,0.7580277844786234,0.1535095509641893,0.29369518796414656
3310,-2.6926083505633183,1.9918909192879473,-1.1237778672256618,2.136005282965209,-1.5669150748180365,1.0245983508434493,0.2735640825666925,0.7580277844786234,0.1535095509641893,0.29369518796414656
2134,1.0798794995296366,1.2193214555275347,0.5710590364434471,1.4929970076837424,0.33326808226281934,0.37284939925647964,0.5797777486423914,-0.5435147553685963,-0.09665909197843865,-0.9339981656464379
2532,2.488226135624767,-0.6273851206112688,0.08886898981674578,1.5693148173939704,0.6163305169587106,-1.3225878971303793,1.6604419742292253,0.25989906520824235,-0.8484259883643348,1.1699640309116361
2579,1.6021299923916,1.356945961371739,1.6176692208229686,1.2412585850028062,-0.8430670366605345,0.1609812959037996,-0.41655202475093234,-0.46614179515124377,-0.09834499964698715,-0.23827809681987705
3117,-0.37996162281318635,1.6417099214365365,0.3998124108718078,1.4528103689264706,1.8082093154224304,-0.6603548401055425,1.215356829269685,0.011439245131488017,0.1405151054686656,-0.0506643872669573
5623,-2.6028089045012415,-1.3718427848045012,-0.009963764290079377,1.6493610109510808,-0.05870407763124719,-0.5533970389786886,0.1562798926068888,0.07315526732598869,0.03789079871374334,0.21668274765650863
4789,4.179446664229321,-1.8319198775085768,-0.00020406515987529567,1.7303595435762948,-0.6663407565484384,0.4658835585459787,-0.5141616387642969,-1.067623618353785,1.4757133343396827,-1.051314238738776
9523,-2.352037990211133,-1.845127931230405,0.7459333689610013,1.4875169749180692,-0.3000114275230595,0.04446564539867427,0.08401423417114008,0.7131779555867996,-0.11877266348953604,-0.1654846596000234
5268,-2.642968147760807,-0.11646387486692829,0.5861530598053356,1.5476079009187185,0.14763613176001003,0.676841842724805,-0.28523972502655315,0.009562945656727538,-0.19124095865059623,0.3466629960481899
1545,-0.9801210074148898,1.215957310287215,-1.5766381532913418,2.055183037793313,-0.8235985829546911,-0.6323920009568443,-0.03343535894236866,0.008879819558271763,-0.05365829761181397,-0.4327714705873383
2254,3.650932186008498,-0.5545076958767148,-1.1455799700044125,1.7927597937238888,0.736002284485598,-0.5771056443383971,-0.5776327744506798,-0.7651611443060733,0.4114451707812337,1.209594737554214
2661,-2.5782630028977565,0.3993716102751076,0.3984273071930687,1.6443566714841227,-0.07104071284304603,1.034257581508979,0.01296523645087904,0.12334464462455724,-0.30610238820990426,-0.3121858114470837
3130,-2.5782630028977565,0.3993716102751076,0.3984273071930687,1.6443566714841227,-0.07104071284304603,1.034257581508979,0.01296523645087904,0.12334464462455724,-0.30610238820990426,-0.3121858114470837
5847,2.4210761749679515,1.3596437692772623,-0.1556413377375218,1.647845157200582,1.6161994655677088,0.5033669179211966,0.25931117890427874,0.41488735785933567,0.4470772461150908,-1.0007784191577809
5863,0.5238301999907333,1.7638988066824033,0.6675547621439559,1.4504978391839147,0.9784993158252199,-0.287665490832988,0.9361683583760735,0.1354029596510092,-0.1081261811873173,-0.8029162479902935
999,2.265821147767588,-0.35913901023221206,1.5398893605983617,1.0983059671584183,-0.3717809977084919,-0.9682217369173908,-0.5977233597022421,0.6729558777823185,-0.5641314432342381,-0.20169168963372197
2931,3.181106187872518,-0.20501578795162717,0.21921494530333535,1.5100338999416398,1.5892434123505101,-1.5369647829860098,1.6978261183593575,1.2370208124029107,0.44102222762002136,-0.5047712609550292
1890,-2.721028232917338,-0.4413480821915418,0.904741112960684,1.4670650453912595,0.26015504154555014,0.5010169304595733,-0.047599047777855334,0.020968769862974846,0.396023638456794,0.7648774615418853
5589,0.36918970460918865,2.2445067535635252,1.2230365594287655,1.1302621590221762,0.49563974592905424,-1.318728171755906,-1.0501635115256658,0.09981146182428667,-0.269619325142262,-0.20680551710184988
10172,3.391998502729669,-1.36433732434822,0.543236624591521,1.5448456908502408,-0.9147036081516485,-0.19966736573251212,-0.7277204412891788,-0.21337667875959418,0.5722084769472087,-1.426909552123289
6729,3.391998502729669,-1.36433732434822,0.543236624591521,1.5448456908502408,-0.9147036081516485,-0.19966736573251212,-0.7277204412891788,-0.21337667875959418,0.5722084769472087,-1.426909552123289
10492,-2.7603740934883967,-1.1635016926607082,1.1100371750126095,1.6392996130099564,-0.6825017163211063,1.632193376601742,0.3200629195722233,1.877343486206207,0.5542272898185993,0.6847765691788552
2939,2.9370772790559774,-1.5830799503665918,0.9652277939404593,1.4214398622245126,-1.1669916407556333,-0.43386831045010055,0.12779453571581237,-0.7375553820807323,-0.41116738046479706,1.9944311288202854
5948,-0.7980246760464139,0.3486930266326359,1.6838166387255058,1.1722083702126245,0.7247605319491949,0.1622203627867201,-0.2470321669523172,-0.33418352623583386,0.03397511098612551,-0.08902916102038479
574,-0.7173612982023891,-1.8896944689292574,1.0777672294639176,1.3388866027642827,0.8698089243165457,0.18995082749358644,0.20968104417191355,0.04195806866143175,-0.46525782295049917,-0.6246579542137746
3266,-0.7173612982023891,-1.8896944689292574,1.0777672294639176,1.3388866027642827,0.8698089243165457,0.18995082749358644,0.20968104417191355,0.04195806866143175,-0.46525782295049917,-0.6246579542137746
10500,-1.96616897628908,-0.9284840534209056,-0.11099562345683618,1.6992746991651957,0.06056250729979912,-0.2686021191411186,-0.06896016584481131,0.7072374864045822,0.01529825589120925,-0.4498213824992179
7987,-0.08399970033639338,1.772567687738323,1.076556649739595,1.2641838802526661,0.43722461195428886,-0.22550791361701664,-0.8942867738371182,-0.29513619963422916,0.12064671874551403,-0.015207116105942033
1135,-2.851416355007856,1.092054481009537,0.0037215519690221716,1.758357530374329,-0.27132625448127135,0.6807735781007428,-0.17805188391412846,-0.2181303007701026,-0.33471652708940697,-0.26548253747970674
24,-2.851416355007856,1.092054481009537,0.0037215519690221716,1.758357530374329,-0.27132625448127135,0.6807735781007428,-0.17805188391412846,-0.2181303007701026,-0.33471652708940697,-0.26548253747970674
7244,-2.4139439088840278,0.24995387315290352,0.16665524085816685,1.8520547338937354,-1.1289544404172522,1.1895644908851541,-0.07393849614894403,1.360454359312624,0.6254596377241949,0.7972749478235422
1966,4.1930287743453825,-1.1209065028483531,1.1469812202567917,1.3801500868657168,-1.779218708404064,-0.4995026694003363,-0.8946548779392934,-0.4231417456038066,-0.01889276048565741,0.6317170130552855
7789,4.1930287743453825,-1.1209065028483531,1.1469812202567917,1.3801500868657168,-1.779218708404064,-0.4995026694003363,-0.8946548779392934,-0.4231417456038066,-0.01889276048565741,0.6317170130552855
3336,0.39707771392047286,1.5034814224487671,0.878773331097063,1.4882624178247403,1.1418165896881434,-0.8924841825570496,2.4516271507194447,0.04602776033559651,-0.1474343581459472,0.367498091454672
5644,-0.9636485273332873,0.9836466085853016,1.3568345499673637,1.1838526716943656,0.8918298153731194,-0.5884084604464053,-0.6489125924901618,-0.3717299861112281,-0.3789610838621367,-0.11186273858551093
1295,1.7967618239119143,0.2636804480958863,0.34159169184055893,1.5621686369708037,1.7028684222251422,0.44873058148320116,0.42767717710716635,-0.12815226679679267,0.4236924240322883,0.20353131998515017
6663,-1.2156351874658218,-1.0514240510478772,1.275554521739671,1.2051696784052242,0.4552015935241932,-0.964543380108782,-0.2447558194831169,-0.23006932662611163,-0.1893364998957222,-0.4361820924846045
10262,-2.9286021976462076,-0.44816696179298054,-1.089012680276578,2.12397846194577,-1.2083346013749883,0.2107700988931589,0.17058866229989939,1.2635189398574846,0.20489405925822474,-0.24117652842357348
456,-3.0186502968629823,-0.8829815364678791,-0.6698801009256079,1.8124072510827078,0.11284105064534371,-0.6181708075704444,-0.38418305081354487,-0.20176369688522272,-0.4058010214432036,-0.12433656282758439
3270,-2.4825637066018325,-0.1524659717704459,-1.325860673219544,2.0081933735542363,-0.37720085392893304,-0.32188658402879605,-0.5240465534977585,-0.6099426351933094,-0.41007954028160226,-0.20315609399577436
5748,1.0575022207924873,0.8356684753210535,-0.16411693913017547,1.7612682631477672,2.0272010105744434,0.998269382151798,0.1157289335036991,0.1021937377127734,1.5910533817799521,-1.2406375238458112
8952,1.9537408107536813,0.7202514361644156,1.4173626537446717,1.282776494042597,0.43443615383344897,0.1963415525432289,0.000721270305672244,0.287662281124238,-0.1937329124826268,-0.04821271025218177
3921,-1.3913749909171162,-0.8506934991877869,0.04918845029037299,1.4931403240537793,0.8672152288027641,-1.1427439487596824,-0.6797925140734857,-1.0744257046785035,-0.016816001472865293,-0.6690836392734629
9826,5.096585392196717,-1.4300466053243301,0.19960241133539916,1.6228304649749419,-1.0570117496031466,0.09731351452501776,-1.0202716631988988,-0.2805125473482789,-0.11199398299634158,0.3750859934423173
5830,5.096585392196717,-1.4300466053243301,0.19960241133539916,1.6228304649749419,-1.0570117496031466,0.09731351452501776,-1.0202716631988988,-0.2805125473482789,-0.11199398299634158,0.3750859934423173
8310,3.1965433262462986,1.4610965614476799,-0.5120438759346718,1.6632106145426184,0.8377610528500218,0.36615363305937226,-2.192491112193562,-0.7238379246426314,0.5002229298313041,1.1971693788860098
6382,-2.1392387323605013,-0.6842512351213467,1.4449874539302243,1.4328068521490886,0.20206491482448025,0.8860995139341985,0.22968148744280428,0.6880167101449198,0.3565538199952583,0.4640419392221552
8439,0.5486212884129373,1.6457975574631525,2.3902516105747527,1.1084256674564938,0.7689279086882125,0.7154653704307787,-0.603633117313497,-0.570604413973827,1.0783583569180428,0.9349491723559951
7613,-1.1141649870529542,-0.29211595332926454,-0.006256482979344479,1.6624232993114234,-0.30138758880883365,-0.8348453266878919,-0.35897910873571537,0.9417008486797823,0.06497292002813874,-0.09436078493989977
48,-1.240838646314616,0.4539864640230673,1.5020246214118023,1.2577542826724342,0.91419645634947,-0.09326022978758536,0.10043491797512542,-0.599785878733885,0.32525829399730366,0.15186538409153594
5046,4.8771199179257465,0.524924908052927,-0.9441609334148348,1.8977575406087195,1.05476541677657,1.3689640098705005,-2.043436863956905,-0.8229999991820842,1.2905013879883989,0.8420198585120039
3231,-2.6703515310226758,-1.2367677246915232,-0.011105190720198778,1.6843504836777312,-0.06605749714605476,-0.6038146996820766,-0.2963169974788575,0.1668026271785688,-0.08921887469056498,0.22642926702418323
7181,-2.371536270983231,0.18163031241646857,1.1575312683569083,1.3328906483842289,0.9321170568152362,-0.05234945707095859,-0.33172282737714603,-1.288813292185584,-0.2733415419127442,-0.022355027726037334
1663,-2.844750795739948,-1.0154851068805657,-0.28622049920411996,1.732361607163901,0.04973646965815339,-0.9112658425223706,-0.3277484027011378,-0.09850223607137208,0.12627899500843795,0.4077658992991184
5441,-0.3559566568783954,0.7460117953199632,1.5502865123255232,1.2310153601713734,0.8968086860984635,-0.2524801507086724,0.12489558337005856,-0.10770389036554923,-0.05535073434926372,-0.0479282498797606
8602,4.013337489064889,0.2654628573657347,-0.6210964131930549,1.7536942654921155,1.3299653219310954,1.8792773744326816,-1.7966066509445708,-0.3524595128937572,-0.9419770942878641,1.032450969314297
9925,-1.8861384434536121,-0.16642537630509266,-0.32360329436407564,1.8009183151680443,-0.5034561016835667,-0.8202492239381671,0.17955176846691462,0.1874583579547049,0.1934250971195912,-0.018801342291147695
9499,1.0060261663556949,2.1223633369575365,2.604625262030769,1.2284819408898138,-1.6328317946512483,0.4783714261990115,-0.09748259685336234,0.7616655595227618,0.4058589598007992,1.9651592179170592
6568,-2.3456195064824596,-1.2229539239846763,0.0019097706435331901,1.6824246867155028,-0.011450222665456132,-0.5557589317674103,-0.24398851725612614,0.31856341645216957,0.09880183232247682,0.09125802658767802
3032,-2.11558829498849,-0.09927813500429145,-1.2988024973673835,1.9845169616669724,0.20270511246233508,-0.6606420827623463,-0.3765917338397172,0.0038829712128568114,-0.3719329181555012,0.2021439300583488
5153,3.9358356544992246,1.874454762604042,0.7052796224084802,1.3965094012267076,-0.25131398630052565,-0.8417722194114124,-1.4190111288845249,-0.5905812219168886,0.2809257382791535,0.6580464985201082
4127,3.9358356544992246,1.874454762604042,0.7052796224084802,1.3965094012267076,-0.25131398630052565,-0.8417722194114124,-1.4190111288845249,-0.5905812219168886,0.2809257382791535,0.6580464985201082
9940,2.4742302447106526,-0.2782056856602164,0.06179528817691058,1.708282842343981,0.9037088322130097,1.64402086333353,-1.1776239721708583,-0.9248823632825877,0.9933642335384277,0.6828869320784476
7527,-2.571500327717076,-0.5917097966543515,-0.6589533013714858,1.8923595635654147,-0.3706773893100984,-0.39162699002056756,-0.2660862238989015,-0.25818842069177983,-0.16996105461802447,-0.2974675287859783
3406,-0.18302877620044977,0.4590925624983461,1.3503384974169164,1.370408151517212,0.25678001372430986,1.119333615799185,-0.2664290155071336,-0.3652879920144201,-0.7593842114371218,-0.6885899735401143
9771,-2.006636268412086,0.9128194851337266,-1.4685760086087336,2.0747948440162913,-0.931657303203165,-0.47345838719913713,-0.723208751157894,-0.3860055294582501,-0.6131895641830771,-0.5510664635906807
6722,1.197827403879694,1.7929110926800247,0.7910387124291206,1.3747576482944353,0.6045822914171479,-0.5247210873352127,-0.8486029108688262,-0.30556424746983707,0.20326575186045004,0.377845679414588
213,-2.8295205348344323,0.6191322603419449,0.33260050224525545,1.7635031402087278,-0.32447325477836075,0.6371968821370282,0.0008089957984793124,-0.3534141989553553,-0.11182369596641699,0.026666499822699703
8541,-2.3591809819549474,-1.1258640870190884,0.08381699025279166,1.7256330180962276,-0.13575137998092615,-0.19585697849761655,-0.22693576648832756,0.5303256239773215,-0.2777550106503481,-0.4383325148917516
8475,4.435020620879593,2.015540173081297,2.139504302764279,2.11130686792198,-8.329616362767073,2.900424698660783,4.824615523152096,-4.109916861776556,1.3004211425121086,-0.8365820011039179
8070,-0.4545014819731214,-0.3093523572588413,2.2554840947511887,1.1392288114917775,0.5823601547455017,0.3563325695176726,-0.07610243473533214,-0.25465892873313634,0.08548515067459052,-0.05819361977452442
313,4.948528304817462,-1.3526942737436785,-0.40457821387311405,1.8344740393389871,-0.6227660573406636,0.19468259121802228,-1.969778204486313,-0.5766873275553361,0.7851406556944645,-0.8717694759719172
9757,3.6002658562813297,-0.39555625048914184,1.4148890829855687,1.3077042205295906,-0.6005029028992318,-1.2938534778208641,0.14375335692564942,0.9306676283647476,-0.6107778551536633,-0.5269374016903123
2088,3.6002658562813297,-0.39555625048914184,1.4148890829855687,1.3077042205295906,-0.6005029028992318,-1.2938534778208641,0.14375335692564942,0.9306676283647476,-0.6107778551536633,-0.5269374016903123
2320,-0.36350854443575886,2.9993501426136664,0.17658269096112936,1.4893496069713488,0.6177273152625334,-1.2519017754891313,-1.1045517398802556,-0.771195745407731,0.09058061949266089,0.09900492064401438
966,0.22962690142501196,2.374260805598951,1.1083429550884079,1.3880390229601507,-0.1804484155038113,-0.09758274221240106,-0.5879095986301336,0.0583534638566623,-1.3224194246416032,-1.0202172206588882
9706,-2.567581374739885,-0.7630151570679616,-0.21387791908372666,1.78592684140815,-0.32762227321706106,-0.729619872869406,-0.2069080432396746,-0.03782257156709885,-0.11382891347033218,0.046635836662035086
3979,2.8319458584570496,-0.5568205637910661,1.7043758552028005,1.2423294873934156,-0.9122064827178975,-1.5547142546704442,-0.1830862376662091,0.7364578408474968,0.4204768754746459,0.1283536204201104
5602,4.093823841053727,-0.4412279392306188,-0.3082379509183701,1.7528607049543552,0.5156342066509559,-0.488384696890212,-0.4032990594159647,0.3425197239980879,0.5010005770025769,-1.574538619643359
2202,-1.7714602164523932,-0.5166150462708488,1.9157518564616087,1.204817066602522,0.9928348302958585,0.38599855585373405,-0.10779430474757005,-0.5530570725460615,-0.27405149573073045,-0.13763542300922108
9645,2.7745344413524204,0.21956982984468118,-0.15054171529056046,1.4780427178311295,0.5413671738255232,-1.4102301190290003,-2.114560760860385,0.163791392002717,-0.9903303126069523,1.4926341425547918
7230,-0.42770252117354873,1.9812586930552976,1.360498574325254,1.4140905721847215,-0.7763074975260884,-0.026081778380547628,-0.005764912717008264,-0.9181834444757643,-0.733307465995259,-0.738393679069249
5675,-0.42770252117354873,1.9812586930552976,1.360498574325254,1.4140905721847215,-0.7763074975260884,-0.026081778380547628,-0.005764912717008264,-0.9181834444757643,-0.733307465995259,-0.738393679069249
4974,2.2715797770754746,3.741665610606178,-0.8350782589659723,2.3773248804579943,-1.9922539972323767,2.8857966768601555,0.5102625865027963,-0.44238717061055455,0.2664819004410774,0.4354134894366697
5687,4.202015263642656,-0.06757572785553143,0.3683808644275299,1.625933426679923,0.022859454203632674,-1.5068182564486803,1.6623529081744264,0.9142774446448009,-0.26255795770840734,0.03804082224719421
5871,-0.46465820376587974,0.3794296285639823,-0.9646317804323938,1.8385486033144935,1.3032881597150985,-1.337829986265098,0.4117240526246892,-0.5407778454983556,-0.5318368738386883,-0.6297236764280855
3846,-1.3973720761131019,1.5508854203527611,0.7633032010561968,1.4493194378161178,0.5386637387696317,-0.3993418209869043,-0.47968776886059067,-1.0927647601674702,0.023995699784478554,-0.08171096356125619
10001,-2.791708395358106,-0.17054760261282514,-1.359687770977837,2.111481157150739,-0.14244572047098022,-0.42757217650676227,0.003092129138201578,-0.5323549575814057,-0.5711478523804788,-0.3562855220097136
2831,3.843412413166156,0.87657855401494,0.10352477847420676,1.7484028927787147,1.4012966301089198,0.4991332667628908,1.5103970747490938,0.348843347614495,-0.29290554351771225,-0.15119447131929045
868,-1.8903863707739081,-0.2856355406259672,1.7925367817804745,1.2476404117583033,1.0032631983372462,0.10405339882872101,-0.2110635134999641,-0.7510342707284242,0.00885468431993388,0.11482999834519965
7212,-1.8903863707739081,-0.2856355406259672,1.7925367817804745,1.2476404117583033,1.0032631983372462,0.10405339882872101,-0.2110635134999641,-0.7510342707284242,0.00885468431993388,0.11482999834519965
1743,1.9738884656546283,-2.2137143668743393,0.40346760537009047,1.6097323225296822,0.4665906808258422,0.9572707961630376,0.13514394433130625,-0.2540626577997298,-1.2540098856423993,0.3648311542089274
2415,1.1867311879902835,0.48751275655145465,0.9270312996975892,1.5792722034256632,0.18787538628967967,0.4549582511240259,0.3823993998962582,-0.7209402961806974,0.33480371164693157,-0.11779329830683587
7947,-2.4150449693935716,-0.6075377490397348,1.3094579966322744,1.5220398889227587,0.18782155314835733,0.7351911732316834,-0.016895473270594933,0.43222316983827214,0.29052619805876834,0.48245702829539067
2106,-2.3834894933240625,-1.2561164085979566,0.34843607891066236,1.5426089234969842,0.9503949669517162,-0.9615316195848862,-0.3051024237100622,-1.1234996885000668,-0.6556370962298078,-0.48253221164832166
3363,-2.3834894933240625,-1.2561164085979566,0.34843607891066236,1.5426089234969842,0.9503949669517162,-0.9615316195848862,-0.3051024237100622,-1.1234996885000668,-0.6556370962298078,-0.48253221164832166
8595,-1.803407003391746,-0.26302478377853233,1.838230505257059,1.3003299194260032,0.6264543842310619,0.47231486313291576,0.13719543453675073,-0.8471428431317207,-0.2026311207580486,-0.1892832596930619
7232,-1.803407003391746,-0.26302478377853233,1.838230505257059,1.3003299194260032,0.6264543842310619,0.47231486313291576,0.13719543453675073,-0.8471428431317207,-0.2026311207580486,-0.1892832596930619
7829,-2.126315713264103,-1.452052950268396,0.21681753367773884,1.7415068601971253,0.029449269826363263,-0.3278389941199676,0.24829884906283461,0.453878534684059,0.24390952692645884,0.10213608242075937
9977,1.1233020815886763,1.234041877317312,1.38336872774138,1.3723212758807588,0.12533143681947032,-0.15416223660433356,-0.25172673709489196,-0.30440275864925237,1.0303262965709068,0.11168464968252519
10142,1.3333929283734938,0.824686430319833,1.3066183919226404,1.3690324122668875,1.0751531371272753,0.24765963373295072,-0.3132088615215566,0.7252795809367398,-0.33154069997970353,-0.6977543881156827
5263,-2.646820679896474,-1.2612073284979477,-0.2133700026218538,1.809275387089078,0.10969761303660298,-0.5652182282915214,-0.264383213710303,0.1129426708543632,-0.13975888042507734,0.20048696524561868
22,-1.4943951937386921,0.00802242561138764,-0.301061838175403,1.764694326507963,-0.28756774771920035,-1.2489621297218205,-0.7242970537697524,0.47068264214600103,0.2415198988301705,0.15869453794750293
528,3.8302149522593223,-1.5976483714038194,-0.5955822002431599,1.9555073994088679,0.18942763730367487,0.6623474249896287,-1.0981326370872022,-0.32428779512409145,0.9546632880176267,-1.737371360632179
4070,2.5105634565372204,1.481669304733923,0.705371153475729,1.6222898910287702,1.3961609944186308,0.8500988835586717,1.4816487493028208,-1.2110093988670414,0.9493816067043969,1.704031512200082
