Id,PC1,PC2,PC3,PC4,PC5,PC6,PC7,PC8,PC9,PC10
1826,32863.08176576572,-455.3095142153183,91.80215825388544,181.2517207575156,57.44309266850325,77.83965420852029,-55.20645081207664,-52.05084077503038,-4.4467427172018255,-1.277541394818913
1,5121.58527910665,71.50431644550255,-165.42986909283965,-32.92540146855316,12.695193295942008,-16.888100249769646,-46.78934555118711,-5.053582867732073,0.8767361260616005,0.6924233196550968
10476,15293.120921755937,-375.3795435042786,-151.38789794487778,-30.538780149021743,11.859593430401937,-19.947422985262023,-46.021209605211325,-1.2675396496021838,-1.9623537869348215,1.0633235049096577
1386,-19498.687428169033,-88.55563355990546,-10.142086178669132,-23.3163142982774,-10.45246807473725,-8.262490293169122,-47.192943956964555,-7.4937904146280925,-2.2169259166452706,-0.705465054667676
5371,-30497.551664426537,47.43719973250299,71.4003342225474,16.422795709254117,4.884361408623928,-7.16307822040809,-49.79346306791924,2.4414935392381274,-0.765274412569311,-0.8525490116623953
7348,19721.909445869023,-151.38509067635488,158.6916175158992,106.86235876919497,-113.1536943690025,-85.44960214228438,-43.009510378433106,53.96726313610881,-1.7715585278595851,-2.5456314070777086
4073,11598.813976563208,332.6599557722306,-70.74037731964421,-11.219471393281406,10.018736165801183,28.533119762408838,-60.826268369047945,31.71683727062663,1.3897930829182812,-2.052648021398869
1991,-7041.952118995956,-170.7284257935131,-77.02817391139888,-32.12167484716179,-2.6977905705789205,-11.174532158539453,-46.63287771984006,-7.316549708297718,-2.130207122332547,-0.02382317133649048
4047,13353.300459593971,-99.28849519335301,-151.12270356902823,-45.95151342554138,-20.344352222868793,-6.087059749038973,-43.88253655216386,-27.535060378870305,2.5088562920227915,2.0308233453977844
9477,13353.300459593971,-99.28849519335301,-151.12270356902823,-45.95151342554138,-20.344352222868793,-6.087059749038973,-43.88253655216386,-27.535060378870305,2.5088562920227915,2.0308233453977844
2079,29075.95682283274,-133.22536188053084,187.03580681514345,-42.784816114003995,-25.69123217112493,11.350838499133227,-43.710026881630235,-53.603351604678366,0.4931854061220706,2.74349311967489
5642,10525.57245342165,-312.668068064505,-128.83771126072983,-51.03861008869017,-3.0353312610915957,-4.661526423863513,-46.70408210778851,-11.285241293301315,-0.23156013369846473,1.1340932293615937
10530,15818.274798993196,-7.337242171463629,168.47164458209247,25.939625492384643,28.96707430782751,-22.44619543047529,-53.529832988730455,33.174755146580054,-3.3872028399992318,0.7764287528267713
2964,-25100.168435727657,-24.356032050044973,29.132875028067076,11.3886073675483,5.040109011459936,5.108064223845003,-49.416491853352994,-10.443100129249832,-3.038930936036458,0.07218133185764053
10311,-47541.80501364534,272.47964737630394,149.78381938182773,206.43472868995553,226.49401898675697,-10.220171205814815,-51.5539253900092,-19.46513141885002,6.976655709854057,-3.9162530584477606
837,2835.413843945382,-294.5036992730283,-76.02654468864984,-22.514995961843155,3.07729076123686,-10.395440164055616,-46.0093021487011,-11.661643176391188,-0.20653839635882854,0.7507157816260781
10521,2835.413843945382,-294.5036992730283,-76.02654468864984,-22.514995961843155,3.07729076123686,-10.395440164055616,-46.0093021487011,-11.661643176391188,-0.20653839635882854,0.7507157816260781
10175,-19799.565686028007,-76.80403700691238,-9.26644020175857,-22.083002854006622,-9.147132037012048,-8.262588457080872,-47.23194687149417,-7.583610118964183,-2.7027022651808013,1.5433356926357584
1473,-4150.508114052856,-231.24489145869035,-91.74190339899528,-29.449324226961796,-0.8828310600095683,-11.916905792337458,-46.418575609489345,-7.177350152003007,-0.712971195959077,-1.7534674984233014
2795,-21449.553531412643,-69.1889706824578,2.7764789352549144,-18.6621825049713,-6.892787321659123,-8.049443933750696,-47.33568837254164,-7.772343063528618,-2.236195050536752,-0.6175879718669828
2285,-15336.270764024688,76.3106800565667,1.2470084542209747,-15.748933834194684,8.538623725029737,-7.299731946239503,-48.80331986757409,-4.0675015619909125,1.606131252505243,-0.14324166756673584
115,-8514.237236845234,52.24875227503634,-51.76435539341264,-21.794792084801674,-21.952153437562288,-16.318770509860926,-46.254260969026525,-5.316365400137453,2.3561737535374796,2.4998462411755833
10470,-11310.885314416613,-152.95091114203484,-35.21023380575036,-17.1297905278364,8.592990038701508,-7.423901614517022,-47.38751714093388,-8.892476542188833,-2.011117290178504,0.5305934183932184
4065,-2426.407279265266,11.538634277023164,-87.74719532834072,-39.07814437654353,9.074030349543797,-13.079890541802232,-46.880279563721174,-8.349378170972395,2.0999899673297477,1.613106004664521
10968,5761.203765706894,-79.39827042094294,108.83913016234517,-13.203607095916034,1.6935594851281692,-41.45504211008111,-43.43674705312671,-4.245475552072436,4.368195692322674,-1.7049552865635613
5985,-18803.727527525778,-21.006842721118858,6.820884422196826,-27.612679703478058,-7.916191377893018,-7.711941293662122,-47.535226025947644,-7.730344688093877,0.03528114337831312,0.2902128342272463
5430,2481.488602947451,115.68112320971207,-45.76948250385669,-42.51365465446372,10.544802014990157,-6.834519766730108,-46.31842465389436,-21.1306814548841,9.071389734049296,-2.165399571511527
8432,2481.488602947451,115.68112320971207,-45.76948250385669,-42.51365465446372,10.544802014990157,-6.834519766730108,-46.31842465389436,-21.1306814548841,9.071389734049296,-2.165399571511527
453,-16632.66655565837,-104.19997295491237,-17.23535947272208,-24.020711729023105,-5.7962403046327555,-8.28943828162346,-46.14668738117893,-8.083120048579268,-1.3320154531496193,0.3907301718308389
9687,21197.80092789067,-353.7997501203967,15.78920490847915,22.806634535644633,-36.27609496296324,42.496452705612185,-71.93942973621594,107.86473130191493,-0.4539675626516857,-0.9839912131347237
8890,13834.604708885512,-333.69735399805614,-128.8639427139478,-46.09920881829608,-2.502094595863575,-16.01164805006462,-44.61746132564389,-6.614529275858061,1.7156072153409232,-1.6504673202653786
9264,27562.304649554673,-97.84687769454388,377.78522686092447,83.39527110413063,86.16532885684452,78.73553384517459,-48.395109858141176,-105.62914680817055,-2.651845511124376,1.5037889058973342
5824,-17394.901676871443,-116.98648187204327,-20.080649505745214,-25.01388549079144,-9.778857075280499,-8.557668489293933,-46.09503692291372,-7.245573053512295,-2.5069123752726825,-0.4297218620661911
5794,-5595.435340295626,136.80381443310154,-143.1614762176694,-35.55411717685319,-2.1041848462983097,-11.362513366710639,-46.0147203214241,-7.629710326940355,3.2380885291186274,-0.23117086348563642
3068,-33620.47339950032,76.11133432406223,72.32600174183216,0.7903300683763526,-14.721797360862174,9.115283037972857,-49.46600985735853,-6.799329861175732,-1.1965600835284516,0.6497925822923949
7962,43208.076091171824,493.4623134445735,-143.23116504559206,-73.7268745043989,-47.37575754358238,-64.28369075611235,-36.84929817085042,-13.565110744679298,-6.891599418338715,-3.779247786918522
2681,13396.247883624113,-398.95669257239155,-58.46223322204503,71.20396892173545,-75.69856610253855,-26.48676951711284,-33.71385136192147,-53.15217527306527,0.8011208605459652,7.3199296913554
10141,-12745.260783951315,-172.143413423754,-38.25584009897614,-26.326891998417153,-6.941799124665552,-7.228652555963543,-46.08342791867653,-8.126011192352427,-3.4446062623032834,1.3730440366197576
3725,32903.750926490306,559.9504225059732,-187.76663312515163,-94.19453558852683,-23.25454339058655,-29.360948643029836,-43.56576355196271,-9.365549423021676,-5.001159848816563,0.875923319453014
3767,9344.607891513857,-28.473928275165235,-24.22286444604046,144.3840664027665,34.203233550134534,40.78555997679218,-36.98254395444765,-121.28355786255831,-0.24869712305738378,4.850963868903051
5585,-30612.5688855417,51.97906986637784,61.86508192357421,-5.210092907119681,-8.711378241291548,-8.208380819696819,-46.63469910646383,-7.808307679498798,-0.3915990157407716,-0.11101379897811947
7030,14503.768752990276,706.0917165382054,-226.47827075281154,-63.539206744963316,-35.03790325692843,-18.499711508917944,-41.932338339402236,-28.509235500956418,3.9983741215262203,1.3120784228644151
1524,29729.703141828286,26.754492231131564,-275.44728654920414,19.87175663210335,-42.16236007414464,90.80252572382427,-51.30931179942593,-67.07118513047864,-1.9503183119008476,-4.344567271991435
3657,-12826.085789022443,-79.7835027577496,-27.719469886999974,-15.228971426701282,-9.773046126916224,-8.990602067714725,-44.880629451034196,-15.013436499107288,1.3583215724510147,-1.307751945140696
5740,-26013.068579456714,-11.905285840673002,36.40054419119147,3.859874565784973,3.1251050405860035,-7.532432352208152,-46.37767449443101,-10.507798684484044,-2.327701119740791,0.031619535786287845
9595,12296.365061592413,214.6850878475944,522.9753809552694,-82.69537858024611,11.16695813968823,33.418365259462014,-76.44540636361015,117.6119488584435,-1.7215165272752024,-2.6812448529926396
3158,-19672.58253295582,-81.99161104595697,-3.7442241966085987,-13.83071159591952,-10.824598730213308,-7.117016647587287,-46.19411522112166,-8.590370505293961,-1.6064938926655872,-0.3951241015063114
5114,22838.606308885035,95.20831273736107,-117.85753077725272,-88.14333444471347,-2.3578763869116806,3.6638520490865183,-47.149799647059865,-17.463584679097586,-1.6958910943883208,-1.738945725985686
340,20993.84273614295,-392.57884146524947,-66.33211042707862,6.897793952928083,96.62410043493668,-8.468682409199046,-51.941026995426775,16.07172199549993,2.5069578707371427,0.48387702464049287
8805,-3066.848254475495,-11.825519546701344,-111.57425798268807,-23.172154994284906,4.683091355792197,0.452096622417133,-47.86034873950743,-7.571574716027607,2.686272043222708,-2.9942741658945167
1241,-37175.0447066677,130.9658621128186,86.44708773149068,7.191772459184978,-8.067102544940091,-5.032511598597246,-47.12156710809261,-9.223556827692414,-0.8699039657392493,0.11288626264439738
1402,15024.238602960642,68.45996478195909,185.47969463514664,28.918132502373826,-99.03777649646784,-73.22079194471146,-31.086050432676217,-32.39109173986486,-0.38985856369784777,-1.318817756548925
7264,220.65114694468502,-324.94609980805814,-106.70326593588291,-39.67226615878057,-4.061846602459315,-12.212249178943287,-44.15282354699882,-6.395440009510718,-2.020347669246715,-2.4593519696033175
1619,38401.803835429935,-306.6976663020351,617.1810988034239,-38.497718002966714,-62.66873332472499,-123.60519702356933,-28.227656718398695,-6.162483237568031,0.7361352629676681,-2.0327809254400293
6398,-33578.38097885898,82.3308783159676,75.30102550394538,2.408718818106425,-21.018540113416364,-10.361433039473537,-46.081687992219535,-1.4013433465065166,0.39742726405201445,-0.33765536946012586
1857,-4834.46428489704,-227.89158528747117,-79.91003679999187,-22.593475288479922,10.596711387072606,-10.568150903504138,-44.65840235636759,-8.63338206632943,-1.6007936150673645,-2.054629470859319
4877,-13396.912841184043,-137.81240562725776,-39.99090795969701,-29.75245798837184,-8.948590713097575,-9.282173731361206,-44.940904324291736,-6.979808822835643,-1.8710725763263438,-0.24840218241767165
3066,9931.786727848616,-282.4740595167737,-148.98070270351636,-44.472814920736226,2.7467416921871894,-16.99473327322875,-43.25660874630185,-8.475074719555902,-0.3532326439976181,-1.10909742201056
10286,31744.383959519735,-320.8756577363843,79.6598955452227,-17.566426510774757,-62.80589764395829,-82.24927313717139,-27.937063057033903,-35.45382673079888,0.6934240974608699,6.53590508018352
1992,8629.371442282187,127.11623198892823,-4.331456928612852,-25.7121793790271,30.21806633311612,-25.815968457819206,-41.65620920346262,-22.797609277272326,-0.19317560920269905,0.8795905108887925
4246,-45409.38777442482,297.09871069539264,140.97817674519263,167.09905763172424,178.88043586098794,-7.544669082425376,-50.20220470872018,-11.0367678809122,-3.6377483402575583,-4.06989659855127
10623,-3643.8426088338383,-262.5063002527426,-90.64107765884279,-37.39697464906224,-6.30810597075161,-11.329602313778231,-44.37744880250493,-6.525686958974972,-2.497240310407247,0.049429987618542004
4867,-13736.532997060836,-107.52286337240247,-32.166470473235506,-23.886674506949923,-2.2756832155109414,-10.789456871133375,-44.848623082458914,-7.635890552091759,1.1465981425823122,-0.5035757486420511
3112,-29270.85810688122,24.02795220104406,49.04454112293725,-10.150243785282381,-10.551962166152146,-1.746727355325528,-46.626991033503465,-6.97736360161494,-2.38233771027142,1.6184360259204074
4865,1395.9049413180473,-98.3602361133843,-24.27665671850866,-47.72674732833582,-0.5150785550669355,-14.82294178447392,-44.88752716381156,-5.095099398744044,5.172864593897051,0.4524967267562787
6287,-17244.72516898768,-108.64323784913938,-7.6032219800929965,-23.466557834155964,-4.3298332777827415,-8.79739936656137,-45.19549873392131,-7.447072809548542,-2.6395695396094268,-0.35160440145417926
4405,11947.079558526544,153.38813026858713,-181.3938902745244,-48.42129636611828,-15.616216510896871,-30.069246589372064,-42.26173809397095,-4.485671128989799,2.7845260980499678,4.071249293648121
5332,30534.197071873496,-256.16768948695136,102.27388262725576,12.734105718084958,-28.22652593749079,-57.4437961616379,-38.15240669335,-2.6312815120863693,-2.0259240506457195,0.5449337533169154
1519,-13394.74808364208,-130.5513755501574,-25.47336411123007,-25.789592996909057,-9.061953107533508,-7.564432579734685,-45.43442854261065,-6.042426099288417,0.6756198383404328,-1.6964392475800327
9080,-13394.74808364208,-130.5513755501574,-25.47336411123007,-25.789592996909057,-9.061953107533508,-7.564432579734685,-45.43442854261065,-6.042426099288417,0.6756198383404328,-1.6964392475800327
1772,27212.98610582536,502.8034011924293,65.5876499618727,85.88987554054381,-27.47104590481161,-59.539921422384246,-30.978392021709766,-54.49361421200639,-4.969945212599679,-1.5828295471488012
5341,30010.321179396517,308.2994400604653,-251.34856031957005,85.53121476637752,-138.29544628358366,2.026557144402754,-38.53284303872771,-41.86166970295855,-3.824273142230722,-7.163884614857009
5510,-8707.357137199258,43.61251993669356,-54.9597673776795,24.256676489378943,64.50603655003712,-4.781184683402232,-46.9568698776798,-11.94574467713089,0.21044497177755606,1.2534305993687593
3887,-24730.050071552298,-24.548335294019296,46.18748747779162,20.59114887004222,5.3224154923185765,-12.37634911754509,-46.696090781436105,2.302031987369647,-0.4271951276443833,-1.1271725199757059
7022,24478.996011432755,161.62259982622567,-57.14971358707484,51.074948297783045,-89.74833700116011,-2.9123576924150614,-48.875914639163945,17.884305211127337,-0.7733492751111406,2.707209579882555
9999,23307.32101326513,10.846585239475985,-205.63682125526546,55.24741981244949,-96.6567645774033,-25.586701436565605,-47.85175599183293,40.74763026077656,2.3696212435492576,-1.544696063776712
10352,-17759.17240711274,-63.70583271047872,0.7136084856873595,-6.807025948293934,5.942664016512129,-9.226732956861536,-45.505011124530895,-7.348486123153476,0.1848532673362966,-2.6702834330664142
7919,20377.481056429577,810.811836376927,166.00613174933457,-112.73560247299092,-34.08706493606284,19.27609434209655,-62.473102428345605,56.90532752877877,1.8683550164793257,-4.1978374029851935
4114,27179.070931239403,135.78334840798843,392.3953832640449,-74.97160184262168,-8.30504881805099,88.04564074649421,-50.92130219184756,-83.41636755891416,2.235192720280274,3.8211306130711136
7990,-24503.251106139774,-28.55544657671237,16.698640491012583,-16.430951190619112,-14.065408488542534,-6.844230524946594,-45.37892166156981,-8.001674990591487,-2.757413797118387,1.1905046168672602
9888,16726.8793767092,-10.873247754730357,78.8132290396976,21.75576222148835,-46.12874253617106,-13.790531408362229,-47.026382208370464,16.468713618723083,-1.705384221165354,0.3850090239648356
4399,16726.8793767092,-10.873247754730357,78.8132290396976,21.75576222148835,-46.12874253617106,-13.790531408362229,-47.026382208370464,16.468713618723083,-1.705384221165354,0.3850090239648356
4452,-1582.893792267103,-21.129905888007556,-122.57247700145396,-24.708972751739942,13.853949075642767,-8.29610685404916,-45.02801013267919,-4.8310088674236,2.610469930936917,-0.6628538756878859
4785,25652.05988260942,-104.72794674446442,-192.41405156179488,-70.03586059008775,-1.817648814539858,-26.985496030583093,-41.79918762398204,-3.181502989307166,2.2695165883536124,3.445652842532611
8461,-5871.821908323604,-249.7624214657065,-79.40505948172725,-34.20650033932142,-5.958232046746483,-10.72589064863247,-43.512769713848506,-6.472108847405467,-2.3069346607103594,-1.6208775588538673
3878,-20113.624418074243,-85.7503319941631,2.8663313535489294,-3.480374334142443,-12.532368670604182,-9.62558445058561,-43.45207507720849,-10.149413737942341,-1.9223740201260995,0.018408366166481116
9612,-28141.964947835368,9.404953250470555,41.92296677485358,1.3503166597695047,-6.004610611629193,-0.10360044613533392,-45.976071043627904,-6.5778089493754806,-1.9636572911817982,0.6252201501859842
4098,-27332.78565510715,19.405173197959186,42.14213504722866,-15.956892915071649,-12.835746120942165,-2.319266186233164,-45.36935337981599,-7.47436660284155,0.0340851973437486,1.2476195103233652
158,19635.69131542137,-119.34549648358478,254.56147800671283,29.563884952616387,15.754584990496639,-7.948775206099854,-43.5404519605709,-23.222828470241023,0.8719323591499997,-3.2181761682504497
3896,-24717.030545656937,-11.407468505902614,23.450575375201055,-18.586929185116066,-10.454999015347587,-5.748173533404128,-44.810491074665876,-7.201889924436756,-1.8315269069008027,0.4332330707118359
9970,3401.14684820822,-321.99940016786155,-73.72228924659507,-22.710981968337645,-6.021125435968619,4.317515765034191,-44.421833086162174,-15.302927075767972,-2.311999702117972,3.1723393969826676
4002,25068.11782230847,-111.24253962681132,20.444298247904925,41.7873347693632,-105.3007647706454,-41.80619358184565,-41.854334205070344,23.26093557087569,3.3398436784627616,2.224795770493951
10914,-27808.98330732331,7.695655838680182,39.08248026884186,-13.859757535868262,-12.166536616470347,-6.220793516138505,-44.716417177781025,-7.454985302163604,-2.1134778364360027,1.8302671779686812
7279,17507.072866228467,-172.62501269774572,306.6684452817009,-22.063914386634217,25.31216167982157,-18.723332770634414,-53.03692339654515,44.69228393701884,-1.666602547985974,-1.52905552850103
10582,20091.47514891952,-324.73954095437597,105.89050816858246,17.77580488801206,31.333492766374334,-31.552164164050538,-41.072965410873074,-11.17916633994006,2.845499316939579,4.933004718768643
4470,6671.955438929021,-344.99241586712134,-109.22976672063075,-32.518432717367055,10.394902283220386,-14.12440041194663,-42.63852239158931,-9.686444129243455,-2.056351362642731,0.33287501909621664
6183,6671.955438929021,-344.99241586712134,-109.22976672063075,-32.518432717367055,10.394902283220386,-14.12440041194663,-42.63852239158931,-9.686444129243455,-2.056351362642731,0.33287501909621664
6379,-4403.20878357294,-210.60974340547102,-78.4155901243773,-19.068771597336234,16.66177415472218,-10.439546920095731,-43.938871228075286,-8.029993301698967,-1.3296938705896437,-2.227701843065188
8601,28042.950092678875,-143.76975766659092,210.71653896816247,55.49341949041484,-4.413065208784669,79.68649336706605,-50.46216890998974,-62.97465489806099,0.08149529023607283,-4.406440664807171
4827,3026.4793022725353,-177.5793967581377,48.83268464491859,-26.184534128465604,-22.668798491656545,-7.660620554564431,-43.55149024272581,-11.369952073290795,3.5323814900941866,2.804103525386488
6715,8231.216675217533,84.62516817029862,-122.88069268900657,-49.89631689355311,7.41249677935933,-3.4906053924733644,-47.336420381165034,3.507360404708752,4.831865804694361,2.5857451500214177
10676,11241.031572886459,-221.2565701598233,290.73106794907426,174.4849691174317,-23.12822521504215,-45.68552536295489,-57.02271937975646,106.55327356307941,-1.3029490956466843,-0.15783567285397027
1041,-3538.2972803265584,34.93035279977238,-105.9965981855735,-18.972115226872514,18.119958344831993,-11.793235420584848,-44.22446783006933,-8.055505571274452,3.859363678796095,-1.4600660069978302
492,-3538.2972803265584,34.93035279977238,-105.9965981855735,-18.972115226872514,18.119958344831993,-11.793235420584848,-44.22446783006933,-8.055505571274452,3.859363678796095,-1.4600660069978302
11133,-3538.2972803265584,34.93035279977238,-105.9965981855735,-18.972115226872514,18.119958344831993,-11.793235420584848,-44.22446783006933,-8.055505571274452,3.859363678796095,-1.4600660069978302
4491,10881.783173995776,618.1617709177318,-346.3017909216438,-57.098599568119916,-0.06873641833504962,-14.647134098244955,-43.9796829668006,-7.558536184443723,1.9080733967756576,0.32332570991929366
873,10881.783173995776,618.1617709177318,-346.3017909216438,-57.098599568119916,-0.06873641833504962,-14.647134098244955,-43.9796829668006,-7.558536184443723,1.9080733967756576,0.32332570991929366
1631,13256.169416880126,436.1878942147079,-70.37357550724653,-71.89057282958439,-16.585684752609126,25.703050613962375,-56.16466344417213,26.579736925409595,1.6938697976008044,-2.2751270597162234
8278,22251.166335689937,357.155292918475,152.33044301549717,-16.483554867415204,-51.39647895605048,29.823075181529138,-50.798443602191924,-10.140295237957819,-0.8623690317781776,-4.881977145532373
6815,44574.64021161596,-406.1894611157774,-288.4729896154406,8.184266151393127,-7.891804168613325,23.970417024988677,-39.72773228402416,-53.44523283371248,-0.9888086736717918,-0.20809396111397227
254,1892.9128343198972,39.86829487914204,-168.67703352983173,-28.328631480789515,5.666579387505525,-12.12133648233435,-42.85209246241693,-6.994037710459478,2.785299459004955,-0.3267549500515865
1349,-1526.228888598751,-227.06580897352165,-92.17892414522964,-21.41849477054796,11.519239968349787,-8.779309769757669,-43.7049566300165,-3.6117897598597883,-1.5047140348813324,-1.2671978020127739
2534,-14255.863997155488,-57.01353817376986,-13.947474105395656,-4.290661784536813,19.07676720161801,-12.171292451684545,-42.9673697233282,-9.361033304857058,-0.10836590319653894,-1.240827134102271
2130,-6769.995415573147,-203.49980196573523,-13.012910342094102,-18.371779334691464,7.006056453575255,-10.881812967432209,-42.39964764552874,-10.883221712053677,-1.0822718427472422,-0.9527022215076633
2296,-14605.09801754362,-152.14936201237902,-22.826645545550434,-19.7178403723523,-2.568432738923132,-8.104767612526265,-43.26151929404448,-6.831507365610763,-2.668782115436637,-0.5787142202164408
3799,15255.149725429714,-138.34001313227049,73.87230801116142,30.59206514319438,87.864293970038,-30.473440500880592,-44.63008859637338,6.403014871935024,3.8330266448466244,2.560423145819025
11084,13138.095337823572,277.46805629346943,-98.35813753361936,-51.13384062478119,21.180158113177086,-11.67297821148419,-41.77058381194125,-22.28677460849468,-1.9652018434329754,-0.2191028853709498
5172,13138.095337823572,277.46805629346943,-98.35813753361936,-51.13384062478119,21.180158113177086,-11.67297821148419,-41.77058381194125,-22.28677460849468,-1.9652018434329754,-0.2191028853709498
9504,29726.966073753312,-407.00077014528466,232.01698963038,9.769769047296107,-30.816781227236085,7.073558804557486,-35.77163478959544,-69.40701211673807,1.487843058840756,5.798305605329769
850,18595.75122232134,-140.08231764286137,-58.78936758294583,-9.489898769039723,-37.67656776630638,-36.031011838919305,-37.84488266729894,-8.916118704343887,1.8995836283082763,1.6906054616778177
4477,17124.082766011124,-261.96082507457226,-78.40949527472361,36.945153366398166,50.507762073808685,51.87752258268815,-51.8172210047777,-19.622761194097436,0.4305444974797217,2.9238114172721374
1945,19467.579570216825,181.23820750891392,-112.00290341527554,153.49955702370022,0.8307840353375688,-41.64279105310062,-30.956813075899852,-54.17950020432427,-1.5408786013260922,-2.1083160017114295
7685,-18933.40341072817,-72.68899908523781,-4.273564388665449,-7.934345698111373,-8.978745705770082,-4.094580162863979,-44.030737294461744,-6.277093733144236,-1.5188263304356022,1.3826536466800277
6310,-18933.40341072817,-72.68899908523781,-4.273564388665449,-7.934345698111373,-8.978745705770082,-4.094580162863979,-44.030737294461744,-6.277093733144236,-1.5188263304356022,1.3826536466800277
10832,-5360.559297169355,23.183943213394002,-105.86059060435392,43.28753504625662,77.58007605190764,-6.287906219450061,-45.203758682568576,-9.126859316370107,-0.31218106142077673,0.5569027431702089
3025,-2004.504247489058,-88.68601737193518,-72.68942118202807,-41.09462332107473,-10.683711537075373,-3.514087452740685,-43.49194474242096,-9.439884349561284,2.5001498154732964,-1.3478690070241646
2404,1386.5265422287703,-174.53212876098195,-118.8924192069637,-17.086311305377073,20.641153528020844,-9.572728139058375,-43.096672515240314,-8.26892412083829,1.4442331168073261,-2.143136429412179
8581,-2461.9861078893737,307.52156603572837,-121.04213048133076,-34.61149125080899,-2.571682949285936,-23.5197753668409,-41.14500299391972,-9.819395289917848,7.639166517805389,-1.7873567426983392
8755,16689.945409328808,35.70069584395918,184.01716025564755,-7.1298315373925965,-54.669563516709566,-28.498771211664135,-36.11519397757421,-32.79015356037522,0.4910331352810875,0.21971564022960965
10177,20103.20888955549,14.44428348354495,4.752755943133167,146.36418612127275,-10.487459019971006,12.858108207030508,-40.03266907556992,-50.481729647265325,-2.059798356004026,-0.052617490926323285
2429,20103.20888955549,14.44428348354495,4.752755943133167,146.36418612127275,-10.487459019971006,12.858108207030508,-40.03266907556992,-50.481729647265325,-2.059798356004026,-0.052617490926323285
8920,7268.330206449136,117.33883600335676,230.4979731253927,1.5586481636505418,34.47847112934692,-50.76046407400635,-42.0980813198194,11.599012905614565,8.103027920354178,1.2556415614637197
8430,-29977.747788227647,38.71118046167044,48.036825009317795,-11.12986022466275,-12.472371389622872,-6.613993369878976,-43.566572007836925,-8.289961326665525,-2.9837094522066607,1.9924316558432806
8619,-29977.747788227647,38.71118046167044,48.036825009317795,-11.12986022466275,-12.472371389622872,-6.613993369878976,-43.566572007836925,-8.289961326665525,-2.9837094522066607,1.9924316558432806
8996,-0.5689789384050528,-66.19556364624316,42.597464929356306,19.481178344688637,-2.916150833256438,-1.0137976289674298,-45.74540004594364,-1.7944617127638969,8.790086381553154,-2.423296062800362
7233,17244.99913174947,126.63724228187624,557.070699618734,67.70715263980715,-1.6118895133734803,-114.42607461868766,-24.208616654523087,-39.33087503828054,-0.043176155787470805,-2.5604737473236767
6678,-20044.21007558366,-54.336496530150214,11.027891185923664,-18.82186924813133,-9.303878721632794,-7.04075140589716,-42.76858473776294,-5.449553543200559,0.38749945649906614,0.17977267534533858
830,22040.42626377623,285.17029762783454,180.72688751937042,-18.863940752035507,-27.261201668450916,93.54980108995683,-48.34034398809552,-79.20367140164518,-4.973324673471745,-3.113225594486911
6365,-21582.363440057365,-59.447028861202966,15.035983689304402,8.937316853821255,-10.951453807695879,-16.681853024676006,-41.91057514483207,-0.6751408381096873,-1.620477616870784,0.2215203706992419
6770,-30616.639447150643,45.501407193237014,61.4327163628291,10.058302890905406,7.139148424931143,2.4109276571834863,-45.66141119668226,-0.9493893107452358,-1.7639664524316743,-0.030460766855612054
2261,-25668.182310134816,-18.590933693294744,26.38567162641054,-14.477634162627925,-9.835555837105902,-7.108878445192751,-42.646335970494505,-6.525596916285004,-2.2420870683097798,-0.31938322668107855
1031,33741.71143118941,-82.78220794884874,-55.705629871066066,-72.13854498525575,8.97976587420369,-10.87096822767426,-41.6488825456756,-12.968887195158622,0.5290797431124616,2.4526680090281285
10089,50718.63536087044,-683.0003672211947,61.186814430673735,75.43536743422534,49.69374163096233,128.41002277745596,-66.37181412960396,2.602703298340842,1.5697588930529989,2.7037681064465837
9256,6382.098566615074,119.34276184513098,-21.421260050792995,72.8231499043247,-29.622319336883123,-18.5337648820029,-34.458731875414244,-45.50930430286812,4.917703361604069,2.1846783498228426
10641,-44470.49945725898,212.26884913865652,121.72651918090277,23.97666017886212,-6.726940873527253,-5.778426531526454,-43.33798425742032,-8.092684651358008,-0.1522177292587843,1.3351275868127725
624,-33081.52655702732,73.02303937032102,60.51358634423835,3.858733059262505,-7.573031593906972,-6.158491420343371,-43.116916428778445,-6.35970438184647,-3.369602659760598,0.9126591361882603
4211,-31546.633911996316,53.590979368430425,58.13873725549293,8.31692061507461,-8.809162874945603,8.638607152580912,-45.17617693806021,-7.796264017777232,-0.8962485064561774,0.29600515682324646
1407,-31546.633911996316,53.590979368430425,58.13873725549293,8.31692061507461,-8.809162874945603,8.638607152580912,-45.17617693806021,-7.796264017777232,-0.8962485064561774,0.29600515682324646
10356,-10536.249326436919,-178.35155583737787,-58.12111772694632,-30.749486076282164,-7.510110211276629,-9.412095526858579,-41.843787759215,-6.37131273915981,-1.8769510372093174,-0.46735829595867173
9323,-2054.9527859284426,247.32845378697223,18.821508150569656,-13.649930318961761,-3.9728108791322594,4.1732325833294555,-40.94122256843383,-34.337608021760886,5.074782193805381,-2.0270804456456615
1146,-2054.9527859284426,247.32845378697223,18.821508150569656,-13.649930318961761,-3.9728108791322594,4.1732325833294555,-40.94122256843383,-34.337608021760886,5.074782193805381,-2.0270804456456615
6343,27858.186248799524,228.15458427377624,-30.658045052817982,12.669984224803418,-57.259452715080876,-7.652739957258171,-41.725062671792855,-3.3191575985791255,-2.3786346454496687,-1.2192254048443871
8545,33722.01345756538,591.3169882426987,-234.06629403238227,-49.40840852310338,-15.387931114165607,6.267469676135423,-39.337523750641495,-39.35850614136302,-6.598543861360885,2.790949895714999
8275,-4948.865685723518,-258.57682924596,-82.51280037891362,-35.291946237085384,-5.55806507678523,-10.475492320077967,-40.5427921073035,-5.984328564914758,-2.311826450200082,-1.6377056621633006
10673,16432.83856264477,309.5108062754398,113.26359071310645,-39.79863150297804,41.344068775894364,9.944728465836393,-54.85631930440397,42.157626387002495,-2.5079144127185415,-1.6689865212569241
8799,-13797.028064970997,-84.73448233645365,15.411324262861456,-32.30683740348497,-6.854470580574333,-5.928557656281672,-42.1966281392506,-4.239101359160713,0.7689531263919989,-0.42163790511151555
67,-5550.152123911961,-197.50153334208755,-77.56445093892694,-33.19061638124568,-0.8001419732176132,-10.65872211519886,-40.712997128729484,-6.398956885096893,-0.0611715700138733,-0.5904532275838896
9923,-5550.152123911961,-197.50153334208755,-77.56445093892694,-33.19061638124568,-0.8001419732176132,-10.65872211519886,-40.712997128729484,-6.398956885096893,-0.0611715700138733,-0.5904532275838896
2814,-21412.485885108446,-65.04718871326378,4.568034189316734,-13.374827968836403,-8.885171004618465,-5.661495057654415,-41.276305783642314,-9.338118084920247,-1.8796510322725801,0.20461300297712537
2711,-21412.485885108446,-65.04718871326378,4.568034189316734,-13.374827968836403,-8.885171004618465,-5.661495057654415,-41.276305783642314,-9.338118084920247,-1.8796510322725801,0.20461300297712537
4320,8182.811220209049,-47.06759612295582,95.26082500967864,63.10086889644758,-1.4746800746605047,5.068876190628332,-47.48242432707259,13.982813299722363,2.241912328415312,4.421276996827986
10451,-22300.428861750293,-54.765934110337525,6.646806483816533,-14.465280192034353,-6.112726466330132,-3.8731766629230338,-41.78424137215686,-8.481853646439541,-2.813379267353582,1.0135446123300236
4198,-22300.428861750293,-54.765934110337525,6.646806483816533,-14.465280192034353,-6.112726466330132,-3.8731766629230338,-41.78424137215686,-8.481853646439541,-2.813379267353582,1.0135446123300236
10814,18353.948947706493,-96.84000052572577,481.38723215168375,25.867396905517694,131.3468791234175,-49.696715482883626,-37.59786604922577,-22.611379831449803,3.4235793174332336,4.739005053405819
944,4208.14773039781,-249.08591547116822,-74.57877734238608,29.455977880222935,-4.581154390527514,53.1539241688095,-59.41197854947302,48.05782319859915,-0.30973740023653207,1.3155173386258565
8151,-27692.545873706626,26.9033565903797,60.578977433858256,93.97861350679774,36.09470181444399,36.34430291898735,-47.62314734852468,-19.660857237741986,-1.2503014289209577,-1.1330933570809858
6184,16498.146498782327,181.10752920035804,475.2459190736596,-24.72049504387574,-21.68581330406101,41.4521273464137,-45.56851077642428,-44.4670945014889,-2.148523156737671,1.4718100668769538
3498,3455.749211729257,118.81963388202269,-31.090222196934633,35.12511742243383,45.23545290206766,38.32549603071053,-52.48119692524152,5.9064240474424,2.5551272907454496,0.8640300685406479
2870,-2875.8215906565165,78.4867802758103,-130.58028424733394,2.871071303712914,32.65574679520844,-14.045187033588437,-40.124824429457306,-14.235473385683703,1.9030047077798926,-0.29951094654006294
7342,7214.072134483067,-52.861875839832294,-56.9802855813011,226.55806085643584,-162.88782629347656,-3.4669096801757595,-38.55823639587413,-4.1190747237155785,2.8501466281673693,1.2968604586921573
1911,15463.19991262295,130.13866155412157,4.4165490513424,125.54820655015342,-28.908921747133284,36.650165458305,-46.11016040995769,-22.233465638020952,4.141661124182079,0.2795216653623189
10862,-21448.03470844313,118.87324858367569,47.73914155532644,-2.0067129762257734,-4.7241816789652855,-8.597790758194378,-41.374735685245675,-9.92510276044711,0.4676912005834559,6.517233926531954
2546,-20094.42269259019,-66.51248297404874,-3.6842520274232413,-0.03540847694442917,-0.3801832970700403,-8.557875635027713,-40.19926978729172,-7.782337017015022,-2.820812932335836,2.7360756704920006
3005,31561.862592572143,-48.830243874995915,308.87043873046173,59.653876724187,37.662371246635686,-29.027737060279573,-47.25099787451999,40.57197493205231,-2.4038267141820806,0.2961896198140104
8318,38334.634161298076,-50.70619739785894,359.75639480721986,-43.501544533111385,0.16544832497971385,98.83008045647298,-62.62923572118474,12.73551416765261,-1.9067055053053172,-0.5133582904950926
2930,16127.043219066021,350.15526288969465,-149.4820610997065,9.958256780537056,-35.89476320411171,-13.344105928783213,-42.450451876077565,11.873040301423377,-2.678828933191922,2.1298638519716446
8216,1788.700773172619,-183.25268015455185,-71.58093938651123,0.847898535399529,42.522260335223926,-17.479047239415042,-38.52320249270685,-13.877815599409246,0.44410664922639054,-2.0234577357321077
1212,876.9829959539056,96.314063239326,110.72260003273053,53.26106840998463,-31.73324835836319,-52.93574920224559,-30.55389928315515,-25.17041747006885,2.8446230608510827,-2.0118533022645755
2541,-27944.81565476698,20.36600992914225,42.92274851167288,-5.570459712695443,-15.583570586326807,-9.135642126381569,-40.92340864084771,-2.3693315522070844,-0.35309399524152596,-0.3645684110133791
10659,-44470.50226106506,209.51188123079865,128.64705070183228,16.953688037924408,-5.702286794787993,4.343192504020162,-43.15640989936355,-6.824812577618644,0.33367373561801994,-0.15289624802363377
10905,-9385.177841165714,-19.916208410689478,-45.946639781520076,-42.439706599084744,-9.031351654447768,-8.860658460020577,-40.505217203773476,-4.973148592380081,3.070463650852316,-0.1741594864535374
8910,-9385.177841165714,-19.916208410689478,-45.946639781520076,-42.439706599084744,-9.031351654447768,-8.860658460020577,-40.505217203773476,-4.973148592380081,3.070463650852316,-0.1741594864535374
7349,-42248.575176900624,188.67274017855448,123.49286835048805,35.114754348147834,5.500496022562878,10.550672661873138,-44.607996313584394,-5.206159727143465,0.7610120943952001,-0.07177113374718669
7872,34862.49843227632,-523.2641758704183,-50.74221149512837,-54.57500437274162,55.60830388199289,-0.5786116638513938,-42.73636726934227,-4.459877859720147,1.0746851562064874,-1.4303015052046542
4290,-21505.545207981966,-71.21763285216878,9.48762671977937,-15.333153082734984,-9.404421929812859,-3.336923753515251,-39.925172988944865,-7.235607414844315,-2.285676476745804,-0.6207624460531882
7408,2576.6725193087404,-153.29317867818133,-158.75666894735545,-40.634776029162346,-2.4761600468569647,-11.000104994862552,-38.81334648404235,-4.119651791788915,0.6809356344279571,-1.8729999195443439
9986,-32527.321435828937,80.25950814154618,76.09945705093853,-6.595637390791562,-7.0229863536258925,-5.164224221329131,-39.9247323556816,-8.801030531319201,0.6650073044287543,-1.013055299496611
8235,17275.401417012414,-76.76979256676606,-61.94899684983778,15.036159294099896,-7.285460055530063,-31.95319095863997,-35.198216721192715,-8.979338775114199,1.6259039515589304,2.6055313121142984
10949,21008.063081351545,606.0188158381056,154.13953818016503,-13.194961279337775,-41.415095614534295,-65.68423918877076,-30.261401987482067,-16.314631444134463,-2.7437122719292155,-0.47398380820144137
7284,-3288.042596215011,-283.6994417841292,-85.5247770499686,-35.892288891153996,-5.702584152554515,-11.723120854426602,-38.268659009546866,-5.803328320912156,-1.9121292857458343,-2.2185029980145083
9529,21720.909481155555,66.38006415855119,193.15599521613169,163.74613540910062,5.672461143524302,-81.18098406982296,-43.16570502442791,80.59950593896646,-3.0773125749305743,0.8872843307476845
9930,30747.36428639434,-62.81327009850628,-145.55777409422492,12.898960247378618,-61.572812752007074,133.60828778562495,-65.36251604610413,23.96030129808067,0.5764893587285487,3.6111655878407607
10270,-16449.752635839483,-119.3357129940112,-3.1139306273882994,-11.171319219106167,-8.46247222122028,-9.697196439537453,-38.92947079136643,-6.602494175711343,-0.08596381016018828,-0.9216625737491748
760,8585.842844666702,154.95572260688508,-185.86748451556454,13.163193076892505,-64.24027347674797,-63.86610126539362,-27.20376674942184,-18.501191450246097,2.9689613912689996,0.24731325243179425
5519,12119.367688340782,-131.05743099764567,-59.082347755527536,89.67922896553928,37.840710425124094,-4.815215726504386,-41.65797164967722,-0.7559521645335092,-1.8370796237831666,-2.672895084002242
232,9587.494285310924,-156.64135315264713,-117.29335850651725,7.759959355575424,-16.531162351904207,10.11095570757255,-50.3884293134114,48.313489557650755,0.5282761848725501,3.833792774462468
3009,19710.667464100872,888.27064679622,-381.3984736081851,1.6800436681463404,92.01227417625572,-14.084727145981187,-43.004691099982885,1.030197306768569,-7.1725664021132,-2.075552788262197
6518,15710.40173491984,18.659711610139652,-252.74169784847717,-65.00947800228388,-7.942621840898992,-10.415973715212942,-38.17960976405065,-8.987686307986126,1.266448707824039,0.7775169975586769
10669,2414.8998476200068,-77.14829132944737,-105.0074059503477,11.067614377851037,-30.801648989394906,-25.603220962044272,-35.60759306865191,-7.302911334514723,0.5209098544435715,4.737772391581155
5682,12143.377500857918,463.9226668972674,-278.44090269437027,-50.291067022538954,-18.161643639984284,-3.2149387885200875,-39.460843409295435,-11.88053816783385,1.1608577106673978,2.8163896364839487
1570,17735.021158650197,152.35964056926457,-93.66060930824887,-25.111631809590072,9.050724089373215,-30.76570807751569,-34.931066419768875,-17.062169673759342,1.6146138948945952,2.0709475523337835
1497,-4012.5609052273576,-4.725450957744499,-54.40462919027334,-25.881362890704718,-1.1716587299173824,-13.77609734564793,-39.47349207955195,-1.4886580386738615,1.0483701595873391,-0.21712474592846087
9723,15747.711309381135,42.98103192512551,-68.28752175212125,29.732660826206104,-23.590397430559737,10.294969809854143,-58.22210819416179,93.8737357237823,4.717596107406621,2.7225040999759185
7261,-17370.3475743768,83.89643375858833,0.5750556129318625,-10.823098643238819,-11.469721945386123,2.5430513135168296,-44.98166701174243,16.5669387030696,3.026332002589049,-1.0720450321229062
2452,-17370.3475743768,83.89643375858833,0.5750556129318625,-10.823098643238819,-11.469721945386123,2.5430513135168296,-44.98166701174243,16.5669387030696,3.026332002589049,-1.0720450321229062
5621,-3220.538202135882,-201.1651155315219,2.9807186195108955,14.910637446678674,-55.30500191001061,-18.789391523867597,-41.264719503048184,24.366044871174825,4.820335628073677,-3.3495284397745255
10995,-36254.91725364608,127.77556181609077,103.21637879405606,12.075870456597768,-0.43257632379642885,-2.3992680803340574,-40.66198883619093,-8.892732461396648,1.0413192093774075,0.5820526591390078
7373,-5362.178801792274,-153.34506810896363,-0.3253564912413367,8.763351243012366,4.479968965684513,-11.39790881249683,-37.809275276761966,-13.962431225716578,2.898337962138859,0.08877302109876606
5331,23021.78957116438,154.05441419541907,555.5374062828928,28.674450088725944,-32.00714439909643,-149.7054398250266,-20.833724553181177,3.888020585789125,-1.4810813246816892,-0.6654569051277104
263,-6397.06405364161,-195.08212041826687,-55.35250502450859,-10.978775601584623,4.103969839535271,5.495187195386772,-41.43734937276221,0.1890358103934222,-0.7961438340042779,-1.8998243196745879
4619,61754.526043646416,-1073.2012951460138,-398.92856617056634,-0.4623820178866689,-58.03900087781295,156.67311772458407,-36.939817805573064,-152.5820141266682,9.884271579514582,-12.850265497580518
940,5127.5446862942335,-220.87817903336014,-66.3796124643919,-33.06984917339082,-1.2929961110550536,-10.128011301161878,-37.95135089281731,-5.447024364584522,-0.1384062223267586,2.603389578355589
10084,-27537.972614087226,4.675848959300765,41.21155066761244,6.068989373381001,-9.730480589326067,-16.550178832082135,-37.012046911919086,-7.147310358521169,-1.2125288044720488,-0.7607960517676222
6019,-14846.635469373337,-108.59116144549756,-31.95776613260935,-19.88327257163362,-7.81584097701397,-6.472856023584857,-38.385131604135815,-6.468166419508012,-2.8612100951989468,-0.5684218675617099
1463,-6813.768507098699,-243.19569154034951,-69.02323552655369,-30.094294354665816,-6.164849413617164,-10.627785221224253,-37.7533817567074,-4.337035808330262,-2.2753541264155075,-1.549639297446686
6424,-18794.68193841271,-93.89472232224233,-10.959029542152734,-4.6890510978998945,-5.420354592257761,-10.09309164639525,-38.33506772859919,-3.896882821511478,-2.9030569641317223,1.3258215479203024
8233,12896.056973128507,10.478056007369275,-255.68357987785882,-50.20153627845049,-10.866942776040002,-12.248448517927962,-37.38305031003148,-4.8332096691554085,2.259342758452707,-0.366552698173912
1515,-17796.769008737778,-106.72697634806178,-12.317052013052177,-20.55423347452353,-11.003595668439113,-7.4655648734527205,-38.27140032450018,-6.028342270815571,-2.9563112733496077,1.8147659132926122
10855,-1957.1510100134183,-64.09956315041313,-66.67358683243339,-6.978467969476914,10.234761494240132,-10.932032134933403,-38.62394832689057,-3.78167575552442,0.9036185306701547,2.5702655117427504
10909,40381.950433276405,294.3011277070439,166.3588586851149,-66.64762616083338,79.44436554202343,-36.58564341570853,-37.219517532308274,-10.87954341301916,-5.314614533420027,-1.9422170112515804
3376,3309.1390051818817,-236.68697983601925,-76.9808807889525,-34.30236950608318,5.656851590142878,-12.399116789214585,-37.78585624129103,-4.697336567822003,-0.643502122041637,1.7361509706171454
10232,-3172.669373300516,-107.69976754919344,-43.71507073146094,-11.2242762406287,-6.7460061807846134,-16.48395849221319,-38.16064570655763,1.5273638280319446,0.23658905765995097,2.8779227519159223
5547,32210.61595176153,802.7312211222632,-184.47770615485663,-139.70790364419318,-16.68715413388425,0.3856541291043978,-41.714794662337475,-4.0469001286438155,-4.21032832246804,-2.493156698260335
8362,32210.61595176153,802.7312211222632,-184.47770615485663,-139.70790364419318,-16.68715413388425,0.3856541291043978,-41.714794662337475,-4.0469001286438155,-4.21032832246804,-2.493156698260335
3524,-12209.109525507229,-95.51976895121584,-2.9434294084095143,-23.88019054649322,2.104069816565758,-7.2714460590474825,-38.12059848518642,-9.96116644948308,1.0627561263571934,-3.4532908046967874
10095,22201.17871511614,425.0041216015614,-191.38161519886663,-86.60827263827848,-13.565316040528383,-13.597519892126464,-38.2215140712852,-5.978530280910967,-2.0137517012096735,3.06983468244061
8897,-9248.629863665505,184.67562922015915,-46.180510938651196,45.986406348794894,52.00554051961202,-9.632245068456532,-37.12213474883085,-23.88997999292132,4.497338222537982,-1.0051077757997495
466,13305.288282427173,-68.73428759017503,-31.854821810248524,-10.729067007959877,-35.77691833170241,-53.54716248105848,-29.69445804683024,-12.006621085766536,1.7937706533707125,6.561770425073774
11025,-15529.085381113371,-72.71237981694128,3.17613362216764,-17.7147646586186,4.803172654610787,-9.056663739752285,-38.06082862617434,-9.154379040578497,0.887930509119542,-1.6783657471174447
2387,-8195.33121185984,-46.982590928282605,-32.8633228570626,-29.89795065750665,5.9911714114722265,-10.039128520483782,-38.30777928138956,-6.871390442015411,3.117329647884578,-2.2961777117472266
1618,4077.893638696776,194.96057977419213,-184.4202159402993,-31.502410005298426,25.41835509530422,-13.609739050600988,-38.180429509500826,-7.628725551986929,4.049465202205884,-0.8611447989695362
25,13180.612215877896,49.2124358424995,150.11018973044878,16.09174793235077,103.25477524811808,-19.596725266302375,-41.89563187328119,3.871371598466178,-0.1475610602225368,0.2545563709250369
3277,-2540.1312295958633,-68.11601477780528,-39.72340723619598,-27.875947722231206,-5.798237190448271,-25.618886594294274,-35.549465664037996,-6.746965197052408,3.0332700836111233,-1.9780476278999881
8566,-19389.735326274094,-94.29173483337468,-7.646850821281191,-22.938603670916084,-9.169685589810632,-6.795595508072044,-37.44196142125189,-5.981855143678569,-2.1759287820183983,-0.7120321123043771
2634,-35318.119275246754,105.2689607959515,101.94090877938612,3.1756355699082994,-17.73206296677174,-6.948523675643142,-38.033233773668165,-5.127399670856809,-0.3995032792649953,0.844659459485289
8036,-25121.866679509432,3.184739022154872,26.561419612366905,-9.722895214239994,-9.059440440334516,-8.17146462902113,-37.25232954696274,-7.548817315478724,-0.2408176816421177,1.8712713439290858
8159,-685.9629570154138,-206.1367759266446,-104.43373668950838,-17.40619938294472,9.89347816219503,-19.34228443088659,-35.22004223120965,-7.479187126985545,0.3111989394601755,-2.3649197009781515
7628,-8923.196758571416,-191.86035660272682,-43.774851000492276,-24.32878406739128,-5.305620725489353,-8.79951740076482,-37.24264997191867,-4.230097569125146,-0.9664114199121876,0.6351626649174142
9597,21475.857703627058,-317.70610376012297,-65.3325240473921,57.56987370727135,60.299418595033465,36.613911597880985,-54.27823633782453,48.214247540739066,1.3215842347130442,0.8332680729628756
1384,-34715.27756769156,95.89170938069225,81.98238972983877,10.564294519065331,-3.849779595358372,-1.851151055321508,-38.36451224160839,-9.584697794679345,-1.0166835815199633,-0.6805425217768875
10150,34462.95470310202,-117.09855024123908,474.9926083450164,-137.8747036779713,50.03351486632902,-21.169000885190123,-39.304623437277804,-4.257785949042446,1.5591443770989875,-0.6583280084927718
3885,-18403.566288430455,-91.39341698277718,0.7116280152612262,-8.941856063734367,7.446635376476607,-8.872187247407691,-37.610319423350646,-5.5514261341348154,-2.2467575785536784,-1.2067197162403858
11003,-26842.055515350923,-5.079511890894992,36.23152810975493,1.3412488887398801,-3.860362949966861,8.606177173854293,-39.110801074937115,-13.351942768851274,-0.9074226499494724,0.07385430115156755
8026,11024.663769216648,-330.26126846419623,-98.80140912887964,63.851716909171635,-26.943451252979486,31.670023374379795,-40.54280748148009,-17.903120098070303,1.2563343409040328,-2.2205807582062578
577,-25065.167484103684,-20.67365857275098,24.1880525453889,-16.816306463337988,-10.855226244986442,-3.182416177827021,-38.00169163644949,-7.237506288975328,-1.2533103770618448,0.2929657493641873
8702,-25065.167484103684,-20.67365857275098,24.1880525453889,-16.816306463337988,-10.855226244986442,-3.182416177827021,-38.00169163644949,-7.237506288975328,-1.2533103770618448,0.2929657493641873
5429,-6393.12751030473,-108.71832020326144,-72.76678557067464,-38.99572028351305,-8.725094479220006,-9.75134313477292,-36.895066443326904,-5.703833612737794,-0.17791214197640137,-0.3761515115574614
977,-4651.010293873638,-57.75520704282502,-9.915946884682711,-1.1941453462857838,-23.987422865733645,-22.202718232752506,-35.03769954997881,-4.720175984128813,4.3529189522427085,1.1170204373276462
2793,18210.231916366785,7.865767030836935,-127.13766280752245,81.02909153777618,31.998014631537906,5.956644921912706,-45.972025072369874,28.31131295762324,3.0043919168493094,3.121421743143728
1071,18210.231916366785,7.865767030836935,-127.13766280752245,81.02909153777618,31.998014631537906,5.956644921912706,-45.972025072369874,28.31131295762324,3.0043919168493094,3.121421743143728
5074,-23900.018538808392,-13.542746412323652,16.896441836552725,-16.891310088809632,-8.575541634393524,-7.171686931964507,-37.53073365795248,-6.552184609034011,-1.8885554669564177,0.37228050092652154
2632,-1469.7231467842794,-12.52619666410834,-119.13866629116112,54.60025979897939,100.13032881179231,-23.39432458472266,-36.29670158377103,-11.99016255902526,0.6082195493567593,-1.8678590513766977
6404,6944.222285489064,-251.81130223634563,-85.51913216970232,-37.7817755977639,17.175979421710736,-6.3809654860451435,-37.89574081541699,-5.161149959156047,2.0543542636482535,0.12915569763650714
10240,17408.82519024753,486.9818495888277,-134.6874108991905,-51.57296049374169,-2.678264681743407,-17.75370363735751,-38.30131750149056,1.693541300601618,-0.18628044415061584,-2.466638096218677
2521,-16794.671822639728,-105.3302800440851,-13.8814417288406,-13.84753243977367,2.98250986407999,-7.395752649507586,-37.42453815134683,-7.091629396968245,-2.5429409130667406,-0.8605718152205082
4301,-16794.671822639728,-105.3302800440851,-13.8814417288406,-13.84753243977367,2.98250986407999,-7.395752649507586,-37.42453815134683,-7.091629396968245,-2.5429409130667406,-0.8605718152205082
7381,23727.536717837822,223.34207764327215,-83.92864088692258,29.61746567599464,-75.0635902792188,68.66154440567057,-57.90014834859886,51.73010502149357,0.8429046326962304,-4.705973913430105
2407,17145.52593069346,363.4345148127692,98.54829416334896,19.8073844241984,2.646964195990904,-63.1193308612659,-28.34636146788996,-19.412502654471147,-1.6833711667772704,-0.9854332993581032
9064,17145.52593069346,363.4345148127692,98.54829416334896,19.8073844241984,2.646964195990904,-63.1193308612659,-28.34636146788996,-19.412502654471147,-1.6833711667772704,-0.9854332993581032
5067,28169.675941978567,328.87205788070804,-167.44193798267256,-56.68764748873519,-23.53562884560218,-20.96270529107305,-34.62182643041857,-6.172028655323437,-2.6853912286216106,2.7033959805306957
10281,12741.26959567565,-259.7445888501416,35.067624300020015,-5.830785234776935,16.037170478612985,36.57406034285835,-46.05442702487624,6.8106875995623,0.8804188483476363,0.5492584812502375
11191,-10561.837088437838,-161.33455355807956,-20.79489401662505,-6.699919619704116,-5.985527569955888,-0.6474844056254578,-40.931064764483814,16.45823348110671,-1.3002026586300728,0.24552971138461022
1994,-4.522194278324605,-328.5245054921582,-101.67113839250823,-37.27513548470782,-5.2823962633314085,-7.375629722802985,-36.34306870964658,-2.1904923629380786,-2.344890469818585,-1.9851490833536412
2552,3550.8839310761978,34.29775667807064,-186.2650449408193,-52.33825401993583,-9.198177670923037,-11.365757738298726,-35.67326550509168,-5.280510561930438,4.71726638091088,-1.8696921729992289
6720,-8174.892325947876,86.6538964586799,-75.72687254241089,28.57754191097126,65.64940066340404,-8.616052704624927,-38.60771747467146,-2.9434408853338194,0.9248142145199552,-1.9565133424188845
4557,-29901.618532723955,42.41613130670291,61.61822037761203,4.13409120284822,-2.082658196006797,-5.643185798646891,-37.62303522886683,-3.383920444283193,-1.598578313748284,-0.05136288446202508
1183,-15565.006892583617,-136.34191185588912,-26.162392729565937,-22.302562741113423,-8.946247141632142,-7.473446614323175,-36.125359548312645,-6.343526088028524,-2.5482984152309105,-0.5427483321111688
4186,-17946.588414005055,-95.4883676526162,-3.3816080804556634,-4.003591009930822,-5.849329410882834,-6.570731932918221,-36.32932196948349,-7.271616359899794,-0.9922564413241775,0.20973601657596586
1419,-17946.588414005055,-95.4883676526162,-3.3816080804556634,-4.003591009930822,-5.849329410882834,-6.570731932918221,-36.32932196948349,-7.271616359899794,-0.9922564413241775,0.20973601657596586
967,-5920.4128023271405,95.76317914705837,-36.150459433380604,-25.58038717135259,-8.91124859105269,-8.51489737681199,-36.04617928663985,-9.519531809639979,6.260241999898444,1.0823664942615228
1048,-16330.86425580483,-60.10050698448492,29.175087804157712,-9.295459377007194,7.704978538418576,-6.023268436393938,-36.41403441409618,-10.762062382279785,0.01630887830373773,-0.10126595708331054
9262,-19558.519426465526,-76.5156184548461,-6.705770787490849,-11.404679375041304,-4.787033545933294,1.664591841677541,-37.78963403973842,-6.654957833131968,-2.0442108320347563,0.09181088050552244
3427,7853.156417098129,200.63578508166944,-208.86517995499784,-46.77020008294035,13.32033744183066,-13.553149956888214,-35.975097518372976,-6.680345883193896,6.094366157513624,-2.8958673726569337
5892,-17002.96846272776,35.32835526426078,-9.497978067668669,-25.765385458918175,-14.939587601487128,-8.22910493335993,-36.803405012732185,-3.253520875349544,2.6295291385973485,-0.10468872492401093
8911,4348.904099007268,-147.91387476546294,18.56485304327603,95.2769535182908,-27.82604363713739,-8.31440349196687,-33.37453193908465,-21.123822536240127,1.7034388300964878,1.8931423494116753
6606,18126.394493904052,417.2423063975636,-262.2511587810915,-66.7470943231404,-22.0027881270877,-10.03332320832503,-40.31762807152549,19.768014544097134,0.2277910870705675,0.29826284777075873
2677,-5875.592386604163,-177.02060704214517,-17.757772654708106,8.288072666042684,-38.30135468835864,-35.29905649751,-32.86688276113768,5.342254905904211,1.7320113231651657,1.2111969246633105
252,-10967.84216602386,-44.66618526933138,81.62965891064621,105.46514992687054,-13.200046630915594,30.89706652944018,-54.042595495871936,64.7906381645325,1.8657853738644885,0.942694164865129
9860,-7060.971013054477,-88.00968722532349,-82.21001257967575,-18.58751431966219,13.404640583596176,-10.777590645934083,-35.95889629213279,-7.318331528784359,0.5741272995215425,-1.0591924966174355
1388,-18723.564984668155,-95.26972989647999,10.902739488180941,19.50056430295687,7.618353183614676,-5.625998228359514,-36.53261895668389,-9.086267029813449,-1.4897685299149241,-0.09088394646890574
979,-18723.564984668155,-95.26972989647999,10.902739488180941,19.50056430295687,7.618353183614676,-5.625998228359514,-36.53261895668389,-9.086267029813449,-1.4897685299149241,-0.09088394646890574
7494,-9098.138193276754,-11.345171607302746,-65.26830453722442,-29.576652065209775,-0.3597423810148399,-9.800011872606637,-35.9581559061401,-7.709305020496682,2.704209779215672,-2.2455914696469854
10490,-933.510302480041,-202.6763287778764,-32.483523431764525,78.04713052230953,32.98573995514451,-26.373897247296654,-40.768371307476514,36.052181885911196,0.8678177686554926,-2.730388037881082
3403,26992.43657132947,612.4601752410889,108.35983077390343,9.527416061779462,36.81344593546406,-23.118416531398584,-30.075444379162576,-51.46055599385795,-3.1608244067918774,2.10922811456793
2715,-22536.447332442876,17.054830787903995,30.01029833818994,17.813520074472972,35.707667305404314,-8.158851712169742,-37.33003672322227,-7.6331246701481374,0.14028852372940293,-2.438889795497893
4828,27891.36725560321,-537.4858004150863,41.830298547443945,107.02542079400212,-104.75064962644333,-3.61064471365529,-31.835746249861128,-13.831383516679287,-0.9893399450891147,-2.07390646297085
92,-17796.657675141418,-107.78309243952236,8.533012808194428,3.407575055013145,-8.136822257411518,-6.148741139500489,-34.80878022179832,-10.543919701493243,0.8929537690591793,0.04450428431101816
3312,-17796.657675141418,-107.78309243952236,8.533012808194428,3.407575055013145,-8.136822257411518,-6.148741139500489,-34.80878022179832,-10.543919701493243,0.8929537690591793,0.04450428431101816
11176,13996.998394214243,-119.09389733201095,-172.37995485089928,-52.06205729766653,-14.920434046134826,-18.61356488184506,-33.697094692340386,-1.9108881432550326,0.3063133572602439,1.360151893865635
1446,34455.10497670455,-250.9606869140644,208.5043424373386,-18.01782428009817,8.851487968771284,-18.424364103485754,-37.42925782931038,9.440037087457139,2.325180674895563,3.7362460269362705
9699,15302.107103618036,-113.57919107200871,11.414607726657493,-49.22711974665374,-11.737013893327983,0.7093717103236308,-38.2153844000919,2.02860599014957,4.732960705938126,3.5065215344547904
9790,26533.53936621103,276.5213406753252,-251.1284010708114,21.334326715458257,14.717460728898388,6.795475989592189,-43.193746504584425,23.778827260027544,-1.298354005689883,-5.3745593200396975
2324,25076.04049858886,27.111222661996578,-116.98767368551492,-3.971899536815573,16.309954787079135,-10.255536715387157,-36.29258670933894,-2.364077053805957,1.837073612189684,2.3435951338843806
5080,18547.1371126179,-45.73859476488144,176.52533784551653,95.17261109232028,12.68891343049728,-84.62474071674129,-15.059256307296238,-65.32477868617185,-2.395261879831796,-2.4391195942482247
4992,-34512.27767527243,94.0776797266659,82.73181923128637,12.897122037947078,4.630676929931688,2.38483732653789,-37.07236547534517,-10.316926736391375,-0.2857501251870618,-0.637764622711857
7849,28365.038966734588,-372.2802738951387,176.91148684897576,63.45424515743314,-50.17015509745603,-10.196708104815455,-20.784949467599564,-90.37111463122491,0.19163478107016196,5.895455397199536
4808,-36212.29734051005,106.35979742051578,80.47307051406166,-3.4849523840066556,-15.601983743189152,-5.647465229115407,-36.11873645787703,-5.382604120550576,-2.1466394754098292,0.35690688185537756
10401,-25646.212068037104,-21.60315963352099,26.98986588580088,-11.771594322404098,-5.316014826239098,-3.390244710769191,-35.92418720437654,-7.9605702589243785,-3.701619592356648,2.6628320116037383
7793,10093.23284003522,188.70693692033643,-206.61173914474531,-36.49384819930004,7.024920232665195,9.411963014890977,-36.55846300034338,-18.411354781167347,3.1141572538018334,-1.5103825894572163
9303,-46665.26065865885,244.2508944723039,132.47880779619652,4.679560260046382,-15.700397006684891,2.252519762952807,-37.73277882596389,-5.66558136306612,-1.7630538400210227,-3.222093701134977
6853,23812.220524011485,188.27082809045092,157.58464288340318,-41.200852516732716,33.792961421238694,-43.56091952255018,-32.503374885360614,-4.514661717068521,-1.7133430437531265,4.593775776852606
7366,23812.220524011485,188.27082809045092,157.58464288340318,-41.200852516732716,33.792961421238694,-43.56091952255018,-32.503374885360614,-4.514661717068521,-1.7133430437531265,4.593775776852606
9780,19529.031043087103,-84.83913681089592,-157.39113470688497,29.76694891367217,-51.25458882780679,-85.04833123978301,-23.01001001887093,2.1729205655162147,4.910122312716975,3.625468785568713
7573,-20346.206844797463,-46.83210059345731,-2.855231391500155,-0.8668624177342874,13.997185177810387,-7.509613030054328,-35.7783794718505,-6.883287513704826,-2.126127228865667,-0.901800197987666
1379,-9301.643909134538,-60.968165622835045,-44.91224394064369,-17.482962871624945,-8.651497421191493,-17.349154860668175,-33.3382044243822,-8.544174350765777,-1.0092631024026852,0.6169828350589155
8923,31950.924842451685,-62.4594125631632,354.13197664042366,-25.46449461364382,16.731685156903517,93.86166903791428,-36.70795329792165,-113.86491756946218,-0.843058794305537,-1.3846938689235175
3547,-10952.283640175163,-185.6207082685782,-43.692561245682015,-12.747085272313011,-7.287906032193833,1.715710562154482,-35.89016383088929,-9.906707944056478,-1.2429650662936877,-0.5568789405995824
8707,27489.48434420643,3.848744931123065,184.90480368199522,-4.601213469275051,33.61270499686311,12.354463603078663,-36.61745330827267,-32.387332458103465,-3.141421961891228,-3.1153854503489704
1891,26825.757126854165,172.02023485770277,454.8280750380367,-79.51599773372038,58.36661866866927,37.99835097263682,-43.95977910201559,-25.035901328526265,-3.1583841825758467,-1.6544054168136988
6271,-1103.7617086870378,-267.9279886454313,-104.6508270851958,-39.345245057952354,-4.175304963527434,-10.240519400734717,-33.55824304894329,-4.818568064536386,-1.9437460804396203,-0.4230882128807196
9635,-16096.072371719652,-66.29615396478385,0.007220271453320493,-19.60752728233506,-0.7535021541840976,-7.218496249547279,-34.510284846739815,-6.684639149061002,-1.0989542301963535,-0.23123594181667073
9727,-28432.83867461315,17.717010434930614,49.79504641864929,16.708264055661346,-6.653053082267087,-4.056109277673772,-37.8259141227871,10.408616790029374,-1.1627642724375526,1.4507196461545868
6205,-19415.21700515476,-59.82933192322474,12.317693310396379,-18.930922145092936,-3.0269928827641763,-2.8936268179932765,-35.27554571692691,-6.023275059249118,-0.970679291074541,0.4017008699477316
10681,10494.4081364843,-271.9324315091795,100.25621849817452,151.18218861537852,-75.2451187882904,21.043309714262488,-39.791903999776395,9.4766453171559,4.908831363045433,2.1471437165118266
5156,10494.4081364843,-271.9324315091795,100.25621849817452,151.18218861537852,-75.2451187882904,21.043309714262488,-39.791903999776395,9.4766453171559,4.908831363045433,2.1471437165118266
3050,2225.539109015721,-174.43579738249645,-128.69414591218325,-35.68587950129148,4.160197163304069,-11.874834317073814,-33.3235592345852,-6.831208229280941,1.3527428801882202,1.06260895480239
8164,30208.87548298719,437.34868748097665,173.89053376351703,-71.4879255996999,-14.037574427389146,23.70537951960239,-46.79618131199455,26.947214422358623,-3.1889618955943404,-1.2925086896537046
5626,9826.98945785287,-104.31974593217257,-138.3804654124975,-47.90539125591994,-3.59356120556893,-12.657032008829818,-33.04908538806148,-7.926766107540354,0.46258639875059515,3.3326486252459637
7600,-36718.25397433179,112.56222806365344,81.69929570801413,5.418817438812868,-9.695712057713186,-5.765069052813976,-35.197623338844615,-5.520835750433015,-1.3371105877800789,1.0027782972851251
6406,26318.474408718204,67.07304814023226,35.140193304136105,60.464448550806836,-92.56038254533317,-31.893734422362567,-33.93648318260685,23.318577774039344,0.41163593691742584,0.21828991931981667
7002,10562.145471391173,-281.61369961560905,-99.34497836522516,0.3193299325498171,16.863587768580864,35.416858312014256,-43.010881842695376,5.345813434997092,-0.9254691520443625,2.959961454292979
8234,-24782.274749529544,-31.82524647166923,24.69183091198667,-15.274530905746403,-10.305186747499551,-2.161686282698747,-35.97343116646543,-1.6553155020961148,-1.915383605735097,-0.8678847519635777
6116,-2988.8550330895378,-275.4983788701455,-75.8643077930455,-21.902799133709898,-8.704658141921254,-5.838346155479354,-35.01753808970041,0.29710232880663057,-3.162875893872783,0.7434020525819767
291,20968.354245981332,-338.4539918273759,72.60670943699219,144.53037348181257,-38.14522218472586,17.56286486705423,-30.26328997368606,-51.101264555533604,-3.5268212436461126,-0.2914525388193776
8779,-15826.923104784095,-71.47509750105462,37.03577865485616,-14.078270185773153,-1.8038137537857324,-15.874997829045721,-33.42991222070672,-5.499855408721852,1.9996711970175713,-2.5132561556313124
4931,105174.88103985199,-1254.7230719871632,1033.9981056289143,-353.6778631484369,131.92671436704612,-51.84194617442834,-31.54189871072354,-18.292563915938693,-1.907138992396523,-7.219020491854501
1650,29878.532105832623,183.24351884810318,117.76596459088299,6.866915096675934,68.12454059505504,36.664916321246686,-47.581094249254605,12.170858767684884,-0.9746268704752259,3.1772979463022604
9701,-10089.721403434676,-165.77382414421646,-9.091675940061037,96.90526470258705,33.27755413283296,-29.887027565631747,-32.824855895809506,2.343381861083749,-0.41447225999089454,-2.3071105648034242
6431,-6214.359579643824,-214.51919050081585,-66.57402140269454,-32.753318126702574,-4.933378616021729,-10.668697077283882,-33.70868533005031,-4.659570014428225,-0.7929502859211253,-1.231898669114246
10789,-6214.359579643824,-214.51919050081585,-66.57402140269454,-32.753318126702574,-4.933378616021729,-10.668697077283882,-33.70868533005031,-4.659570014428225,-0.7929502859211253,-1.231898669114246
5302,26425.96233013278,-208.5141189679826,403.0630997278246,91.17036242185559,40.30292816018646,-125.98917193709156,-14.931535538394861,-26.352872891897725,-2.0418047335296716,-1.8786736730526066
4459,-21693.38966711974,-59.00693062480957,14.479271753666211,-17.515576479520718,-13.267394918201525,-3.8664689971977406,-35.001158871967824,-5.172288490820783,-1.4652100631638287,-0.274085093790466
10642,-21693.38966711974,-59.00693062480957,14.479271753666211,-17.515576479520718,-13.267394918201525,-3.8664689971977406,-35.001158871967824,-5.172288490820783,-1.4652100631638287,-0.274085093790466
9213,-20092.665470237607,-86.18918398933022,-1.6292795324665406,-19.801899749707342,-8.878443899316252,-7.018970057925054,-34.526660218671516,-5.001024503655474,-1.938479334107683,-1.1315699442824556
3678,8238.673136693833,60.010904043508816,-176.6156857720491,-12.324283159633833,22.49232252793687,-13.62021631031172,-36.55451123601621,9.925577382927724,6.445048838868278,-2.547767336269783
3698,26724.61906668039,297.4180141431789,291.16084215973603,148.50713911113237,78.27386275902154,-1.114866953647814,-54.15250550370515,84.7821297162264,-4.8763484033630355,-0.9709558264645768
5929,-14571.875690219495,-135.49291897498148,-18.642066595861223,-25.003477690156004,-8.069740400087687,-7.2317601302544,-33.561111980910844,-3.8198590072729735,-0.6881891922680792,-0.6888119781292286
10795,-14571.875690219495,-135.49291897498148,-18.642066595861223,-25.003477690156004,-8.069740400087687,-7.2317601302544,-33.561111980910844,-3.8198590072729735,-0.6881891922680792,-0.6888119781292286
4390,23344.933623754303,-128.9272702696971,-136.34354262847458,25.682830033929573,-59.44890874660958,-77.4852746675842,-18.54781996119711,-19.251767201512134,1.847172320946143,4.250020195106423
9362,17292.601675666476,-55.6059439652787,-262.8584512262206,-44.42188811779957,-3.1567988332280947,-16.372484646568598,-31.648228097542727,-4.847894647411736,2.517153207610157,-1.2782499954783875
1577,26603.331848218484,27.8578385662546,285.4943719431489,112.50673662583883,-73.70297530468218,8.184358513946103,-25.909709365553304,-68.02190814551555,-4.701344036577135,-3.649272603684939
4609,5734.579687283294,-17.26285116946434,-162.3465379580629,-29.22611347715473,17.391164258190123,-13.631376368023115,-32.244338260708986,-9.039118035478154,2.7224552449625676,-1.1766467715427469
7143,22832.70416957415,-357.24798412546903,-36.43126822759632,65.17765260531706,-64.0358129872715,135.7865929351456,-59.31515470130552,25.238656556441544,1.4101071573274915,1.6263186693925071
1729,14462.449219093076,537.0414590916085,-292.3401174635758,47.42249559522608,71.6158622854895,-10.729236455372828,-34.921888623938514,-7.840832574552039,-4.152222476498975,2.158964122872835
10664,-440.8499881064927,69.80820071391818,-152.76168973516062,-33.48596259904123,0.5056937209743779,-12.599143388015458,-33.15138548472217,-3.0103448808001465,3.2023200809596837,-2.6925163622673143
5029,-33871.502129269786,79.22725529908709,65.26190416222126,-6.88224478141844,-16.25225180568163,-2.9178556351034954,-34.095007046039676,-7.224974872640351,-2.972149985636634,2.2279565070689804
10507,7633.838849217464,263.3921226761002,-221.04160126210425,-50.882610542559256,-1.065515536123577,-4.91508398941501,-34.40097661689098,-4.2177085865713355,-1.1848996923391137,-0.2689160715662675
3865,-30990.65424618024,46.49468865815359,61.122004967193774,16.26606387957576,1.1742140666416176,5.610786286676394,-36.082173373632116,-5.39337112132726,-0.9582701582058251,-1.0502326434702356
6982,22104.226949086893,278.12012772065117,160.211781602823,-17.571715087756502,-74.03925035981499,-36.45358064407923,-23.322999944540193,-40.99898694981809,-1.6286200984708845,1.5054380415454283
7042,-15182.989208774328,-143.93276051724217,-14.37962300015306,-5.165405678554877,-14.57189227433899,-0.45768722463687794,-32.41101931579699,-16.566714619615226,-1.1873046045645772,-2.2757569837578897
9668,-33178.38084516718,76.59702583495502,80.98900156725128,9.462515506166291,-5.377801150100844,14.172970206739894,-37.6642472402839,-3.864044206709491,0.35847708778618426,0.5880709447144228
6878,-24550.00218096439,29.177957064044847,113.30048329848017,66.58046251005983,-18.785627028117844,-20.421111521130154,-27.955661549238027,-28.322659156336353,1.8430704001114115,1.0320650735959123
4099,-21297.38534534048,-62.49310342499979,15.450855094858895,-2.5671743058199423,-0.3123025574797538,-10.748370073146468,-32.92320451011121,-6.7283605295953395,-1.6826791515438657,-0.29587382282660757
5031,31181.801959490054,204.50076433267571,299.959683738659,-26.19819390089294,52.310103077902475,58.43824640828029,-37.43546235186181,-69.02043044849036,-1.270016845240555,2.6879894026345124
1970,-17919.087183788397,-51.108580855757566,-8.668926398957154,-16.651827184480094,-4.1926274710710665,-11.020717693994404,-32.81814372860278,-6.450335950685318,-0.40811005771024433,-1.0503416621959296
5726,-20184.383870746547,-69.36704976912824,14.54291664067236,-16.95592098977913,-8.187432721911316,2.1659160857071544,-34.10511214419416,-4.664631095026935,0.2879847674096965,0.9306830359961187
5231,-6079.604897746969,-232.74189269363745,-74.62054669581153,-26.163904690873196,2.5488533035325673,-7.086030012931421,-32.32537978257835,-4.647830813154727,-2.565379297653972,0.17604464433119293
1307,-9987.245975217505,-184.95731663935578,-52.948482306634446,-17.508595139194608,-4.373281334149118,-8.915751972140667,-32.17591263394619,-3.642873268011723,-0.12939031833508974,0.7628725675488885
10609,-9203.827567659799,-151.12183601683898,-62.53217000605633,-32.745865226855486,-9.89311958622723,-9.215518640322548,-31.733303992317854,-5.656608156384043,-2.0002986815518113,1.4788390439244616
5782,6612.325203121829,5.344418590917826,-102.51807520807748,56.743110717566516,-55.8544033883304,-4.474864304854086,-27.516376553339686,-31.46686513041243,3.6011311381458686,0.28964294759031617
7533,-2876.444117174833,-152.27096905771873,-91.01689058673384,-37.9956540287315,-3.035000016995557,-9.927016298502876,-31.859366477073525,-4.976544045918236,1.4317221310573656,-1.5634429604394873
9493,24450.428608692353,357.80941881244325,384.00835205811813,-118.96434779322827,1.378503937225215,33.785612201271334,-40.99109747001597,-12.768370210527545,-0.8095917484146513,-0.0795290227561205
2253,-33042.17648695959,99.87878627806361,63.296965626133,13.153903420519132,-13.317877975559998,-14.235015358624766,-30.821946905830636,-10.620410316373231,-1.8396682130946802,2.133032067732335
2326,-33042.17648695959,99.87878627806361,63.296965626133,13.153903420519132,-13.317877975559998,-14.235015358624766,-30.821946905830636,-10.620410316373231,-1.8396682130946802,2.133032067732335
1876,-33042.17648695959,99.87878627806361,63.296965626133,13.153903420519132,-13.317877975559998,-14.235015358624766,-30.821946905830636,-10.620410316373231,-1.8396682130946802,2.133032067732335
7141,-30082.530638328804,128.04937481614698,73.22038686321021,24.012928033502217,33.07283571147478,-1.2946055170909996,-35.45652580911009,-2.2775871797555647,1.7039337037147728,-3.078817702281631
7393,-10392.799469200698,-148.90697146174813,-42.32488893267171,-29.05802666077818,-8.194974011440499,-8.427298306077907,-32.64136899595723,-1.453935264093844,-0.9595809864425702,-0.2442473992149674
4713,-20366.616342179103,-6.721960136983284,21.04364314562531,-24.07893243034629,-6.065058113322552,-6.777861203251585,-32.599656693992436,-6.567819502398002,-0.4286749397369487,0.5050776366189531
5093,-26462.518681969395,31.977523215394058,48.688180809689854,-5.6769787386189785,-10.31118183941556,-4.821210380675523,-32.59862650780177,-8.615597366866934,0.9044592998525722,-1.3711643008288439
8524,-26462.518681969395,31.977523215394058,48.688180809689854,-5.6769787386189785,-10.31118183941556,-4.821210380675523,-32.59862650780177,-8.615597366866934,0.9044592998525722,-1.3711643008288439
3766,-18918.51042864703,55.68762757186656,230.4557214510154,200.79337230149852,73.05513719387338,15.334259192307622,-36.277317742177836,-21.810159556572415,4.360808360034861,-0.8651919603947533
9725,-23208.37270808635,-45.061325762603815,10.933740957205515,-19.8121053744421,-10.15224984442078,-5.049493609661049,-31.809558970337182,-5.211156750068666,-1.8585624722466072,-0.9301355256049533
8933,-19826.309349626412,-64.03648092625906,10.658725446424029,-18.6616574534633,-11.57484588324961,-2.2756088338525213,-31.868505758060326,-7.318189904080606,-0.5463208342451971,0.8836108122522139
10779,-29823.627418889184,44.74961163691614,54.23165608799822,-6.5203043548281245,-5.984533299839187,0.702568401471823,-33.26119753146774,-4.282752164684532,-1.879388966789043,0.7667925159846876
9289,-15191.72316228391,-118.2879072077327,-19.583078920393348,-19.888704409899937,0.6083124331826824,-4.818480787875095,-31.715693292475827,-6.372038458921418,-1.521812989368022,-1.7015724226017985
2613,2224.373267040668,-194.91096828773033,-113.845145807899,-31.44171520780569,-3.6981592963821104,-3.1010900601988913,-31.245315123751162,-8.109640513719903,-2.6606369762985485,3.6239162908275624
10133,41831.55389358003,587.2492459343779,141.10324457564528,-57.46164348372804,-38.239777955697726,28.276594107852038,-34.98728339974072,-30.44646171657873,-2.2483503773094835,1.3684182456438434
8443,-27209.918151606707,5.319523627605463,43.185274528847884,17.297211157912304,11.475497540686433,7.041440475351671,-33.99526490661458,-7.7947351867353305,-0.19973118764434084,-1.6137353682137574
10796,-21495.066943107042,-26.63098458567339,-2.5165266789506973,-15.176952606143413,-2.229089589056226,-5.371751186478252,-32.01831195377437,-4.760391013650939,-2.381700087339538,0.7082352348963283
10241,-40522.96833908673,156.72496504037426,97.59113452948719,2.7267649620914596,-14.782838034685877,-3.5994475640500134,-32.11222637479189,-7.745529151342296,-2.473636627628581,1.1000431247328462
3388,18869.852108263207,-422.2351002319812,-157.48308634985622,-32.71362660710716,-22.49517570000843,40.51341737468342,-34.96269261143156,-22.33820483526712,3.32829046328221,-3.3410753731156957
6507,-21144.354399301807,-59.13235477229273,11.794766236099434,-11.454359217403773,-4.088225578101664,-2.642791884146015,-33.62401994852302,2.9738793327555317,-2.1797187920125207,2.6438891888768605
7446,10544.012058086155,67.60048318061556,-167.5944612181403,-35.69858262546412,-18.482544533259194,33.03684171517794,-39.05875829242299,3.933115953618932,2.1598302770643443,1.942608793068103
87,-24239.297210437682,-38.59169778393715,23.473619302983764,9.673399447330684,-13.601916214472187,-16.172433378060337,-30.243740217816082,-3.5382376265261266,-0.7441421400812454,-0.22667266182433154
10477,-12537.49623553102,-109.25100919197234,-40.96324675091384,-24.501276389638647,1.408599039953046,-7.814608075578317,-31.392676327234454,-5.344427464001104,-1.3395602487051006,-1.721370390024581
6072,23384.816705065314,460.7867991361992,419.2417217618432,-15.50531350631044,58.95962450613826,-35.16967474787855,-32.46548440010857,-1.0904628641922445,-3.1947035251193423,-1.902303479185183
2518,-31480.655565212914,53.21945633209563,56.13579896330755,-2.9745407923332117,-8.862843287874986,-2.9312358525362034,-32.630357091386415,-4.193978592931605,-2.9763993048604354,0.3642469573543625
247,-15255.346153153936,45.325270974153085,58.92232989144094,-16.451453720625114,-9.629410205056226,-7.423852037323009,-31.47983416789425,-7.946148684770517,4.9254695718331725,-3.130550591535796
9463,19741.95839323876,392.7154341579932,-135.58693579758986,4.748916538011701,-82.83168989750882,21.685767321860514,-31.819042432452093,-25.94185669220794,1.3697483711251968,-3.3785025804445805
1459,17095.269687005755,137.7349040100288,-200.8749115782082,-12.76389935263882,-34.91265689080457,-35.01408254270509,-29.170015522852644,11.926846323154201,-2.7692236222761557,-1.3292951467698346
9530,-27327.033458541082,2.2447891363049166,33.879127492373755,-13.33840142743972,-14.971262643336038,-4.546236840306321,-32.13471654900481,-3.8779527028782113,-1.8756795599565699,-0.7158656494680882
9653,-16175.670488132928,-108.544973506188,-16.619091633505235,-11.818810100119741,4.799283551702878,-8.539704757432396,-31.326134366371548,-5.832839386386722,-0.5951708544053496,-0.9749962480957386
10785,-7895.467228628389,-213.39619825643223,-62.198933361744224,-30.480351577070333,-4.8377909682455655,-9.046151804352702,-29.979959559613967,-3.940779000652194,-1.3085181400868917,-0.1869177819568537
9392,-25018.20057541993,-25.378106139726526,28.67861604744718,-18.93099313027965,-10.254947829136688,-4.190485361018307,-31.138247824605976,-4.416169052335695,-2.165177184206425,-0.3618225980816372
3769,-4.259681117138825,-307.5353796132271,-99.39083683845581,-39.36557439229427,-2.224904092097571,-9.573613196990255,-29.775095617114392,-3.426122092183004,-1.93535642049706,-1.1395676147495726
10146,-13085.989646424074,-148.97986533290185,-33.66208932136141,-28.391794706326333,-5.828768139439962,-6.791178394657539,-30.509386750509254,-3.991534341955311,-1.871111774079849,-0.3108230463154662
4741,13492.173484503786,-99.704507109428,-181.67812956413005,-24.451734938719152,-20.75729445506069,9.557068290734668,-33.28571217712909,0.5495445712399718,1.9926882867690576,1.4217237918442178
1880,1563.2990962698968,-273.12231782661644,-125.69464722325623,-39.40108315306448,-1.0801925454435946,-10.275487625507576,-29.555307910160522,-4.206907796719938,-1.685650986486709,-0.7839344644703363
6471,-15742.742022032638,-123.81375157188319,-0.5407724332269197,-22.3588862590787,-10.213236356559658,-9.237824081306439,-29.95782398144412,-5.287898777369304,-1.2010385038181743,1.2453333428151758
5718,28794.743330001293,14.08499978163593,-247.00706298507302,238.4104411628158,21.134707082885335,-37.54954618622062,-39.62525907510382,81.8302430721792,-5.500943954179086,-2.823055073640904
3478,8615.051598217004,-111.49999368245409,104.92507237159239,-19.081681229756512,-23.01357391647657,-0.9361291338651585,-32.03857213851316,-2.830719270201734,7.641315774649243,-0.1290737057205149
7848,-2805.5344041467542,-72.13480610106006,-111.41340122899496,29.461739446171475,71.28484512807833,-16.221572031277194,-30.240979242840563,-7.25090512568293,-1.3064955796212923,-1.7637053579939215
7999,23300.93989829527,680.5267444109872,-76.50336281687896,-99.38780475829554,-15.113471910083387,-1.2162127183023062,-31.385599482209056,-15.954865044215875,-5.339926441611572,-1.6645699633899227
11101,37918.92884790615,-355.17695811553784,-241.1185975925546,70.50824456786755,101.19273781314601,-30.84577183699812,-26.82510001516176,-13.65653683976381,2.0872647975530985,-1.510729168126046
9212,20866.6341893489,647.1995937840381,-227.06605911122435,31.628289218972043,129.99066772060633,-23.75996709660456,-29.414145345279756,-22.490907182263513,0.5427104560476721,2.3743433062203865
10983,23306.870438302518,-263.9817119286358,-35.83048064736337,97.93889940865984,-55.45974396241492,-14.888321082160372,-31.037913182909787,15.152981190671646,2.6628706353977964,3.660434839213248
3629,-13415.247244362414,-90.30176979162195,-23.752812308381436,-11.981107994877426,8.783857096304356,-6.417889011280177,-30.73209141452416,-6.09324879107751,-0.5876655341482717,-1.0608756247511533
4673,29334.95175626219,323.3369525389172,-317.43789802960373,-55.30815244121731,-7.3218726271047885,-22.912214547497708,-28.068927325028156,-5.652611589171089,0.2993169649726575,-4.654812797258161
796,8193.909870968593,189.1881785807518,-51.50138178275725,69.99731241414511,96.59055761480613,-22.28085669612426,-34.26481048412159,14.55450862950752,3.941762226373182,-2.145874637767367
618,17419.434133906034,-81.68370695087913,-41.18791668050423,-26.141486853483315,-34.26424622294744,-21.24728421700999,-23.331801087080873,-32.85061822255925,3.733467606243119,3.7030428310496015
380,12536.671750117705,732.3998333844914,-89.22102608570586,55.548873488799956,96.18461792590196,-3.7418359332961257,-36.43687175557156,2.6747672202540524,2.2824600155671906,-2.7656480849454255
1092,9045.635973924916,-71.97806721178591,301.790169325438,65.94978440493064,-91.70923321147544,-40.370353720381004,-33.86218265383694,53.36756953712508,4.818270152804381,-6.632469062934517
8962,-7654.48544305838,-214.8720428976668,-66.06282653037013,-32.624203242136375,-4.416009429425925,-8.137933224013722,-29.029999840832186,-4.352686046055344,-1.3109555938702844,-0.18189045198802578
8207,1258.773641472988,-320.799354314621,-110.0614784925871,-40.39313126799864,-5.854592853041929,-11.67285925790324,-28.157378963024648,-4.110031022217417,-2.766527623353076,0.15842802572016268
6521,26004.356321561732,17.578723591025664,-45.02743857683919,-48.048083948890095,-33.607654280636275,41.98403723835864,-29.856316070198613,-50.51453102661948,-1.951454747459536,2.6235092333044423
535,29388.98356612648,-439.8165519554539,132.319473540937,-29.788431676190793,47.41077552025765,15.774139812979461,-30.423188115445495,-30.927285269859823,1.2892772527641165,6.898937312734374
4608,29388.98356612648,-439.8165519554539,132.319473540937,-29.788431676190793,47.41077552025765,15.774139812979461,-30.423188115445495,-30.927285269859823,1.2892772527641165,6.898937312734374
11086,-26265.173391798322,-14.729387230226166,27.95033680582364,-9.891997611704824,-13.870602940627503,0.7036700869905468,-30.8682633055297,-4.015876903278726,-1.7657160667892358,0.4690725785517573
1064,-9570.335576176229,-194.86494769088324,-52.32289471903047,-29.339104688464648,-6.256185048612357,-3.92085046016214,-29.38286670180855,-6.549799045464659,-1.613471998893388,-1.0027943126396401
7000,13732.319846745333,-199.7822831287657,-139.3221322388678,171.69029658644325,125.7646871302426,32.262958311859755,-57.653759171929266,116.63419494568323,-4.3781071866459165,4.844185101568714
1581,-14567.14219060434,-154.47940918587625,-25.99737166719771,-24.45630060331629,-7.3277965304848625,-6.482792567843932,-29.18014583697295,-5.96242549219634,-1.9478867524707528,-1.48340033030785
7384,-12203.568990928114,-30.608000637412886,138.86961127432616,20.522887462924654,-0.29620251332895364,12.542852646103563,-37.8587952053098,22.697437477626156,4.148760902702097,-0.29844802871587195
10552,2237.0681244249863,-266.5092851947814,-13.44365108387018,40.14857311063831,-20.784421802857132,-30.617528945448118,-29.837988509551657,24.862884030480554,1.360281303479753,0.8921559089082294
6409,5168.575949764192,-5.355092315229399,408.4858586260767,22.448595686443205,73.2167715278118,24.594844297628587,-53.18027697903749,87.63015017513766,2.260675387776498,-1.1979159345744401
9507,-11176.082209835811,73.51807787820263,-29.72778166232021,4.108556710769545,15.510823765109329,13.503614156463252,-34.02087831946919,-2.1565088973007427,1.1595596369884937,-0.7302840949407141
9560,31039.42547532711,249.73129936559175,123.52530319549932,-29.797677428147193,70.91034536198069,-6.509460375671549,-36.84465599262316,18.19728219573068,-1.2136740993824775,-0.6671955399990752
10991,37086.25285861404,-312.96513228615737,-266.2107536331872,22.860547308257797,-31.382938171309057,56.89736199711485,-60.32421956499286,134.376725218677,-3.3974229194930126,-3.8677085217942677
4712,-31778.435991176124,63.86264871678014,76.36007111878634,10.657236288452257,-22.5876188823991,-6.387826993027663,-29.225184724780835,-7.670859074489755,-2.2368999494902075,2.8952578944867464
11056,20131.884072280634,44.08301953235184,94.08371770228052,-7.290761057115724,-52.871834612185175,-49.90389796104617,-32.12391424374135,54.81040914667609,-0.9353252679986479,3.2352299262341178
7414,-8148.395230420378,-131.98386712613353,-42.97346191482015,-11.335213541969669,10.819131805842538,-13.772802282385511,-28.21763361708854,-7.668498768548442,1.0389542905163367,-1.4024804370016408
3076,14682.916638701266,-48.86163499999992,-172.0406828763807,-49.680726543053595,-18.032855284082178,-2.9458421315748025,-30.136527812084672,-1.8700902007365379,2.481753970833781,5.078681792647206
6355,-7614.49969668952,-219.8658917578021,-58.338882977960765,-29.382624076873686,-9.911437863399355,-9.958944198514395,-27.25466605477796,-6.4848160452346955,-0.9092591214579988,1.332892254869341
7959,27443.98552253637,79.61126959227127,104.84759616664117,-28.241733646942873,-59.17702869993321,-49.51047617369222,-28.569651111618708,38.23589200814999,-3.6636210701870455,-1.6441188400841824
5512,3872.35061534775,68.14274498551066,-181.75756038338469,-41.0514896592071,5.244638023192731,-8.205917979299548,-28.104256921500486,-7.145480510434291,1.6038549920871343,1.5926477260485088
10102,27977.990413863372,-162.1898489695571,256.3385504258352,78.50825317913,-116.50591178866767,54.13074184332724,-44.134723596130655,41.559793577694634,-1.4859779313189554,-4.261641621028313
9369,36226.3710172274,-31.22106815202409,-108.91984799475492,31.31102115705623,-78.50588998050642,-114.6555416509196,-6.445086093301917,-25.828521987934742,4.548979733943048,-1.6160389122499605
3711,28223.26889843207,475.46450593658324,197.9776008365973,-102.56590616729147,-33.85714712631395,45.05576472597602,-51.19955406737513,73.33247587779428,-0.2704375358102915,0.25602955358257296
6931,25012.777565961514,-118.62415067575341,-25.07002224185183,18.75110093673363,-52.01961751706618,47.11549004532186,-48.77513366949821,73.61263117043025,-0.18359054169287958,-5.05219257486938
9596,13324.333050422036,-112.52301263974664,-123.96027415232842,-2.3767339099304214,-53.169753052829506,55.96966359180787,-30.65452962131218,-45.325655327376964,0.33248611082885215,6.7543932363131445
2727,5127.683609390413,-200.76871701746728,-95.278995116273,35.48793002380959,44.60592383209181,-26.264467353520303,-27.63412549058118,4.270944862801882,-2.1929520877312516,1.8925604124588737
8416,-22963.30375755684,-47.08168525341466,23.538305035983967,-11.266136468256502,-16.42000143935644,-4.664294098971584,-28.90443540564691,-3.8143715564452787,-0.896158219056848,0.2173829372427627
3967,26959.425833101937,-295.2512349096957,-116.81088942030587,81.30405244540496,-83.86258577391186,133.90956907118363,-58.6558049738466,58.92606122962363,-1.425314778117377,5.025644850047221
2139,-44470.5195776551,209.75312658437556,126.40850744173913,7.009781977017137,-9.259355087438017,-0.4586976319636944,-30.0194170560757,-6.723211744295833,-0.7288081383176461,2.004018307833811
2162,4967.8139033004845,-118.67711920716874,-70.69956760523192,43.170400564382746,-28.248952460039504,-31.054099698440883,-24.19223652702929,-3.2550056777859977,0.3923255375167001,4.292629446924189
9242,12546.898026163384,455.15271964182136,231.03222245999277,-11.665740200243967,12.80870287441401,58.93764558664592,-61.686027393761414,119.15779378483448,-0.6219706758555557,-0.021878999345870564
10595,-21879.330808284747,-60.84856994277402,32.14253496294198,-3.4661838176021194,-5.743229189659864,-7.947036994317763,-28.603907900102143,-4.0542021410652875,-1.1734108883556074,-0.10233007645412817
4855,-21621.285728442694,-53.962697957738726,22.561642740515993,-20.609050962318936,-10.096236648513994,-4.826462187643021,-28.54476988272493,-6.9100170458674,-0.25716134323649076,-2.080539084700691
5049,-21621.285728442694,-53.962697957738726,22.561642740515993,-20.609050962318936,-10.096236648513994,-4.826462187643021,-28.54476988272493,-6.9100170458674,-0.25716134323649076,-2.080539084700691
4967,-13769.606591802985,65.05209188382153,-63.73881668049998,-28.314861064497496,-3.310934383771908,-6.898838207691068,-28.71221793731985,-4.982237266278901,2.418306379839322,-0.7912190434797672
5255,-3.942687043949263,-311.27105521900177,-78.19481868208936,280.37547951230783,200.36943618344816,157.96289880074187,-32.648204650239336,-167.7887253873243,5.704886468815161,-8.493945060739543
9215,-7994.922254407829,155.1996984523407,-45.826200186530144,-8.587732375898874,45.75154402352087,-10.886247939721345,-29.125787248486603,-7.654475815793436,2.376313700530428,-0.3658093487124243
3525,-13773.138290094634,-155.29969607445827,-36.325613342241354,-27.948331624024835,-7.523214135207928,-6.596129225031078,-28.3595141447714,-4.345152016523642,-2.2154443765077456,-1.0818266126381149
3619,35335.113448697855,-316.24756635437626,147.5239018626916,0.08998321630226425,13.028629640045935,44.2498510761299,-26.417669992694595,-74.96770630894203,-0.685553032583095,0.24046555562970973
4415,-35111.291256892604,102.07068079150048,72.44223564197505,2.381847051113951,-6.630198448255285,-0.5418232038537825,-30.06960086667981,-4.514840465801773,-0.8936212074844176,0.7775915168826408
3645,-24758.92678010328,-10.303455096356117,40.558268613570505,-10.518789012448863,-16.197449214684255,-2.8871685924211086,-28.53749008390479,-8.738906941465512,0.5834604682134028,0.08652709368682343
4692,-44470.42616185389,215.16316433594625,129.33725359155454,26.674426606552064,-0.21109646988460895,-3.9037436567064328,-28.856879719394204,-11.963620676223854,1.9856916579859547,-1.5243185380728308
3955,-47109.38304302513,238.39786728720665,130.5149730421773,1.5114599525020553,-17.354891482089897,0.48209323024757134,-29.311406087832534,-4.885814791990136,-2.0698868883694885,-3.3140768872876283
5313,-13776.89101470539,-136.13195553277802,-33.22620871069651,-27.966913734412085,-5.964046400775331,-6.549297543604047,-27.436659611082085,-4.334795369793783,-0.3475065383623219,0.871094059755976
7196,-10828.432216479552,-194.13126729847744,-51.446450114618386,-30.20770538687015,-6.702532059704364,-7.05850394425186,-27.207888803903543,-4.040441187512559,-3.617953129843706,1.6543228392573521
1381,-13457.598053571099,21.172370859738407,38.47151910514317,-25.031319640521836,-0.3906588183215689,-16.078597868390474,-26.608940577236318,-4.862992917961144,4.0175468482845105,-1.4082606544470213
10951,-6282.79629552563,18.12876028578637,-115.84716314052415,-36.83463309267892,-5.044286045710761,-8.119146121462318,-27.325084999163167,-4.330217742012522,0.12337539802395447,3.8492110856860813
4322,25898.17209397031,279.702810042927,-105.85151376446069,-84.57688750989328,-13.724371062753868,5.905906037723292,-32.36415838692095,8.329725001484096,-2.010219772943163,2.9394361292513507
7444,-9804.368994038065,-195.48677955528547,-52.86080853370342,-31.45509208680696,-5.490553229832651,-7.36282671511521,-27.19086843066738,-4.103583856059112,-1.0258437936727223,-1.1244032152636647
2942,-6064.332205698192,48.303152139456046,-109.0838543202947,51.26761178936542,95.26499780656539,-11.967424958580501,-28.381781808936292,-8.836929640399756,-1.9700919796873828,-0.2844814584613151
2874,-16584.919463094622,-125.9890218975109,-16.966374588324953,-16.68279621391837,-6.378153079027893,-4.728341593959512,-27.901958902826788,-3.4540901985439847,-1.8546704500740416,-0.12444550580114999
3667,28988.66018350284,221.57589600773332,271.31555521288993,-51.64815238418575,-7.370322816106231,44.184296678345035,-56.51530344104302,111.91255568047714,3.8676507212397873,-1.8130719826867914
3697,-12074.470531025283,-114.70639128089806,-32.91730181273067,-14.36506474189883,-8.616298695891508,-6.169425419565435,-27.63937876496174,-3.388098731164927,0.1380606566012279,-0.44488854063848304
9955,-12074.470531025283,-114.70639128089806,-32.91730181273067,-14.36506474189883,-8.616298695891508,-6.169425419565435,-27.63937876496174,-3.388098731164927,0.1380606566012279,-0.44488854063848304
5320,-7921.498043228283,-148.6699882263843,-25.675926011652336,-23.751713392784744,3.396578844067026,-7.300137208619173,-28.010507529557138,-1.7456303218088287,0.7298994564930092,-0.5354907136327736
6422,34748.13441894956,-309.3893695584598,138.220455673823,72.74966246590876,81.66949450578704,43.61711628885489,-57.14250291131232,114.415636229224,-2.9406676782134245,-2.91249807395236
3690,28181.946584447956,623.9755362733533,171.87163021657028,-74.60730422438961,-14.20032480242248,16.697521508090276,-41.50739651336958,43.177511401377885,0.1480242351641543,-1.3661861845514407
2408,6628.613849095018,103.04265868018194,-60.9775766961142,-51.300918772546424,0.06949601196871669,0.7112040818787533,-26.428450410224414,-22.92921996653268,7.832897276841303,-0.6412826895181452
9260,18396.390186061108,814.7630417817409,-232.16303716368665,-60.169052226728574,-22.42330000802354,-22.682694650922986,-25.83443499777617,-6.678092606869463,0.6014191538727331,-1.4244610975380576
9648,-5067.953606750685,-110.91221414282285,-57.4804897091914,-21.827761486733593,14.42837847235294,-1.8723523924289276,-28.220778795625368,-7.44617136361471,2.08882337533308,-2.197355718644223
4939,-14211.837062509781,-67.81261834453198,1.2224189386681985,78.89681419141588,-69.92691407408162,-83.77131746828344,-11.154701716911667,-20.698465936150974,1.6185840479506508,0.1615063539601489
8652,-14211.837062509781,-67.81261834453198,1.2224189386681985,78.89681419141588,-69.92691407408162,-83.77131746828344,-11.154701716911667,-20.698465936150974,1.6185840479506508,0.1615063539601489
4702,9877.752120429344,613.3809002787599,40.070657009161835,147.11318696119673,-67.63281455948405,-72.74803500688988,-31.551944933729164,84.03826464335346,-4.75145135692089,-6.148418127028085
2587,-22181.375685352374,-51.053545996099956,7.422763760432815,-21.813455429721355,-10.485462127019765,-4.469658569140088,-26.88355398900358,-4.3846621939822255,-1.198770197088268,0.7596236602133946
2811,-3055.5972411311814,-245.06641940645653,-93.66279030398198,-38.46090338084397,-5.215770573740231,-8.562922624641091,-25.85907763095746,-3.6215274097713106,-1.9330702870434004,1.050204240747818
9150,-3055.5972411311814,-245.06641940645653,-93.66279030398198,-38.46090338084397,-5.215770573740231,-8.562922624641091,-25.85907763095746,-3.6215274097713106,-1.9330702870434004,1.050204240747818
10127,6720.650973241936,-108.70576691546114,-142.5046157814613,-44.27664518341614,-4.173498406213842,-4.2181556328094265,-27.429417708121374,0.2331852341520264,1.9023769510141904,-3.049610943126474
5493,-12617.215558043412,-166.58529848348684,-44.54486504957666,-25.545742400782537,-3.513792769531328,-6.680304048292205,-26.374426929731623,-4.137627633062526,-2.6003498067439175,-0.6980052500354716
2666,24264.475842273736,-81.8431135033494,-157.3347301244465,27.148337657441743,-48.22097559275012,-71.45068302897343,-19.512968107181855,23.67639145338305,2.9023820726904024,2.000687827855486
10099,3463.8043005987856,-90.33326939324763,66.01513621747795,134.58837260306498,-71.00989787144923,-17.506135543819354,-29.051030507859746,29.890873883132375,3.6039234689979445,4.201340143210538
10562,14867.5414961044,138.12311169011377,-111.86676929939168,32.912109778119145,76.62945296114316,-15.826114934964961,-27.87192162584119,-1.6120368703749124,0.30233852906843595,6.135467863502699
7881,14867.5414961044,138.12311169011377,-111.86676929939168,32.912109778119145,76.62945296114316,-15.826114934964961,-27.87192162584119,-1.6120368703749124,0.30233852906843595,6.135467863502699
6721,19997.371611001683,52.453310449426084,-34.118537027688944,99.72042161150034,154.6935395519469,-19.340770801141677,-25.49430629435698,-25.074367469887395,-3.2228643066207225,-1.6493986726607117
5204,22571.32551981334,-79.89569444549653,435.7022514798475,-10.152649201110847,-50.63314638078353,31.408091386997917,-33.29220112393453,-6.453462191464368,1.4961664716679106,-3.6941383973987767
5209,-1966.9009691719039,140.7028751539538,-114.89170849927623,14.819728878429327,35.07662652348502,-10.83703896428775,-25.532546618383336,-14.107971169438228,2.2267255067838914,-0.3428491832629006
10128,2010.3340136449697,284.60128058712394,-81.73049260501301,-11.08906217543263,44.0654647187202,9.628066379621606,-30.328056297706066,-9.04016585252394,2.5917584402550027,4.676321924430761
9284,2010.3340136449697,284.60128058712394,-81.73049260501301,-11.08906217543263,44.0654647187202,9.628066379621606,-30.328056297706066,-9.04016585252394,2.5917584402550027,4.676321924430761
8643,17963.281477451004,-121.21137341259356,589.8791742974992,141.8366489161862,40.48426456898497,-66.45064915087008,-21.515477418549334,1.9448736076896616,1.409873137250523,3.1167155557559076
1685,11018.512258626863,432.4446349938854,250.35188625960478,-102.09655210512027,-19.409420372944385,-2.7519913017791247,-25.862827414781567,-26.32731900610753,1.102079606059573,5.785493499100564
2877,-5955.04871916461,152.59430494028993,-101.64398007321446,-8.833592679041505,8.93491803085482,-14.292099782712011,-24.666057911354983,-12.605320123399737,6.4172046408687144,-0.24706944768473926
8369,-33744.48846628862,77.19095566964421,70.24802943774074,-0.9536177039651399,-8.200715806740137,-1.8632258591725746,-27.526670152927053,-5.736302669535915,-2.640357787837707,0.023265667220100372
6233,14023.502461719283,67.37104605343183,76.22902663964562,-67.67619049966304,-13.649825152464917,10.01915838871355,-27.417456993176515,-20.90771065979226,5.8932080880001365,0.14397772804245346
195,-13163.559091037852,-40.61120959837126,-13.030407752656203,-5.080227583065386,4.673700501934608,10.519728508843606,-29.840337125507002,-3.223385053354032,2.116144737297775,-1.8191313168044854
1501,108831.44382651741,-1266.5981591261104,907.5838269805231,-327.4764617252593,115.7169342686827,-51.066535023090154,-24.598706280588768,-5.617997124034776,4.56056018939293,-8.771584936293786
10846,-8186.17437769557,116.0407360421288,-5.684757172781332,51.316209971829274,83.82361290375758,-21.00813255304454,-25.461852569894617,-6.948865069428769,3.965334724520007,0.6131537550000439
8341,-21576.405173568597,-56.916520774406365,4.576036784639797,-14.415290637975964,-1.353469859693412,-4.185154379495533,-25.963332470943296,-5.200122825947705,-1.9269909137097283,-0.6879727001365676
10766,13555.163146104147,-95.91720870028007,-188.19467642230396,-49.358736794139794,-9.823244810533561,-11.601858797948749,-26.64083077597157,10.449223526019786,-0.8438052064832844,3.0668418668517123
9971,13555.163146104147,-95.91720870028007,-188.19467642230396,-49.358736794139794,-9.823244810533561,-11.601858797948749,-26.64083077597157,10.449223526019786,-0.8438052064832844,3.0668418668517123
1740,3990.262746592649,384.4739852801313,-175.33879777644458,-3.6263215553922636,-23.640517271427402,-18.509211725588973,-26.991085613576352,15.408063583578148,-1.8265600159296635,-2.460852956475769
8737,3588.584583244323,-347.9766960419499,-121.94003522451911,-41.3588314318914,-3.297538012505738,-10.62365869785946,-24.44626788890336,-2.5816095906385996,-2.4213609781645467,0.18559994670522295
6466,5262.261777700354,-293.8875632264962,-146.1430611405028,-43.16157045923071,-3.223849906384057,-10.681006607348134,-24.263592187970293,-3.969070222842025,-1.4448373762902502,0.5069175990455661
10430,37730.0608815146,355.17811115182155,-318.3760861438084,-56.432033848388826,-9.797957094757349,-10.07165060321889,-25.6015684509427,-2.2807774366376314,-4.944225883422184,-4.843996323947692
8773,5448.213652390725,-122.47156547264171,-174.58647962000381,-37.190911229337026,9.792822301477443,-10.825860842145689,-24.822597785629142,-4.056004469818001,1.6439134191182934,-0.6044575005544268
2371,-18350.30177981352,-69.14401496911222,-0.597123897480742,-16.619997948880673,-2.679303711313956,-4.255829511059199,-25.718070969423398,-6.406509628312422,0.12446691718627534,0.2005230233417259
7786,-21972.393627567733,10.931794994855807,48.53294402025725,-13.241813504913669,-8.129196668275156,-4.7111209900362185,-26.3467305697057,-3.2857811697990478,1.4814586668169891,-0.5752941332507158
4088,-20474.327585164345,25.159158154219085,2.127457446146792,-17.25077861970861,-15.19788957422799,-11.342312848599935,-24.65958202262599,-5.381251862360904,0.4486820454273843,-0.3039592970348197
4971,-20474.327585164345,25.159158154219085,2.127457446146792,-17.25077861970861,-15.19788957422799,-11.342312848599935,-24.65958202262599,-5.381251862360904,0.4486820454273843,-0.3039592970348197
10560,-15170.987455239352,-134.8314206109264,-31.981028331706028,-26.256033832251408,-8.275190617710354,-5.237051560357503,-24.723111486447284,-2.960872093791054,-2.4080193202067965,0.7404141028833644
6892,9703.024989266625,186.93333085008538,-233.8679835784453,-48.886348738345795,6.004561174057276,-8.832468577285606,-25.40157850201509,1.228373929842526,5.838831332163801,-3.8844248896903686
11004,8206.935200700587,-425.20445771854514,-144.18225674820602,-41.603358693927085,-4.142083462164116,-14.736680026358485,-22.402317074098974,-3.3841512083680234,-3.1980275558149893,-1.1135533124088397
1818,-22240.233110846053,-38.99977235600085,7.531550661661981,-19.424862429086044,-7.787454609992588,-3.6130133612727535,-24.992962123876552,-4.818013161243802,-1.041855612573932,-1.7366657912278
9485,-6051.456182353439,-150.4828316923468,-46.70830939968434,-17.005482741923277,-11.74526126458544,-16.460858247555873,-23.193906395154368,-0.757618314311193,-1.093507166723989,2.544376239766402
6646,-35442.336586540725,99.05918831133286,76.76628620484769,-1.9205427837451685,-19.97189875560333,-8.882147592073547,-24.138882727987518,-5.722433039787614,-1.915805075857592,1.502418886001236
4248,46814.71643172948,227.32365882257068,159.955533112275,-51.13220207592729,-44.17727734240026,-11.695464558030247,-14.082302369679034,-71.17098773873643,-3.642695905569377,0.0720429114485186
7451,46814.71643172948,227.32365882257068,159.955533112275,-51.13220207592729,-44.17727734240026,-11.695464558030247,-14.082302369679034,-71.17098773873643,-3.642695905569377,0.0720429114485186
7861,25061.06064160503,215.0440367977548,-160.71572997817768,-57.73681072762848,-30.56096436627388,-18.85255295604104,-29.109773403303713,36.75185684391366,0.2194125124725268,-2.7352497363524932
5232,17164.572020340944,-442.00216782368096,-133.14211177869808,-32.97351697255101,-16.62423792350888,-17.177642039831508,-21.529555363386798,-5.08994144966797,-0.11791970193835866,-0.4685709766803132
3011,17164.572020340944,-442.00216782368096,-133.14211177869808,-32.97351697255101,-16.62423792350888,-17.177642039831508,-21.529555363386798,-5.08994144966797,-0.11791970193835866,-0.4685709766803132
5758,13205.498080215439,571.0292148821181,-329.1284885243733,-53.96117405644734,12.355856946254288,-12.670839226542489,-24.483511303242633,-5.002428876471252,2.910074245271053,3.292062279293516
2173,-11924.255035905146,-175.89005148705593,-42.24823350166079,-25.651059397803973,-7.385671947144642,-1.9462864060312086,-25.532026133243296,-0.69082442582312,-2.0966988297952343,0.062220185587297916
10711,17784.3371886159,-253.90372910790148,140.31577758242085,50.25521983849739,8.107769965330998,-36.324342403460236,-26.008715531644132,29.667063052926043,0.5567001033385237,5.7291760880933795
8268,-0.606985937585705,15.676696469713079,-152.7169051014803,-35.11855183654333,-5.104406444750621,-14.970657717365016,-23.010993311280497,-4.742131032447321,2.318606705828829,0.5732300962087269
2782,2485.3166078531794,-14.453637585522983,-165.2073512944833,-37.20390124421011,-4.419563485305499,-15.499404323635538,-22.87145582976554,-4.634685636795912,2.3063982836456134,0.4157436107545873
9432,-4.363646637066267,-321.36023658757625,-89.15615016857672,-24.524091719249316,-1.7997211890650675,-7.636755741014083,-25.48369539404538,6.2553740849661885,0.4775102348271645,-1.8227054766877702
5872,8718.102999237854,-157.6099720047269,22.051624882244823,4.222227680331555,-30.797802676498698,-8.992915616976884,-33.595485448691164,57.339396591069544,2.716159250161887,3.178264857895281
11187,-25485.1314824901,-20.408125296476555,33.718280141988345,9.802781103758608,-5.0381210605963975,1.673157322164492,-25.500303662692623,-7.751060281036853,-1.0438323055563457,0.680373157535147
2428,-23808.158656071475,-36.85153970900211,40.456374352295114,-0.030503458247107318,-12.116768974221479,2.0590534639948253,-27.304766316230374,4.057700876865766,0.23134685188250437,0.36980823742073676
1726,-29386.74231683995,29.40162529799494,57.81274745185645,19.422361238305395,9.029421628838989,-6.557738533947458,-25.7845618268837,-0.884283468871959,-2.0150273202956894,-1.0273215353085359
1802,12824.863131095452,-58.67191067550874,-133.82733226336288,8.108811699610404,26.539587689397848,-14.906267379125108,-20.93225217580948,-22.31094023938002,0.38584849808916033,6.220428227227182
1162,-9970.078331382167,-32.50628179275384,194.895123198003,51.29879007546952,-45.99177133882749,14.90351566871958,-31.3989813149242,17.689471164454,3.842596478396965,4.06041974868895
10643,-9970.078331382167,-32.50628179275384,194.895123198003,51.29879007546952,-45.99177133882749,14.90351566871958,-31.3989813149242,17.689471164454,3.842596478396965,4.06041974868895
11112,18747.31410479707,226.94251581850335,-58.169501572567356,124.54802480037755,56.80564955755775,30.036721426030905,-37.770865142806855,28.37184917013659,-1.6611563217227525,-0.6672807617156389
2114,30834.737661293722,302.86815453589384,-347.1222554922874,-8.657735066825357,-33.6590564391173,4.820866300113746,-21.40161900437085,-31.19369381101709,-0.596676021187811,2.7640457409033306
4261,30834.737661293722,302.86815453589384,-347.1222554922874,-8.657735066825357,-33.6590564391173,4.820866300113746,-21.40161900437085,-31.19369381101709,-0.596676021187811,2.7640457409033306
2457,-21171.49922344332,-68.48410361219356,4.900985400842416,-4.472024715430297,-10.950348875204913,-10.40480374460005,-23.94477099435438,-3.5908573323614164,-1.3401621715253436,-0.026757912433780895
2495,31918.90093912123,-432.8604375452015,46.075442431799345,-0.18259277468877944,-57.74855187986757,-9.411444525564947,-17.01219946050169,-33.47105457657422,0.8106596080336006,2.9323301508740394
6983,-13918.908427250943,-140.04414442424314,-24.912350551603282,-28.219861532636326,-9.438155131677172,-5.519468416541284,-23.681812491649826,-2.8206477946272264,-0.5969039696180971,-0.7383942591522654
3436,-37926.04909644733,136.74458774839937,86.49630216889881,-6.2613784075654655,-15.306433452176424,-1.1545704090260978,-24.61835009175001,-5.355670619266179,-1.662637879667633,1.269669388491542
7505,-7818.49586500282,-216.1280487068421,-63.028913865394856,-25.236904149301342,4.071701153626549,-7.172785430132676,-23.44063694381614,-3.0175785084629183,-3.339950824607408,-0.06792369241004792
4286,5673.7389486107495,176.6702238472583,-198.19622945662618,-40.60376225253626,1.7294326070316934,-12.913272902512599,-23.44711297283383,-0.1887087780559824,0.6381242359710804,-0.09961486248673967
7224,-20619.51377510143,-72.7058189183702,4.857485007249409,-17.02237975680698,-6.091394721146907,-5.684474781175378,-23.578386017257458,-4.956348091493562,-1.4648625680614247,-1.2394029553079475
6215,-20619.51377510143,-72.7058189183702,4.857485007249409,-17.02237975680698,-6.091394721146907,-5.684474781175378,-23.578386017257458,-4.956348091493562,-1.4648625680614247,-1.2394029553079475
968,-10637.150827660953,-91.02406726202616,-52.51018931916428,-11.921833491165412,-21.359440394108155,1.5044397987228086,-25.302150373452015,1.9709756568528487,1.0067981690111711,-1.1799232146209944
4096,-10637.150827660953,-91.02406726202616,-52.51018931916428,-11.921833491165412,-21.359440394108155,1.5044397987228086,-25.302150373452015,1.9709756568528487,1.0067981690111711,-1.1799232146209944
3153,-11236.367584495973,-186.97203750156564,-48.81974327499279,-29.430119270451453,-5.909553074348597,-6.396734342851651,-23.347952507796844,-3.4901691703744433,-1.9210022683384427,-1.7430209631010847
6504,-32182.544380291856,60.982100625490574,67.50361356589002,24.620917913896378,-8.640995529122335,-12.880238715193071,-22.402280695255616,-7.12534750049519,-0.9891598456816162,1.0597323512253762
5329,-16026.994428558515,-132.1284805529856,-25.136630652326176,-26.47046140874793,-8.778507115984086,-5.299754045697736,-23.594000265031024,-3.6065402342120985,-2.9655240734339756,1.0748924130293833
1175,-15709.497551782057,-38.72502157670078,21.29737588738581,122.42758439914685,60.200723040452,-12.853850132077854,-24.863122613324276,0.1753244418472768,-3.1057592992645406,-0.7998679914805313
1377,-7420.579282928877,-57.48201268995928,-73.52802778279471,1.7451664122524497,41.08780642589522,-7.892619987033224,-24.56188748147433,-2.7130772786664235,0.09370830874219038,-0.06026597243659815
4607,19396.259607592772,-263.60296333176603,134.0954760717022,-24.68791214923993,44.44028131247939,-19.678819708442603,-22.87038179582738,-5.884153931592557,-0.5839082293622946,1.6380214492336527
4944,19396.259607592772,-263.60296333176603,134.0954760717022,-24.68791214923993,44.44028131247939,-19.678819708442603,-22.87038179582738,-5.884153931592557,-0.5839082293622946,1.6380214492336527
9483,5986.590271244517,-83.60662869794072,-12.969698718052484,11.52055647117447,-31.52610758157445,-29.39454096765443,-25.293022209149242,32.318523362079134,2.8155836666760443,1.4638429758249734
1378,-1635.8600210672303,3.2326680748782906,11.491195934181036,80.57913547292696,49.16207254894086,-45.26661902582829,-17.633185808281567,-12.69944486256811,3.0718271892294062,-1.3620633267791034
5991,-3821.9580754730705,-109.35898851239682,-84.1585374043166,-12.123426158816166,26.391327007238516,-9.238542029683996,-23.53257705110016,-4.953815622630884,1.035462642134794,-1.5834335396714598
2807,4829.533209184228,285.1049748413642,-99.09953846414945,9.7636416709963,-34.69941377219304,0.20077506103285536,-24.018003193258576,-7.690154808984378,2.1211105274035162,-1.7447821154585057
1052,4829.533209184228,285.1049748413642,-99.09953846414945,9.7636416709963,-34.69941377219304,0.20077506103285536,-24.018003193258576,-7.690154808984378,2.1211105274035162,-1.7447821154585057
9760,314.44172180443275,614.5078848707481,-233.63998633290842,40.465516984167316,110.51961624073516,-14.419501961211395,-24.971611175081676,-9.900553873391077,3.514764097894,0.2750500552390589
7101,314.44172180443275,614.5078848707481,-233.63998633290842,40.465516984167316,110.51961624073516,-14.419501961211395,-24.971611175081676,-9.900553873391077,3.514764097894,0.2750500552390589
9909,-44470.40335251902,212.91909351343065,135.01104580839154,50.087623340108344,4.7766385600992365,12.751656804010688,-27.392511706533455,-6.307287987665067,0.5197016919334372,-0.26975295479978545
5907,-18528.740354374713,-100.6975103817827,-7.683294001091468,-23.77444846637647,-7.5932326606543725,-4.891771909241276,-23.764720910778212,-3.8451804511730874,-1.8613355236154359,-1.2333320274488688
793,-31076.473539525552,63.212250011793884,62.5560686681804,-10.589397237721286,-11.439071716306913,-2.873376643898305,-24.72879601396681,-2.408491229991811,-0.45185162721881156,-0.38959370730378584
8832,-14463.400980685896,-111.18510358321544,14.463792390296078,-20.727683034348434,-11.501058094448748,-5.690971267039378,-23.318809702564966,-5.885335390026155,0.43881351553845516,-0.30286568719226903
2535,36124.806470020514,-510.2132010208218,152.02615456829406,-46.8871176182097,54.81384342346555,62.9220710544746,-23.85953001513096,-81.58864270407358,3.0892128707996864,-2.2832708374992903
1523,7066.765199431844,-349.58827703941023,-141.64140634339205,-42.421496870936984,-0.569623527838381,-9.26810414072304,-21.61870397610944,-2.5288945259257156,-1.1409931922537417,-0.38023192907221537
1839,-8650.751033281791,-164.27709090065554,-26.522918934718717,-19.259987006204533,1.402477919686607,-9.280817408120638,-22.650206041980855,-0.6340124733064325,-0.2975239327277972,-0.44488045941564724
9972,-5958.543290020483,-224.7944139243521,-82.78466704060358,-31.639437693193447,-2.157321004093273,-7.445731791020113,-22.125789310491765,-3.227113008997769,-1.961922542478077,-0.7719677556030478
2945,-5958.543290020483,-224.7944139243521,-82.78466704060358,-31.639437693193447,-2.157321004093273,-7.445731791020113,-22.125789310491765,-3.227113008997769,-1.961922542478077,-0.7719677556030478
9291,-17730.837009717812,-111.19777783957312,-15.439063568627972,-23.877625350280642,-8.837764107758845,-4.010804837018237,-23.098223389529984,-1.9762411642085427,-2.971846765426549,1.2119426820269998
2829,13241.658830875662,132.22932165761145,-234.99971874354438,-53.333263487075314,7.847020582897276,-7.465318179643015,-22.037457756288344,-8.036844738597583,2.8155398699014675,-0.32181942379503337
8594,-1453.0943848951283,-205.8589829858031,-116.4838142521456,-30.951555391620406,2.345030955974309,-9.095012320936538,-21.786284051251528,-4.120114411930911,-0.9368610812148797,-1.3226416747576861
1592,38799.32327290383,-96.38305174806754,398.40883040299684,-20.01406335211953,-55.05798462285919,-16.199255548610413,-23.907284654607707,8.667182602253327,-2.7644597438333736,-3.062490384883306
4310,28621.731575126003,-70.80164049457466,181.59754990643356,62.03010764719496,-115.61206217983309,-94.59214403831568,-11.379443328569543,23.459322396469016,-1.7055922077262275,-2.8426897275313188
6950,-2401.7849447165427,-268.1313334268754,-86.49452459512551,-38.907951313684194,-4.556511113311604,-7.078825052598407,-22.12457899061178,-2.827113875636009,-0.7276842462701945,-1.4575025764302492
8492,23473.175506536485,272.5749371345145,150.2791696604633,-72.42791933986764,-49.38655613353753,-33.24378586554616,-11.973460332846507,-48.62253090831655,3.1165973610499424,-0.29624797146392234
5684,-7338.182036676313,-189.15753862662,-72.91885143401163,-33.702305275068454,-4.840254023496481,-7.097028090109563,-22.220519471800138,-3.2628036705178936,-0.845608950052366,-1.1483822165037951
5909,6547.498747294492,487.96803179879873,-222.39517108974198,29.56797817048873,89.5215850615763,-18.680697040611204,-23.837351474164866,-2.0589898141812455,-2.0448069170061514,0.09889084451977581
9855,10035.09113752882,443.91290514939686,-246.44281592278006,-68.18185785264374,-2.1572095163419007,-11.34787397561415,-22.430393118345222,-4.188750399303302,0.9613613106791172,5.718049046723692
975,2279.482111295998,-181.03261387965097,-127.73181877694978,-13.214836516486539,21.218704468679533,-10.824214100202006,-21.97131614579179,-4.262861688028845,1.3937379483423937,-0.8346424160219827
8754,-6905.715949155325,-236.6921754158903,-72.13722278080533,-32.35739089250739,-4.064179870649685,-7.181978247464559,-22.13628934254327,-3.171693232462289,-2.2763934924633253,-1.4718310609687375
1456,8504.487589293189,-101.15154055431674,131.591061101354,224.3114772821317,-28.763995038249984,-66.67972955839258,-33.18699268006695,122.75049864028837,8.594503412609207,-1.260753892301918
2849,8504.487589293189,-101.15154055431674,131.591061101354,224.3114772821317,-28.763995038249984,-66.67972955839258,-33.18699268006695,122.75049864028837,8.594503412609207,-1.260753892301918
9984,4367.1661865455535,-8.794114799838667,-52.88208975451684,69.49856151617578,117.7026804469991,-23.091620279022223,-23.14584245071845,-2.907551584927484,1.9389969865852468,-3.9942645874926193
5527,-29537.76911896187,30.399775685414397,53.679377174898605,3.5366212743775125,-8.124429277426314,9.252719502587167,-25.53140617464668,-2.8457365721816634,-0.49558151990375876,-0.29037397729172554
5628,9452.71892651276,456.85535339037756,18.814837855738716,132.3549658414686,-99.4227533376702,-26.730526262520396,-29.14501136450108,62.53698749721865,2.4306296108622316,-1.9411765697962844
7627,40200.09509192081,148.34131240627056,326.36841762847837,-5.415938814504044,-89.53326621590583,100.5064213771503,-45.831576339174454,33.080681144375234,-3.9017540196752667,-4.782932474328106
1351,6692.779966244212,565.6461817798822,-149.03130270357215,-62.58040693867253,-22.621118239219186,0.9209133755278083,-23.473093937492933,-10.621845352784655,3.4995249841110336,3.8818167165262008
10629,-4.001614915068785,-300.3236208261848,-67.79755478367258,-22.280727982372046,0.14739419577917445,-15.368139371349216,-20.562490803339763,-5.087491660700062,0.5662190065692183,-2.6200123683517127
10395,-43030.6414518142,190.90761957205132,117.0432920244194,42.29176582205,2.568112123513508,19.342056856961907,-32.430305624912165,25.941075163662045,0.34154620963382243,-0.05811872541167773
6961,-25221.25567769803,-27.020165728490497,24.73644474496652,-16.909853776580913,-11.221753547144614,-0.6230336513622154,-22.387721826906127,-4.690985844428374,-1.8647695501016432,-0.8585250139035487
10196,19454.615199816573,-322.97313988875175,-62.93215279579135,2.002703186611122,-28.24809023958013,70.76882895715943,-42.38225575252137,55.39905969909306,3.2530051218907943,-0.7110137832099248
6182,-25326.01029389833,-12.451128116442305,39.05219983781414,-9.482224568822971,-13.418943962648015,-5.418193541275059,-21.855162790984018,-3.41513191691163,-0.4194056060485494,1.2146208421832787
10432,-32625.568552675235,64.6573160812093,66.05991620522438,-8.135918267199976,-14.45113753015439,0.8081841624060495,-22.31451347370259,-7.856678707727841,-1.3751229176126865,0.4610663564440496
1542,4272.153550233692,-39.769613999377725,-166.04395558837328,-47.319305318944615,-7.046642512252335,-9.70914721995452,-20.538832710451906,-5.123969133218492,2.682951722813577,1.6649850141104752
4220,7917.709349473618,-356.7342387055831,-149.24461204448417,-48.95546573894761,-3.388112691217966,-9.413179137942233,-20.399836299294215,-2.960554211481673,-2.6322848386437685,-0.08898925686797243
4141,19642.579305042338,-125.07135170224376,-154.12112070812512,34.338854280058314,-44.330626629797976,-44.38062984200402,-16.985269441477733,13.271570534548161,2.87209095113146,1.1752299524933845
1940,-26720.12503263163,-8.79341167985217,31.722059520615375,-10.823659451054116,-9.074362552540048,-1.4939875122422306,-22.631365493004974,-2.913600539663612,-1.920594899718278,-0.7367146522061851
1506,-9812.750924981337,-158.50772872625458,-21.63448344953852,-15.617168994416495,2.3449209808358127,4.878733247496635,-23.067619528713276,-5.908222613623408,0.06995215315393732,-0.1404159823279585
6347,-36109.29209150145,105.43758180706018,80.24527806084492,6.666520071912597,-14.804114158529583,-0.8174004437973148,-21.826642192693,-9.824607637498621,-1.482440186956139,0.6203600848898518
1361,30619.47221908979,372.66474933575483,-370.1179258373221,11.032741485624804,-19.217782412218995,56.63927378565057,-31.04394712671381,-5.61217614239,-6.804504463440156,1.0389771873590665
9422,-13612.560586605927,-124.84198478997638,-1.5455435263984896,-8.23914121644005,-15.358469002195953,-2.4731426007470843,-19.942522057897264,-16.110426101297275,-1.6242779373988308,1.7076509433899365
1081,23315.807128329863,139.35196958470982,-197.81124120048398,-40.503539192253015,32.551763016689314,-6.860344334227647,-21.5097483589125,-10.651403182698392,2.1107644052084407,-3.5632811545689176
7458,-17031.38175859629,-84.00128085279624,-3.86562467600001,-9.922208178521117,6.732438815012358,-5.222180711517443,-21.891899395219564,-4.890075979150812,0.032092978942653616,-1.2847578533670045
1012,9854.497136357764,92.40956309702204,-125.89532937623457,59.57810196131841,99.03770198989815,-25.977835978027358,-19.286318265215865,-15.063750582405891,3.251782290317319,0.9404364069074154
5453,38265.25876964937,407.03025714728903,149.25306864278073,124.87175712519756,-95.68843093980928,-23.78394326959868,-13.991489900979644,-33.24758148699989,-3.186649150561634,0.7258954648063991
6818,-6982.887798554511,-127.1235967513129,18.988175178448586,50.295886505182956,51.051733565949625,-32.960230288137595,-16.541854747967193,-17.468952340370137,1.9911413718120041,-0.6314050630134975
7807,-6982.887798554511,-127.1235967513129,18.988175178448586,50.295886505182956,51.051733565949625,-32.960230288137595,-16.541854747967193,-17.468952340370137,1.9911413718120041,-0.6314050630134975
7532,-8386.593611969416,-133.35301240044112,-73.76829433868494,-22.72191670280134,1.4168913424589036,-8.626614138716837,-21.347475573759002,-2.3730947708883114,0.7053194427506764,-1.171473022212913
8346,-19737.914355474142,50.35088133422991,3.684538502262484,38.85244165963644,24.968791736831307,-7.599197529642856,-22.534570958547743,-2.8062542436790023,0.7031230275663933,-3.486969266266546
5564,10915.989064668036,140.50172553447604,234.5040887122406,34.72768149971096,14.587630911037493,7.051364903971454,-38.46617108453763,75.06688191825567,0.529946325310303,-2.2059896959910166
3267,5318.945240417575,122.61501455545405,-221.51469374845712,-20.065200001769373,31.641432647208397,-11.00085611072877,-20.453972303657412,-4.62595317664754,2.66003867629437,0.4437058839838821
3091,23802.5167457481,-254.69681374629266,-136.97059144243102,116.99749957761024,-99.09828653095292,-146.86233130383857,6.832038978227942,-17.193165184799618,1.7777279842253915,-1.031579589935074
762,23802.5167457481,-254.69681374629266,-136.97059144243102,116.99749957761024,-99.09828653095292,-146.86233130383857,6.832038978227942,-17.193165184799618,1.7777279842253915,-1.031579589935074
8029,38284.60301626146,432.58222667132407,-199.64359119831934,-105.58229178539422,-11.356541729621936,-7.348637831663348,-23.433210243886837,9.436648972039201,-5.873023992889904,0.026287907613735673
4376,-19754.494899648525,-80.62138536337687,8.691847967208389,10.121016266327828,1.6049670998723045,-2.2151376032659633,-24.087181453740723,12.992983588035443,-1.441872271835086,-0.33165536249504246
10981,32249.659445028403,-212.58194031801014,51.56313199788639,17.787122706518634,-38.32561513970667,103.98150780070657,-41.448953967574916,19.638444968450624,-1.9268899830691062,2.1730976870900442
486,32249.659445028403,-212.58194031801014,51.56313199788639,17.787122706518634,-38.32561513970667,103.98150780070657,-41.448953967574916,19.638444968450624,-1.9268899830691062,2.1730976870900442
1158,-3095.985955023614,-193.46870418287216,-97.15095590675523,-24.202683552188848,10.488933990176811,-9.16699657713313,-20.189138948983057,-2.9383956495348356,-0.6466524604054502,-0.711681521847515
9119,8932.648448954169,-221.30053564594965,-114.54793189040569,-4.460039839656811,-0.3939618565922771,-14.104026039883465,-19.026518071862647,-3.383050927491923,-0.9800757234093114,2.6431744198869436
6694,23267.33507291082,-100.20719911473708,83.25937375618226,-7.275021670923285,72.60860228898278,25.360390158521035,-32.00559612548713,20.115136288573485,3.8822244181816448,3.818702152214505
10573,10577.89222704032,-315.9835474555336,-74.13339214911173,45.73831064333831,-57.43835710216762,-68.59406457224891,-7.144911064301667,-14.263607321672108,0.09435849241648242,-1.530300169543458
10140,18163.940002968302,805.3823907566522,-85.25247831162014,-122.17379669963232,-19.02778364571411,-28.095405224569088,-18.293422736075012,-7.7778485698002715,-5.371661132184068,-2.3860959094812344
2286,-1188.5164075922658,-252.4216125596027,-93.06028370792953,-24.72456012468269,15.424601661124726,-7.954501284245139,-20.31863820908926,-3.42894818103004,-1.4932172131591575,-1.043080517982836
8420,-36656.1010666411,120.18867955557221,91.21377050334826,13.321273422564094,-11.631729886698496,-2.639217848941647,-21.037791002723075,-7.3909877730578275,-0.84578774249752,2.4033488549668034
10065,-36656.1010666411,120.18867955557221,91.21377050334826,13.321273422564094,-11.631729886698496,-2.639217848941647,-21.037791002723075,-7.3909877730578275,-0.84578774249752,2.4033488549668034
1029,12439.944616504661,-280.0292194756083,-166.99504857565242,-42.268327923761284,8.497486066369316,-2.8359411965050163,-20.550228224199145,-4.869982995028184,0.06455165442824295,-0.6766853938282091
4207,35205.24245632418,243.34722925347825,-375.8762798300661,-13.170193260103677,-31.300767773097512,-2.362382907849355,-21.19826749732026,1.1964153094026386,-1.9313910402379957,2.3408393408575066
10277,-21891.188698881677,-33.7145761486035,-2.362569976944826,-19.499792643797722,-7.989134676665566,-3.6786878779069,-21.05479793643225,-3.533089178007595,-1.8466732686144107,0.28300221299298833
4436,-31791.27519987335,75.04063725025108,78.5080264481434,24.753879209880175,-20.86267171379818,19.969880736182656,-28.046307756525454,16.007212263995196,-0.9457601605908339,0.9726709310034876
2929,-31791.27519987335,75.04063725025108,78.5080264481434,24.753879209880175,-20.86267171379818,19.969880736182656,-28.046307756525454,16.007212263995196,-0.9457601605908339,0.9726709310034876
6281,3720.007069517531,321.3075087139406,-65.82087680669238,-29.274961180053285,-19.841606244711965,-0.2087094292340843,-17.022694744324827,-35.479510367104005,-1.3041294632110434,-1.0569562060385937
10390,-25085.20515355576,-23.60527090304805,22.97675368292144,-9.699765085245886,-10.701246547731667,0.7600396545959851,-22.220147855217938,-0.7340545260250106,-2.0396327660822386,0.8742889618953193
2574,10033.044825446545,600.6907009135402,-235.37854268174365,-70.79020221633894,-2.729281846493862,-6.592004646301235,-23.000435023524062,5.062812932886777,-0.9122645432533538,0.40122813186334305
709,-427.38374063589436,485.5298322700471,-67.50252607109624,-18.361100133062287,55.193766780318576,-4.427855117329566,-25.43593480385024,8.077031983699012,-0.6058380128427885,3.506650331452016
5955,20062.307446778024,363.9405446375868,182.64280259638366,146.37677344291112,70.85843044222813,-7.519706221862947,-12.174109925431011,-78.22332409125674,-5.105855808860204,-0.042210807109293036
8486,-21431.16346136866,214.28243739720614,-6.560657906434386,-15.985460674183095,-3.530573801199772,-7.088582538722536,-20.617720500891465,-7.054677582812702,4.980871427039464,-3.3661001490656863
10343,9652.406380012748,231.65900707484508,119.34646768262246,61.672670434170456,133.5018128144105,47.17907346336441,-39.67759395097795,33.176374516832155,-3.8751887956090214,2.0967633287218153
6652,25373.256722891558,-296.29163822914967,297.5735822218838,4.859008111756856,-43.25094087758797,21.929309701090414,-36.49753337301565,73.01884264471025,-0.00011156974055559488,1.715818677817007
8746,23467.343711947877,226.42659580163755,-100.4774453353564,-68.42767814869065,35.48990974766204,6.139093921319599,-19.737040126760238,-26.012340145391526,-1.8967739661749254,2.21926165199214
4686,30607.461293140543,256.65301658108694,116.48670082140157,-28.53045116591117,12.900095023893428,20.083586736240655,-19.343906274538725,-44.71015405872065,-0.1767942683650361,4.124937635865436
3551,8058.977323428058,-357.66592503318344,-101.07189924051866,-9.133335354364863,23.68393718928359,-14.946534563257714,-16.919472230304663,-11.28572311314456,-1.9830279632232788,1.7216726359597723
4338,-12911.047400757816,-153.51283376950107,-37.76344111567931,-22.58648746904622,1.41320775358772,-5.800267684671752,-19.630054875494793,-3.3351811272731915,-2.859018579572716,1.0586694275775352
4444,-21949.321158541727,-53.652235866766205,18.264451859926282,-3.761160174944435,1.2729165710942816,-4.18148753513937,-19.449854650437608,-8.151738412229665,-1.0012347557862995,-0.5094522112606401
498,-21957.15052003319,-39.43744353670661,20.04697108629523,-18.998791183960588,-7.570988198061476,-2.8531615749752905,-19.924538621631246,-5.507256351303842,-1.4786031235105135,1.8034446333180436
8230,-18744.38648343925,-79.30195754310182,13.952530421136743,-18.83924488879183,-9.390669508511355,-5.014573010928087,-19.562644551960897,-4.858743914472166,-1.118277476862584,-0.31598616188519646
2826,-29397.614030581215,47.71617410579299,43.604880686971796,-13.820891115651111,-11.963494969884929,-3.0831905403599347,-20.25781982044934,-3.86013321291599,-0.558177211592775,0.2223106777186845
6222,-29397.614030581215,47.71617410579299,43.604880686971796,-13.820891115651111,-11.963494969884929,-3.0831905403599347,-20.25781982044934,-3.86013321291599,-0.558177211592775,0.2223106777186845
7352,3295.059524003198,-186.42523391906076,-18.703655424864024,-5.646354098583644,11.913266821388593,-16.548659893708606,-20.898258894598793,12.848271384622336,0.18745675291324826,1.4486839605045443
10928,14914.29378018924,-187.6703192024861,-176.97448918288225,61.939866405534886,77.30869324755881,-17.237084085286934,-15.6517444769567,-25.489772633328528,0.6185245127075207,-0.21962198352181428
10736,20291.702144353127,48.755567436905636,222.31415051320067,124.0438898269718,-28.28714292698362,-70.31279905843832,5.120966534002221,-99.27000583949561,-1.9808100597996665,-2.5023310185631455
10163,30766.77002956641,78.75846835950449,10.12056476080457,-44.176876906177476,-13.675577945520004,-10.474393100700302,-21.16893502844935,5.916378325357691,0.6359535844470408,-2.2605550911065677
6168,-6827.491752775975,-218.17367096880292,-74.19928557543656,-25.48369069884401,4.9138438481653,-7.151456493047925,-19.30466976798432,-3.1449602784854163,-2.9513580095375387,-0.2897046930699565
4656,-718.9318605726876,58.74549754629166,56.81425808667012,-9.645496884750195,-1.4616827915009978,4.1668829797591185,-22.338619993808454,-1.9018276287289018,5.414022445827598,-5.221235614102872
626,-19101.503809954862,-79.065701371633,-3.4820422203518433,-20.880675120988247,-6.459082311571635,-2.078154644575809,-20.33182929015299,-2.9496962367893467,-2.6872997608067193,1.4021846970312808
3870,11885.979209872734,-55.721087580266726,84.1868474069431,63.85292315464113,-10.355185896408466,23.99505006801839,-16.688565880975943,-54.78457842432748,3.2599150059179536,4.341009039459959
6299,-9404.536432042529,143.87997160514706,66.79639453195036,107.70485537143561,113.04802872636759,-5.072001620619139,-25.999039527050147,13.075021874393194,0.6891883465378257,-2.50714636301492
7798,-5626.941826384711,-22.72998728869976,-66.06795445126048,28.59300018176599,47.9184146526351,6.991594146090922,-23.106334729720515,-2.6125715878939006,2.384170411071784,-1.644893661104657
9973,-1532.670665329475,64.91902604302916,-85.40655202878966,-46.21209507294348,-12.60779650742088,-1.9683659817494776,-20.58188708920146,-2.0067547943551176,3.9988195835066715,0.5815247822610741
4299,19010.075081266274,535.369588316002,161.5290474343852,-39.16322622134164,-61.903369441349575,21.769684632989733,-13.790154755518593,-74.2817739273914,4.177912590171486,-6.773891185740938
10971,-14196.438298663146,35.67496404816495,38.191135376566365,73.81605919772663,123.74867998911947,-11.495747176639204,-21.904003016664376,-5.543778894528529,1.5496173177431452,-3.368512647847254
9931,-47947.27859050689,251.52121222830237,134.0916055473937,2.1152144400901793,-17.374644881869155,2.3220522163578563,-20.413270197314414,-4.919920457872415,6.42496186934415,-7.947894119605527
6679,-18693.739184417136,-97.79485275705503,-11.922803485790524,-23.283109026381968,-10.12323864984646,-2.7270770943978393,-19.42924006001717,-0.5508652042160076,-3.6195100993635756,2.1763723516071707
5961,-9280.425463966123,-209.51936762190854,-41.03573826849336,-18.3072569443523,1.7046689035148077,-6.454010778844986,-18.565238666405296,-2.3065709958474923,-2.5407483630551626,0.2992989009540814
6255,18570.99666950245,-409.0842183118968,-157.88627415926103,-1.0951648889009178,-25.042062542693195,-16.470885203802954,-18.213964080594867,13.478739603041788,-0.2958881073682722,1.5630082971668986
8614,13514.035913004438,-230.84912239607257,-95.16879043665239,-12.801847102405052,-30.11136475013867,20.30221523492486,-17.608344254579453,-29.88156082591262,0.5443775069761276,4.33876074758062
7828,25909.26887784555,-493.8433809250476,162.172969669055,56.997385021978126,-96.25804072068539,-58.72906741178534,-19.72915502255474,69.17435388533868,-1.017019638128354,-1.6832050196424806
1277,26498.915561896894,-147.70146214518888,59.59997005598959,-23.955040083121066,-22.916964805906368,-54.17994633115311,-10.062382953532698,-9.848570044150817,5.038378404169897,0.46507839005173235
3595,25258.166200463675,30.42081083582076,-112.44859751923784,23.562569962076285,-79.66418823567993,-19.71543580095234,-11.526498533896984,-24.362061074632514,1.8131853098424546,2.9120108169895764
5735,38679.71207953211,523.8359426170455,372.84447892973037,-13.435130378693689,-6.871533895389097,66.03785107095777,-32.591368345471096,-8.466870574546963,-4.728786872457588,0.3769454491834545
5350,38679.71207953211,523.8359426170455,372.84447892973037,-13.435130378693689,-6.871533895389097,66.03785107095777,-32.591368345471096,-8.466870574546963,-4.728786872457588,0.3769454491834545
4137,18697.182366706344,-90.90538925384038,94.91124223995443,31.93569745385051,-67.92864529205467,15.365962687615719,-13.02272645893381,-54.442673308178385,-0.41043736440106837,-3.945890071579635
6357,7080.124686359246,-176.37672114288347,-104.46452576189651,27.805789753806135,-36.02546031430351,6.240930460632412,-17.77642345154893,-13.880392557747472,2.800927377792231,-0.4946315870316669
9316,-38887.03275012295,140.47455510640836,95.88727281212905,2.797801833907883,-10.356589655324237,3.03901655928429,-19.797362260657195,-8.494726500064996,-2.054062135302683,1.818221609591648
3578,-2812.541499319923,-170.97481105010849,-71.49689994303014,-10.563367523294183,-14.375024636142463,-7.085535471801138,-19.39112895042655,5.6974345504089285,0.4728764036408899,0.8254213234474674
153,-28699.73650790625,33.496022749149574,40.24856875488028,-4.802323079725126,-6.326332045372325,-1.9635012670273335,-19.641282022347898,-2.922009606695748,-2.786920673987937,2.0489579414909103
10524,-2493.1040239013673,102.2155171325056,-67.63976686572497,119.72620669683008,97.49108190192882,-8.2998399126795,-18.236084699082603,-19.879399100426053,-4.673545675837239,1.7097268830848456
1518,10724.02140998967,-56.5723158951817,-76.64836697715293,27.767104902355953,29.781542271843172,36.180443273072115,-17.73636900095599,-56.321325946724215,4.155900151366854,-2.22711137135581
2036,5934.5199469774525,-143.7161178218588,-69.81237367228383,-45.22555981050478,1.84559811776629,-9.862920102649195,-19.032574169564203,2.5847619840799876,1.5856818275229925,2.470916498298139
9495,19884.050539265343,-133.61005619720862,147.2872992115578,54.26392371140917,-82.11202936778267,12.32508921242173,-22.895533701846123,11.905507677467547,-3.413220055679273,-0.1117658223055975
2631,19884.050539265343,-133.61005619720862,147.2872992115578,54.26392371140917,-82.11202936778267,12.32508921242173,-22.895533701846123,11.905507677467547,-3.413220055679273,-0.1117658223055975
6312,13060.595972801224,-173.58856765358672,76.05813613078371,58.22105884261867,-0.8130387209409236,4.304384478274762,-29.18121588896926,49.4400576838232,8.540295245517223,1.463405930635246
615,-21464.189337508993,10.186064995247591,69.74324884215622,78.60882379156867,44.033267042046425,-1.3108505849902246,-22.479622796015132,6.362279075217446,-0.15777536568571193,-0.5808663398274847
4406,15455.137309794794,382.9330913616544,-0.41271453534528746,10.064843108323153,-48.56505688423495,4.974162072675752,-24.534148927015003,20.490762116952215,2.5157812369092785,-2.339928453545072
10061,7495.914397567474,319.6362626678398,-150.01919176311233,52.23933697141984,133.70659430161305,-4.506857477088637,-23.0650085692386,-1.3194806842974582,2.628906567332548,2.774794574971639
10619,43565.88139043178,79.94480498250189,405.2369113480788,-27.342991354432208,-82.67914408145239,-140.43967737056985,5.22530984493455,-23.099342086539647,1.1862066463210121,-3.8872693794768898
4945,1689.0414226035573,495.7202253706321,-46.80041068393297,1.6598222899590112,54.406178963192495,-18.76050192982215,-18.541925979236787,-8.498718187007915,3.92542909821503,2.9683558991350196
1777,-26007.06483724834,-13.85725248075039,39.15470200137534,15.484852955000282,-26.24089841746636,-20.881768383721038,-14.99473920997876,-9.526920020544587,-0.7953105834461454,-0.46635449643782323
4023,-28992.587153305834,38.03422209407404,59.00813780259334,20.700572939788398,-14.534299708458974,7.1859110506858155,-20.693823920370324,-4.561593145316961,-0.00930896149176963,-1.7171134204062302
7922,12983.819434774596,326.02534057282264,-270.22011586401857,-30.595277417064512,25.742093668222964,-19.538266750085686,-17.10387317523846,-5.645558966169821,4.103554190490028,0.07155500354263378
10699,-7651.035145500973,-188.69820808432019,-38.93864176615881,-35.526942903121004,-4.190245940860475,-8.323999971102706,-17.080695270479733,-3.0572741392532876,0.23323888405737137,-1.8813581616619164
7516,-21876.43091212379,-61.751984051734155,14.654373405991237,-6.99172603809068,-11.094951748296038,-5.768410709735774,-17.355812719888668,-4.804876245442232,-1.4234125128168165,0.3269640478104314
3129,-21876.43091212379,-61.751984051734155,14.654373405991237,-6.99172603809068,-11.094951748296038,-5.768410709735774,-17.355812719888668,-4.804876245442232,-1.4234125128168165,0.3269640478104314
5121,4659.059911876175,101.09309173021168,-143.90312664832268,55.43896118610099,112.50250818967467,-5.282994736410635,-18.688618937106256,-15.089030745607893,-1.3360753957395595,-0.9150020666888992
2186,30365.043190798562,383.02120899405656,311.0714407867526,99.95253411173394,31.326078345803353,-5.5361364154108195,-27.839981268510748,38.50858069659539,-4.921694310414703,-3.0745608444635746
10548,19192.936808031765,-207.8511869707143,121.06071528785904,40.766666718431885,-54.38227860283628,-16.62631259298055,-5.302116788204167,-65.37466101217322,0.3880854555851325,5.584865112081205
6384,19057.926318934944,389.8131061581336,-114.86088462375054,49.380895533059295,176.18203923086767,-8.974535572244138,-21.362911218962548,-9.945927209805241,-1.0127544290251418,1.4772988421119924
2625,-9364.447709877,-53.85288525445793,-29.735501587733324,25.792676152655293,-2.0277949632336103,8.794123071783675,-20.199704291884846,-2.420743537696845,-0.6300272727659939,3.2674062658742704
1676,-8914.093075463454,-9.243763036323742,-63.52131896721201,-37.8434087918078,-6.300741772794128,-4.038647872642544,-18.08624576034127,-2.574286627475785,1.0643990611562089,0.5429078930026532
5534,-4164.542525571502,-155.81163867467268,-84.16149885476287,5.229920436510382,47.38669653111213,-10.25058714511344,-17.68876340784828,-4.318433545495539,-1.3386485792618341,-1.5175243178164672
6859,-22735.907440928546,-17.216485219872993,25.60120984416946,-4.629523642647372,-14.707575603045637,-4.822632482557029,-17.234537376147898,-6.832390417550206,1.1532519996005348,-1.7881808725864543
271,-11381.427957538595,-34.2847818850762,-31.070232681340286,-9.034489005853558,14.316928698928393,-2.857865973641742,-17.402341257792056,-11.134400447644222,0.053362859529404005,-1.212727639393008
7699,-11381.427957538595,-34.2847818850762,-31.070232681340286,-9.034489005853558,14.316928698928393,-2.857865973641742,-17.402341257792056,-11.134400447644222,0.053362859529404005,-1.212727639393008
7832,25556.484384561394,359.71684226761465,-37.933440090698355,-53.08014939449488,15.031813764028541,60.26870848781474,-26.86242278516412,-22.842259099353214,-1.2007240851059766,-1.7395301756010717
938,-11761.842632200714,-139.8750842793313,-50.61302380630394,-13.80633492728893,9.44590784593403,-6.194636734374335,-17.690701835056675,-3.3710643750889657,-1.2596429222462753,-2.1026721319990607
7873,11542.906428235685,-312.5648204045098,-80.63965250842065,-46.699334816728886,-7.702697129677917,-5.924074842507299,-17.090420352332384,-3.359413511633943,2.404942288652867,0.6163219688614205
9967,1062.652349632168,-148.3200662848251,48.72217878651804,-20.304687893424155,28.692190568532347,-6.552175384953701,-18.928910587587907,-1.3200580720520545,6.153659503369989,-1.3046070936259122
1087,-29302.392731485248,46.67418833252691,79.35671594736644,44.71721528591602,-2.0774102674932315,-4.020524093119929,-17.404844989434515,-9.858058898016685,0.7226108763623609,-2.5401831696074506
8314,27943.044995702352,36.641169729061005,399.5025679878118,16.61420831433893,27.988294663381133,138.35776328047172,-41.118441460197616,-18.856235141264996,-2.452246047928571,-1.3065858409610094
3762,17896.998385585932,-250.49455300328947,270.8463760661595,-28.831206162461047,16.4218888024569,51.85993231324783,-15.14075399857655,-86.01452146559014,-1.0545571592418845,3.027417453071815
10383,18317.939876614415,-163.05009166933462,229.59893239850697,24.579352072791423,-49.97999445219081,9.341286194927351,-11.134780867956849,-58.758065184592866,1.5537547743110967,2.195194368233192
6798,-14899.655204537543,101.68391357675367,55.285575055634695,-15.536722265230786,16.842210171471145,3.775960653945088,-19.512448407399877,-8.81877205927086,5.774619638177999,1.186896357718663
4168,-14899.655204537543,101.68391357675367,55.285575055634695,-15.536722265230786,16.842210171471145,3.775960653945088,-19.512448407399877,-8.81877205927086,5.774619638177999,1.186896357718663
6690,-13793.696904557437,-124.96436938079927,-22.843802542248625,-14.427328943423568,4.318296927430339,-4.993920225338878,-18.13513991131348,-1.7893034481640857,0.6940400928120862,-1.3288857957039282
10602,-12050.636435416782,-146.20071721288474,8.56481229366426,0.8453302766183857,10.223643020842172,-12.400664934266924,-17.95274013983003,3.0868472075893614,0.4451312682390043,-0.9452735285120877
3220,-12050.636435416782,-146.20071721288474,8.56481229366426,0.8453302766183857,10.223643020842172,-12.400664934266924,-17.95274013983003,3.0868472075893614,0.4451312682390043,-0.9452735285120877
5424,-12050.636435416782,-146.20071721288474,8.56481229366426,0.8453302766183857,10.223643020842172,-12.400664934266924,-17.95274013983003,3.0868472075893614,0.4451312682390043,-0.9452735285120877
7488,12221.595186220242,-29.350864824654423,-56.330436523432326,34.127163250228534,-81.39766591818133,-67.13546632112913,-2.5638337772569955,-26.210092389510425,3.526099727732287,5.012719669647158
5289,-10315.36851418839,-197.87582446045457,-42.20673547943801,-2.4168723128522807,5.940726610873405,-10.955940292335777,-16.660734347127296,-3.886461045348131,-2.97871073771843,-0.18388620664429567
347,-11190.46009849623,41.40498401443065,-25.378266028903596,-5.077492157415697,4.023465687272509,-1.4242737866182915,-21.661731166897024,14.293389231999253,3.9089253126712116,-2.31440009743927
5236,25608.057445557686,652.3887453367688,-69.15965200369712,158.22674671557752,-52.33287368920472,-32.68428351073914,6.782190458271764,-132.31992481545223,-2.0470469315168787,-3.923162268079796
9478,14529.35718214672,-391.11377532900093,-62.24790480991618,22.348365372570974,-5.279302893520516,-23.126225134931655,-21.114673257501977,39.54436931581141,0.07252159452620166,0.23558385054906328
477,31552.52275228378,497.3141015433007,338.16477925828696,-60.94256244515304,46.996572058078094,-33.01953342255501,-20.087209381639017,17.91599173350364,-2.799982251338329,1.9986205671039436
7411,-20286.578245262008,-77.09719195646431,-2.3769938453905297,-22.59554121059465,-8.950104664601904,-3.3555859708583053,-17.025241272348048,-2.7609692711705653,-1.507517969840067,0.45103531413305165
3107,19348.14783283409,-422.76724036522097,-103.0740505328105,-20.62210032560458,16.12258346650006,-8.03958643891311,-17.309752017484193,4.791280876039886,-0.27970728604640627,1.8826496990346997
7437,-24034.203171048255,-28.886663339681263,19.331508347189896,-15.802632737146801,-8.117962633610713,-3.184515921451919,-17.045343377241736,-3.8275008803803114,-2.488140246949971,3.0299314730372475
255,-29708.71931388743,42.39238172169675,40.838287259521024,-13.792926065352884,-11.113235099583617,-1.3473636236020838,-17.559195002270737,-3.174022660035554,-1.5128679530469489,1.0444926365635605
3790,-17339.864627415518,-115.7341179652314,-16.48721030504558,-24.68158516530264,-8.289970331266774,-3.5814272844616957,-17.041651533823455,-1.8378620126487837,-2.4465651590948085,-0.4615291317434669
749,-9810.679259476237,-157.52688255222307,-8.394521591959574,-17.93367904269038,12.762534151741633,-2.558554672106,-17.900521304611132,-0.679019310661614,-0.6518426938515001,-0.8514929953442492
1503,110414.00083054538,-1586.5516860298499,-663.4758915807515,-132.85146940445898,25.094407587915946,-31.290808648841214,-9.744339186934418,2.790119381049074,-6.574866677167593,-6.755443897361632
8650,2187.476503105245,-353.676184152753,-107.60213833098183,-29.012987956200693,-1.255278025162415,-6.073956653233556,-16.296485508089084,-0.7483500820674536,-2.7910058109589935,-0.010266586401851185
607,-10200.30747615869,113.2326000771983,14.218093185532638,-8.866100153727878,-8.743805765767238,-13.996206138217302,-18.91481806320984,15.890610737034166,6.099522266846918,-1.1342926851729418
1008,-7011.912570414504,494.7237042241969,-88.4709660065746,26.528852103518414,67.79905447414663,-4.840727118248494,-20.124738725063697,0.10252797095630228,1.8646247443713175,5.561779331703
9396,-14256.104441194038,-151.6739605719083,-30.708102924077366,-22.495961210816006,-6.473971338066676,-6.415361785937231,-16.256019227792557,-3.556576928829694,-1.6760614078417282,-1.977314277094325
933,-14256.104441194038,-151.6739605719083,-30.708102924077366,-22.495961210816006,-6.473971338066676,-6.415361785937231,-16.256019227792557,-3.556576928829694,-1.6760614078417282,-1.977314277094325
5710,-11424.271913658537,-87.60383157831751,-67.27607818612219,-29.7297206461654,-8.479974726752742,-6.340762500257627,-16.40450659776524,-2.6326428140740044,-1.2238218660818694,0.8569545463324819
2882,15925.982709911972,200.02383874825097,-188.28000000055508,-12.781400224679206,-9.366880004099043,-17.738039335643933,-15.999974302690937,3.596384670670025,-0.733127438647597,0.27159349421617307
2379,17303.386122438213,327.9991476718148,148.3600941320336,51.321057043419984,45.02380675542249,-7.372267121025114,-15.684751897960851,-26.200524066493454,-3.9643222241481655,-3.493910770860115
5342,-42422.76926726008,180.6865283171527,110.906002593592,9.873477043971508,-15.876594843179657,-0.14534359013366638,-17.381190004133725,-7.459707399278809,-0.94236577162701,0.8802131205486909
3262,16319.092090042774,530.6187476237617,23.42221178341515,-25.92311132259818,-26.98268119416707,38.77481468688654,-33.748852334763896,51.15715269188196,-1.9460272499849731,4.2701990134946195
5832,40586.326347097216,-263.97906157606957,-39.01600656308764,65.21781377291947,-105.68733079718888,-35.79934747638691,-26.968381517742575,112.96753544576306,-0.6025251954955397,3.803052723746784
5025,-3447.6744279451086,-263.91640885312205,-64.93642503029346,3.7727657395796865,-29.248167987043008,-11.312972185463675,-13.541005575575717,-3.8556211282419293,-2.0963008060080304,0.9524202393849239
569,38309.40763518962,74.22387346027364,408.3319610191589,9.70172270071551,15.520991343419674,6.64497101913336,-27.074314127956914,37.605418731264066,-2.049481295824414,-2.389353531852608
3102,-32557.546227284547,64.69535624801759,68.9258099563475,-4.767607909702307,-10.650367242495344,2.054203118576635,-17.051424886885073,-4.155478200029062,-1.4151334812927931,0.43512506517607763
9449,27789.550946524134,-239.15705123858612,-208.63379402429675,-58.807773149142534,-9.202246733016331,2.9750944722874477,-13.666204638999659,-19.597131663225596,1.3538252712236511,3.74274864250947
8104,1340.1059002879556,-111.9760415650153,-151.55092302618382,-31.47029585693355,10.244976573915661,-8.417007452154543,-15.25374307624245,-2.6387274826771474,0.39383709493375463,-0.8021884377943929
75,-10932.836508601496,-134.0104546004075,97.9654001575946,110.68646296247621,-78.2507271936013,-64.81456601997421,2.1880597988395962,-46.16614774706157,3.699314950828663,-2.733165550121635
6421,36385.21602946537,375.55493966148475,60.60513176820375,59.484135490604196,-12.729173932146526,99.33001617683861,-41.72704362834271,45.81799635639183,-5.401917060517074,-0.41935485555700636
3037,-1822.0092651645973,-158.3769529701857,-22.80029670181105,28.592866331359534,-54.997037159461286,15.088853879148727,-17.024957708008078,-6.9515887757878545,1.6943680645298365,0.769902691899599
4698,-1822.0092651645973,-158.3769529701857,-22.80029670181105,28.592866331359534,-54.997037159461286,15.088853879148727,-17.024957708008078,-6.9515887757878545,1.6943680645298365,0.769902691899599
948,-41725.755132539154,177.10630673377162,110.44374585864362,10.140334012504322,-11.107347665387438,3.0580149002267065,-17.9715576524614,-1.200944774970786,-1.9322172608754098,1.2685461969899525
6177,-18517.626902809796,-23.403723764594645,26.197797513493867,-12.845111528059114,6.012242431530403,-1.7543813289895422,-17.829364429048688,3.3031583127232764,1.063864606515244,-0.7536463941118932
3517,-11085.605543330901,-140.38017403595,-15.898016432052913,0.9763665277569538,18.53476152056382,-4.234240308835038,-15.63376359361542,-7.496460225085839,0.4852355848706855,-2.324060365475022
3491,3946.4731388793443,81.72332929481468,174.71833041266933,172.86191750596964,85.04588339998162,5.671112832720111,-15.797717854952076,-33.61455760249246,4.277308881192182,-2.3479598199573806
7610,-14677.533184461368,132.75159991872,-2.937952853196009,11.13126917107832,29.63943515137192,2.882015512947695,-15.710145927264392,-19.628728822374157,2.6623644138164515,-1.3140984867682555
4377,942.7599203184946,-78.85016196185717,-111.24649585111447,117.13086179824093,146.5238631084827,-22.042816290935487,-15.163264916504467,-10.327127874213879,-1.2592782379856002,-3.1747258132907366
9850,-27088.05446007948,-1.8956376975911553,35.87288561095971,-13.738557863412794,-10.286236061670158,0.5899758298160631,-17.564356164254498,1.7976470188558338,-2.3657295007053296,0.8289331439573142
5544,15420.165767975574,458.9629856046012,-189.03696622872482,96.80303511531598,-37.0136669997933,-53.51156835385521,-5.543085921526469,-18.328201897092246,-2.9052022428128716,-3.7675676077795757
6497,-320.01850520356675,-35.61402126587109,-139.40946816526176,21.60724258929702,50.94871246872017,-11.374960319257228,-15.530646727232082,-4.933984628734556,1.7072659744020058,-2.014457519977201
4543,30533.007418567606,187.62058868433667,170.4936359316592,149.70316786627092,28.76434706635441,-83.742271091193,-15.634545845287938,59.648409411522536,-4.325741174862991,-0.4769237283400112
5117,-19338.733502380663,-2.3720059195239287,138.68779893488932,138.84542054757856,-81.13279351124172,-20.06083548927621,-27.16618204629127,91.07994559636998,1.719547807976551,1.779982901041735
1448,-18410.565656717692,-88.30504354424312,-6.039266086395287,-19.054072121211668,-10.149484555016187,3.4009203619221493,-17.287996119506566,5.312300410794155,-0.5362701407221238,1.4879496650359227
6887,27173.51526847329,-376.94387956100974,-72.29943766236008,-54.57098222248161,-2.834387295935521,8.375176299909848,-14.281543055835364,-16.98451303966883,4.344406237655649,-1.1830908282883348
7500,27173.51526847329,-376.94387956100974,-72.29943766236008,-54.57098222248161,-2.834387295935521,8.375176299909848,-14.281543055835364,-16.98451303966883,4.344406237655649,-1.1830908282883348
2724,-15829.97689910626,-130.76106684586773,-28.68303193501609,-22.65918417083034,-4.123971820231178,-4.1318426312683565,-14.840094286456221,-2.386431950006397,-4.189448202959767,1.1906764347458947
2256,-24813.13643316188,-16.77433242354317,17.187827483621874,-18.668988294367654,-10.424706154008868,-2.0540770517228375,-15.329854942537985,-2.625235024918381,-1.516870822740941,0.7310984738953112
1100,-10698.131092647047,-176.696189241899,-36.18509971214695,-26.08357078596155,-0.7744146929711171,-2.509663757065031,-15.416440633076661,-0.47213562071338977,0.34885071826246516,-0.6024690945403033
7725,24827.289570366353,-408.9022642717137,-8.795080463832704,7.047767218740281,33.000436115219834,21.454121332684526,-15.353609548790573,-28.993925887009723,-1.456245804440388,1.6904159624811173
2612,23830.407058191675,247.9804315350853,241.85104248132868,-26.893901850335777,-17.806450059710908,31.22482602936914,-38.058291939761496,95.22430608000033,2.137342099139998,1.9490976783304528
113,-21139.480297294613,-66.0648572931658,4.367649352363287,-16.8421342116642,-7.024038043764282,-4.10069528610805,-14.81713931341838,-3.50213192233036,-1.8595563362830934,0.9374960041824965
2868,-25453.859497842954,-0.7781175123301409,44.559199656990984,-17.741335169245723,-10.944814048257765,-1.4693923524382404,-15.308137170475256,-4.129296426320137,0.2527781192648071,-0.6310814928718909
4216,39097.366574631655,29.340031591687023,-331.9616788134583,158.45836522916505,-76.55978842651794,17.937065627382466,-15.245341263118661,-7.949143549293697,-2.584860721629738,-1.7753558663379314
199,-6788.0663820137415,-25.19044529729109,-58.01806758894932,-27.579047595905717,-7.896770290419761,-6.114091685911389,-13.990034047253616,-6.633632461197106,1.066622537625955,1.472188710680244
359,-3899.47978438314,95.38017124807618,-82.064686787335,-31.938768299197104,-3.3364814588502565,0.9260095451116788,-16.852954117305075,2.2066096740963275,3.4416697416244357,-1.1769765720957306
8842,-21600.353071178255,-55.37803583264531,11.247476860847911,-13.506713492301682,-8.802311032685754,-5.012543904039947,-14.421036186019634,-5.097392332107246,-0.14258138434412615,-0.41608935295154126
2154,-21600.353071178255,-55.37803583264531,11.247476860847911,-13.506713492301682,-8.802311032685754,-5.012543904039947,-14.421036186019634,-5.097392332107246,-0.14258138434412615,-0.41608935295154126
6050,5075.4100835105855,796.5051435340418,-157.50195728071688,-38.33047250476555,-5.320094791309984,5.286120937802041,-21.612651847210085,19.270648445978114,2.34965804153304,2.2141124369015035
9204,14761.102150199324,-100.36101301106027,-43.15919859931756,126.66308381886778,16.337397749233574,87.53070787854037,-38.90428833953928,52.88715841104823,-2.2944690222147073,-1.5496070528810106
4472,-16290.74644668842,-112.33717934587514,-20.80053787068323,-11.548003369814726,1.461810675814931,-6.431695992523575,-13.316899106188522,-4.388625891569308,-3.5191638740649194,2.175423081822346
6864,-40991.7722965101,172.218853965573,107.82195470097444,-0.7074810136055234,-14.372431302557045,3.2240216645941135,-15.829766078655965,-1.4842978143572374,-0.4277997172920287,1.6666748722536264
10617,-40991.7722965101,172.218853965573,107.82195470097444,-0.7074810136055234,-14.372431302557045,3.2240216645941135,-15.829766078655965,-1.4842978143572374,-0.4277997172920287,1.6666748722536264
3924,5946.249816670133,393.98603282350166,-225.3628789406507,-50.30120598113647,9.631027589945248,-9.483601232292505,-13.843688660557085,-3.2713957546338026,4.295787351940779,3.5384421178591503
5654,-15946.789657798312,-118.97227206276659,-19.61759217729096,-10.689084310780409,-0.42511399514747694,-3.4806126844634004,-14.070418136943736,-2.335206870724128,-1.1013427826074453,-0.23528701757777393
9216,-16184.75051461794,-113.60853620078785,-19.078049910156693,-22.396575181117583,-7.656993041375083,-4.136636556721718,-13.95005840668987,-1.5174734705283104,-0.9291230229969081,-0.14406366573074658
8086,-9730.110016660845,-169.32242672400037,-65.91701656257072,-29.332601606406545,-3.9897007833200817,-5.194951274076784,-13.566405903154696,-1.958680649926631,-0.8178705020342667,-0.9842604673095892
9097,-5885.049924030056,-16.0516355752531,-94.40965061478883,-4.744516090495822,22.685425056098282,-7.047111618034376,-14.61917266160048,0.9459121909519261,0.7560501227813781,3.460357113509374
7631,9378.237625276975,143.19356647079505,-95.15723881490217,58.59413767379969,64.35755255801772,-5.290882696655229,-20.290323508246633,25.749358712224325,-1.3176033115211974,3.6232050646359713
7275,-18655.777304067917,-24.444840797282666,1.463345768498499,-17.849597877648325,-3.4406448649948747,-2.9568577214809237,-13.974317490838239,-4.726701203364798,-0.32698234283781247,0.6461016639078165
8334,-18655.777304067917,-24.444840797282666,1.463345768498499,-17.849597877648325,-3.4406448649948747,-2.9568577214809237,-13.974317490838239,-4.726701203364798,-0.32698234283781247,0.6461016639078165
1987,-30908.67337468043,44.30872033119462,62.13505686151858,10.305565013139377,-13.464847265436086,-5.999964541992781,-14.462488650359212,1.3770316628305146,-0.955290604594019,0.6484337110118443
2281,-18275.7981824667,-107.41205889769913,-8.40281437797546,-16.06500007478798,-1.8242000570228676,-0.4078001605704692,-14.64470983057641,-1.9188015938650391,-2.3229343013348367,-0.8117429021622415
7034,-26168.033030281793,-6.981826732028651,34.18911825889518,0.9536764883673197,-11.752897486729768,-2.5715865361340793,-14.357757128400472,-1.9271477206456673,-0.4048599839476932,-0.5122436128805057
2797,20149.843050697382,151.81193480437105,-176.74961274555832,2.919952950832827,-22.046117132243747,-2.109997172402638,-9.990606730435488,-28.109067668011512,1.74712213365485,-0.15709881468328923
3934,9315.463155883088,-72.50307454235337,-118.57169794482033,19.521537262206436,73.90743800549063,-18.636326276525786,-11.686349905090843,-12.9294186616204,1.5686123501568883,1.1204945876534769
2493,9315.463155883088,-72.50307454235337,-118.57169794482033,19.521537262206436,73.90743800549063,-18.636326276525786,-11.686349905090843,-12.9294186616204,1.5686123501568883,1.1204945876534769
3759,13229.911528796023,276.8776121277892,-144.9764231391799,49.663968630810835,135.81135712519907,-17.116915194140887,-16.869079006562075,4.417043076147841,0.2431829747934966,3.073055715564782
965,3664.11570518637,-111.90176199351527,-2.1052641590144674,15.70192159956176,-32.09842697645892,21.166046848151268,-20.35057225441279,15.559908006009177,3.83918865630649,-1.0362964862833275
7378,-9947.362266611672,199.25761499653967,-5.117116984252817,-32.96190772136776,6.609202902222304,-5.456742014400565,-14.587827838029497,-3.671345820344209,6.309695287204708,-2.60441519646891
1859,23289.218946316498,282.41004057263905,540.2055715673047,-85.1002970117946,-24.518824731376604,-20.02920456143606,-24.297219981249622,59.643822778639134,1.0485424757682367,-4.660417881713135
6263,-16650.435815920035,-96.9810856378187,9.411084378208983,-10.141065842420613,-7.290218269056142,-2.8232417349959054,-14.423074253717793,-0.7389039735850123,0.5600632344725032,-0.5232558903445366
2072,1409.8532763492622,546.6663160412276,-199.42918971231236,-37.683260175219196,-5.2505465340775,-5.171112523974759,-14.67245178784983,-2.521483550922114,1.3360396267145296,0.0740406126913995
8908,35224.986020257275,-403.8529248402445,351.733370187451,-77.11021605665007,22.309873332539027,-2.84396124257359,-20.758294919813864,33.4381836666351,-1.3662609414391724,-0.8819027898162428
738,-9577.64835178425,-158.12248453870865,-8.576656185394,-0.35485697563383756,-4.7252825239347,-4.5551993178712085,-12.620098013240636,-3.3220844064805597,1.0590437487505993,-1.074891862115237
10129,30459.234652654253,-117.97455176002632,162.732163377851,71.68731816951033,-10.368144489511353,51.700898222162216,-29.091749673619514,38.006308734199436,-1.3851830506027483,3.5509263793620773
807,-7369.373275713726,-62.55743952829141,-17.469548839879167,-26.357687743102996,21.110585485113162,-6.512428327224833,-13.372067162382415,-2.0500500444869294,3.7965673419456376,-2.6320134256851198
3334,42679.607337196634,182.92077712411862,300.4271487300733,49.27214687374473,18.870384895136546,67.21848332224606,-29.144204010710883,10.140931078355074,-3.881469608776002,-0.7886904617567119
5423,-23613.339991052948,-41.55818800511145,15.693950006438314,-17.545272833061418,-10.20873169239274,-2.536753934711489,-13.087934958717796,-3.056455790890877,-2.1733868124096523,-0.46624213438759554
4426,3830.612738363845,-7.931396334902672,-149.49737405860074,9.181006107369095,59.08392538297033,-10.260360864611227,-12.966231467171895,-4.559944289579641,3.158273341762383,-1.6617347449767577
10489,40991.28243286259,40.24094609195703,446.2810461305029,-124.60065389983033,85.0149896319713,-20.49469735294072,-13.743062233189306,-11.480997328710128,0.6795707515898224,0.5968575417227431
2570,4567.075008747459,300.05914452003714,-212.0582263295801,-28.948841641789013,12.492364145413436,-12.26356091732541,-12.99426252632329,1.3846960920684452,4.069414819116464,-2.2139566040223446
3834,17655.486646559657,-269.79620364532394,-3.5023512117403754,111.56496644612356,-84.87315107451647,-26.792182009899605,-22.407012770674044,92.46506470176378,5.064143924322568,0.21035568792351533
590,26615.481824572664,263.73174940372877,154.42232102867317,83.52855375167405,-53.0296677407908,-73.23056454633668,-0.894073256153149,-12.361142135464078,-4.096657577450289,-4.585323048971659
4791,-7009.549249644639,-227.62614724999622,-58.82852185655011,-33.349389291061534,-5.15243779595362,-6.459712588737923,-12.378009368941662,-1.0863157316742695,-1.4437537776584684,-1.1815420228986193
5304,-21073.348273386004,-54.22960813993626,1.7847931511158492,-22.625029805709243,-9.209851319571026,-2.5846332614539143,-13.189376875582226,-2.2030115351205923,-1.6106034254038182,0.4924176767937207
2426,26854.571413095808,-158.39413844959978,-206.65398720751776,61.85992982587182,-103.37071948436522,-55.71835981150568,-5.667518260498554,21.905064745812542,1.783953464757941,4.020050475419993
35,-26426.28182050316,33.85387907762589,86.0252871787044,41.518291211276164,45.34091783812031,-5.519639599275655,-12.629146491171781,-13.387082328880897,-1.4570355836878477,0.3757769597784728
8041,-4855.169191728281,344.09538520082094,-32.98330788271028,90.11522699920984,-88.80350046262262,28.63235539471293,-13.813405450130567,-22.37308123701775,1.9973728140866136,0.17926137012403975
3584,-2293.5862729633227,874.6334774256577,-219.96208608296618,-31.534706915468565,-14.774723729033035,1.9940248197654544,-16.801588098533983,7.718097976995487,-3.6273213481876123,-2.4001262889545796
7718,14029.103389404845,-205.99061082634995,48.33152154208712,13.580880867557251,-19.30644022684778,-51.43502787058164,-9.046726602744712,27.629971861597735,-3.70757223492451,0.9546328685729266
8605,-5063.426011470721,-223.38082103610458,-77.71510820095378,-34.20076620855428,-1.1395528099818648,-6.040218061151829,-11.38943261240454,-1.6002377377906338,-1.1142696256523692,-0.8354186753077997
1646,-26748.012463129453,-3.475908770696549,40.436841310049545,-3.2716297344169307,-12.974065204910865,-2.8243776326272254,-12.974036683985737,2.542488556550058,-2.4816190918240033,2.115024478264414
9206,25412.703284818854,-105.34707911119659,-88.11650342967584,101.09028818822482,9.817599552941505,8.577083229947618,-8.413609095265642,-38.556194134933506,-0.42532527155265054,4.317812933769937
10757,-23552.36775213457,-44.31219123009356,15.830374979320112,-18.493046575870853,-11.83284584299487,-2.198672856779179,-12.456299019447421,-0.6565467273496939,-2.4332050329932917,-0.03195869299084242
6885,-19020.340970411635,-64.51885831138878,-7.2039919216070984,-23.052221648832656,-10.56939719373018,-3.928368663867535,-11.783605291510781,-2.827306339279591,-1.1623791832473591,-0.25462807810973054
907,-5821.695534075014,-0.08139073039728828,-60.290205361362354,-27.900042160760865,9.84935067651218,-6.813312664484098,-12.580386377067775,1.4607310087523047,2.7719132707651326,1.4368191034226834
1150,31567.529519400923,150.3519352525538,151.89953457206656,116.467827562536,89.049149631597,16.38961890804186,-28.209335855565776,55.93486183885595,-6.9185069053863195,-3.3929432916101314
3867,21090.396776201,-97.75291963240744,122.88162270081928,-11.996048551718129,25.082976201386877,84.50801911834417,-33.5696675061272,34.94266645859216,4.8932889158343755,3.119260287066264
3859,21090.396776201,-97.75291963240744,122.88162270081928,-11.996048551718129,25.082976201386877,84.50801911834417,-33.5696675061272,34.94266645859216,4.8932889158343755,3.119260287066264
3265,-16271.771722235346,-114.77565005648171,-19.646480155521573,-18.65846484087354,-9.389629693710075,-5.166222147208451,-11.365695059435211,-3.4936176036903186,-2.144636592626976,0.3299659245575115
4418,37650.5834265327,5.306714916044484,223.55327387664892,-23.41453917878198,-75.09636483092542,-9.527088019135848,-4.160858268323963,-45.1359117773532,2.465907067516101,1.6794084989348852
4611,53504.17397661455,40.52137349037784,-444.8722920666946,198.86432767824724,-1.0688907326381987,-53.46629866572923,-20.927378178818948,108.3504121608839,-1.2226189865152302,-0.18273161758840972
4530,26465.414925046833,426.946918567844,158.78304341317363,48.43641040463148,16.36891213687904,-100.69437804266668,4.511697445270336,-25.449672565093834,-2.458955535962466,1.363779161363618
7736,-29453.699108093926,36.679830626357614,52.0190554004657,4.851228471069271,5.934123227520939,1.4724929233175692,-13.949059539753698,0.8912528800007884,-1.94649429269308,0.3735699035956146
9949,7841.446656119719,187.14567217327664,-126.14630697627516,-8.549333801836838,-1.8531037906761156,5.31222833721801,-11.469787604101462,-17.47195274003372,-1.2203261657796336,-1.5673617763250736
942,-12311.275682506282,-31.397004651252473,6.263530777405549,1.08237397072328,4.753244844607057,-3.374449457260069,-12.47431350750368,-2.440528893452937,2.870478884985923,-3.645269273735302
6181,235.7028875098622,192.41060575394692,35.324472837354165,12.684470761047738,-43.44515552670676,40.91596615892625,-10.719045855482335,-54.69284738541435,3.579139181943022,2.632941090787524
7660,-16112.849203243204,-122.2723686159984,-20.178791605612275,-11.471426558164907,4.3962322139350505,-4.937108629001164,-10.624034018355594,-3.824373194931174,-2.5578253530694397,-0.16980601266619866
2055,-16112.849203243204,-122.2723686159984,-20.178791605612275,-11.471426558164907,4.3962322139350505,-4.937108629001164,-10.624034018355594,-3.824373194931174,-2.5578253530694397,-0.16980601266619866
5107,-16112.849203243204,-122.2723686159984,-20.178791605612275,-11.471426558164907,4.3962322139350505,-4.937108629001164,-10.624034018355594,-3.824373194931174,-2.5578253530694397,-0.16980601266619866
1626,-16112.849203243204,-122.2723686159984,-20.178791605612275,-11.471426558164907,4.3962322139350505,-4.937108629001164,-10.624034018355594,-3.824373194931174,-2.5578253530694397,-0.16980601266619866
6428,24874.58244191353,29.97464255769529,-10.394402933943013,-27.28235543749923,-27.292882689959278,-23.245738893991664,-2.8111433848621203,-34.556899042446034,-4.905133709276657,2.3522869827192805
9617,-36938.24190377961,114.30589717861093,84.5983324747982,-1.5636916838079484,-14.887572873645002,-0.824272447346423,-12.156854930979861,0.05313211720216593,-2.8191302503754025,3.0167790819496423
4339,15385.902091072101,197.73731564394015,-181.74317452373353,-57.13278498837433,13.20107194116914,0.5334834570142752,-13.718177220671606,5.84068838318335,1.9082604804932295,5.124633427929532
7235,-34968.331117669455,94.02471947396228,81.48997026719209,-0.45760270700280614,-12.987114248518003,5.661575227066232,-12.599153096399917,-3.7035672712677457,-0.23382171103260063,2.1472729684368197
8527,13762.796026495678,-242.69179335837742,-108.55683503922958,-55.15339010026177,2.0166901760196154,-0.0545702866183535,-10.849946375678535,-5.332719865894312,3.7810623279817275,-1.9349624906353693
1968,-6289.833848590555,-252.1112632488152,-70.15380326283449,-24.1053806481638,-5.6804123503581625,-10.983083310039666,-9.432097883578535,-1.44905390084336,-2.2967024312894515,-1.6177137820883427
9862,-30053.799742707408,32.43235133161704,52.66458611484873,-2.936218582335896,-18.087105402926298,-0.8938756639308135,-11.613497463141144,-1.3450341485908162,-0.8289612393514574,0.6629998494402649
11075,-704.9663934624405,-133.51104376589814,-78.20201042653278,-38.09531677954846,-0.18721397937020257,-9.237139616521928,-10.036942017255413,-2.1344125372200473,0.18741022432558374,0.72277372927174
6658,7902.531905570533,363.07842010007454,-144.2842373346539,66.95438275117391,64.67679602514599,-17.837663266366196,-15.057560392796844,22.79770494296402,6.313706788701689,1.041167554487199
4552,-599.5893900731971,-219.1377814938374,-11.713573081022531,67.88633412384992,48.81739882762776,-29.78999495201774,-4.263099485540167,-24.667962833040516,-3.0404560749784597,-0.5937357844667739
10377,-5279.365521378706,-80.3850593968445,-15.814667115567374,24.741573116514726,46.85345387164629,-12.547989051628981,-9.737062786104232,-9.308715172962453,1.5419517956872761,-0.6975878862794218
5336,105749.8622224209,-1576.178023197922,-637.0978738827253,-123.5143378519651,29.55069763890014,-30.2360936543034,-4.12536243880789,3.966713604763104,-5.7708080336175875,-6.655417319100755
10350,2457.6912007037317,-331.29211230477466,-121.2403066388791,-42.79894054242741,-3.87466983378296,-7.199856797419616,-9.909350481875805,-0.8072128147505104,-2.763526683845961,-0.004126466499389636
11071,27642.39562430275,-20.164069919061888,613.8224500102833,86.1324914717599,97.4293815375226,-75.27182009509735,-17.2175091773535,74.89949620845505,-3.273980120043754,-1.2711546131513156
11100,-160.86911757515918,-281.41549223780163,-109.65723355807106,-38.99980308182631,-4.073252004469872,-5.204573143741401,-10.483735822473797,-0.007125656332203079,-0.8329151013875231,-1.6259151878993485
6516,-34484.47995666755,83.8374788488048,68.52256957029431,-1.2323472935172486,-13.63803244636274,-0.8349375337081024,-11.201439692408684,-5.4522944162372,-2.1627753442402486,0.1896397334190998
1734,-11266.786055823359,-137.9656183000336,-51.23347410978573,-26.4029372410946,-6.691286795689107,-5.4075498283531775,-10.314188609209175,-3.1362640030185123,1.2430959002300765,-0.7516319966045844
2131,10895.91377896993,596.1492799542149,-275.30759846726835,-26.573960913976677,-33.28166917387401,25.695570720835683,-25.766455541797907,60.116911270650945,0.5155637270333111,-3.600707200752656
6439,9108.366806771344,359.8371192338332,-182.45414860756674,23.91325921877605,96.60785949551371,4.934827336814029,-11.93928236551426,-23.493224732198158,4.467234590536602,-1.9285086079754814
10591,-8334.43327548918,-153.8185719444342,5.323809739997017,-18.787071178933715,0.8239494208815437,6.786302112181229,-12.12522757317609,-6.324956857027763,0.8424742403111436,-0.9844324159505922
9797,6144.46093245392,-157.12435511031248,-55.62285066338043,-21.9511462039511,30.043689855757783,2.3347956233347924,-12.779568881122351,4.880395753045111,-0.5711861674130434,3.829492691133991
9336,10217.78975339589,60.558491232037,-183.48248218331705,-44.10961163393646,22.857165912286717,-10.359065216557019,-9.459999134974566,-2.6387032904850427,2.144499309670916,3.2314879383174446
2174,-5629.829276206467,-254.24974319756774,-74.53922754870209,-29.997556843150118,-2.3867412941585116,-5.633083116981379,-9.369806848304584,-1.1674148721153124,-2.4138442972161416,-0.8388244578518842
3197,25380.359457998842,-345.3961772077766,-168.9773412998516,51.25812684401662,-28.936885406427443,39.13200734987449,-12.524570026155132,-19.765576935013122,0.8944939041078301,-0.2989190261175483
9185,17791.62509664081,-2.146341169007883,211.50513874872172,-107.83363258311151,2.360100358684818,6.059158243240229,-12.281658025505749,-7.677513384248529,-0.21600371409074004,-0.9276005987777722
905,-30125.619203103724,42.47839681807193,63.5966219424885,12.463122683340885,-0.9962659178650348,9.19424690057019,-13.536624267011995,4.157952973162152,1.7045771291033969,-1.1737968850081781
10858,24560.808929247374,-243.54769611644878,-112.11172688356348,37.88503224879341,-63.7926630266894,41.20586047394442,-5.124001201198169,-65.70228278969508,3.6621800454619784,-2.9033177983455154
8925,18083.59890807394,-24.72346105898066,-183.89414648163373,103.71455569774565,-40.68281404289098,84.39962437761147,-11.637370526724226,-71.87951105522805,1.854522483049589,0.12060403360977112
2499,23368.653536933052,-394.0686273984406,-155.9923102644474,24.455064231424128,-41.61749848956191,95.67018325013346,-25.267377140076917,5.798451710539489,1.2057172209202491,1.8082381573856157
1109,-24382.278041947215,-32.330945517113605,19.27018466199783,-19.069178703786523,-9.79179130730222,-1.4078523013255397,-10.423930721633056,-1.8457957195419432,-2.1452107476499815,-0.40242615331998444
326,-823.520331965803,-84.9527284424313,-106.03273202748298,-32.357640212694825,-6.004726348117503,-2.89541891636489,-9.788022798995016,-2.743928263503218,2.2629430889954865,-0.09865647216079321
10967,-18594.209545800113,-68.28742457649395,19.83099978398789,-17.296021999715126,-4.5720265754164,2.2579122994185994,-11.121660426188654,-1.7790340517776109,0.23656568398294997,0.14025755134356777
5370,-19325.189340782592,163.079614516566,78.11967204086862,-29.08755481836577,8.731748742150316,1.6527408937156334,-11.511611179864829,-5.492304642227366,4.386502757598036,-0.3427506273608065
2098,-18391.742309401612,-100.05006199981193,-11.874609088369255,-24.21013318179618,-8.262078707434428,-2.6774345452624297,-10.093498705174582,-1.5883967390626106,-1.8970861428516859,-1.2881841383492851
1773,-39577.863947238635,153.84869739564903,107.82456462806911,10.911980163433709,-13.13480360688596,2.2339315735225496,-11.289303738247888,-3.1866080575334967,-0.4822351885156113,0.10579313507920052
5036,-9260.558597211784,36.67372687670212,-68.55584156830844,26.445893712210232,64.74130183101911,-7.262884875321217,-10.70794333886257,-4.836078345666341,-1.9936919403009545,-1.102285791025258
4856,30382.49151199081,23.582917311563165,477.0319377173025,34.287088535445505,-62.965215194123566,-26.398807683205696,1.8757281810140327,-60.49940119593434,2.2579553962879153,-0.3869543680741616
8722,30382.49151199081,23.582917311563165,477.0319377173025,34.287088535445505,-62.965215194123566,-26.398807683205696,1.8757281810140327,-60.49940119593434,2.2579553962879153,-0.3869543680741616
2156,-29417.576740872923,50.38169128158373,45.111224411977986,-14.034327580455049,-9.063656784560315,-0.45728907529302154,-10.76279180922279,-2.226204169562476,0.23235771883419254,1.7005142740293375
2569,-34648.31002844006,92.16595860832936,84.84474426107954,-0.8830613304522332,-15.270254764809094,3.4519294237826363,-12.980706088131548,7.535678199501035,-1.3507156395115292,0.4992606603103509
10151,10234.249581619872,-87.8821534228075,40.27342220617088,121.60093500982036,10.933415950127756,-52.40938982126885,-1.63331899401647,-9.908795275268236,0.5321290365402724,4.900307072536227
10473,26055.1285460481,-434.62552745510567,12.936733668280993,-57.368559430487046,29.148844029346066,-22.90101519141799,-9.326293489222927,9.235186736222118,3.965935990363155,0.34736727667230216
7079,11922.791165029594,444.58269438793616,-147.0818339154213,-17.813028188464905,44.780801120445254,-5.0586683148596885,-13.052021005656819,5.050619656398435,4.290900607627785,2.062817604125284
6875,-19242.518358403526,103.7983940191217,141.78384144169846,53.84500547252656,-0.03686127003522088,-41.91117878325342,-3.6499536684372984,-10.031337568442114,2.896567723865388,-1.3323692476413473
6728,-22869.19887022902,-38.049645845141754,22.137867339886668,-14.3806015863399,-8.997616132816653,-3.4141075269795964,-9.741706696402375,-4.299672703838787,-0.7059674373101998,-0.7997014937377207
2471,9507.88057403246,-385.2667962409395,-87.84436547504384,20.817434401328594,-4.686527389302711,49.41150872089816,-17.69047212507759,4.448915463027605,-1.7010766748340647,1.6665748380942884
49,-31384.691626859272,49.31360597292337,57.171113781364724,-4.438704371153942,-8.42707217074972,-0.45234195475116035,-9.993404573776502,-0.797408347968382,-2.1997966656126007,0.03719585489903521
4973,-31384.691626859272,49.31360597292337,57.171113781364724,-4.438704371153942,-8.42707217074972,-0.45234195475116035,-9.993404573776502,-0.797408347968382,-2.1997966656126007,0.03719585489903521
6387,216.08571973118524,-292.13302924164776,-99.73657805529072,-31.273056022676254,9.962429480056418,-7.15634341829323,-8.246998556419037,-1.3553420938937197,-1.0879207371951436,-0.8131502673553879
5866,-3786.5804152937053,-178.74056359114456,-41.350502804713074,-14.933505806420996,13.980991365881508,-8.186121555670448,-7.9863634373975785,-5.232598603103958,0.9310030282813964,-1.395288593161231
8523,-32642.267322677802,88.1326158167831,69.2090416560851,-3.2458850570852116,-15.782537858874061,-4.8489883776366405,-8.789495631114235,-3.655092971312932,1.5310477834163763,-0.7697454309622556
7901,-17863.801782614282,-108.2113866023517,-13.671550147790214,-20.829494042410094,-7.309820371569819,-2.7962045922810757,-9.063465467269644,-1.4474709950320284,-3.281655257161269,1.6590603331937128
898,-28494.17108452433,60.383270852505206,83.2861507048439,4.4178080053015565,5.828155782071093,8.08121550875093,-12.567850986820389,3.726905528680078,0.9586018292089094,-0.026224723039046882
10242,-4501.407897704128,-222.89916149576487,-85.04033482966719,-33.17317704696562,0.23023501859053752,-5.717082015649637,-8.446790931599715,-1.1451177706498132,-1.0059601956647954,0.406564005758979
5835,-37121.832901767026,141.91874627234907,103.20026170758504,-3.533766479760023,-8.610819184012113,1.4247562290533111,-10.339013592912288,-2.565068215647596,0.6556932344426745,0.9503392465485789
6919,-25748.06311779754,-14.581054449888427,39.017630650363856,2.8107498667825577,-9.557586569758747,0.008417067911887566,-9.517064028856417,-3.027043848651024,-0.560640259754873,0.24035151402757338
6197,-24733.82469457012,4.7900685798824725,26.230301705510072,-19.760418786516546,-8.310599243771868,-1.3277246387271495,-9.55104023638669,-1.9140570554256566,1.1344252096101481,-1.3769322039996625
10475,-2.0675495573013905,-137.10495412590944,-78.23643829983666,-19.243367437168764,-14.073137180705071,-6.472026486179473,-6.587208203314006,-11.422620357278888,0.5674923988030915,0.8622377317976286
4201,5995.550054259067,-151.637740837141,-48.72444848965583,-5.05063605139111,66.95143086217021,-11.425982319178209,-9.746286861756893,0.3419153531792194,2.0237172771649217,1.8944763162149254
5092,-400.9748177206129,52.70730001175755,-137.02804702874263,-28.40192194112367,12.467721363219834,-10.936398694211412,-8.111544784064911,-2.8149229158159743,3.7723326068931637,-0.7429539952541306
6566,20585.117116531226,292.1683247639148,-63.703287773177806,-33.519859418181206,-17.577568651103242,3.2841066009566457,-12.643986123715685,9.453944214638884,5.134559080292911,0.19484942745921652
6613,-7456.254069644645,286.3034435788233,-41.11960787108552,-18.55615730096119,-29.23546599965177,-20.078493971545203,-5.464039894440177,-9.093431858444932,5.574344166661559,-0.6213074098491793
9094,11000.497048343692,-144.1256610492906,-173.44079602920036,77.10114428254377,128.1446153649449,-20.919897868597563,-9.608399515273263,2.9542115023107325,-1.397674348079354,-3.377104444795105
9847,11000.497048343692,-144.1256610492906,-173.44079602920036,77.10114428254377,128.1446153649449,-20.919897868597563,-9.608399515273263,2.9542115023107325,-1.397674348079354,-3.377104444795105
10767,25880.03939236865,195.12120302145215,75.13044736238871,-98.20312756898387,14.454705164907793,27.046319280558976,-15.655765680113902,3.6093017491172894,-1.2219625808906462,5.394080722367964
7943,-15309.914746650473,-130.08422474693316,-27.210393091508763,-21.7106139607619,-6.826855126002261,-2.819683695085976,-7.6776545244581555,-3.2659016681617645,-3.338274842044253,2.116089797078845
1055,1229.7842112742364,-319.41175036251644,-110.94757504439488,-37.07591347739544,-0.29183026774307663,-7.872780634796994,-6.861410422818288,-0.7944874003350186,-2.7975033641402574,0.11604886559760441
1458,-30912.57400341074,52.095247282044454,66.1149443621259,-7.225771958310863,-8.38117922012538,1.4769282373230872,-9.168814082058176,-1.8002439342238947,0.2729852327496127,0.36406760635674607
8402,15116.636995405672,-145.08389619063797,-17.247860768710666,39.73556749697748,-46.83616267241281,-49.462658551214844,0.9845786467031203,-6.503460405790829,2.4983547968155246,0.0038082843401743283
6246,21927.731850917393,214.0236296719354,229.83951055249133,-72.33989954579754,16.722608173550327,63.624680645962314,-28.010382852301614,40.599222066185064,-2.9920046856751794,1.93091958075212
4654,23147.62211152818,53.49170942977409,175.7235471161461,-63.61002654749374,-12.850387749267725,-7.018043715466566,-3.25131708949138,-35.85259089742854,-3.183439405233249,-0.5772165705110881
6103,-9781.053242390844,-173.05656701233596,-48.145873701509316,-12.420015150042065,-15.274057362035439,-4.017313772303979,-8.61899249081059,5.874251417741235,-2.2362611935095122,0.3541098643972691
8147,-20518.32403170204,-56.094824447733856,1.2957330072732702,-18.50314635268107,-2.6718158976716424,-2.2298022935935267,-8.351972132010424,-1.7175227066888965,0.08789271255068876,-0.8920005088634024
10207,-29196.849885284468,25.682929601143655,46.64540551982965,-15.080573338368485,-11.0776827790632,0.30078024326801467,-8.93876235143454,-0.9758473918417412,-1.8054508531575744,-0.5618318292799778
4838,-29196.849885284468,25.682929601143655,46.64540551982965,-15.080573338368485,-11.0776827790632,0.30078024326801467,-8.93876235143454,-0.9758473918417412,-1.8054508531575744,-0.5618318292799778
10219,-20382.534082235063,-78.42054120355698,10.046277027498235,-16.216183493003804,-11.731184027160324,-0.6319919315087928,-8.021353290540723,-3.88959862161994,-1.4194304534483857,-0.36927047997259654
2176,28172.405573954195,576.021125984194,-224.99030009796988,-7.693934383580985,-6.179115062468577,-69.95795889286349,1.3404577231081234,-0.7022999825344165,-3.892127415522679,-3.495174769461644
9121,28172.405573954195,576.021125984194,-224.99030009796988,-7.693934383580985,-6.179115062468577,-69.95795889286349,1.3404577231081234,-0.7022999825344165,-3.892127415522679,-3.495174769461644
5802,-37783.05439970743,129.1008575869248,96.86809394741519,23.899983965637514,-6.24043508064176,2.6899152547467384,-8.967950433448863,-5.738912644984671,-1.1132278020208801,2.14245490770001
10790,-33802.42536621066,85.02221115671927,66.14736259791904,-7.431540489373556,-7.79368174670002,0.6995139808485684,-9.046846696244934,-2.151750201071877,-1.8849213916585414,-0.25504149071571813
178,10534.48141708193,52.61331494276658,-53.29613170642091,80.97069109392467,10.697337109216711,-25.756838284431947,3.917573556875027,-58.35910512290458,3.8601723663229066,1.9032855145900902
2308,-5237.770340943753,-133.5074138729973,34.38605582933705,-12.156350192499492,1.6747692981280622,-4.512870374656828,-6.149254185438245,-14.475478220308599,2.470961326919644,-1.0898802879316323
7431,16166.905376627808,840.0169501207556,-155.71270997508455,-32.519093268838574,23.226572289839297,14.390214662472602,-9.851627909976209,-23.899542107644045,-3.537539768037883,-5.037151059488627
9405,895.8068214555824,-250.05475434413637,-68.77745325601185,-34.162395173246004,12.209715895705035,-6.90600086297706,-7.747851647269023,-0.08145357989462276,0.5350282624283667,-1.3323052787267153
10525,-25396.11818737899,-15.191614418608765,26.657234372420092,-13.63681950498622,-3.7718905397925653,-1.1901440826920953,-8.598193256777378,-1.8894648990928768,-1.6477427277160182,-1.24139044162889
7503,23865.636239347863,552.7888887939861,341.34116699377375,-1.1023487695126821,-59.34735655069974,15.980155198754778,-13.655002359235738,2.6219728674292373,-2.1515208352168935,-0.9314880982685612
8783,5074.0732074348125,-84.2643045623347,-90.08792064584469,-37.814659745334204,-2.5758697605211793,-0.6846896812352138,-8.743963032034692,0.07867029198276754,1.3796546135559762,3.688027452166364
1403,-16988.8090569508,-117.65010891853831,-7.659472294489291,-20.57327418404908,-9.431367303050399,0.5064295162776982,-8.547942330208073,-1.329577615535415,-1.226237114524758,-0.2950770769872406
4643,-24168.850114857923,-21.209250764142837,65.08859792089467,40.104465097967974,1.5045909993198237,-8.3414884667676,-9.380956076605571,8.786550024773227,0.366497520295507,-0.42354701222124413
3463,17315.34519560459,143.3855382823502,-198.59793828793394,-52.11127964071304,-22.280221473793013,32.63496924528685,-18.081088712684316,33.11537656995807,4.400963384493993,3.4800269378632387
4055,-33225.460669521286,73.50054733476986,73.37673099441407,13.226456988924433,-8.067925571541743,3.585925495127251,-8.69081468504804,-0.7033082515369262,-0.36743536494112927,0.5458667935316099
7010,18957.06151248465,118.18427391338312,-55.501451353788866,112.91728081486373,-76.7309052407903,60.44798091352526,-14.192072925582629,-12.501738268635977,-2.413628528605023,-1.6846082426487579
4767,18957.06151248465,118.18427391338312,-55.501451353788866,112.91728081486373,-76.7309052407903,60.44798091352526,-14.192072925582629,-12.501738268635977,-2.413628528605023,-1.6846082426487579
1927,17430.60338451281,-119.95337637396545,-114.26020599777817,-12.758931142348647,-7.816675372793483,-29.267119698011438,-4.47949122313527,9.611232656763292,-1.0179116569455342,-0.6084442467821551
437,23040.815477673503,-269.0586213678783,-38.27443394623961,166.34917364052282,-9.017439102262411,-14.843767443303326,-14.519485658085728,59.459302292773714,-1.818626209683444,3.6378844360737252
4331,33773.23990681661,227.15518075483305,-97.4788200654825,-101.8547402673222,-5.657632724993132,2.089228039116761,-9.268467576740647,1.124034627000766,-2.498390662785404,4.047753804385885
4084,8962.81624953579,-182.32367212006528,-10.646973688820566,159.25697597352416,-116.97445780340408,5.423885483590889,-13.951955970937,50.74457319763255,2.8733605911650297,1.5464659287042073
8135,-24811.07775627815,-21.830235294517536,39.92533030382987,-9.25473481522043,-5.624496840592203,-3.7929899436728807,-7.56130122044636,0.6899669391093752,-1.7369450681148981,0.367486414557459
9750,12360.116592297782,308.2368657632431,35.22554884012857,4.2606321501302284,1.9403199486533076,-26.357151535972115,-9.68275666094413,28.488972610657097,3.4292820225996667,-5.352896238945631
6682,-32993.572295664846,68.19199793955318,61.30104111083122,5.041640378954812,-7.282730148882788,6.225951486504693,-9.164242028674757,-0.19186219419113293,-1.5490881792437792,0.416665103195045
10581,-10845.774401643946,93.82578380474257,-24.309874354170773,39.270017241757174,73.56062808936068,-14.23301932084843,-7.553926789580437,-1.4598229139218857,3.248716488572688,-2.917677432177433
3710,-12288.9401566417,-159.20492519482377,-13.842039644389558,-18.381116569476934,3.2372180803124344,-5.081224860453742,-6.350892717544049,-4.527047812124102,-1.262340902084965,-1.636476064915228
5207,1409.908488256864,162.98423288101773,-63.521161064920136,21.158264879203415,88.33249928270556,-10.005221218863387,-8.03327548670753,-5.810706744562372,5.874439818829588,-3.272555085373094
9360,-14931.565851837702,-50.699723779048895,31.91539830739893,46.76690636177783,-15.886271942494734,-18.00926690996314,-0.1902317032007872,-29.298933991385983,0.5805105024158284,-0.40176923595267455
4679,26742.32969245188,82.51794200425712,-227.5270969593469,21.920490669064254,-42.85047715186828,-48.263650488822776,8.420313645254758,-40.92836810470723,2.493433083275823,2.403039455938335
1340,40944.13146252894,-120.96355191408543,374.3417987101395,17.17207445563064,-84.41210087314792,0.08411230889956656,-11.214680417981896,27.48260400895232,2.628843604664903,2.1503800150831074
10839,-15690.010454591618,-137.25103163569327,-23.096188773528468,-17.37212428097651,-9.560786608606783,-5.343673277420676,-6.052835422766961,2.3470523923164297,-2.131105138161147,0.9701503172197254
5303,27664.045082168246,-101.99603767783896,161.4229921993438,-66.54480643547423,-24.725092125352504,-59.72576220070496,6.035152066896849,-24.749489931128938,1.763698194279181,1.5135509068454276
9829,-23385.063870839476,-25.34677111782304,25.029918981902057,-2.358761740881964,-9.782749348766039,0.08687179215198526,-6.038411774569873,-5.290560285752118,-0.14439180534383045,0.8832344897466538
10469,36359.43951371235,-85.9960079832228,452.14649734836166,-73.35520733013423,15.652905512826528,-30.123580851037442,-8.726734686828266,24.224898019255708,1.7697816069352363,-0.007537513589344513
3602,-560.6935809388233,-184.40120716573688,-103.81238429365234,-31.836429403290072,0.9052038336384847,-4.0289031463130085,-5.6088559569030565,-1.7448348808039835,-1.138009808476836,0.2809440211022256
4756,12030.439687273858,-135.3824719690332,594.7244019850008,-69.76457990157625,116.96798854399532,13.70908521602945,-13.21130123261677,-7.7379125395075645,4.921110387914043,3.7053031768091778
8181,-13379.347095425968,-110.83760111651986,1.9199431248311498,1.6812701325901185,-5.5073750347124175,7.298884430741268,-6.717853789681577,-7.706373044122883,0.9772566387765362,-2.2064613741293275
6958,-24083.218058254137,-28.05132205593776,15.349497520354703,-14.918151409246796,-4.491712451404489,-1.0751563060599085,-6.556108589697288,-1.4455324243589827,-2.573683882983161,0.07147864001242699
10856,-6084.5759188298325,-229.1600102181249,-76.63714431463023,-30.3188326251187,-0.10912908755986805,-4.21082435848366,-5.581135854602039,-1.2638173620492745,-2.210626818877932,-0.26900212862219375
3321,4605.335486537857,40.12396032675554,-129.04153977430101,-50.99274876847642,-5.231544160773096,5.416323796064904,-6.694754583071344,-6.496829155595011,2.5228608626815205,0.34155595599693456
5394,-35957.284577265214,105.48991132776592,79.12507350462813,4.520159812301103,-16.144001478834355,6.6304405533456094,-8.14794441053062,0.05921705972727764,-1.0159295031996045,3.208880672170819
433,9361.850544854635,85.21479147587715,-217.96027729948938,-35.80048798981573,17.504005735059806,-3.6480512224120742,-6.537224627083226,-0.6387571356397466,5.517646754070682,-3.6974024706905535
6320,18929.40976775468,305.2291895510537,194.9681642313477,-62.17971471010757,-34.29147781774874,-11.637603854504167,-5.951061136571717,-2.2075709602837845,0.8970113859760103,1.799106256713134
5376,-49510.74052669086,620.1932124096654,1811.2641429160826,-224.2281145443517,90.40127147239278,-13.469601619762013,-12.248345441226483,-19.597904864387445,5.847155223759831,0.15641866982115848
1867,12883.31237065042,226.56437960689698,52.495374251331626,57.9103199459031,5.251417276070001,7.8971626352551425,-5.453474499580587,-24.92405206269652,0.1870908986695241,-2.888332264246852
4324,-9582.2198804594,67.4221304807387,127.22321375995375,66.37357209959559,138.27469839619798,-20.918998259741723,-5.59482502714998,-13.484996970862891,4.2010791827056195,-0.48827298157655097
3661,28651.22461404551,32.50682685783187,251.28679812803134,-61.350234825973324,-11.007741061622713,-1.9811745273494483,-7.534722053741554,-3.453904892326122,-1.015197378156052,0.6320656382623397
521,2034.8735175971597,-142.13309610228742,53.18347547041607,26.948207319515795,52.82747546472667,32.892397003659546,-20.3186193782269,41.48664036150501,3.522581350353443,-1.0250652685376656
10403,-35440.32148550125,98.84821348516371,78.85585162434332,6.690929086389038,-12.79599793534068,6.086787560778447,-7.901342637995832,4.982764775167745,0.5254389508878798,0.09007920947557402
7186,-21129.379080460094,-54.44683283675556,-3.4802984963912422,-16.717704827629518,-3.2536641168592624,-1.5507437239005286,-5.424763365001738,-1.179565063888111,-2.434203964525582,0.15940476480372956
4329,-32983.523127635824,72.1993944892964,63.74214626592905,-10.45150978461594,-13.306797176476348,0.7257951308404744,-5.810289035231953,-2.186123167586387,-1.1530985102733178,0.7940301476890328
4394,29088.233614789162,482.370179511517,-241.9684365102997,-70.98121164031417,-32.321887887503976,-3.8201587195409807,-5.62348108810594,1.3762597961356278,-1.8676581137886608,3.7670284903538285
1717,-12224.79439772376,-86.36129145702574,33.258849716477,11.131851514034915,19.19135092146778,-2.283381548224835,-6.100364445245816,-0.43710214673788705,1.8393526437064764,-1.7564686767140554
1016,-17418.487942365777,-82.07753565074046,-21.64377589210187,-21.73672379919613,-6.753053671325516,-2.958212920411963,-5.1751782633918495,-0.29085506962189456,-1.0150964193056016,-0.019629223528874196
3783,880.6416223510168,-240.7332047836025,-123.40588334838995,-43.38311415530179,-5.90162919064203,-5.207439008201212,-4.244962246649443,-0.5857596035093184,-1.1861812841372723,0.031556918982224236
5848,29242.87280020342,218.37247438278212,516.4681843983738,-19.45157438354407,61.75377864253495,-13.457558032542975,-9.412551493508417,6.536273883124924,-1.8671433868879115,-1.1361489987377258
10727,17122.418572584385,657.2016616498165,-232.42509040397928,-18.323568555522822,-45.55171277429001,30.72415085442678,-20.81779147977994,62.2501950158651,1.584570596496425,1.0937216710515743
5299,17122.418572584385,657.2016616498165,-232.42509040397928,-18.323568555522822,-45.55171277429001,30.72415085442678,-20.81779147977994,62.2501950158651,1.584570596496425,1.0937216710515743
6872,13380.061882894464,-200.92446289417927,-150.28479709304733,-47.577205430590816,11.007800518984727,-6.177318986663216,-4.220788439170221,-3.03104818074189,0.6911825681495438,2.2360333742923957
1143,-29908.697626155154,38.058988779735614,56.54915614196071,-0.37060332441095234,-9.842545848975854,10.052762140696899,-7.583781052359356,-0.3695506531984858,-0.6924255803381314,0.1921331536808033
10381,-4282.941613423849,-268.4032212792379,-85.21767053798243,-33.94051811723785,-2.1550888668744115,-4.980115397307516,-4.441421106619899,-0.2820612071408153,-2.5604942814313176,-1.1932868204684066
11007,-22785.192199183413,-31.87710675043286,8.086774994514457,-20.349310407032522,-8.899638019496717,-0.9905232475133074,-5.490507510905239,-1.0424351363672262,-1.4741020257781114,-0.1520732437561274
9145,20538.080589752994,112.23978581304658,146.13304132238443,63.643824625324385,-26.205057423006384,32.88395006052915,2.536397599996768,-89.47750615438706,-2.69986600418457,-1.2088977748561103
5267,-17986.62009603371,-97.14248484872724,-1.8329952002613368,-21.642807046661055,-6.046246325903184,-1.9035361088490872,-5.409232409588462,-0.2063036115858914,-1.759537231448932,-0.032148853341742445
9738,-9586.82453606525,-151.19179894499973,-55.911999756967845,-25.21617128784925,-0.6544109042599757,0.22765426857367355,-5.668261762267328,-0.0291670637295649,-0.4972233698228141,-1.633555649572573
10212,-9586.82453606525,-151.19179894499973,-55.911999756967845,-25.21617128784925,-0.6544109042599757,0.22765426857367355,-5.668261762267328,-0.0291670637295649,-0.4972233698228141,-1.633555649572573
10010,-15014.96098785274,-50.409876820281625,-35.49373255406309,-9.221115888214733,12.622508356255217,-3.3244026146368233,-5.496085788838933,-1.0060543480886146,0.3861711932004015,-2.9718445002084106
10069,-38247.07349467077,133.21203466783095,92.1272007520763,17.68211442081326,-0.10226773696540192,13.451629492307465,-7.733565626296482,-5.827506325024135,-1.2146255113365632,-0.8069897271149609
2694,-9309.435004158506,-200.79109896834848,-61.52940825304671,-32.40857907182298,-6.772409409173401,-3.603607891248589,-3.730415127329856,-0.20152292127426819,-2.040211427306507,-0.05883766260477552
10613,-14638.806359992115,-127.94784365492546,-22.39919842221309,-18.02027501764521,2.1917553661690086,-2.4789292089581814,-4.143622030286252,-1.6218965171550161,0.4242049667629191,0.919153851292621
4646,26526.010861041214,-351.1647026764927,165.08851839378246,69.75545525511241,152.59653559595583,-56.15851742913638,-0.5479049160565808,3.613457005707785,1.088447066214627,5.149111552370469
6935,26526.010861041214,-351.1647026764927,165.08851839378246,69.75545525511241,152.59653559595583,-56.15851742913638,-0.5479049160565808,3.613457005707785,1.088447066214627,5.149111552370469
5596,6852.630081148061,117.04866932017211,-95.4915767823868,-42.96373685898105,3.378569910689567,-14.251425978242635,-4.278191515276795,7.474199044733009,3.77045391460177,0.8586176867035777
1044,6427.732298224022,-76.34835109435198,-1.7530885808840253,-25.53379743574918,22.8556218659511,-6.0315934641636595,-2.6360985749285177,-13.155396328712072,1.649060209745043,2.071691834006867
9274,28980.112638981765,-137.96844987414272,-209.66574910638096,178.7834006027457,-141.8979988115369,20.479214941622313,-6.030933516084325,12.38567512456428,-1.4211600501070603,-0.8375451163468064
9076,-21238.79401358162,79.4642528248284,-8.03562984525729,-25.679636594694713,-10.149995865925646,-0.13956504392358982,-4.814011470181157,-0.8706540647745609,1.8016513120378743,-0.8572346361274352
4947,37608.363832286996,11.579551714127945,556.4029113443072,18.17650532410414,-60.63812307251787,4.295834030544091,12.13784514206943,-119.30123153679216,1.7731139994828364,-2.2298456987044926
10176,5134.777923043643,-211.4640389978506,-45.85498585936969,23.957466959863403,106.60095722618968,-12.524813272278433,-4.279293049215781,-5.596618813690904,3.592539926905653,0.6055750043539447
3507,24501.28735266914,126.75591842873519,78.62337269280502,99.07021183610078,-101.15971803120365,-41.714444927890646,-9.765463807611297,80.52389247054134,-3.444998405779052,-4.932453721896685
9235,-4.489918281156861,-326.1447610284677,-100.28805503699414,-38.751345531673095,-3.801395801502361,-6.6917647244712155,-2.0018395304641032,0.10719998056940305,-2.183991658671596,-1.9794784065272255
10341,-658.2998088559325,-249.46617912547748,-73.33542704784747,9.470116892787052,5.360498700530638,15.840074444216652,-6.348495687440142,2.19763633176262,-2.624595611986006,2.1683494522363316
2639,-8371.433929664403,-211.15241353632928,-55.0147557242164,-13.635412692421024,1.5728702934226355,-6.0655018213244665,-2.640705209788628,0.6557768445199592,-0.4607051665144173,-1.927378314282338
6201,-13329.984880504955,-148.37648582925158,-30.417728701104693,-23.16867215336059,-0.19896042789096313,-1.5490588838302417,-3.4643738209360677,0.3276298876446422,-0.6831708437150761,-0.7557071729361118
7397,-2878.2099140103674,204.09929559444794,-112.16877458662262,10.669724888456038,60.42080270586438,-10.552696063313629,-3.8597930991522986,-0.7616928596081092,2.672068199006116,1.6019533344068022
2181,18650.323108702505,-57.74582615678162,466.4842328732334,-85.82794220677243,13.181387917646894,15.537416225528508,-10.750611171683467,11.347568862323094,-0.4633803287735949,0.9446848353207731
1204,15577.04282789622,795.8395271158604,-6.004859633819848,-79.45917572538941,-7.264189418658342,22.411419014420765,-1.9775131698696171,-47.81153563317403,4.073081994479612,-0.9629483702639625
1170,-24397.950007147578,34.339691598330944,118.20615984913603,8.30576482253904,-21.331190109311166,-7.895037355691781,-2.381543899625413,-2.2286050323723394,3.040002596553112,-1.314465606269568
8812,-38437.94738711521,145.4035089466429,93.05031384799224,8.131999239839246,-6.021728300439543,-1.295996089096768,-4.130717665395274,-0.21889680515746157,-0.6583011469657638,0.8113442771323012
4690,-1243.995455477947,130.97824109955872,-117.73748812432322,-20.834811484785295,21.53151784334949,3.903655930625659,-5.2201373999358935,-0.020252183033905524,4.431774509628104,-0.3038601325804553
1715,-26120.979508563592,-5.185108466332622,41.409035323447895,-9.665608511351515,-12.230154964682304,0.8228117002798709,-3.7383456898375016,-1.3755468243196969,-0.5643519561311754,-0.012394329955151218
10821,5140.313984217377,-210.60637973855313,-137.10953745197068,-23.380058609632215,26.04924273903469,-5.093631790205575,-3.2378124329913405,0.7872311047377263,2.2175807112480737,-1.5857046129234522
6543,10882.683374693275,195.35923883321607,439.3528795566999,14.080875087680639,-23.03978390701583,57.968425213756916,-27.07349273230109,74.88875685915669,-3.6992765173371245,-2.4236315228117205
7119,16657.41404360885,-92.75369781187675,-6.657060396447179,-13.804805566573162,-13.141163460544183,-3.927432557435993,1.128080078711747,-27.067335591689474,-3.6066735751396344,1.5468536524687693
3518,-26700.916730035686,2.907529243979525,44.21661105729788,-7.485491937771617,-11.514008484086176,-2.7801762494485605,-2.857201141900589,-3.52615449789156,-1.6002382719278412,-1.2267594120288772
1245,11846.992457768909,533.3443021870667,-119.19194924620254,-22.69197234000941,54.352318895538936,-9.083281874682186,-4.312603124993338,-4.0418426540705745,0.6861723121856205,2.5434754217906037
2561,11846.992457768909,533.3443021870667,-119.19194924620254,-22.69197234000941,54.352318895538936,-9.083281874682186,-4.312603124993338,-4.0418426540705745,0.6861723121856205,2.5434754217906037
9624,13520.500642751293,137.2046032378933,-90.68357283638815,-14.698171750091571,5.506854226220227,-1.530601096390628,-6.305242676388595,19.547354682034456,-4.159784619882426,1.372600265700977
10509,-15045.517737204129,-99.1029360112118,-26.276765440641952,-27.435500830309596,-5.129602657735729,-2.3083954746183535,-2.197652424914139,-0.4274431951870845,0.25456299598231347,-1.3985192563176199
7629,-29863.76820774144,34.387113313709335,52.01000504353725,-6.546213743419492,-11.358322901617425,-0.0675404814984657,-2.852298080160459,-0.30756563565832273,-0.4798637808699038,0.2541260149108435
7875,20063.769516703018,495.534793620138,195.42344239527137,-116.68881053231318,-20.04666941589657,-5.360900785629243,1.93989669032716,-37.36269832647335,0.004172793818048248,5.618799153469013
2815,-18789.429360220944,-90.03305162498481,27.932617509008168,11.434452920281522,7.582294382641628,-0.3830646261177376,-1.7359161912475471,-8.036896141092742,0.36878387721378836,-1.1178150799723765
2936,-28310.815859160833,26.830753109785974,35.56899624131958,-15.906511204540053,-11.051661861772438,0.698490240643183,-2.8543261648346174,-0.7555602107358741,-1.6927215328760088,0.6590752679107381
3665,-26657.0676995585,-7.726350685051841,37.19923679522891,6.4538846885377845,-2.354760725680137,-1.0423326823667773,-3.321453613323996,3.0678764578550997,0.6903438636288222,-0.8895750130378897
10888,-6031.533553342728,45.59445078222208,52.00772725927504,23.118112723852114,-36.641541498915785,19.372848032355922,1.880312450803146,-46.824926216981964,2.8354806556728587,-0.9549461778282389
6637,14980.979678365271,-170.47858330022098,92.63189224263806,162.78288730514433,-40.15681800766061,2.9968815941528613,-12.983447662334946,64.75854514390076,-3.153059309899557,0.25899817000750014
5077,25328.26223916706,-160.40284167035622,-25.446783737617835,5.1010075363022125,24.349311780704,41.80824523414528,-20.67079844621459,65.34929546564543,1.4041485790234178,2.68137866421304
6173,25328.26223916706,-160.40284167035622,-25.446783737617835,5.1010075363022125,24.349311780704,41.80824523414528,-20.67079844621459,65.34929546564543,1.4041485790234178,2.68137866421304
3969,-8955.134356042443,-185.66629000883756,-49.50539755673819,13.275065394865145,36.938857291360804,-4.005960996417281,-2.2213707572182315,-3.1171756659596577,-3.023854699027052,-0.7012311976280792
4580,23803.001783079104,895.4720993052774,189.56202697493123,22.653250240916655,75.80908049292881,-2.291115033647323,1.1471749079592186,-54.50643721440345,-2.1036705866194803,-1.728453562352728
663,-17976.375492645064,-74.2501646727909,-9.176270401050715,-17.885381053645954,-8.883236421522046,-5.564750326902473,-1.7837353639706492,0.3415453817123506,-2.7886308621327887,1.3502371100209163
8299,-17976.375492645064,-74.2501646727909,-9.176270401050715,-17.885381053645954,-8.883236421522046,-5.564750326902473,-1.7837353639706492,0.3415453817123506,-2.7886308621327887,1.3502371100209163
8945,2164.26862576681,-190.75881326993874,-142.08732698098927,-33.349132314863304,8.354686315369907,-5.636035363456887,-1.455001646380211,-0.7951834118273773,-0.109376242287758,-1.0597649492291534
10870,9257.119085221442,296.48139730904404,-103.48072724966639,148.76051124140608,118.56868164905691,57.69102916701949,-7.86689731990915,-47.010801787820085,-3.04429235535146,-3.9661055888555987
1184,17705.585149784456,38.19091067040955,-98.63125441374675,-59.433219566159586,4.356060843120741,-1.0686804254228752,-7.879992539310869,29.923267333199835,5.512196593546831,0.5631227854854703
6141,-2477.421886348515,-94.62311654663176,-37.07162568090504,2.7348506715380347,56.31518847612461,-0.5761077295145195,-4.109859888339997,0.23595840988780026,1.3082681112145753,-1.0790870835874484
8825,-775.6137066824449,-63.752821558054166,12.657406621945967,34.14236413788843,-8.143622599890527,-33.545501002050706,4.487979957275826,-12.580559807925294,6.6983389599561445,-4.200800140072635
2217,-14689.074657394754,-145.25303868515812,-32.86701994814089,-21.88675885076233,-4.962903035421091,-2.4220911534915177,-2.0692405898901214,-0.2584669185967723,-2.7221236826693946,0.5032818555354597
4102,-14689.074657394754,-145.25303868515812,-32.86701994814089,-21.88675885076233,-4.962903035421091,-2.4220911534915177,-2.0692405898901214,-0.2584669185967723,-2.7221236826693946,0.5032818555354597
4653,-9961.05786827494,-81.06575607212613,-67.25515844755046,-9.717616010723415,19.901543254141423,-4.9828898825200705,-2.001069699833316,-2.189612141165389,0.7179081535050162,-1.2162358603056411
10092,18081.55815884823,550.5466585829752,-162.25224372584924,-6.232338661134336,-83.43456878236705,-89.66293797850618,15.888925760840038,-22.492752799555518,-0.8054543689017502,-3.9424337211085927
5788,-5919.642938459154,-187.70559323272437,4.070635552643694,-14.895360745058209,4.018561792474685,-7.844268899685539,-1.7231578934156957,0.8372656747676963,0.06047083937250619,-0.13739362817326528
4669,-27491.906546606133,6.172163387508249,45.429870383816635,24.635522938289153,-23.6745963754532,8.743096094188267,-3.4407789853478405,-2.9234518891844568,0.7596940922851765,0.1349959517560313
6295,2266.658856533082,313.8321782105096,-94.57748356220952,28.820453571673223,87.04048933413381,-20.446066237565688,-2.1314578380865825,-1.4436320884580072,3.1022428300328038,-3.907460213224713
7453,-15840.286078722005,41.237116853505,77.51428537933307,50.82560610708006,-36.37840028301338,12.547486443935016,-3.4548682273615583,-6.399935790099857,0.2850790274774191,-0.22128337449284174
10841,4587.648677921163,-139.20274020461494,-39.71016177667809,-3.8810691517784077,-10.981939739403506,-1.766011570862303,-1.355800581365365,-5.451089459728513,1.3589049248718181,2.1870960240508146
821,40898.20590960754,302.5741038021167,392.2853661115013,-132.41484858095137,-1.092593998653605,13.537652687099952,-8.2513740154984,1.2656362046839948,0.5666079786451217,2.173553469270292
3933,-7959.8394639733815,-3.016017525982363,138.04846378408138,50.23204677049773,-32.02906685848292,7.208492119576942,-0.15554836242665715,-23.835198259947095,7.385771656199514,-3.7640206669699916
1225,28155.820675492243,-105.44879844858167,75.222147566927,205.1542731959828,52.570488228057876,-49.296208570858944,5.792639310207335,-8.93963786980888,-4.845533916097379,0.6777441897859249
7059,28155.820675492243,-105.44879844858167,75.222147566927,205.1542731959828,52.570488228057876,-49.296208570858944,5.792639310207335,-8.93963786980888,-4.845533916097379,0.6777441897859249
5633,-1789.6279498981166,-199.7826843562317,-33.555519622431035,-26.467571516467977,-2.1229734210374964,-1.7342030217312678,-1.586175572327825,1.9459268402856402,2.7716175372989102,0.5352003615775165
843,12751.939697144124,-131.7585267550545,52.708747221186584,0.9470100481200068,-50.64055966205603,55.74741414137767,4.857275909580032,-91.93312289123367,5.941403086524327,1.2825020863844183
6211,-14577.957075010003,-138.1790708646065,-28.246096840199982,-21.405479168890345,0.4856412377071315,-1.7799259405450254,-1.1970213762140816,-0.98297302508107,-2.1765442084452618,0.24789091623784776
7007,-22429.207496241226,-41.70766648467253,21.016619118145456,-7.744971834053545,1.2571157684208565,1.1144997980217848,-1.9480230693199516,-1.2626908647021944,-0.5764339487767822,-1.3099555407690477
9671,-32457.345910606746,77.85951667138454,74.91101887084619,5.075987116759341,7.822395748371083,1.3698502105482786,-2.6698951576507497,-0.26639001399001394,0.6717403076744723,-1.3718636714584882
8975,-32457.345910606746,77.85951667138454,74.91101887084619,5.075987116759341,7.822395748371083,1.3698502105482786,-2.6698951576507497,-0.26639001399001394,0.6717403076744723,-1.3718636714584882
6616,7508.61411255876,-229.45129296387273,-86.05661479311772,41.602075888618735,-12.392060686814407,-3.6647815180794856,6.49383551433467,-43.39703615151788,-0.8096178005461114,3.289473928092665
6248,39753.444839091724,588.6020330846552,163.8583813068767,-95.26858412685688,-3.668890136479641,-46.17749603164875,4.801728068529776,-12.347035670996839,0.5659097882010045,0.10989846907745315
7428,28173.62488594085,-335.6473933303018,182.301558366384,198.85555034702676,-104.83840841753937,22.61937243681279,1.989960759690561,-32.505247992307915,-2.655257997950066,-0.45386020242703173
3075,8000.524314094961,-268.7935782819887,-5.263805014203854,-37.83286019123684,-20.866011700813132,15.702532011234306,-3.9672179300690047,1.9605270765661285,-0.7911406441967035,3.2481156071451087
2937,16383.808073891472,96.97307682236016,-180.86401675914883,-21.044528552938363,-16.097684866919725,-5.9376602176421045,1.2169763955395325,-11.035642684094173,3.102048114935547,-0.08178381607943885
203,29210.51602685354,700.0119317022913,85.32997357901398,-81.43912043802865,-31.897385483479148,-13.2985975174288,3.448851989467798,-31.230596442257994,-3.3257290891106646,0.5748168775755058
2021,9489.995562932585,188.57903171005603,128.15656854146343,85.70336821348675,-36.46852639151915,101.22308831222531,-8.186077459305437,-63.16334979890672,2.54976531986183,3.6445591067431016
880,-29337.76876151294,27.50364352304024,54.88024221752872,27.338761190515758,13.185822395998528,8.319814505670555,-5.664939980526235,11.905102499117508,-1.7400834712560513,-0.9606185476844367
524,-29337.76876151294,27.50364352304024,54.88024221752872,27.338761190515758,13.185822395998528,8.319814505670555,-5.664939980526235,11.905102499117508,-1.7400834712560513,-0.9606185476844367
10837,-28014.860423107933,11.698668130253054,54.2234848654911,7.852050929904278,-11.904827563474065,-3.444788731090017,0.0693244062977314,-8.440039130530236,-1.4368663384714724,0.6519519176156332
7011,-18501.207239487492,-62.309657957108016,4.3264005171436395,-17.050351616690765,-1.9314899484590136,5.198884729885387,-1.9596010033271796,-4.411137736318935,0.7562492973848265,-0.08512551766053544
4184,184.7897883115511,-144.56423249399018,-117.38912714900934,-18.979475149561644,21.611347723749304,-6.001632713638486,0.16067331876960367,-0.6745659760176093,-1.2013934822073038,1.0678608426174092
7679,-21674.45031424899,-63.53174130600502,13.356825394600463,-17.968559051112145,-13.263340102564566,-2.012575539416458,-0.3918886558098862,1.1234157176156234,-2.8387582178596644,2.07150605089652
7485,4577.11311017823,-317.05092878787224,-110.1972210098439,-26.581379079490212,-0.25058144269927496,-13.541621312855641,1.9580927475666954,0.800307066174307,-0.9715343144624269,-0.018241885422098925
7530,4577.11311017823,-317.05092878787224,-110.1972210098439,-26.581379079490212,-0.25058144269927496,-13.541621312855641,1.9580927475666954,0.800307066174307,-0.9715343144624269,-0.018241885422098925
4369,13518.019951632326,-149.26826076019466,288.9086563036642,122.43650909108663,30.985191267965916,-106.05420482416089,9.809087670732957,27.765032517323935,-1.3391741427539818,-0.26195261189425967
10652,13518.019951632326,-149.26826076019466,288.9086563036642,122.43650909108663,30.985191267965916,-106.05420482416089,9.809087670732957,27.765032517323935,-1.3391741427539818,-0.26195261189425967
286,-7759.518622064985,-140.14830949326,-52.56819686519765,-30.140780859413756,-4.2232897046567945,3.44301501751558,-2.0463024003363373,6.353873532429146,0.5582725639667743,0.5296791231772779
5922,-11627.171748129847,12.775118576510465,-86.32052309885455,-33.73636288314882,-10.25751421322158,-2.3515272183888416,-0.17653584194501803,0.1738322819421061,0.7629120225961401,0.12654774939717672
7250,5897.089770225823,-31.536229345036872,-30.064265089832332,-36.34660996615736,-8.411647752714346,13.220419145587849,-4.888826823985674,12.005181139372223,5.98077201939137,0.398561108494921
2478,-26562.104480298163,-9.378768280095017,32.52013518107127,-2.307794975568523,-18.694955585996254,2.79573330316847,0.21193854542051582,-7.437529926808111,-2.159318925532391,2.597435990572613
1160,-38710.894985840765,147.32743820419742,103.88186926246458,3.0878882889133177,-14.882673493673312,0.11240816096075235,-1.1487384699656786,-0.03337407374168855,1.4659304967431233,-0.2764619239691535
9214,-9280.168650509782,-30.71187383173367,-28.810645395744046,21.94607956933638,12.742518601160064,-14.842275073547533,3.3857167297014,-13.584689594143708,0.32708940836573586,1.3245605175758102
273,-15833.596165657284,-12.276542003508723,-38.748639725309346,-27.876848317717577,-6.4762053378265865,-1.7741112927112277,-0.3746175302496866,-0.20195964277457357,1.4092880961188987,-0.5891942620059663
851,5165.381157957556,-70.19656570587256,-79.20718853436699,44.30994400692118,25.641925044770844,54.999851854271824,0.19477122163826976,-63.96790915280805,4.57457982044501,1.579386888700936
9729,6304.0183510184,-169.92133240510105,77.88083262464625,9.584335472462191,14.910211284124578,-9.572639306211581,4.079473208260126,-25.16222436188085,5.968870387054098,-1.8211501440651219
9665,2265.4746251399556,-92.63096897160005,-142.62970595209512,-11.528001160697738,33.227467637720544,-8.497070960522327,0.02916157312562717,0.6501907159195603,1.0819043229670342,-0.9134534505846759
2620,-17376.81364781889,-109.77253778512255,-20.29816714337491,-20.933338613435897,-3.3937997312074,-1.5145352283852667,-0.32091485764494365,-0.16325895705890403,-1.9811834558331576,-1.3036848666334988
8254,-17376.81364781889,-109.77253778512255,-20.29816714337491,-20.933338613435897,-3.3937997312074,-1.5145352283852667,-0.32091485764494365,-0.16325895705890403,-1.9811834558331576,-1.3036848666334988
3852,22912.120580476636,-58.90404760056714,-54.0966175748232,-16.712862367423387,6.088878257966588,13.283025314543442,-9.068463606616731,35.93714086269085,5.965454202090767,1.4667859041810822
1000,22912.120580476636,-58.90404760056714,-54.0966175748232,-16.712862367423387,6.088878257966588,13.283025314543442,-9.068463606616731,35.93714086269085,5.965454202090767,1.4667859041810822
3099,-7704.318960228746,-46.9703988139438,-41.043809974473476,-9.296546803970571,27.334850898366156,-1.7380888320774543,-1.028170644534363,-1.0571440480160108,2.601842982484694,-2.64603407210258
6318,16522.267500345115,290.6226090927832,36.986376518546365,-10.79177702531625,30.100250136727304,32.43190026042465,0.028664938228047276,-50.1048425713865,2.984085094415633,3.863262643833946
5396,16522.267500345115,290.6226090927832,36.986376518546365,-10.79177702531625,30.100250136727304,32.43190026042465,0.028664938228047276,-50.1048425713865,2.984085094415633,3.863262643833946
7966,29013.65460296291,-104.71062433817394,52.35380348175404,1.0131436827383653,-57.56689285768031,-4.4383874722529,-12.93603804790142,85.08941579803182,7.0975728112240155,-1.2121623772540655
454,17542.21212329167,294.99326582268526,-200.23387527213046,-19.902427703740894,-14.156377116326716,-0.010268806164510869,-1.2030084345618874,1.874118585336861,4.4522501148672,0.367481512025694
309,11377.349673815595,450.53068087564316,-237.19129833979676,-53.395965283939375,-14.099668158184473,-0.3195269400784959,-2.491793956221919,9.107752178986996,-0.08480889058876429,-3.274916752322045
3571,11377.349673815595,450.53068087564316,-237.19129833979676,-53.395965283939375,-14.099668158184473,-0.3195269400784959,-2.491793956221919,9.107752178986996,-0.08480889058876429,-3.274916752322045
8395,30049.671463311213,318.1335494809905,-188.4436326912601,-13.820018549045525,-50.805352108685,93.12446481698001,-3.947509729016801,-69.26369867102332,-2.383710882999595,2.0836107058693774
2591,24350.83510585912,-67.58449884862125,-117.87177291250853,-6.911606496134561,-28.435538042397994,-1.8638969508900598,2.7974454260148036,-9.79244044760862,-1.8407834453591523,-2.6917237575262662
1640,12612.273421561069,-418.9481852481343,-167.51578005927476,-38.79744083311585,12.819436636735333,-4.137157931410008,2.106083592153567,-2.7750479648523214,-2.584308893788343,0.5163666887571474
810,22216.290549105746,-429.82996021309344,-136.18008670812813,125.7268412915784,-78.29685353908852,-13.60020516084134,5.812977465648942,-2.8823289718788354,1.0695529403006727,3.0794090711444486
9423,-19207.546048007014,-85.38545173937223,4.6422512513772745,-17.6788185607631,-11.172828961184806,-1.722036660919742,0.7711523246750644,-0.010482661776681113,-0.6916985872447601,1.2947664618053065
4345,-4.500488462042995,-327.7502716081304,-98.73646179822313,-36.60969576726911,-1.50971837923478,-5.78025146614447,1.691094171748702,1.4135291616456414,-2.201689813513765,-1.984917184737819
89,-29759.67194745516,36.16182417768982,63.349763410590654,5.432808702838571,-2.0195896372161997,6.324874252064993,-1.2356771115763578,0.8478633237435069,-0.5682256174024785,1.4745750500665336
5294,-33613.34272721213,83.13402147818582,81.77956110434793,2.3031430455781017,-20.181528199004358,-1.180376923147547,0.06673718369323467,1.975473266832811,1.1433035027267433,0.7635177048302513
1321,-25904.865532627977,4.963410021687821,36.763013439642066,-11.542712728009636,-2.0381195177068996,2.3277055083977114,-0.30761219538108264,-0.28651508708144036,0.7509505802955374,-0.8404187955140552
2686,-29581.874613200802,25.18041383751148,47.5231928420438,-2.2801398553061363,-16.202959305148276,-6.286997934000464,1.5612844156560826,-1.4861634920741142,-2.111265466537187,-0.13691625913666394
1215,18475.35484661725,226.6311318861117,164.1577891754192,38.03624225082081,-10.894349930865463,57.871574640277515,-13.786686305362174,21.64503885592247,-2.5239978307472124,-0.8800348941812617
9283,8223.940876517321,-425.12315238347225,-142.74295026543498,-45.84350501092203,-2.54136094780182,-7.365634335239848,2.18672487682084,1.938763529260818,-3.2566063312950475,-0.059470774119459335
3120,-13426.184769582062,-163.92355469289532,-30.687704408474787,-26.368684707061533,-4.387996136868846,-1.0925784875614677,0.6863785135315936,0.4084632699094488,-1.9066024003039788,-1.568447910197711
5868,-32864.5224642969,68.37429077616594,68.67753142987937,6.097734122503999,-7.507196635612605,0.8457164617127455,0.09509526058353401,-1.574595073476397,-1.3280736016180796,0.6978348445894103
8143,-14041.745111594726,42.87479200885477,-33.008967319649344,-28.62267827113816,-4.612150969812447,-1.9376018882100077,0.47644629217401757,-0.26459858472933995,0.75304137895934,0.2743636671068854
3479,-35158.28739347505,98.49543164668825,81.93216377839587,7.334348269567149,-11.493661211995168,-0.16120006408795318,-0.5045753674652147,3.161618789749591,-1.051482865115692,0.7257083672874325
7214,10222.379789003273,378.602565456755,-46.15835853642298,20.12869851185883,57.54510666248395,-8.357236472978409,4.795051005229567,-35.54433991917999,-5.109108817008542,-0.2091006735598646
5543,5842.8592157275925,154.94919037833145,-131.6794936585001,9.679014601181873,24.70896455473919,-13.317632697868946,3.485441144460154,-12.296988186822926,3.906328690179322,2.869586932291417
9347,-1031.0058712688842,-290.23855236394246,-100.94209886380051,-35.10362575328143,-0.8128015019141692,-5.982469771967908,1.787019701507802,0.5222757738932362,-2.4815633066386296,-0.15330268192067242
10160,-1031.0058712688842,-290.23855236394246,-100.94209886380051,-35.10362575328143,-0.8128015019141692,-5.982469771967908,1.787019701507802,0.5222757738932362,-2.4815633066386296,-0.15330268192067242
1406,1230.0693127102495,-57.66413799845844,-89.68517562340455,-25.84156927006717,3.4720711061518124,-15.206395025052572,2.1417043820356625,3.1602476545529665,4.38450417962898,-2.457221915696371
7019,2440.683938460257,-252.5951431144817,-120.45616463459785,-5.461786932383737,-14.70585093550583,5.44458459316255,0.7474338539937833,-2.332375409896014,0.1790724881446737,0.20409406996057822
2157,-25681.94201835343,-4.204947490626921,37.19413636455589,4.606899043620864,-2.198111744687445,0.11422424927906283,-0.20518502577627373,1.551727060130176,0.35006621452632647,0.8692370389955899
8939,9279.590646091106,-54.157090277927296,-151.20328227119805,63.55856146228841,-30.675573979951515,30.613876943519692,-17.761299915599817,88.62373407685261,4.0928337056747015,2.708599269706282
10250,-23583.390872386775,-46.71391564358805,15.920837309936331,-7.754521076766298,-9.828690865754547,0.6608231926089949,0.15729235782472273,0.78448348652298,-2.2271250552145174,-0.5056441539501249
1272,3283.149871413487,295.8907485119702,-172.27270625309083,12.51661775530437,6.9103729640232245,-2.654502813989441,-6.520082113634139,41.447060001158945,2.458061927743568,2.004962638776692
3007,-14214.892799717258,-133.94876374711862,-31.18324740178153,-28.072376711755002,-7.378973742765133,-1.0737008134491859,0.4636697652051751,1.8503856303129567,-0.9670800345403157,-0.8906851414071237
5513,-14214.892799717258,-133.94876374711862,-31.18324740178153,-28.072376711755002,-7.378973742765133,-1.0737008134491859,0.4636697652051751,1.8503856303129567,-0.9670800345403157,-0.8906851414071237
679,-14339.959040744456,-144.03395848494654,-17.825414305696313,-28.323272829186283,-6.881018094370569,-0.35458913257278146,0.06987847374093548,3.338895333499945,-0.5711028494943475,-1.345017047636798
8876,-18342.358682780192,20.050764912662487,-26.590254991535232,-26.459063426976275,-7.955792113456107,-1.0497071657372474,0.4618194403130502,-0.12080222558831188,2.0263975201162676,-1.3409316541441054
10827,-15025.051714945483,-60.99497273252871,-27.870258256788674,-9.34994224440798,10.54305636252209,-3.1228606086289115,0.4089131438109561,0.5943839593720632,1.4672045360227024,-1.4105432135695253
7300,17171.157950722758,-96.13177589821072,-251.3625037897107,-37.086788009508005,16.910042966220345,-8.524605000004318,2.7452935893355033,0.48063675763466307,2.54696274415889,-0.7376876551157512
4268,1180.9607091556754,-218.3614700428363,-119.05167407956102,-41.17434452716283,-0.17881161187724004,-4.511546699752145,2.4987288364513844,0.15683372954350716,-1.433302987009478,0.36368009299622717
4603,13724.785795459858,-98.14046346590067,-64.23338317870977,-50.17657848752118,-15.74303359726181,43.70699926859336,-4.044733407951071,-8.426357300800422,1.963253546994702,3.0263766130346887
8659,17838.429929462494,220.27102717011326,-176.9894810534271,-46.529557748375154,-16.548524768877066,18.290423373000902,-9.497319069994163,49.04683395977062,0.6260177858236053,3.7244314592967758
10708,-14997.992459210414,-140.71388338116947,-22.175118629977817,-23.87057239353209,-8.31830576691572,3.5749979037554773,0.6127067271529327,2.8096600464355284,-1.7435769382636677,-0.2518003731938112
1176,-25744.192475575772,-19.41429450659166,27.030219386759285,-8.534024218446081,-6.881587723689432,1.878923477674167,0.3734027060060754,3.656026176775093,-1.9110370751627697,-0.8388156298714131
10380,-14185.515192446714,-114.64382622069144,-4.00249961456916,-18.482551532812323,4.589186449642515,-2.4602750619609943,1.8602628148822618,-1.7558300575443484,-0.33177628643226953,-1.321368536942396
7037,-14883.066155762855,64.12872314399843,62.608505024111025,-19.780583925652373,-22.084806152094067,11.039042747175625,-7.245564268568373,41.60782663538748,2.65337746519117,2.443860298172228
11096,5273.467637892456,-293.45773172300284,-115.30141972854491,-4.806745885567035,-33.336835733849426,11.317231291062205,5.788350934674227,-30.1528343094234,-0.9954459399969391,3.132399319984485
6374,-15040.517359273807,73.52354075649549,-46.394982998308365,-9.661622105221408,17.609955723807637,-0.66791998646028,0.8635777936328353,-0.7882171536783122,2.189690081469573,-1.6573089641874112
5552,-3251.4055617485355,-190.58748047730631,9.503271676981768,-1.6007907678450062,-15.687998184592253,-16.595560897017215,4.010246967949357,2.1158785601253918,2.9168130131713976,-1.0350871869341294
2245,-8331.753828580928,-166.51618250814124,-26.161252272935144,-22.047671120771668,10.368197759563245,-4.2629115116562515,1.9396507676404937,-0.4138228064295433,-0.2974818527124832,0.008931660273553632
6200,23931.851504462305,-245.26295584975804,-92.80389216045626,98.29911708263516,-20.00071190992477,-19.489922642112255,-2.7549916776918053,50.23140857566446,0.9082946421773137,0.45992991340945455
9904,19420.867188186778,-175.20377691782932,15.542832569920932,99.63237421759929,33.58093162675814,92.25529959271203,-17.10167981143147,17.43728505576325,2.7548777677211653,2.823816464222975
10031,-35044.06501847206,114.54939743860055,87.96452521797339,-8.104633366422462,-11.62017848548631,2.232270863281067,0.5601040726928161,0.03647726503655235,2.395405828982044,0.21301482295985563
6642,-24756.813997955334,0.6535781143580834,35.131406997973244,5.069120517288843,3.8544091557923537,3.0769707773844948,0.9195925830595755,-2.9807705386312495,0.18520821625189843,0.8216794314656442
10882,1889.6353340697242,90.70883549206118,32.46764538325219,39.78814466816539,-62.96731334951281,83.70615641790809,-3.0137295162772233,-51.094214401903756,-0.6416461594607119,-0.6401040938575893
5636,-20988.695431790788,-17.93712178567324,39.336481145059224,10.445793550804995,22.597141757817134,-6.95196824074833,1.6340629142272007,-0.35161535898262386,-0.018822197510024452,-1.17112225900813
8692,-8510.025279019239,-122.42187098537329,14.55294764154553,-20.90031176361863,-3.970859268548576,-1.8551995516753306,0.27425084903743624,8.11388902794787,3.5460240568051287,-1.3936315644562605
8091,11975.002439254757,14.423689644668002,121.5599340260077,6.996626163660986,-46.15493273139095,123.11983957913256,-32.05191956901601,86.62346928062979,0.030806649322349777,-2.5624387703589804
8080,-25156.203512338732,-23.483023214763023,25.07638861206729,-13.799453284442531,-11.021072593417205,1.9724362862351692,1.3479342066787368,-1.83281606366217,-3.264590677423376,2.1095935640775707
8370,23514.003432734797,-187.12124638670383,-12.913245918763806,134.76474568456814,-142.86071762506756,46.49615805776526,5.749595767440248,-52.52748734248216,0.2748318117149129,-4.061916559496922
4550,-18408.209757216646,-51.11454310244636,-23.923834159482027,-21.21997315775375,-4.723261964778667,-0.7808631467463352,2.501661755188003,0.24497932911692644,-2.5750364364541674,0.9701560140393521
3381,2374.1808338382107,-291.65524973815064,-117.73676602460071,-42.469193847747235,-0.7040485409512875,-5.216071160700323,3.640502579859202,1.112144927500685,-0.7184596591489099,-0.5147164421168258
10556,3012.1265433914377,-174.02757460738889,-26.68331875324023,-34.74729566864886,-14.88019600531806,-17.596689938710757,4.566745949229862,5.880116629921293,3.9474584008807945,-1.2374258579783932
9467,-17234.885421637693,-120.69501540284602,-10.649865127560815,-22.572432007773102,-8.395416212062779,-1.9111149960197125,2.6166950497761334,1.7598454736317084,-1.9556677464274905,0.3832813905592247
2891,16149.624644561554,83.43412383412274,-184.6106913656637,36.752714101550744,95.54894064939788,5.568102129499031,-0.7417928985825881,-0.5399020823704515,-1.193159284267015,-3.4926982581905683
5011,16149.624644561554,83.43412383412274,-184.6106913656637,36.752714101550744,95.54894064939788,5.568102129499031,-0.7417928985825881,-0.5399020823704515,-1.193159284267015,-3.4926982581905683
8140,-29289.583362280806,37.75594175118903,68.84822959385768,11.711489154534917,11.728253004522688,4.981513031358849,-0.4907367723059224,8.170910586851306,-0.8660679610971602,2.2352938799953352
11039,-25.01789744130656,-239.00285156092986,-58.84947358477271,41.184156550771455,-23.780323976803125,-13.189495356333968,5.02065518923628,2.4809134391119922,0.3998054615273041,-1.520303558666395
78,-26678.929380664144,5.91104049371387,35.13688170170822,-12.40229382268906,-4.354587002945683,2.1415107635871937,2.0258669913088596,-1.4140258413480922,-1.9524342784184618,-0.6886284483938585
5517,-26678.929380664144,5.91104049371387,35.13688170170822,-12.40229382268906,-4.354587002945683,2.1415107635871937,2.0258669913088596,-1.4140258413480922,-1.9524342784184618,-0.6886284483938585
5290,-10419.949822600553,14.374571080726582,-67.4469928561823,-23.425191048056153,6.200628228145998,-4.882687024774771,2.9489505809793997,-0.5706378461246562,2.900321299269951,-1.2231228003708408
4128,4098.276187999691,137.4855642232492,-176.7222129826536,30.403660630391087,67.59817191151615,-9.684401587200217,1.9926418872333613,1.4263120598653316,0.12573400009152902,0.5113494769395981
8534,15465.797588064845,134.68414454208354,-55.10023110453713,-48.54211899763968,-1.1176528033273527,26.748008255310875,-1.285373869992739,-8.179710284149536,3.8113004754651403,4.53163121598317
9592,-29961.70007495407,41.41991881357535,50.81795550299775,-8.130522573260823,-7.523939070318717,0.6102304437534345,1.8517509655510977,1.0002220844089198,-0.2689486043328255,-0.15014240061115203
8957,12862.775761676246,39.611166005174255,-7.4869231935946345,99.77143450324269,32.13633256034879,36.75840442437841,-5.8583288599512855,6.932400352824722,1.2883329851923344,-4.397493208502566
9308,10851.130745544011,-15.78791562411476,35.98137441271757,64.45131087897902,-56.26364953575601,-23.69372866353489,7.050937097730596,-0.7017857091448558,-3.144478320389939,0.698560575871404
544,10851.130745544011,-15.78791562411476,35.98137441271757,64.45131087897902,-56.26364953575601,-23.69372866353489,7.050937097730596,-0.7017857091448558,-3.144478320389939,0.698560575871404
5989,26388.12898659862,184.36709784849066,87.33706664094834,-4.562559920531339,-48.79921591679402,117.28915021629578,-16.899316069899875,1.9621098667815247,4.223916965341392,-2.1703066593560525
635,5213.608346932175,71.82606342171425,-164.8181596783791,-12.127138044080528,39.379577380554295,-10.13810616426045,2.717967329678231,1.7377208972990665,6.1457038909643416,-2.4470117333986465
6673,-28493.451988075256,45.66455988600978,60.44857766478509,19.960317097609344,7.143844138214021,7.205535106231695,1.794889597398651,-7.572134341346307,-0.607101147504638,-0.4740303859146793
1710,-21802.40877536455,95.15427187445258,37.351498901053176,-5.410841496925488,3.7088374165048883,15.135384482942145,-1.9579016667622113,7.710046675285895,4.566596965825184,-2.5154677913954533
523,-14817.743693047545,-126.85926843030177,-10.237958415795077,-19.74853815037757,-12.233147554436249,4.614624730665668,3.3706940326376156,-8.916407459320382,-1.2772619932314697,1.132089330147232
8977,-35390.36888507033,96.55558300540997,75.59328980756666,-0.05703332783331039,-7.3309248370620015,4.7468320606165015,1.2224779237961059,-0.12625180707093442,-3.296297698652941,2.7678489885827
9736,-10122.879896064987,-155.89011772000157,-47.14355577359643,-24.80966039004494,-9.246613744097706,7.235857219849194,2.1085817476289535,-3.152242776617542,0.5977186129348553,-1.9879234181546241
1544,29416.4593579082,185.62267996446883,292.70040092255556,72.96871967490144,-43.423932623152545,-75.46701519841122,15.096639872595773,-11.465811473121903,-1.4410939909017015,0.6840579068439467
6575,4415.320466634912,-115.032129635876,38.83377668465255,5.560734377975099,36.69815381226338,24.12678327665042,-5.181700893303066,15.340185622088725,7.680897694248131,-3.242190016875912
6147,-26154.099757092907,-10.766915085823484,32.03219322499713,-10.373641202284567,-5.659766200740576,1.7078587485177243,1.9377213636466664,0.07641670368418119,-2.8960433649209247,-0.011026644812953013
6354,-36626.12563485906,118.22584983979425,92.76552801184633,4.302177035947171,-0.8568686972439004,2.928070028675096,1.3769919338279735,-0.8960905441715825,-1.5030124721357767,-0.2327989152594503
4769,5984.099420847822,43.8516634117872,-208.20444187334758,-50.537871967148995,-5.735851050883555,-3.977741368890917,3.622581110468765,4.244751188895021,4.903553062816902,-2.3878872132439044
7540,-1672.2935979860413,-161.08086581581142,-65.03817922137338,-18.81269352279674,-22.408870562257935,3.5232547743430604,3.977633808744926,-2.6758687321413994,-0.41976158786093176,4.446297267607332
5247,-13247.956211396384,-142.38704768274778,-40.4790892139693,-25.014387844311322,-5.215572101120683,-2.1793935143429257,4.025231300789038,-0.06770322929487627,-1.7690864296179765,1.693463062747516
5987,-41566.75973554616,174.08810949663575,114.16746952405262,10.281801029201233,-12.627479731455736,3.1590395500862627,2.918270822572339,-3.5285276370644247,-1.3469004580220547,2.991222460461093
9960,-25104.294529333773,-29.970226934080756,21.378239530257616,-11.393870821105743,-14.033977961667286,-1.6284315338078497,4.107710176862106,-2.068943733682058,-2.115501879660055,-0.4213636193380621
10972,20329.87575614413,67.97829224246388,-165.22583779722984,-18.412048593567892,-19.110409818703822,-18.40982797360706,4.597440737324959,12.637448082261145,-3.419346699129109,0.537604125661431
1399,20937.006236417743,-83.12977381615855,176.40071222530293,205.26044646524258,10.016229591314179,35.669634109575256,1.1822222906213824,-28.509375264721733,-4.01532000306378,1.5269321382651317
2698,-4945.4829771273,-2.7306337872814197,-27.117087812564108,-24.290268195559065,3.369701890593248,-13.706049610939361,4.685972102348956,3.138217105389666,2.0314035784064846,-0.7718633770186196
6340,-22034.48455505126,-62.80309514791202,10.696838041510404,-13.23258747605648,-2.1401795789470874,2.4997277373625444,2.708206598230703,1.3087375532535432,-1.6102429242513265,0.5481742086786476
4107,-5289.541556740092,8.837683084186779,-64.68082115467229,-5.545697536991619,5.318672775598699,5.610499654342181,2.395967404605095,-1.089641220606767,-1.0280383923404832,-0.39499761535485467
10906,-5289.541556740092,8.837683084186779,-64.68082115467229,-5.545697536991619,5.318672775598699,5.610499654342181,2.395967404605095,-1.089641220606767,-1.0280383923404832,-0.39499761535485467
2557,-22424.41364692088,-54.35189978372159,10.979224748497927,-12.061067864590978,-3.2784780735802155,-0.6418500024992406,3.428815707004709,0.03936099822607275,-3.161288946657427,0.8440032254980299
8786,10086.495313498504,-144.9075128729114,-145.50551189969232,-19.105041995587307,34.102213115766396,-11.820762447280018,4.169806712495571,3.8257521438580433,2.635650507182115,-0.21698192931054194
7187,0.0860154500551289,49.22983586145085,-119.0330368634284,99.18599402958317,-13.04049107459166,0.6333541623346561,6.020022823695072,-14.785634658018697,-1.056595723470367,-1.504094225222202
6119,-15237.037276700707,-139.52613353273586,-29.3119559356264,-24.67469747575153,-4.863263010936349,-1.258149612386617,3.724521290682503,0.6505576707762888,-2.4628579605581913,-0.5466916900110514
2980,-43150.5219801288,202.93609824705686,120.72513910326353,0.4570694066368528,-14.593564529991957,3.657100951313713,2.571549247427896,-2.152155983761494,1.50945441538469,0.0762545609481573
3850,-37053.18883048685,118.94127984195916,84.08476825309762,12.074337138015613,-11.907632372039117,-1.6777150540099806,3.59402428948966,-1.8165610669661216,-2.000633403943329,1.5877740641426805
1077,4745.202788189614,-81.26965016841308,89.70899707723623,159.12593523714784,-182.31749669880796,16.768877466763,10.430389370616638,-36.122469720291846,-0.04773102280551722,-4.507207640805486
9733,-27089.986466993098,-1.2120596698416648,43.081304307644686,23.51763214250011,0.9890845158173462,-15.038356082498789,5.504045422411849,-0.23191547504221255,-2.7780672156928787,0.06683289746600352
8462,-27089.986466993098,-1.2120596698416648,43.081304307644686,23.51763214250011,0.9890845158173462,-15.038356082498789,5.504045422411849,-0.23191547504221255,-2.7780672156928787,0.06683289746600352
4764,-11530.551595205834,-138.75307125849895,-2.7746650122872722,-3.010625771556086,-16.56454783187039,2.8062329910483967,4.1752558357786285,-5.200170490561263,1.2111203553889922,-0.9968133542129847
2223,12215.731936074197,765.443700375484,-160.21530840048487,73.22212898938533,26.963141648370588,43.1100728578829,2.6301184901113714,-51.89420757897359,0.15275568542278872,-2.553732778174571
7788,-28435.941404497167,16.418545249103886,37.77140423250634,-15.408258460909064,-10.709037480282442,1.8054218408932419,3.9867849104731334,0.3520553490388725,-3.4992573394564412,2.7665939495664817
5827,-16726.552395031402,-93.88364510387305,-18.036514125888573,-19.482550380609453,-2.28702859229481,-0.8239784595373864,4.73847493954306,-0.8948155663244197,0.27470456702345736,-0.20319757344538125
2958,-23530.144690067926,-28.27639314813092,19.17017479944309,-7.2857054331504285,-14.023212089592285,0.9318241710035691,4.842283031551709,-2.8236190663949907,-0.6215718730351094,1.8096310062041683
4954,-3777.421001001705,-169.4519165082179,-36.279197786340205,-1.9579324171368198,-34.509195908357434,-18.292324598521063,6.069595691448541,13.795050125240888,2.9015140805841693,-1.113825412012857
3139,22154.58012701312,404.9992119747353,312.2861363521632,76.79980986147892,36.431711624884436,-21.644894844450686,-1.1571435366623177,34.34589288258823,-2.9138447637468716,1.3656454430942553
9952,26124.93427005739,-158.8357891930284,310.08315897160594,-114.84940322770426,16.3601999285761,18.68808463036538,0.13893319994123488,-4.516083438536315,-1.213680461254893,-0.3448068733920646
8180,7381.793762016627,-184.8388841611129,-140.03606503267437,-44.65496482749165,3.3235858567066856,-3.972713294845505,5.469672595800219,-0.6726379882242952,2.0380803397911027,-1.4886490309157576
3276,-15671.73008644671,-126.05868043411118,5.296295796623525,-16.030306273401326,-2.4369655296015758,4.999301330616159,2.587989813858492,6.602555070503287,-0.4499049702067044,-0.8470905287076587
4994,25636.4924842694,584.0644467196304,-191.67941132269314,6.747919287543132,-76.657089936381,-27.8399586824484,13.249755316757252,-23.8149951178969,-0.26314201530922343,2.9209281458978946
3598,10740.021883682391,-15.237092258383939,-167.13676558092058,-36.56038273807844,-17.431193583929844,23.05676124332151,-0.5601262260416604,11.36629041044548,2.6872244588884406,4.801141023468428
945,-15654.994254576428,-54.16004821811873,-21.089273828941685,-19.741096675410635,-1.3434191505817346,-0.58407365251823,4.246369332427896,1.2203387081716812,0.1617781145075421,-0.12618802257122042
5048,-9206.094656121182,-192.67553749551251,-19.347172100482,1.3614743477197901,12.546802255176775,-9.047002873203244,5.757136112275049,-0.1991518653868365,-0.9785627723138894,-2.5847165557856533
6214,-8158.386577822515,-215.28919976853706,-38.70546019767576,-19.101515561017916,0.8501149028773973,3.343418166724522,3.4763114970284903,4.05917329279481,-1.547192077678508,-0.5860499027840191
6230,-7551.201124928193,-123.0437754207876,-33.389398319702906,-32.62686419797866,-4.408562757544239,-4.609352972194014,4.736044804923409,3.2605113730217052,3.2371400117010136,-2.2665277750371597
2968,-3019.7172260502557,177.4658491900209,38.06437138974667,67.72012600603742,-69.58687592939914,-61.96478475422356,21.03155957677521,-37.13185539252035,1.1111108368052234,-2.17735013146721
8800,-3019.7172260502557,177.4658491900209,38.06437138974667,67.72012600603742,-69.58687592939914,-61.96478475422356,21.03155957677521,-37.13185539252035,1.1111108368052234,-2.17735013146721
1907,11157.21331237755,536.2199562978399,-79.2469495465777,5.689223070804216,-8.983044113448962,14.473166383049179,-2.882540630942721,23.559456602680672,2.397544846770529,-1.628773195104821
10478,3548.2350381897413,118.09384820137768,-119.47419813228024,-42.376318014453666,18.243891912239967,-2.5966784788343906,4.718005914730895,-4.163946203925195,6.372159769409988,-3.739450561363058
4188,-15106.588655516789,59.80549881623537,-31.1065697580367,31.97019997833072,48.02180128577074,-11.999759848460075,4.910643876120481,0.011092693641147733,0.793052515524213,-1.3918294726963705
8720,7.3569131499680225,27.195882877744566,1443.7261409188675,-229.75142223812466,105.27390367220443,-25.547127570309488,2.420474900425411,-17.050102676885437,-1.7617100231267244,-0.4554015117404173
2225,30614.92132548557,-78.80314783548198,198.97247385849238,150.22953003817412,92.15333727758133,-37.685720439433545,0.31000127511184417,48.77917164282002,-4.1631302738403395,-0.4542975463183292
4790,27833.938442528583,-64.56833227077698,-152.6346845924784,-62.46456618740729,11.46634093045607,-10.559940121715757,7.621318452325056,-5.03224558365011,-3.4302123462623166,-0.2495205523154418
1131,595.4057629038361,-257.97756161786657,-124.40101767156747,-37.67621468052979,-0.020514659957942882,-4.31634968010359,6.467381913573149,1.5307101589672794,-2.2188575198084726,1.1564781419973529
202,30061.77305014376,-286.7884948158854,75.99748970759558,109.51339942419392,-92.15648289367354,63.342596810065004,-13.448106743346436,67.41623908007259,-2.6907181844582126,-1.2746603435405195
9589,30061.77305014376,-286.7884948158854,75.99748970759558,109.51339942419392,-92.15648289367354,63.342596810065004,-13.448106743346436,67.41623908007259,-2.6907181844582126,-1.2746603435405195
3900,13716.679483785061,139.2469341415323,-259.168015154601,-28.300904693103913,26.123213060202794,1.891142928804453,3.4902562513849134,6.863215189085642,2.0642596101450206,0.9428060314421165
9958,13716.679483785061,139.2469341415323,-259.168015154601,-28.300904693103913,26.123213060202794,1.891142928804453,3.4902562513849134,6.863215189085642,2.0642596101450206,0.9428060314421165
8955,-11522.075853154282,-159.6648768591822,-52.041154047617,-24.662840257410828,0.2664453396183788,-1.929739929708378,5.818940427666767,0.897760666000206,-2.924613288225943,-0.27533647725624766
10033,-20809.565983399712,-77.79341703716108,8.779261810602804,-8.694246569527134,-8.11559058593172,-3.794580918589305,6.023005816198612,0.7832546713234017,-2.033881004104865,0.5470564546058783
5751,-20809.565983399712,-77.79341703716108,8.779261810602804,-8.694246569527134,-8.11559058593172,-3.794580918589305,6.023005816198612,0.7832546713234017,-2.033881004104865,0.5470564546058783
3308,-16268.62050300579,-104.24401238600376,-17.345578678962568,-1.0556996659396534,8.90328202801378,8.407348694964652,3.833162929624301,0.5667047766548645,-0.9921925519832424,1.3596488153620814
7297,-44470.47139627028,212.41869364579384,127.72626809071653,19.72845091540469,-8.870359924288232,3.769329573430686,4.685396349622451,-3.575882413600211,0.9489320397763317,0.5931355749297347
8008,-15897.355456193509,-89.45343068858512,-5.333601836313392,-4.455453355639707,9.208301264035189,-8.182138888575182,6.756898248072453,-1.810262870507386,-1.3000365561220955,0.7758912849357644
1232,18071.1141964267,99.80415326917716,34.86913123384272,47.378292482835974,44.34303952569517,2.8621856623889625,2.958097277644626,0.44308523106977127,-2.9366059466230516,1.5563511614076917
2345,18071.1141964267,99.80415326917716,34.86913123384272,47.378292482835974,44.34303952569517,2.8621856623889625,2.958097277644626,0.44308523106977127,-2.9366059466230516,1.5563511614076917
1628,19826.20679873257,-158.7471406377798,45.11917906625216,47.312597929863585,-76.05757969540556,-48.33895648423052,21.28506357328436,-41.91038883284,1.492736638780178,-4.497608274200125
5081,-4152.893386500844,-271.71474873439234,-71.04882392184345,-26.265547892397343,-1.110672660612341,-2.9794856738368356,6.864258111196818,-2.850584993939596,-1.5039609088428731,-1.3928101830684696
839,-6469.534872249271,-151.54706327217417,-50.467177397299565,-25.210467180975943,4.45750001806411,-4.760038449538274,5.827023442745933,2.5353207462111573,-1.0538103689317273,0.31485858960024826
3706,-23325.012722085834,-26.19173237696964,36.53229074908084,-0.8895229766891717,6.229452430474417,11.275842684609131,3.375238898115711,-0.985729590834401,-1.85934459473658,-0.792715548594324
5154,-14212.86920815034,-134.17219167743957,-27.183281396392204,-24.194943635381787,-11.848313650650695,5.858220273875361,5.282871763994002,-2.505989245981313,-1.4426159481613166,-0.16109187893044696
8584,33461.384109122984,-270.46266799162953,119.68792718923558,32.51821429849036,-48.910308161603126,-56.27248135565073,15.895337585499078,-5.436999304169875,-2.9738769557708116,0.7194698416122352
6583,20665.55755543406,-130.23243635263282,38.139862762323446,41.09996305104121,25.675668655003456,-42.04288642839481,13.588675512699425,-15.583558939087169,-0.7958024067120055,-0.7540241882564311
3433,20665.55755543406,-130.23243635263282,38.139862762323446,41.09996305104121,25.675668655003456,-42.04288642839481,13.588675512699425,-15.583558939087169,-0.7958024067120055,-0.7540241882564311
10486,25171.990533686272,-133.59683784281987,-155.42939394103942,61.8930172491047,2.83573650660016,104.02851557006677,-5.744994989871699,-32.043972702281124,-3.3423882380363454,1.036031528874494
8687,1199.6491359983775,-204.71808587406366,-34.88444160431317,92.29082966969511,40.38609558850723,-9.57686591909983,1.6535181925539462,28.8324773839423,-1.0152160908178267,3.1833723611486056
7842,-15907.648329167903,-116.87215043782783,3.9990694883927915,-20.04500885833291,-11.372404151630256,-2.6135053968194595,5.396563399723348,4.2468184548139085,0.9527062068093972,-1.6233582615214939
3749,21961.08711090662,141.36962556837813,258.73041211525907,14.583320686667776,-93.23350777438915,-6.722961320294665,6.327843597637148,3.042364686833084,2.32664422811467,2.1663439705293857
1331,-16182.765727892263,-121.84479882372398,-4.956682313436062,-6.539677491626837,-22.23644345474499,-15.052563150722882,7.978301771895552,2.534411240290167,-0.5236722631710062,-0.8179301443548095
5995,-12418.502467105885,9.327465896523279,66.69169746161856,-14.560273376949496,20.323304410959167,11.282480967956353,4.7140631490727145,-13.517058633638205,4.715352071702686,-1.7758342531134463
8985,16350.23197587885,293.55899600313097,-181.60250929392683,30.74291706230593,-67.65659241875693,-38.3783906800722,5.104350072656615,47.10485288767292,5.09736859004826,-1.3174737650482786
2798,50190.757677360656,-162.05247630538014,-361.9693284420666,34.31651560934684,-50.266373323061096,72.00120305644863,9.571364003284508,-84.3285978133754,-1.410142828903485,-0.6524538259258073
7108,-581.7829920234653,-114.52969371011005,-95.6840324093306,6.993909915490944,20.08197012541377,-9.822427319909664,4.783395161704981,12.170869066602268,2.0829279553350624,-0.881540605732531
2781,20104.754290001627,517.622573297811,122.172401265625,-19.328892805588865,-55.40338394645401,-42.21020233682949,15.015700528633502,-17.27380149231483,-4.130128076328326,-1.1691086753868376
3623,-30296.678979515273,40.27291643723535,62.204677882288436,-2.0904698062877785,-17.999471842093765,-4.766464090941085,7.7273607120640975,-3.374981190459585,1.36382484803811,-0.485930034992065
194,-3967.8097591924816,-261.73925564518703,-80.51082094176718,-34.27445726264606,-5.182708658573054,-3.5389139258750255,7.593641409104208,0.19651748939790714,-2.0616461313250083,-0.48527677557653526
10833,13139.910417667561,306.9051505211818,-205.74434170819657,-59.82459143022634,-7.185174033887943,-6.937712321472512,4.879779551316723,14.504700432133063,4.545300798938804,3.4571201675541996
2315,6426.222098775921,-398.675222807577,-126.1138414369631,-8.145335247970067,3.996639645377396,3.81739722125537,9.38058776669753,-17.03072527319042,-3.6591402302863383,-1.0952702536597947
6336,-22657.264048371577,-44.0736937379711,19.401100294300647,-12.157933835798492,-12.7836599119608,1.7084546034204553,6.691350736294723,-2.418737422325922,0.5744548541008943,0.7201904652656239
10738,-2584.6896658608894,-260.2366419827461,-83.40720613654364,-37.16242585868047,-3.140933318463972,-4.041193344873098,7.517000173263966,0.7903754486407042,-1.1569240378142016,-1.3154374612909079
8286,-256.2794683941611,-232.1159132848224,-109.21967790577182,-39.711672443427645,-1.6918398874149503,-2.9452236541239225,7.155192011960736,1.7877468292931749,-0.34127265340746415,-0.9204843994600873
2166,-5194.880282772137,-259.1469844468949,-80.00945278430171,-30.909955554468123,-0.002546778290014373,-2.628326807967021,7.010919803411397,2.249100960688846,-3.841249706941107,0.03113503441490373
10691,-23452.24832953027,-36.868446170244454,19.116042515760427,-7.906173921424716,5.123785101511277,1.6998333617097428,6.043435558827774,-1.0229295678689505,-2.621111985935868,0.020677283606546304
9739,-17595.10947023097,-55.24118971173482,-8.918764956195076,-10.259449437931789,9.554217298331785,-2.242458254641293,6.613286918197723,-0.786879360466072,-1.502950775772887,-1.226569506531633
1829,2997.093109061294,764.4097230573609,-302.46353701647683,-59.94818512470061,-8.99042770582184,-4.6374356024649,6.267538850296255,0.37305751760733585,-0.8009454269768472,-4.127303672581489
6260,30421.19962680705,361.16905438182647,-11.70648109569484,141.5348040364374,14.454837030981636,-20.776743491481028,16.333625682702106,-51.25963219640279,-4.484829009669055,4.441096670533896
10448,-4973.4520607919185,-85.81245796389265,-25.821807050187857,9.278309271915825,-17.523320708649234,-9.541292095930803,4.259958610792204,25.384670851703998,2.832021654341135,-1.6574664971579596
1343,6583.5589368985675,-36.05797657211241,-142.75744102212164,24.54801959597705,35.7518995121882,-20.72552324419268,6.7621260043771585,14.377370354988908,4.027799926105731,-2.5363488525331617
4749,6583.5589368985675,-36.05797657211241,-142.75744102212164,24.54801959597705,35.7518995121882,-20.72552324419268,6.7621260043771585,14.377370354988908,4.027799926105731,-2.5363488525331617
531,5371.401198066531,611.2113211122337,71.56499261369872,64.02666491138127,75.84006886922148,-12.457070678975661,10.459495479017832,-36.73361539896675,4.037212187146654,-1.3479307159144875
6905,28715.152148323003,-319.3007783431257,292.9035307022574,-70.4400784130853,42.637413277992074,-1.3395613696764972,2.3509648598793476,13.208342673324267,2.9600722017770256,2.558308730588349
1045,144.5478806989122,-203.39652261183574,-22.967505087816136,-22.146705620316563,-2.257583172158043,-18.81867200218733,8.696852286975975,5.651531269655024,1.49474399294425,-1.9243379736393669
4012,10256.00688609435,400.1162217743813,41.540126405004244,-90.07019995087119,-2.2217532952967964,-5.617268323807666,5.829269374806103,-0.6754077700328551,1.6299406271038004,-3.136324418517381
5529,12043.074535060026,-77.32919063752303,-222.7049365255539,-57.27871444912816,-2.230088373410176,-6.370258205990451,8.654624872603144,1.9261650038187437,4.699575241929866,-3.561964239892186
4001,12043.074535060026,-77.32919063752303,-222.7049365255539,-57.27871444912816,-2.230088373410176,-6.370258205990451,8.654624872603144,1.9261650038187437,4.699575241929866,-3.561964239892186
10420,-5582.458065770879,-159.17435845278595,-33.824723851446606,-12.275320190788833,19.14915237859408,6.350119011887016,5.217353978849758,5.645781710459657,-0.4694304126889959,-1.7586394888393162
7723,23541.20443148713,157.84113217010264,13.460525840917967,46.26945637733231,-27.14859772833647,18.427712245914275,1.679436021353439,15.78470242846939,-1.0547648811466388,-2.853790596139519
2963,23541.20443148713,157.84113217010264,13.460525840917967,46.26945637733231,-27.14859772833647,18.427712245914275,1.679436021353439,15.78470242846939,-1.0547648811466388,-2.853790596139519
10634,7439.186905752729,-300.3039950680913,7.457748175885854,-7.881638758563473,-27.516200846260716,32.37413505170903,-1.0979317879539963,26.450600088418515,0.9212906913084327,2.467556898513645
5180,-1356.8696850539927,-189.7057760557537,-111.00805228211019,-40.27800737497382,-3.3119355263338477,-2.879156534122151,8.233205309972462,1.1323915761889278,0.6691883830910292,-1.3114444998966723
6866,-16048.900591403333,-129.1692765696618,-13.675529114944766,-21.292339622446818,-3.8305217306701618,0.22908910906440227,7.73736211190387,-0.8671082792044924,-2.286775455539015,0.7581366785794152
1328,5966.136644063161,-114.4856779019263,-36.51625658854451,78.14294106364292,51.44293840117759,7.664637112380776,5.456899922543691,-2.5421999606143055,-0.031313830861651404,3.162540567535433
1139,21393.445935717813,503.28480061345346,-116.60514220606584,-42.71531803638326,75.65901275159499,0.9510711209338589,4.382508017553221,-1.2926079664168437,-5.635588186503613,-0.6649196529969474
4961,-30716.330547028552,71.22783251588064,66.11551036953891,-13.754869435120902,-10.485646384006696,2.7130529873205367,6.901336347076786,-0.9071100216188608,-0.05027489999831758,2.240925481921934
5177,6522.683454122816,-107.56239782076852,-134.4656033806166,-43.59922410894834,6.05326198422361,-5.5621569500200385,7.446322777103418,6.210564664490997,1.7359189823335548,-0.47321517881406905
2075,20491.859151813696,-101.02829299780052,245.36821328305643,-68.78397972444557,-18.40031581486134,-35.167696197743936,15.125919274418933,-18.76126613372447,-0.9976395757943255,1.7120935803045394
3428,16719.82891089504,469.0214065664146,119.73181562096458,-42.68188401230861,-15.933072828001206,-49.62547270635142,18.341610573928648,-29.41334898870663,-1.8251454655627803,3.2677681937348684
4500,16719.82891089504,469.0214065664146,119.73181562096458,-42.68188401230861,-15.933072828001206,-49.62547270635142,18.341610573928648,-29.41334898870663,-1.8251454655627803,3.2677681937348684
7369,-15013.726153387826,-122.96373238463224,-11.341706992168639,-25.06585873442776,-11.262446237289243,-1.7677239550656456,7.171700956800706,5.483870647251404,-0.26052219611451477,-1.1970356372523518
4381,-5508.930554782564,-99.6117201749712,-72.42841745352283,-27.497626378614086,-5.82001749310553,0.6310157976056026,8.323782081896134,-4.371899445550927,2.7082890673099556,0.38370663254751314
9964,9852.304896555695,-271.72345809199345,-81.51014021298056,12.228183246901938,-26.21129872837194,1.7576296601488812,5.282765493179497,18.56339967331955,0.6792580117973017,1.8684499629448532
1630,9852.304896555695,-271.72345809199345,-81.51014021298056,12.228183246901938,-26.21129872837194,1.7576296601488812,5.282765493179497,18.56339967331955,0.6792580117973017,1.8684499629448532
5012,-23281.308972692153,-44.59869122099474,22.94217255699192,-13.034381629027045,-11.339478087593603,-2.018510666769829,7.342363505002659,3.3624237526065333,-1.339390942681372,-0.1978207502071272
6918,-23281.308972692153,-44.59869122099474,22.94217255699192,-13.034381629027045,-11.339478087593603,-2.018510666769829,7.342363505002659,3.3624237526065333,-1.339390942681372,-0.1978207502071272
7822,2087.50490663854,-110.19344579629984,98.13184635787383,16.775782970914413,-1.087521028499598,54.82453976622681,6.715647896666141,-52.90498413212869,0.24308984371668263,2.8315000704623188
10156,32225.277994404358,-396.81788259054093,212.6564843238,151.7459962026149,33.70657306346154,-108.5320749506068,22.661340412385726,5.100070046450703,1.5379996710013941,-2.4442970490947777
3033,-13351.640627719607,-49.50551390630642,-11.88690118511252,53.369682978099085,33.46072171045283,-1.834205947132173,7.5571464716066785,-3.993438712334015,-3.914817646904108,0.9926280647015471
4119,-13351.640627719607,-49.50551390630642,-11.88690118511252,53.369682978099085,33.46072171045283,-1.834205947132173,7.5571464716066785,-3.993438712334015,-3.914817646904108,0.9926280647015471
11110,-48468.26651389841,254.92348296619116,137.3721981672596,2.010209369063321,-16.361108706836045,6.935429037559784,5.600974700597057,0.7583701451847542,-1.9788094891111454,-3.2878854220656777
332,-4228.6431184836765,-80.11450432420264,-83.77182216870756,-28.468602118089674,4.696766285975372,5.367766811402321,7.337873102608853,-4.591343800442125,1.2335285092172885,0.7240359537650232
737,28402.75065838809,879.7752423370328,-100.00119777653757,-19.26379973439317,-61.26734944879989,-14.286854618915177,3.8866863115615544,31.489502230708577,-7.092641177534722,-3.5551056113814266
10319,14339.824513738247,579.7788857557148,-308.28408687309604,-32.54652065932107,11.099593657711011,-4.6721083183217775,7.116092141072244,0.7832129963976016,-0.9746811765680627,1.7919618553541734
2683,443.9705241843694,11.170643138092885,114.7208614813442,71.95239357096486,-33.79048291991727,58.95753327015342,-4.904834022279047,18.780110097386235,4.7754134826312935,2.7659764158527
3445,8743.233208216305,-171.00339247255368,52.89348012427486,166.5649714990357,17.624093529645663,57.955282187175776,-12.24431496476771,62.17001340672863,2.1155516327233794,0.6928941493514085
10913,-20587.577623460085,-79.41654910297325,8.08890585622845,-17.06412531522667,-2.3724803074416627,1.7261175342290265,6.887912413113874,1.793816830125646,-1.8994168624310612,-1.1186066974813187
4427,31290.092702553564,-63.61184401676053,209.5421272792759,-45.433747148998506,24.85824049756328,44.45379487459088,6.118090227826372,-48.31643177003899,2.144854352480449,2.2446948847052735
8717,28465.940082274843,540.2270272539661,-37.66741086155045,-42.98186832133103,-47.735830457760656,23.990209092801905,1.7784822817014216,7.563514721069428,1.306199545211685,-3.338952175024847
2066,-13149.484095369407,-103.61050838829459,-43.31492676822501,-12.859702585835048,6.194413207352234,2.60735658726899,7.6843487829510195,-4.176781316649052,-1.8884996274947872,-0.13582707526493243
3340,-9956.133856808025,49.14881565975898,0.6264600567292575,-6.5378680971029235,23.357093787507758,9.975377980238829,4.605851943692798,1.7198329693929875,4.7653828752906495,-1.373854842541217
8685,-9956.133856808025,49.14881565975898,0.6264600567292575,-6.5378680971029235,23.357093787507758,9.975377980238829,4.605851943692798,1.7198329693929875,4.7653828752906495,-1.373854842541217
4149,24174.565236328563,81.50662829429172,288.5073617402558,-110.5001302598531,25.822408699835933,1.214305150210283,-1.8656478369007417,46.85336651826941,-0.7643362163396397,-0.44620023785060337
8726,-10259.398316757048,-124.59902760552944,-25.8056524336142,-10.42637594063994,3.932272799355463,1.767267670592372,8.139907496869355,0.2548629578614001,1.121270872609105,-0.6082142173327556
2295,10701.281986912145,85.79594394870196,-169.57438691498348,24.958892010917957,-40.47402154523391,-9.673411435235684,12.391733380183766,-8.81409407830553,1.330082597076503,5.6999952069777
3283,18959.35310410586,-334.55052439501327,-112.23129628293177,197.88068133146444,27.312896374655296,164.9355602203876,-23.78115862541417,38.720134544484935,0.42549502875379464,2.6615259992661104
1915,26972.997869403174,177.82785483910885,-143.48834181998345,146.14780538696783,52.50908423761296,-57.688371232321686,4.394842682242732,72.97702165969623,-2.8455695431524957,-3.132586395536875
800,-7461.5485440661,-220.49626188486906,-68.15133674777712,-32.811101752906055,-4.505285849674065,-1.6700373424561314,8.843672627413646,2.6035195112378027,-2.1835600274817857,0.508006116915384
9166,11997.030450427781,-62.94659311361397,-91.23415577560314,109.41188901976145,56.83858685305709,3.521486394338705,0.8552186914498918,36.36329065458786,0.08969893685599573,5.164294822724088
5147,38873.93377366844,-13.586008939878695,-311.2240148048577,149.04837080012683,-95.94616449122506,37.03946285151615,16.36997327523035,-67.69272754417464,-2.989381175374511,3.4735365902635715
13,-26613.93787813426,7.749310944611466,28.03824647968409,-13.051723769179322,-4.89722873250034,1.7909188422156885,7.9188282285091205,0.7789943488506044,-1.5480672932623385,0.8851328214405689
8557,-4.335921976213285,-319.05940323450733,-87.060884901505,-35.849131462646895,-0.10749462657532405,-2.5352038035803757,9.042050634468964,2.8952368119194727,-0.9580087035919256,-1.1677716247854173
8724,-23405.173391290347,-35.432403642151655,30.515899039778844,-16.219033949823647,-6.554152450656563,2.442066385532833,7.728537244932461,1.8838170535870304,-0.8430867068017678,0.3147017943216093
9381,14401.850953322253,-158.1266686413024,-121.14173775696165,12.333067759723942,69.01838112658376,1.9522107881676412,8.408550775397934,-9.912389897726078,2.3701357833552255,3.302418145487526
9384,14401.850953322253,-158.1266686413024,-121.14173775696165,12.333067759723942,69.01838112658376,1.9522107881676412,8.408550775397934,-9.912389897726078,2.3701357833552255,3.302418145487526
3560,31879.303841893925,240.63751945229808,-103.76837536211602,55.051837284346256,96.48710664185984,-28.883105361690394,10.96171878886863,-6.010878617199701,-4.00384925469236,3.616115953761409
241,31879.303841893925,240.63751945229808,-103.76837536211602,55.051837284346256,96.48710664185984,-28.883105361690394,10.96171878886863,-6.010878617199701,-4.00384925469236,3.616115953761409
7521,31879.303841893925,240.63751945229808,-103.76837536211602,55.051837284346256,96.48710664185984,-28.883105361690394,10.96171878886863,-6.010878617199701,-4.00384925469236,3.616115953761409
9799,31697.361511553885,163.28316871853056,-292.419114219171,-19.76029922598598,34.09067450760519,-7.004424048632907,8.609906738579404,1.2740400361555135,-1.714028753524909,3.2436364180660013
5123,-24521.72058776698,5.95749268062923,34.7603119369694,22.781877038988362,20.317278184505497,7.508336291663705,6.257382628873977,1.69338047882162,-1.7931062021005815,0.049696206602005244
448,2909.9430051881645,-31.78623545538403,-30.508313802751672,112.40380491975228,3.9548475399531533,-2.4813815386167164,3.841096076458335,30.21234188493629,2.3110632775925577,2.819292244738356
4837,19355.926485857053,223.68047056484036,-125.90082129608189,86.25002473836999,105.55380159851583,-31.640368333883742,7.86624103352041,16.371514084511894,1.5210225104639372,3.7822309087514236
9365,8037.700202997767,637.2914772594672,-155.36544689788636,-90.34392209549607,-4.452357011148802,-6.763371552700473,8.279280633538207,-0.25093431197395155,2.7624426915729376,-4.127920240275473
8932,13212.500089513509,490.3469695313355,-165.09428377693692,112.83514808931447,-99.71961083180094,-76.89416386011283,28.295254992516732,-37.74433416623728,0.6866964535737257,-4.669520088631618
7055,9044.793128195299,438.4408503076379,-280.0852682593021,-25.78971159010526,38.95926649855592,-7.660788755093269,8.461039060279717,-0.7654458247661751,1.4371438274029567,3.024226416374654
3537,-20883.10670469035,-44.59605364101765,22.692661909527857,-19.21595106215984,-8.96013877184571,6.044593294278287,7.771413784752298,-1.5008286391473789,1.2714503279951401,-0.41192669778243074
9081,-31453.66564045422,52.111587325054785,57.03977316390569,-5.101708588162949,-7.613486892063657,1.698525194776664,8.905787226686826,0.5743671080653119,-2.7615561776272513,0.9532721467848413
4988,-17503.602878287515,-99.26868196642243,-2.3737761824063455,-16.464082442957928,-1.0568244190004101,5.60719110001335,8.16845741478702,2.930500227249043,-1.3093352167587993,1.7999208512958504
1050,-23640.16010970403,-31.047642469816992,23.968476007091965,-5.098233541693776,-11.129653621726995,13.313792271178253,7.483384123908365,-0.0723560506890859,-2.2185510425452506,3.0937229220151163
5610,-18516.718179722586,-100.88731293674653,-4.232235126750055,-14.770485429024966,-7.955739592284875,-2.511334688778194,9.723979188126705,2.4306528876191216,-1.199102780022792,-0.20716624884649715
3526,-13529.935906136103,-138.40207447412757,-40.606291890864696,-28.763991580326152,-6.975519690889573,-0.5789437938175525,9.66171372413271,1.7425969346132586,-1.2850935162419912,-0.46985892082808256
5136,13365.125764012824,162.98913934617403,-219.01281862052352,-50.74337851915436,7.157527984919554,5.721222351730916,8.662254135769267,-2.2294109537449334,5.017166215190668,-1.236611989378118
1411,30650.109683538554,-451.548455369421,-71.25205816545514,178.59224002207782,5.561825399144038,2.167009805813274,22.626657566894934,-79.69794761426667,-6.164482998557762,-1.6691823458050647
701,21724.308632533066,150.12311909757761,-106.4140101886625,12.237880527058305,-4.529746949625649,-23.235322944339213,15.504660823581744,-16.896197647425367,-1.055757149055113,0.6188983765744407
6203,22520.294210809574,56.24916461122322,497.3326866314835,23.143246827252295,-58.74949980478322,-23.2347117782286,0.8554454797541169,69.61921592583782,3.370919685913723,1.7941753117062258
7192,13775.152553494001,-308.7262226158587,-101.11478514267537,61.702266679048016,-59.77786188521803,20.462273799941087,7.3250930874356825,6.227093978419099,-0.7033635527482378,4.431275366923156
5181,-27605.045565568693,2.617988842530224,34.53574285500888,-8.364236740102477,-11.125224420196743,11.482051923051067,8.016453758571167,-2.1368355922779934,-1.6119666718928105,-1.1845578208767806
9220,39735.68475905272,-48.306589807538785,535.9192439813372,-30.4255798217908,-67.76477697613002,55.21660194162061,-9.058779511339615,54.026535509916584,1.1135739132820035,-6.088287789339869
7734,27273.80473395955,-162.12756580219144,-181.31095291359438,247.2855214474095,37.48601056729488,-57.15913076382617,14.838148991217757,22.38839265569601,-5.264087576795176,-0.1496820029619097
10446,30045.223714642154,-425.2655044853679,142.2588283036602,-79.75440032463548,18.56991648110308,-7.204835607217928,9.693425301139285,0.9577493606478029,1.1338317757121965,0.6392940182901645
5524,6174.250127954139,333.2048578136559,290.0482548625703,86.45519756472432,-49.97774919317412,-15.561158748052375,11.108641641391458,-0.8220390841319567,0.9874689506864351,-5.8748281117577665
3830,7382.716150303393,-117.89997776759202,-123.20275693285399,-19.468249988964676,-22.713599131631284,-10.706938628051308,11.81454936536413,7.6297150478374185,-0.4226112131618889,2.0009833550583656
5186,6514.038494635453,173.912894504037,-145.22081710846706,-52.23516094536283,-16.896866395947804,-8.678295753887825,11.750327388988758,1.308370467800371,2.6928731273186326,1.307539569605901
8514,-22494.39998036319,-52.716602321224,11.758220444417276,-18.8440437067843,-10.567935694144364,0.3945114543478625,10.495771139062846,0.6758843041271838,-1.9358119442687265,0.7210512752589389
7165,12504.063029186356,-71.85470535081976,-66.41719671906844,51.94792200453238,11.93033877396287,30.752894941802403,9.841390172985747,-28.305271055362358,3.0050491731078655,1.3243385151173577
10236,-20812.31133288734,-60.990389585390176,19.898674611210822,-12.412206961889915,-2.1681395405548045,-1.068338844623214,10.244079826915467,2.281841510729601,-0.3435813506306431,-0.7793024264388277
2392,-11651.817242042925,-144.90654164076523,-35.441016859058976,-11.295372748256902,10.239811879438125,-3.704209127987415,10.469853659372262,3.5920484009706346,-0.27291976618736147,-1.209046497184251
1920,-11651.817242042925,-144.90654164076523,-35.441016859058976,-11.295372748256902,10.239811879438125,-3.704209127987415,10.469853659372262,3.5920484009706346,-0.27291976618736147,-1.209046497184251
3673,3270.120005011384,42.49440332348462,37.759241144027925,12.993540866559236,62.19065356931744,0.502038657863938,9.218014340491848,-5.672764005889909,3.829748890680392,3.611355710067708
1453,5547.437664122961,357.39081283284446,-100.57302822196556,-14.31021660550314,-27.463834172148683,-6.3994672253191025,8.778701780060736,15.834137514720965,4.89132642218874,3.3181466094678402
4518,33721.72396737752,-315.3723029318401,-137.20551399605412,181.86837957118595,-78.91234450290136,38.71927909719822,-0.04158779230086651,43.89572147426013,3.340525247100505,-1.6700316571060423
8969,19887.917536316512,49.546419735222514,97.3080843319261,-58.399824455360125,-1.288224673809463,77.5277570936892,3.7961780296822454,-41.8819108838707,2.151287070412401,3.0743475382371357
387,-44470.45239027433,213.55182001912863,128.80427176053325,18.70176540455012,-12.54367845548996,6.42294153193,7.097088690083098,11.245066038847526,-0.7421452891263893,0.7973537614399149
1079,20004.12794805839,416.33673544776684,-341.9486521893475,-81.95936575503438,-10.367892979073853,-7.5002804214004595,11.323183988381736,2.136070618690052,-1.2918271147970994,0.24970176314753267
164,-22996.927451156385,155.39653567505397,11.09771482262471,-20.6016725566879,-4.951737380630906,0.6439668759405068,10.077274714196506,-0.7581491030295329,1.7649100155271036,0.08271416759956463
3434,28904.620756603443,-88.83675211813363,214.44532085021353,3.28683053779885,42.22948857579254,-35.068432682921895,8.900299238177404,37.13918501544468,-0.5871481182826717,2.7568398513599726
5721,32151.947941547027,30.674876125771277,343.985619107356,-86.94270622295204,-3.2055549117239153,9.85204119537777,3.8429240010019257,25.24009979899896,0.4072383711190408,-2.1363953020844217
8418,-13232.107457875245,-163.07969013747515,-23.045967345431308,-12.326215974712671,-4.321887830858923,2.7008546492657306,10.548692882755361,5.373970942610459,-0.6470338582242414,-0.8997635501520227
5300,-13011.990701367511,-153.46862171384134,-25.75566827411666,-13.514112962973236,10.284322557716134,2.2032241077087935,10.144940189868713,6.123280093405583,-1.8117026204913014,-1.4310714929560238
10424,23952.82629876946,-241.21963535268384,289.5318414692914,107.1991990914125,-53.12527320037187,-74.03447275953191,11.827598979060532,73.27339921908131,0.1559941757693437,0.9293152682677541
11171,4990.829797882274,-92.6096043334469,-116.067008876492,-35.677791152526964,8.7764522920133,-8.003062058144737,12.62394533620403,1.013402388528661,3.8470298081347742,-2.509857333245053
1600,4990.829797882274,-92.6096043334469,-116.067008876492,-35.677791152526964,8.7764522920133,-8.003062058144737,12.62394533620403,1.013402388528661,3.8470298081347742,-2.509857333245053
7851,18193.07137398522,-333.97609647664086,49.14145686811271,168.84659950695914,-50.036622827068975,3.0966108681788214,33.26168579614301,-129.82672208259618,-1.2305339035512848,4.480065021344034
10701,13342.227282663378,259.8989231136594,-48.54315302601921,18.994861588177397,-59.98860832728797,-23.177857978787657,24.861197433859957,-56.66650514998044,1.9521340385891612,3.4219974407459324
891,-22674.444400224107,-53.55408675310446,8.080732351014007,-18.92846210912691,-10.05465543064685,0.5231642150964764,11.37179825910686,1.5315405097638077,-2.6504331600644897,0.36049294456034886
6912,11277.686817783011,128.6686369161413,-192.36027405432398,-34.804921852807475,-32.0309775775807,4.710539148790953,9.751561753154284,10.770892622281515,2.1232370277507293,4.441070316962581
5967,-18570.436889928475,-79.68283677942185,1.2085442994290645,-13.488455651874784,-8.97061150689,-1.1016907243165852,12.001756685860599,-0.6666945503480957,0.13613456045443328,-1.0995836425137346
2109,44876.480870427025,-242.6885481338507,505.179468572391,-148.81636214233677,28.868353950474443,-5.259740517223969,3.2604482105864676,37.843698961323554,3.288307151595733,1.0186963098539366
6292,30372.785268984924,655.1970881789418,-174.48983505690282,-73.2367195969082,-40.79076938805993,22.325041111756647,16.307538083592718,-55.54569632871224,-4.410405002281054,1.8914446512653136
8537,20676.77169341514,49.727575116548735,240.46583146517455,23.630515748974005,-43.85108816906236,11.81418723679748,9.871702914579643,-4.504947515361013,-2.546557382357403,0.1225020160391388
9576,-19658.439133342563,-0.4555038422501525,29.17137032153957,-23.876026020995347,-5.157644105289647,3.596233079146554,10.48070236385005,1.7527508621691208,2.036050324599028,-1.2923667194895465
5935,3316.2100366103405,191.24341006124956,-99.3262673253962,-28.045442090554356,37.647731980118046,0.8585115833734773,9.903361869257559,0.6640318576562958,1.8816054182164024,1.2433998210349477
10264,-36684.224632607664,113.1949385092538,86.18650515520618,2.6171951105755857,-6.486812494390923,4.741034637128424,10.322928480306615,0.1399069080133568,-1.7155672667937072,0.2102869333250008
234,-36684.224632607664,113.1949385092538,86.18650515520618,2.6171951105755857,-6.486812494390923,4.741034637128424,10.322928480306615,0.1399069080133568,-1.7155672667937072,0.2102869333250008
3202,-398.4942059729874,821.1915774753836,-300.4103257289296,-48.298781739764756,-1.8466502985843611,-3.4099021816177935,10.88157716154089,0.7537436459108111,-2.2614206187718064,2.283304525804586
1103,29970.24727295943,821.0227922059614,-284.1389216484039,30.70720318262924,89.57626604088796,-22.989785609834342,6.185791585778205,34.27746915297118,-5.441384980334598,-0.12377039449439886
610,1622.7517760024784,4.704010975340793,-110.13400508866707,-26.515284194789626,22.297862194093284,-7.166336682375886,11.628736380072972,3.10384291476179,5.302273833812253,-2.3588264732651645
4480,8460.8478528712,-76.76016651040118,-209.75285418874208,-45.09460121744333,-4.337117045237482,-3.840770582236164,13.267916775369073,2.9465884309009756,2.921173145295308,-2.203629150919559
10660,14754.304352636536,-163.21213483841308,-218.01622298635286,-31.899898335854356,28.791072423300186,-4.791837642838264,12.156171038117925,6.998475971241859,2.16662302422972,-3.835742087128013
9353,10482.31636998189,100.9713520941371,6.4321098779327315,3.971821642311958,-28.624448950373655,20.14968307848129,10.376957251486829,-6.531099280464828,-2.0961654764856323,-2.051399016658392
4120,-2458.549445983066,-197.0501282551421,-25.182058575089428,61.41435749134895,27.343087760469402,-14.94345511006769,11.740054119536268,17.52259186886202,1.1461636811660796,-2.475580470928409
2836,-8704.575336988695,-217.96264011374075,-58.24938156594257,-32.27365771529952,-5.1283255723190635,-0.7819748331366565,12.687628965322986,3.1981498699928075,-1.8860465506274373,-1.8767385712703346
9579,-18210.077581445315,-54.52854709660858,7.3006715701332325,-18.095046445968222,3.394045373275908,-0.67693378276492,12.18083312524007,1.8068557799930076,-0.5087156441672711,-1.9059925785713894
5841,8926.467158616259,183.78613892120114,-124.96896017974407,-38.11361155577019,28.455670577147274,-10.535780373497156,12.397761787447706,4.423084112042186,5.353881797765322,-1.3774172284262294
3174,35811.77169765922,752.3676761037573,-307.7261835398043,-57.91881545900446,-37.691055507624725,12.869757570254052,11.195812724545618,-6.6450019014750925,-6.568653107044015,-5.630106528209977
5536,35811.77169765922,752.3676761037573,-307.7261835398043,-57.91881545900446,-37.691055507624725,12.869757570254052,11.195812724545618,-6.6450019014750925,-6.568653107044015,-5.630106528209977
2061,-1236.4509264154622,-240.83761458545195,-105.89573128052714,-35.157771623761526,2.633319349822294,-3.041172915661054,13.15350166176826,2.3583532235462084,-1.2728523614713891,-0.08433627688077916
8477,-25822.09636331225,-14.012674334402163,35.230907831630546,-15.11803247473172,-12.302826233108215,4.508247402046709,12.01766967680036,-0.7291069951690066,-1.5523759061693658,0.3925758448408567
640,5335.640672070018,25.037925689910537,134.43107473318386,86.77877694281483,-3.826577801854791,-46.07734124257041,12.907175169018181,38.64553205782816,3.269070892676119,1.4462305541012084
3828,19138.802372396036,13.658895387868768,-66.4730524053175,207.9486215655099,-2.0674361600823516,-5.70924938012985,31.698794542775502,-114.04670318060037,1.0688793864703374,3.0839322565940686
4093,1281.304138752821,-121.69635211939192,-96.34181675544406,44.55253476660394,76.32411006297943,-9.579623164070254,12.850551966772585,-1.7281811697514806,0.9409986074025927,-0.6756279683862791
8624,29348.77209162747,-404.92627169479994,201.1003855414325,-16.34071055063536,8.098999733151647,34.20528905507365,12.934351804024885,-40.83792970647657,1.0394977480153278,2.7983352279289786
2802,35029.15332157494,-439.0714843973064,274.86076653390774,-68.24806091720171,31.515778969075676,-35.097753881960024,16.362727545390257,1.1447668619631912,0.5861944869750086,0.327603466377437
368,-11922.954919789408,-87.62252335883932,-6.478954497687226,21.75977105871214,-16.02367859234844,49.283531242986804,0.8704439978582883,26.39630572613412,0.40135568634374774,1.3358922493520944
3599,11718.309471802677,183.61420212790205,163.79414479687367,114.24764120475028,-79.03403662287229,-35.36138632528592,20.42345939056385,-10.804260134264645,2.4587484287732355,-2.30776629174275
3389,17050.961071075362,254.29991445222774,35.07402398678322,111.45588595494506,23.903850522453396,9.231623771288382,15.083678039187404,-35.42641021848196,3.145723009904744,2.3211657193027055
10710,-44470.55608067474,210.07195165570545,119.11863962345316,3.033085143783704,-13.831396608652497,5.400558249137377,10.834420870135816,2.1052825244260642,-1.6893860369476057,0.40926957266638286
7118,21838.562820941283,299.08076724139625,-21.544790066787954,52.56416797023283,86.20689574992261,4.031483967126067,2.604001461165332,38.34606372460787,-0.4060168979888159,-3.8945973824101676
4937,-5879.693435956331,-247.3051845580042,-59.65881568139889,-31.064919586948616,-2.8419067058903416,-1.44376972828773,13.905180842145334,2.6054024180102875,-1.6965878904956249,-0.8288397878330409
1127,33882.96645779487,348.0360037063547,354.06352835688256,-122.93027884027316,21.192838278380634,39.53563388100396,11.384933163035491,-47.27649168648979,-1.6027783371685134,-1.194413865108773
833,-13520.611781378379,-113.15317610127897,-36.91082649322931,-29.845768883686876,-6.12073121976778,-0.05261280143941938,13.50553155366024,2.224956374057472,0.43974470159800205,-1.2152239206645934
3565,-13520.611781378379,-113.15317610127897,-36.91082649322931,-29.845768883686876,-6.12073121976778,-0.05261280143941938,13.50553155366024,2.224956374057472,0.43974470159800205,-1.2152239206645934
6086,28428.20051607644,-94.31365518988991,356.9123872895067,-54.377753412328424,5.921579452599371,-1.0912420690504383,17.378628714131494,-35.11069333609788,2.9957428752973687,3.600791780126693
1763,35721.3561989259,638.4211953916913,271.994555781666,-19.61939402202005,-78.42881686032798,97.45421279707902,-9.427251235118554,38.58043679422401,-1.2068381786302025,-2.2760336457920314
4697,-16553.73724803205,127.187351724443,5.297126154235741,-4.882412705651773,26.60756772308848,-0.6009421635973241,12.515870966197312,-0.018955827064553787,2.9490805702245613,-1.0954781435539385
182,-7846.293772563637,51.44677617040762,-71.51934575965231,-11.292126296633246,29.20934051883622,0.9740167692159731,13.090446527466604,-3.214686232456306,2.450939390875085,-1.4779572606888554
1165,-1241.6453534930188,-53.31411718673854,-4.722811182537697,3.0702854865400457,11.623580557179551,-23.455703145434804,16.173912114558036,4.026493378096843,5.610055754039724,-0.6009247690289534
5386,42423.97048884597,410.64532946057915,238.80553205625773,23.728590070700466,60.52499338566617,-76.51156397943319,26.42858153133784,-29.260530333534543,-5.945382556946772,-3.645873300773575
6024,42423.97048884597,410.64532946057915,238.80553205625773,23.728590070700466,60.52499338566617,-76.51156397943319,26.42858153133784,-29.260530333534543,-5.945382556946772,-3.645873300773575
2678,-17559.943602878935,-57.84855645396033,24.007764839898726,20.930563038795796,21.266943413706002,25.977891150191127,10.677197074665031,-11.730672954751464,1.5335473568614706,-2.6388177812743683
5790,-20814.266139327763,-53.96791464844085,10.71265750675093,-7.471009517703464,-16.8127894898595,-7.757971474107023,14.334946619088797,4.943890245084679,-0.2898839799789563,-0.9173536390141805
236,-17134.376678456836,-90.63107488123796,8.33102899875513,30.018908352877798,4.89046873802419,1.258384039644483,11.95943395885687,8.225304374505601,-0.5490497256650855,0.22907443697668217
6001,4808.053317331425,243.80697743516518,-92.4820380997219,2.1301236654051485,-28.356527810916297,-1.051859216823508,13.312964489935858,3.2243089243759933,0.86926549255368,2.7296771504633774
6250,2389.222502588389,337.25679324305975,-234.67299312453517,-44.028856088286794,-32.35024451550867,-8.139130191454807,13.254316697706564,12.983846594110954,5.236351628838893,-1.6670402784425011
1168,20192.912556222887,-76.05292444227433,605.7188381021027,-97.4694763378217,50.5232401297233,11.414426380893543,6.254039506769935,9.271502873338722,1.9757193048762733,3.2786753280449847
10749,-43941.3852439738,283.4524322909583,165.38652829028874,2.4653727122749416,-22.535572158371586,17.40349486270539,8.98084998512433,7.1969264977613925,6.1305072074343645,-8.499098758793844
2926,3990.183179931526,848.2142916483688,-306.19515721070866,-50.980813119525514,-0.9281620966459698,4.521117660026487,12.765250610502221,-6.724433365077094,-1.9422509912494323,2.7053769149547118
716,15943.521826259544,64.02148634348677,55.6503148810241,-64.39408290336553,-30.72228302351443,-26.235211131627484,21.949241843696214,-21.120081634081615,3.413096500376236,3.502535145812105
6544,15943.521826259544,64.02148634348677,55.6503148810241,-64.39408290336553,-30.72228302351443,-26.235211131627484,21.949241843696214,-21.120081634081615,3.413096500376236,3.502535145812105
4298,-31544.676412259745,53.353774745968195,54.588375400140436,-12.938583518110732,-11.214778540955388,4.004702058575733,13.55537313507822,1.7580387028764068,-1.750337812343469,-0.41364118555300644
5823,-19669.392954372815,-61.61990398406573,-13.235003390419166,-22.63598663968474,-8.054108200977174,1.5102975167130557,14.191058121588192,2.2568792652527243,-1.4042544990226622,1.7004180222858243
8375,3984.232422538931,61.426109291546936,-191.69222280027302,-28.945117242848898,21.472030975561026,-4.713386562019222,14.755738653793173,1.4686579054371105,2.726986196333506,-1.4992884940824567
5723,-2786.144545193616,-215.34204721236637,-79.29560070649069,-41.04054694456712,-5.838051819117666,-2.319952390227055,15.076064693187988,2.816214002097569,-2.507274637189048,2.9126146807122177
5763,-2117.647835378615,-151.3571670971287,49.75581970480806,-14.914248333646892,2.456399483350147,-20.445687370736525,15.88120478307313,10.638843835581184,3.711686955151457,-1.4588073020141206
8727,11726.497071776372,171.0618083742889,52.29340392800202,-3.9240567834909443,-7.614734048488279,43.40179244806614,10.18967892592088,-21.144579385430326,5.203502786149604,-1.1346644590013737
3056,11726.497071776372,171.0618083742889,52.29340392800202,-3.9240567834909443,-7.614734048488279,43.40179244806614,10.18967892592088,-21.144579385430326,5.203502786149604,-1.1346644590013737
8442,-32461.5185778977,69.3547836723435,61.994000176859785,-5.702578409001375,-9.440420064907446,4.992417615584981,13.76334373823304,-1.0746900560741892,-1.2154599976019318,0.6875897685084622
3712,360.0223631462359,-124.74911104992049,-119.69566371178294,-41.573654117830706,-9.79302749447751,-4.857179408945307,14.948744153755989,6.182674643839626,-0.8246596425121506,1.916943729578086
10722,3622.3803626309964,-62.10033078256589,-61.15078586871482,12.581002391378941,71.01455562548693,-8.393369274612503,13.998024579809432,1.4706818656074159,-0.6183178931457336,-2.610223174762087
2406,2621.0717337911337,21.779233264709433,-104.61112039735283,-35.50489357958985,2.660828139038138,-3.6408679843913454,15.285177971749405,-1.5497864700546211,2.4565397490295133,1.5561921170814825
7313,22893.528255172307,79.41768765542167,280.7710904175365,31.789746044258344,-30.957035316906016,7.43174717530618,14.972631167390936,-16.270847581932678,1.4004449633813483,1.7086835537621528
2656,-11122.20026091631,-174.97815071730042,-47.908901722037086,-14.59208578950615,10.53177954073271,2.011070212821803,14.296383911603826,0.28851993401492315,-2.4999579043515836,-1.2416553514307553
1993,6641.9293691014755,450.6957852405375,-237.1435067555448,-63.433290194756204,-3.109371440820521,-4.615074116310444,14.519530749549808,1.7986754634535593,-1.3031827418639441,1.4916244919294694
4136,-44470.31421859777,220.14138290671013,136.74519903235085,39.82898278201717,0.8959606844715893,25.49865911065673,10.013579465545646,-2.45009105932746,0.6566527531884425,-1.2688827911660612
2928,649.053066100103,459.7207460289007,-134.23772947626784,-41.84701986831096,6.513867176394697,-5.419969895071589,15.314159058490645,-5.853559971898063,-1.952807081436962,1.194587701935582
2920,649.053066100103,459.7207460289007,-134.23772947626784,-41.84701986831096,6.513867176394697,-5.419969895071589,15.314159058490645,-5.853559971898063,-1.952807081436962,1.194587701935582
6661,15479.110846071431,265.63707464685086,-118.56384301620685,-20.121359557184576,-50.89731315731511,63.370838747236505,2.441398651795268,16.288245996998292,5.4690719328047965,0.9686224065680573
5462,15479.110846071431,265.63707464685086,-118.56384301620685,-20.121359557184576,-50.89731315731511,63.370838747236505,2.441398651795268,16.288245996998292,5.4690719328047965,0.9686224065680573
10897,15479.110846071431,265.63707464685086,-118.56384301620685,-20.121359557184576,-50.89731315731511,63.370838747236505,2.441398651795268,16.288245996998292,5.4690719328047965,0.9686224065680573
10542,-15194.60179794411,-114.90816593127533,-2.7321237992456417,-25.3714906662219,-6.130960067680787,3.377545241191396,13.792308250568617,2.754043312198643,1.1837183228981099,-2.0631080073706602
5756,-12519.856684360297,-136.49424148903705,-46.61265768631026,-29.544540721765575,-6.008085033701223,0.10447375411034976,15.542496960061499,2.66071763585197,-1.031867420532956,-0.36504105291002187
3570,-9240.570889337709,-55.66961299503453,-42.572763345784495,-21.69891794101971,7.632584323813241,-2.9511848746412745,15.664267779325016,1.5089665599477406,0.6936014829659847,0.6689046964447312
1072,-11212.634822967542,-126.66490062539515,-48.393127448774834,-29.9526796337959,-2.5350444072258256,-0.3943226588063792,15.542033936934203,2.470271356533935,-1.130270626464151,-0.40160541482683687
9606,18006.326955951066,418.0860971216518,125.23554445132598,-72.08731356265895,11.277707400284093,-2.4263201638797147,13.6339178347666,0.49073227356946525,-3.299063354164009,-0.6737462826097849
2730,28348.988278104516,-67.90601194566455,37.0867912367314,33.22097836464321,-46.74848434428449,-32.76345890674751,30.570575847676082,-57.33930036752733,-1.7825646300924678,2.908699532662251
2995,14668.48641828059,-84.50118653582035,435.6451854628407,-92.36991135326436,-12.66977913878939,-50.117607035056544,23.05582130208765,-7.675018986935708,1.1540141062614264,3.727041094444608
8210,2758.894783283453,-51.335518446745084,-167.85121138513958,-9.640030425168924,28.944138256370707,-1.053176089516493,15.57312921825168,-0.6992494030854122,1.402281053447716,2.4411875640091343
773,-9133.817219385739,169.9326986511239,-45.067590158174994,21.357514582869644,56.31273359331501,-3.5804235042933197,15.116367773077002,-4.507032949165973,1.7859639211360374,-1.8867426058708592
5272,1873.1609030759937,33.55761283231533,-105.56264663513517,-1.8637200532337843,38.391037433730574,-14.102909509122044,17.534609135947036,-3.9835549049966126,1.890875076495833,-3.9635025012015666
5125,27562.843607049712,-171.40774828531926,490.84842318541223,-68.01391939020374,-10.194994958163443,-63.16484979956164,30.064150123300237,-39.530479284695346,2.626355727407727,3.6264150790722818
4391,11873.228314573556,168.66052122104549,-194.85067877304905,25.88843606668974,75.4110595608883,-10.43512622744075,14.690362451768102,4.404801666861548,1.6661346141907565,0.5662247947325949
6283,11873.228314573556,168.66052122104549,-194.85067877304905,25.88843606668974,75.4110595608883,-10.43512622744075,14.690362451768102,4.404801666861548,1.6661346141907565,0.5662247947325949
3421,11873.228314573556,168.66052122104549,-194.85067877304905,25.88843606668974,75.4110595608883,-10.43512622744075,14.690362451768102,4.404801666861548,1.6661346141907565,0.5662247947325949
5731,-24872.10180175024,-18.422689230396088,28.776086016244065,-12.963353417418283,-3.0984863607867297,1.189450160601259,15.050336237856698,1.6359030477825751,-1.7225604189398753,0.4303075023072953
7152,-24872.10180175024,-18.422689230396088,28.776086016244065,-12.963353417418283,-3.0984863607867297,1.189450160601259,15.050336237856698,1.6359030477825751,-1.7225604189398753,0.4303075023072953
3919,20349.585588688293,539.7997679136038,452.86482483457905,-151.90828118941616,-3.07494971421297,-17.819483722638264,19.806555243607377,-30.88503237286597,-0.4601251742140109,0.43704276695497324
6097,-1306.1101888295962,13.779504610880338,-59.918150807322434,28.627196254805263,86.00713053050052,-4.74285310827712,13.983444163485004,1.3120887770837442,5.949708906302545,-3.015491288603835
5150,-31777.646819617326,52.919121684934,62.14366495939156,7.129786009400301,-9.598108296511798,5.87265991060092,14.86138517894073,-2.1026502251405237,-0.936591508394768,0.773007350697029
10479,24652.077469421958,170.31110449017686,-72.85241721353012,116.91777953674743,-0.254287214282666,41.64855600455699,20.34247633689307,-74.21383894684335,-7.233611212964677,-1.4975419620198842
5966,-6764.638737145033,-52.14682100153425,-105.36230766866984,-38.20818473652273,-8.112927774727764,-0.9575422029136539,15.6982492457294,2.8469637615233516,1.7088094019932933,0.8554790214093195
3439,4748.17350683119,-227.39212101348136,-121.67986740909808,5.5661232854971985,46.14078192723918,1.6316270338523406,15.274681014843736,-2.7182002866903847,1.152369212332081,-0.9949336125403061
6609,-24934.0565769787,-24.692820879514557,47.90484214650424,14.199615374827147,-18.229022424690758,18.71004647125583,11.6469780222778,7.533101515365825,0.05556103889464303,-1.4014091163771942
5393,-28208.752308348518,30.317551865487076,37.11278327272895,-8.935987572318204,-10.439299496016309,1.195609018425183,15.347649651544785,0.2195649202628953,-1.7366386045253481,0.593172727366083
9014,-14887.658033769025,-112.68049805584292,-24.25101420607254,-26.43293175637535,-6.375894854223965,-0.11925121486724377,16.406404782423394,3.213245562784083,1.2949112267851586,-1.743792044479628
4050,-2368.5620900684444,-257.8935633952644,-71.71361478124669,-17.8866281284224,-12.488666284572789,11.049522632106552,15.208846204799443,3.0472524004030035,-2.1307248340744263,1.1113825230907133
6862,-50240.10778794596,275.90835006867496,148.58219338463374,4.150322483513482,-17.160822002410768,8.779460871806043,14.373719673111438,1.3787913934876403,6.7811179553071685,-8.222885433967562
8315,-17148.874258007032,-120.4710320845727,-10.318820842648563,-22.152961359774245,-5.936663058628312,0.7367464884905435,16.140827694021183,3.947989509207229,-2.4338543969384987,-0.40526863001299107
5184,-17148.874258007032,-120.4710320845727,-10.318820842648563,-22.152961359774245,-5.936663058628312,0.7367464884905435,16.140827694021183,3.947989509207229,-2.4338543969384987,-0.40526863001299107
3643,11239.587945418723,289.3557260003325,-195.70013098664262,-53.50548936299489,-0.8455327548174054,-3.640048490872771,16.421332395424287,2.5359178457080347,-3.623236644848545,1.1375766358833377
2589,-25212.90195050587,-1.028264196747898,31.60965684016591,-12.16768622778428,-14.649300219312194,2.892726728310957,16.132938210410572,1.0299386683236431,-0.8733931685890957,0.3934343497792834
4887,3437.5523270527556,-360.20129864109134,-97.24073194130361,-32.538323600301105,-1.9547433004474684,-7.22467894937469,17.707294537567194,5.601061265021372,-1.6484872452571206,-0.868862668197182
10104,-18382.838978168133,-107.51809503201565,-13.23302968773774,-23.059303124875086,-6.875252280115637,1.5013398194609795,16.24594802607028,2.625117252924941,-2.0619435090659035,-0.8498247129082435
3254,18916.331730636288,-110.36030077433077,-32.868258704582814,51.99942084761351,-46.5157483503984,19.530959319748124,15.120421047416102,-3.4875369569576984,-2.8261730852226177,-2.471176694858424
2004,20711.599079986467,79.32331212262292,-66.44698334443828,41.338452592892345,-48.95615321459307,-24.685464951629903,21.138255684441503,1.2355824005263454,-4.007548721182339,-1.0160442988645233
6142,13105.556840990132,159.79035242889285,-123.88074013501009,-35.7190183715338,-38.27807642910997,-39.40572438026345,21.866303156663534,9.790499329473334,-2.3306739310618214,-0.46382705044619765
8553,-7673.433130067075,-210.42618493683892,-65.6601516896292,-32.897718859157536,-3.3627987393442336,-0.8523697086705421,16.796517221394282,2.979355221855146,-1.6012780966806188,-0.38936569601224846
9805,4158.778867948611,-40.486677324208074,-52.48203891900593,26.325774666031222,-15.887870805317068,40.8342709174096,11.40171952385328,-5.918890751129543,3.1377395449049708,2.6371229976085164
849,4158.778867948611,-40.486677324208074,-52.48203891900593,26.325774666031222,-15.887870805317068,40.8342709174096,11.40171952385328,-5.918890751129543,3.1377395449049708,2.6371229976085164
1606,-13383.228773733455,-167.67291052727347,-31.64039265834512,-23.66474898241519,-7.479002122416249,0.5050031745521548,16.756184861749148,1.4835220187920068,-1.8578836236344927,-1.6126131480313752
125,1110.9963306472564,-130.52903108684376,-124.08529487507647,-37.03294794372213,0.5769989819130004,-1.9610039115475275,16.012291188607293,8.03860258940426,3.1732325634084635,-1.7370626182132103
9305,27720.503035687085,-225.50534595552887,334.6464705487066,51.32547646827347,18.94943984603018,-86.64028487071147,32.079249809471875,-21.37492587749935,2.0833149455602786,4.949206866323296
4706,-17268.63992750962,-95.835443038025,-20.988839680950974,-22.687317356619552,-4.978001113644341,1.851782884904477,16.2458458467987,1.960239674477707,-2.357901652611992,0.8789766049836283
4437,13342.284809714954,-366.2745877343414,-105.76570456092011,-34.27419761855344,27.14185816701857,-0.3995446929771326,16.58696617143184,1.1414393233572593,-0.6877317942566323,0.15380473095894587
3081,-10959.414324278798,-193.6213453986038,-46.912016713651155,-27.388914016212013,-5.385337376312677,-0.4887779666867639,16.50355605661352,4.299829189468971,-2.1783826242632243,-1.2989163232239207
3536,-32231.556841118156,64.65342289486017,59.24757969864807,10.762189604746698,-5.669190709342775,5.294974957050024,14.421545425766233,7.022797967543237,-1.9442682104969133,1.5766245459768535
8686,-28247.830237755734,16.782016008754056,51.73639641897104,4.738494248640215,-9.620201381305789,24.84800601225006,11.079663065783016,9.569405068792001,-0.455897345443697,-0.498996034315923
9707,3249.4870729899703,714.7094351668537,-308.55885646605793,-50.84269978667249,-0.8800926261198327,-3.374797382061117,16.04059700087207,1.806575363373259,-0.46113893246494264,2.5465254081293662
10872,3249.4870729899703,714.7094351668537,-308.55885646605793,-50.84269978667249,-0.8800926261198327,-3.374797382061117,16.04059700087207,1.806575363373259,-0.46113893246494264,2.5465254081293662
9058,27838.63727058955,482.74988969990096,56.27155225112297,11.93253813147679,162.04586207368126,-30.40778374503078,14.846439997195517,5.416630815034356,-6.079381995528317,-1.7723599217734796
4640,18678.52694079347,30.473051422442268,-132.77055775329208,66.64026670564786,20.39958288633644,93.63901597629206,2.3447666620950045,-6.844745214698607,-0.8253167583959442,5.516405544347412
2525,-13560.48547007046,9.558088714472888,69.35596113796055,73.26756238457413,-85.36434549018955,2.290494808310056,16.984031495444185,5.721599860671846,3.0453451346156477,2.129149976035901
9503,-23899.909382216552,23.330863361395245,140.3639645476637,34.70670330779381,-4.984038921159895,7.647440122027753,13.666112929510156,7.530044034521946,2.2657058392690548,-0.3487596146344596
10704,2833.4871653472,51.413753782862386,-107.64357591401435,53.129681746923154,80.25891595217604,-5.8931180863728745,18.876730057536307,-20.219538580598577,0.44184871673635406,2.9666026780104136
2669,22323.477842241307,-161.0080639263931,55.13382423015513,77.05702432839269,-31.02734269788653,58.24652325222875,-0.6635306089138453,59.27049673752029,-2.0159112520648392,-1.6606770387817047
10037,22323.477842241307,-161.0080639263931,55.13382423015513,77.05702432839269,-31.02734269788653,58.24652325222875,-0.6635306089138453,59.27049673752029,-2.0159112520648392,-1.6606770387817047
5680,-16288.908393366051,-125.82008140286194,-19.481594064655184,-21.629739019765267,-7.888067663786632,6.90342376643234,16.500672015047982,2.510738948198096,-2.034882724853861,0.2887006391021525
3726,-17652.848615898925,-114.92045549060481,-9.799910961759508,-23.74556716932465,-9.55248953350706,0.17301710881965127,17.42210215515108,3.363316015044914,-1.7782028788759634,-1.3294586976793443
4548,-10006.28249341093,-188.22196801398496,-50.76776901543744,-21.304688454626607,4.034451919766116,2.3758451001789958,16.797878240568892,4.6400188495090475,-2.7855220984231703,0.8013472873709482
4599,-2288.6484979376764,100.98507999194936,-155.21312103748446,-36.59281246243955,3.662279273871878,-2.169413540983249,17.51654912984195,2.4672094717288253,4.4647029064941925,-0.5080083693337065
879,-2288.6484979376764,100.98507999194936,-155.21312103748446,-36.59281246243955,3.662279273871878,-2.169413540983249,17.51654912984195,2.4672094717288253,4.4647029064941925,-0.5080083693337065
7409,1214.927556950177,-136.3329051448461,-126.23182391157295,-35.445722042684224,-4.731432083667727,-1.2172267410833824,18.36011115675484,0.0020500418184745683,0.47961837855597356,0.9000998337731958
1964,34643.26010436521,-153.98660484475312,393.86759975758446,-25.524190682440427,-10.984203177145028,140.62681788331213,-0.6832691429304347,-35.167139990179855,-1.5966124881685086,-2.410290265580649
0,18981.93081308987,-208.20105977669454,318.19716069792213,84.75148610986822,-87.74912825888063,-96.2395530179726,44.48652433043121,-66.01367347479807,-0.026470556318992422,2.181161605738986
4860,-27765.942800234363,10.544042567939698,39.70245740635356,-12.275067787678253,-10.950007493556784,4.02636090973128,16.626444584525814,2.4767561090747137,-1.9228256501113128,1.0321437135391016
425,3387.348072306304,19.492252149110072,-73.02143568835666,54.63540709845056,-20.555696519932646,-10.974737724886127,15.013829598617662,30.01522533973215,3.2497404148426696,2.84070670338621
9500,6141.974668973104,-150.04039248586486,4.795856163147505,103.1268888404326,-30.183764226679024,29.473269386629458,9.126799154573852,28.693614042337256,4.716358551383525,-2.01402594675024
3074,18682.534950732195,697.2305264402047,-140.7749254628105,-4.268788694104951,-59.17806269754042,119.81489131573933,-1.660611256197427,0.7861577344242967,-5.904319407251603,-5.096921464944435
5140,12392.016162843443,575.4353620829029,-238.22945159158755,58.47448761094769,54.84177449200809,-22.86627649778142,24.039540605699585,-30.154900344905077,-1.6844617441793872,2.4950364841945647
2611,30615.395625156452,570.0898891449374,-58.50521983751443,-14.517813927479835,-88.88953215745539,-74.73660641165745,26.88292849765321,19.3738776425272,-3.7897364482844975,3.5770459264861563
916,-10329.3426121894,-188.98135275808136,-54.66646979056932,-28.225390375638614,-6.615487550597731,0.1736584687901468,18.30502400869075,5.492115627995231,-2.439056483089416,1.1102303991683544
10413,20598.875438223913,-256.6177078672351,-21.873528944164434,215.93959946350978,44.680577734128946,27.78179758280694,18.85987960153612,-32.96183659693078,-1.8966808298443487,4.6644000076900936
3696,-21342.25148257768,-46.721745167946835,7.02076873288479,-15.78870891771049,-2.698100607724186,1.345567578556788,17.972843331320192,3.0535761258191663,-0.6123242590374689,-0.2654599181546131
304,-29027.59800201345,40.82830336140398,55.177633784616006,3.6050233869214567,5.2758404016303295,5.451751994334903,17.230518145165064,0.6285679279117051,0.33033846006236445,-0.2263240171561085
5113,35014.10601214788,-11.408926075504155,423.35060048062167,-70.24180639181576,-8.227251420468537,41.57231321390243,6.398850637339322,21.98136239021868,-1.462618306128669,-3.2404829943669817
2863,4.732518991921097,424.9051671585545,-83.73645055955683,-11.29945790622807,-41.04285014984217,8.933558670003011,19.80985489479069,-15.923105824220912,0.9037515789607005,2.0005224318092596
4597,30109.92953861704,320.9528199914661,250.05512535819753,56.39557874488495,-0.9838388279038064,-30.278080501446475,26.01125505023151,-29.460188422211385,-2.2585002997116552,4.128347725541059
675,61.84370775897696,-170.41240086749644,-43.938993932778544,-0.06429021887913144,47.85360663882677,-0.4578935811745828,19.066793092856173,-7.787787839761744,1.7283263139827731,-1.0949616438263252
4483,20385.06002634285,-163.92781673283042,213.39521743856335,133.67223215155227,39.15163577044151,-125.45045518678697,38.61703332185783,-10.670426505190562,-3.9267293589571644,0.6733529845953501
1502,-23545.105154296518,-27.448140770897453,27.054689876526083,-14.944973026424428,-7.514736767677771,4.174714813649562,17.57761173751426,2.8081859320715683,-0.2696304019542177,-0.6054424431529122
736,-23545.105154296518,-27.448140770897453,27.054689876526083,-14.944973026424428,-7.514736767677771,4.174714813649562,17.57761173751426,2.8081859320715683,-0.2696304019542177,-0.6054424431529122
4487,-12115.045166932847,-166.58953167608325,-22.06824755877159,-6.190954700413541,7.098831235048916,11.260342387645107,14.733446771522587,13.860027381487953,-1.1964452681151538,0.42793999241711056
3412,15414.441414568297,289.19257584933126,-299.1871286043039,-23.690461741176563,30.29453708328407,-10.422685461292112,18.502785253537184,6.835171281374217,-1.6468088564343093,1.1969649092781078
1744,-28442.80595298558,22.487175089985442,48.348373140162565,0.022377265246894318,1.1269789492970403,5.717057007220015,16.503170067842717,5.935577796591732,-2.5649721930677605,0.29293018713675245
5837,-491.54140349016234,-51.50245151611318,2.523045840255918,-15.382373361575095,43.37831522543577,-0.2541494366615209,17.256302715944642,1.1000881876086925,4.289791958053417,-1.2808271258073791
3422,24104.5175378242,493.4433957134171,-329.33166225837124,-25.30440103708659,18.775878412618013,-15.757910390285833,20.19943141843342,0.6409198398704721,-7.224234580164561,-3.183241982601845
7462,-29462.286794868232,141.16980427128445,262.78356619608485,80.2438160843076,-16.520775350859473,78.35845123847724,20.839506247746584,-96.97091317133955,4.928123687895749,-3.158937139377664
10702,441.5787313351175,-129.2868761259008,-8.640604047709786,1.1399701613051025,-36.85914542287041,5.863347719185039,23.16843114358707,-28.50095645953364,3.695555601079901,-0.5984054424493128
2115,-1857.6707548901686,-257.28121495685724,-98.93142802993125,-39.06578914579605,-3.0010341877516566,-1.5668935988524408,20.02857067485087,3.7231810843781012,-1.5507067062158528,0.4936308788331645
4138,24653.22388079448,-194.50508203722126,-152.08454608343115,59.242675541702035,-30.3375642183512,80.90330241520059,5.719500242228548,14.78419123271961,-2.4715289654764616,0.37724757731799174
11091,-17385.837458883165,-115.14849989554597,-11.730702101596052,-23.01458278731311,-7.673446099077491,1.3521559321918557,19.070072950684505,4.498168525818754,-2.019543569678091,1.124260059356824
7712,10187.67943895985,-223.00984329068166,69.1064110996086,7.392660732628359,-30.04500857155559,3.21117301140959,24.908945212250416,-32.40121198520223,3.101324576406334,2.8017329800978388
3535,14323.780963464771,-185.37252673870245,115.34655948022176,78.51755849343657,21.8120686723584,57.74024267551555,5.646375634074687,24.677773008991185,-2.8972562508028497,-0.9605275540822875
5899,-46322.123223137794,255.8890129823847,126.46074557907231,7.163893117700622,-7.127705542561156,7.602902547896463,17.58959627036282,0.7837571417692217,0.7680846906798937,-6.613624769625163
8749,-14737.90071942615,-133.6947581139155,-26.65404156717679,-10.898498184337846,3.882244264871833,3.1521061959511467,19.260560434892284,0.35067620329651206,-3.370523171970421,0.3066037692832486
10955,33654.0377172023,-140.92274025774867,549.8895135656245,-83.13169453195734,17.76549879959657,37.830904493024434,16.43405404493916,-35.63211108669405,-2.6899368564556747,-2.366571612825097
9491,-27995.734110974823,23.70553963556256,52.48130838422125,-0.5709825843259315,7.114038243297241,4.353302517217622,18.431118773115884,0.5684082951103768,0.3832301597023813,-0.2080498556175594
5286,-10951.891462561362,-79.7040266119464,-20.56027142467471,-10.070383631150811,16.145877132216697,-0.018484706859923872,19.686989014999455,-2.1409784609862283,-1.9171794529285098,1.580950338786589
3409,-15862.597419636244,24.072539557344896,71.22572555687289,-8.270096102521798,26.749927711570614,7.811300749575423,17.280985128905144,0.06472900580834917,3.4434764305540018,-2.459601702311632
2544,5555.782937160016,-347.3558789510951,-117.77597424481829,-41.79731945892767,-5.888273856898001,-1.5223479999178644,20.86505050333156,0.17612590542938378,-3.221569704565724,1.992434234410906
2118,10932.441178726061,-277.52984683008384,-77.52786477942718,104.41121395414869,-61.74443119509205,28.682858915688367,18.880969769511807,-10.377983515097538,2.6892861558037673,-0.29825492804233233
9370,13878.664715674662,109.95057039599232,-7.931431710395799,39.4758848871195,-4.971826257898414,4.569425514010097,13.058906566083124,33.72981273025695,-1.2841542142805666,-1.5812116621451953
4864,-17591.724027873854,-37.82244946110632,25.313930490558704,-8.222389924837199,3.5229748121943096,-3.426955789220692,19.063288107419027,5.697062223713022,1.6148989979409372,-1.9746279967784375
405,-10331.881636522092,108.53413673930274,-87.55071031279186,18.39489813796443,55.95055452157559,-5.094660161416881,19.114529064587472,-0.38101345140833764,0.1573449004811156,-2.5539612953210984
10513,11240.856104107195,82.86264104203852,325.7557712368075,78.01401212135342,-53.79633680095059,120.72092162660776,-4.133531358976015,25.842267990752443,-2.6304124317310413,-3.162762108717076
5138,-23652.125969951678,-26.32522596530157,22.296287202060626,-16.490975734300314,-8.690508111713848,2.9661433632275775,18.958799819578445,2.071392724922827,-1.3363234108180473,-0.1083594511518231
8387,-8831.7040818069,-80.37561675485347,-15.285543319163821,-31.740587092377314,-0.7747548071237702,-1.1878961983698086,18.534272378952622,8.294397565727127,0.4964966780499509,0.4842961066810725
378,560.9689031235612,-24.97697596694303,-1.482665135507517,104.9764132491806,23.91052524042616,58.36039803526571,3.034711792453912,41.51492083036695,2.6054457204529022,1.4805319132748012
5846,-11727.403551731884,-189.27800400244809,-42.05859283724888,-27.898664323917924,-6.997066758200434,0.48586933701386137,19.58214168687411,3.432838594451738,-2.4224224442627236,-0.7906653465937854
8870,-16774.927936597334,-19.989125809875645,111.26189193620245,115.83534915368733,106.98273049389115,0.7633981814227295,19.995951758454126,-21.220685545721246,2.774527336938764,-1.4806675871878827
10340,-16774.927936597334,-19.989125809875645,111.26189193620245,115.83534915368733,106.98273049389115,0.7633981814227295,19.995951758454126,-21.220685545721246,2.774527336938764,-1.4806675871878827
7290,18627.587525087045,-109.60967002133327,249.57297698299243,-92.0540831825877,27.88463228413344,-3.8543851797888653,13.18353666595975,32.08977959648482,1.7347596588866345,5.8423612946769445
8895,18627.587525087045,-109.60967002133327,249.57297698299243,-92.0540831825877,27.88463228413344,-3.8543851797888653,13.18353666595975,32.08977959648482,1.7347596588866345,5.8423612946769445
3635,628.0817846362188,148.07336862661595,-174.7656420021879,-24.763596242134874,15.649352997726616,-7.120789121752049,21.18790825883751,1.6414700384759087,1.566122565484581,1.7590805715699869
11178,-9579.419091851662,-201.68800884763874,-51.74644175876443,-29.474387024354083,-3.3147258527963093,1.6174966998281521,20.20911865210323,4.49602896820574,-1.7488726429094665,-0.5592087049829182
2410,29687.292746562176,-244.47168912864282,103.8070663000469,30.99644656021279,-47.68470169555874,-47.35435403539955,31.6062125035929,-16.35457658795912,-1.4898181773994024,1.1266932638327032
3281,-2817.395404435192,-81.38989296168074,-63.23732209735789,24.966126130077154,24.24966435558568,1.3576592105560639,21.560188076272212,-9.2634040296379,2.8979675857920952,1.4687434970292863
9905,-17897.10970922905,25.526434976373025,-2.2454119945255115,16.40378213659746,36.83957676575854,-5.179781438149981,20.491231410012844,-0.03691410213339452,-0.050276998074859414,-0.7867215342650695
2437,8.285445538705972,607.8229128839728,179.0968664037265,10.894585102841518,-19.433425126296484,34.67309772469283,-0.2860221123333915,84.88009742963844,0.5381361087631831,3.9578525137104967
2565,18674.513454090862,479.44979488712676,-199.33436983718897,-48.38479570352638,24.17255142597871,-5.03620662986053,19.798755175103437,1.7061788140371963,-3.0331263428599144,3.1963305312743304
7912,-13836.945287186129,-151.82311093833442,-9.562388116930464,1.0789878067792307,10.989059034375142,19.72764836424458,17.10546477456272,2.4943942844235583,-0.5361393845191653,-2.4011086537363067
7072,15463.900274903237,-15.991683646257798,92.54047194798119,178.40994124156978,-5.69309097331576,9.80882889775348,24.28267657151126,-34.740392178020954,-1.2308797625858325,-4.80944765092778
1409,-11281.251281139303,76.49526434049864,-72.84825966103926,49.73982781987382,41.99790979442011,-19.83580260065071,23.520794285478104,-4.430590643906727,3.9962576485603556,-2.249899908536703
5314,-11281.251281139303,76.49526434049864,-72.84825966103926,49.73982781987382,41.99790979442011,-19.83580260065071,23.520794285478104,-4.430590643906727,3.9962576485603556,-2.249899908536703
7215,50000.02740263792,-204.9064151543593,-394.14641680971295,55.329885892898545,79.26378372822086,16.862053472314273,21.277028698079448,-24.398564714915544,-1.7606466735166055,3.885041556958109
8858,-7643.103642233924,266.8706711664796,-155.46886554272467,-43.91072419353429,-12.979215430037357,0.17299701270909096,20.155681737485736,3.2912556433185305,4.145780507497776,-0.6757612738018475
895,9497.003145094975,-23.348320038551776,-126.85261384932036,-33.35728834604309,29.076542230269084,3.849252263857106,17.65405187010505,11.457844683408624,2.330656724492984,3.0142995196009066
10313,-3794.070494237174,-122.30672506632226,-75.21451737909106,-15.945750119112915,19.247129535022225,-2.94464428637436,20.388983549881786,3.673386692103856,3.027946793251944,-2.6218058279801326
642,-35966.24900301019,105.38027564322644,81.16691442875396,43.32403131159556,3.6652214968287957,14.65116877242757,20.336538305612137,-15.656506985109619,-0.8817531788357424,-0.9065934852142066
8504,27624.469440643108,-199.8753238978967,259.0477966340726,76.76969023874112,35.01320314109899,34.54447509500502,21.32142882111826,-43.369006832169035,-1.6560144613664516,-0.5990986508804674
1020,27624.469440643108,-199.8753238978967,259.0477966340726,76.76969023874112,35.01320314109899,34.54447509500502,21.32142882111826,-43.369006832169035,-1.6560144613664516,-0.5990986508804674
3717,9209.531983119967,-36.89563816171693,-199.10768327802785,98.12274830109244,143.77124972781084,11.955090355611619,16.72311384224804,1.447162416442957,-3.1980093360249944,1.0238922531979489
7646,12478.161939684753,-207.54886129136327,80.7126617377592,67.01252991793272,-29.51606863741636,-38.55746844271714,25.449658196724812,18.288299027790636,4.352306381735708,3.417160096037933
5796,25469.670929811356,-2.5840573488796963,84.27684001056443,-74.09930010947059,7.796118858316426,10.144172047020763,20.76983602259105,-11.217879831751224,0.9238490530533223,6.1801915115482355
8625,-34322.18500532872,100.79810032486174,85.24406689435861,-11.319054567096153,-12.444626337962688,9.358541811278156,19.922092346629313,0.43617195851117785,1.0087460329819926,-0.33288492693540306
5407,1137.4520576019713,399.7399889960094,-128.00464025297654,61.98385375554249,127.85004745645963,-8.526147007234295,17.979304814317913,8.632507747234385,2.4403158294241933,-1.6258969790857094
4356,19857.207044303388,657.1295739832872,-318.751209667221,18.876657461618873,99.81070853813512,9.357099970110237,15.227995529443035,11.839811336951666,-6.877760926596204,-2.6062410039052475
2886,22326.218537189765,505.9474960560716,-381.85643675342305,-80.67222051563944,-14.426079842484052,2.1394740125662155,21.921519439487696,-3.0663649972314753,3.0721865350631443,-0.2781314529558636
10057,20314.63287653128,7.150629986964304,115.94279650743178,83.4681879947077,42.27596848082255,39.79906873068313,24.825434423361102,-70.60216396693906,-0.46817162810264534,-0.3430993336199899
10741,-4619.388500403227,-86.6185809642011,-8.94777845375819,-35.81429345822313,2.9169890237262486,-1.7683613056702967,20.048544159818647,11.284511572517488,3.3824840903237234,-1.376890903663079
5491,-4619.388500403227,-86.6185809642011,-8.94777845375819,-35.81429345822313,2.9169890237262486,-1.7683613056702967,20.048544159818647,11.284511572517488,3.3824840903237234,-1.376890903663079
4442,-5449.31434374649,-228.0162463017137,-45.60619987123215,19.415191939266517,14.888541001559311,-0.12132387267979516,20.76420834087746,6.814201627360335,-2.2110328540683826,2.210951374390226
3972,-1771.0147868603453,-39.82479827179685,-100.56397843631427,-1.0850071689408374,34.96794789158959,-1.6331567187240685,20.996436142069655,2.039663838203115,3.977461535455433,-2.6148933127470766
2431,-33749.26392704327,90.95355936319399,81.0039176054423,5.540296193173326,-9.745396945062403,3.8090816562077014,20.72350394394681,0.8888363523308822,-0.7608569459485075,0.17752319009133233
7899,25649.227503358998,641.5955519330948,-166.9427784342512,-87.7358888519444,-21.431997410782486,14.403903568899581,17.414247908095106,6.753713808028225,-4.654496034530897,-4.865697977611051
9703,-13875.137216235045,-81.28673527120208,-17.086113185632342,10.711297878800837,45.618671456465044,0.22345789778817204,20.384813338951957,1.9062818928235234,-0.46604648168333185,-2.072119678138807
6927,-7594.188724798631,-17.123331575754946,-85.98865961017071,-35.554326110320254,-1.2663026662307715,-0.3164573501653152,21.37332096438577,3.242311101899814,4.446601374560942,-1.8840510775019705
7005,6715.548305028766,93.56237506595076,-58.99780798293534,5.412562407150224,38.851491990040564,-4.130415609941759,18.69982346416805,21.424538637952004,0.721617606129791,6.13083166731522
246,14506.877526847136,-303.17711238461874,-161.7788706062677,-37.662407553443046,-14.262692935897984,1.5729080930128518,24.027643206337856,-2.3459428636242974,3.058535362172355,0.3171734619069464
4796,-2336.0515855386548,-287.8959377043437,-94.5184707919411,-31.435934521174158,-9.341363946409707,4.901619764501579,21.42874822650178,9.15193313191163,-3.252710114424006,1.1684206817815355
4725,-1357.8548387994451,-283.39424671021044,-81.50398202842214,-35.48608914060932,3.393855732761722,-0.1317528623779174,22.541365068009654,4.838841643365415,-2.850807362713529,2.0697481925637513
3286,-25330.034784160747,-11.488302556218002,33.03602085667032,-12.799335545473124,-5.483622465790164,4.623864461338275,21.46202478656697,3.190581487527634,-0.8546428144571978,0.4437290658496411
10680,-18737.257328674677,-60.03077017213343,-6.052150892476618,-21.42976472867439,-5.2148782579731225,1.8177733152695572,22.192624473683395,2.5097572763300917,-0.49026319670567364,-0.5647934330265434
4297,-28743.721233946635,30.265682640578575,53.21641229672613,-13.359582124140445,-14.218193464541729,2.5982040830770012,21.795530236874882,3.542504445537844,-0.11640369140123408,-0.28381050690885656
7327,-15240.895797891222,-128.2345105222409,-29.97201116208865,-15.02794817359915,-9.048019725796301,-1.4298136597120643,22.45621577084374,6.102651335026673,-1.842927333334253,2.514491947276876
1553,30695.835321285427,390.1365407187692,235.0969207113974,142.37107551176828,-75.54679878010649,-19.34736060743307,17.82820970275843,47.504839684996384,-0.7191290086673048,-2.4550095457063037
1665,12180.854998607785,965.1302192116427,-406.156535744445,51.48189671754992,129.07162036364505,-0.12818049854897073,20.657438636232087,-12.101605953320949,-8.322067954094063,-0.7083210939991895
10640,-7580.328237556081,-141.65502730115992,-15.4605340487376,-16.057060998254908,11.230175133791072,4.841753890636374,22.021826383204285,-1.1627689755869257,2.0863511457859225,-1.5009859559358523
7620,-35786.13530353355,109.76990278180918,92.211458001077,35.83802707903053,6.724053197697728,2.3763299896984202,21.12523452218919,3.582308701497178,-1.1537993654484353,-0.728214600305793
7761,-13270.953671712552,-154.04445279190634,-15.820780303743248,7.782819272066172,13.583775652023611,2.320024338658844,21.446233156521032,5.305618724757622,-0.1812406284261101,0.08907461231625469
5062,2097.7366924619273,-325.0990136133185,-120.70288296237905,-42.4598971232521,-3.2656191954788767,-1.8341514627477897,23.220560422532174,4.485374650016604,-1.2968022650817908,-2.873392985406973
6349,9821.649677062924,245.20155271329816,133.5463631573082,24.694633366222174,4.901658321951196,7.753121141560435,16.500090077661355,21.639249233024575,0.4039053288279062,-2.403810691342814
3386,-17037.134879497433,-80.37047852301379,37.417135667054254,-15.406148343585443,5.536991812612321,7.6737906135010245,21.35633027028686,-0.4942229290761677,-0.7591319306848447,0.4364905652647706
8175,-17037.134879497433,-80.37047852301379,37.417135667054254,-15.406148343585443,5.536991812612321,7.6737906135010245,21.35633027028686,-0.4942229290761677,-0.7591319306848447,0.4364905652647706
6245,7321.513770729689,-38.56760200069613,-152.29620902876317,-33.24483400682082,-12.548591763863568,0.7021442618220111,22.39509881098307,5.035709740314642,-0.6774750510072503,3.1098504305786854
8780,7321.513770729689,-38.56760200069613,-152.29620902876317,-33.24483400682082,-12.548591763863568,0.7021442618220111,22.39509881098307,5.035709740314642,-0.6774750510072503,3.1098504305786854
2276,5991.084696101992,81.9718063272131,93.1133326190886,-36.44625837108997,0.5171766822930444,-8.473134748938463,23.850302790242495,-4.403296974712745,3.0012332841034812,4.566355018842616
1172,40530.44198550341,325.39406330172284,398.47233437784485,-164.50421215163095,27.190428538598724,-1.173058667382553,16.88734689017069,14.046026805055792,2.4874848033215695,1.6552425795663974
3225,-9764.797801613779,-85.87849218193696,-8.777292453154246,-2.931053217088607,22.435457267806015,12.94567616463203,20.107051152437265,0.3562461775905241,1.3419672473186015,0.03153190785056026
8629,-4989.76727609762,-253.21516111940406,-75.37838383797626,-30.006059424575415,0.13852574551649965,-0.7442697053803751,22.812122264597363,3.907515862981125,-2.3739220328802446,0.03983184712104526
798,-28529.934507705282,14.73424717171423,43.35260916791813,-6.329718886973423,-12.788558770197968,3.9651278140661486,22.375528684460292,-1.1349543714479653,-1.6320514591194257,0.6014470631523485
269,-5207.285362612485,527.3977321560913,-76.20195502348463,30.66294027945396,59.50640444831544,42.0175319145632,14.711575800123825,-7.402443049589515,-0.19958837050551193,-1.1474980579852119
8213,-37456.03826857364,129.0622357125775,93.04993114201244,29.906759697312093,-0.10973949051225418,28.25165348986937,20.362958965481283,-16.585299335674673,-0.1521918245024807,0.3902985395055367
10245,28937.640403956175,-448.3782295899261,87.63482581021486,-10.379020937716337,-8.417486271881673,8.167554088141184,15.932104168796087,36.24925485873504,-0.5350018757421413,1.7652989208164311
2447,-21427.42883831204,-66.80779477017768,18.180335599639477,1.8068155343526846,-13.66027314121888,1.363651609320754,21.74057046040629,6.911425868352691,-0.6167191837648556,-0.4710785353631639
9817,-7161.578059137464,616.6893288417529,-107.00022483946495,-43.92630059658068,-13.826599176170632,2.4324096264319826,20.94380445001974,2.9462581716939056,4.602998321862636,2.884102842561832
1371,27967.988322554113,-483.67993753302363,26.12044555296947,209.72070425122857,-12.401137621749143,-59.26547664598027,19.480265769170927,91.80737118080425,-2.4397775550862395,1.4326101101364839
8093,27765.072178247836,-62.357496986547005,-133.68443178402757,-58.03957383616688,-13.075973972939156,23.18264081496709,24.989213826848072,-28.54196668585891,-3.048521418569346,0.3513412671688756
713,-1618.5553386164465,-142.26794392020958,30.99200875682422,16.294521099377715,-17.790483449060662,-14.7282892174889,28.034341935072277,-9.685027324048676,-0.30981834859704627,1.6971614589696182
11051,25405.479500128495,-137.78329950808643,-226.45430586328578,-58.55356616885483,-8.239771014217018,-0.819601135908853,22.90028702932092,10.968858512501036,3.0404202874623287,1.7155362821202569
5545,26106.457117957427,-34.30449649463566,-98.00321640090507,-22.719260604975005,38.25640188918267,-3.918351977900455,25.992803862020665,-16.40157324703563,-4.710850955804192,0.08540957368806534
5283,-9499.483050696559,-123.2807376963168,-57.04780583960084,-18.699646737022707,11.103661234932243,2.972240496564843,23.05034788139605,1.5730596833371067,-0.8526169573117448,0.5356263728033217
5010,-26964.051964025195,-3.654548859433646,37.559579965519276,-5.6012924880593795,-8.475838019517097,4.599516546810361,21.72587003643251,8.347574302386967,-0.9033022355014424,-0.1426167621598471
7495,4249.2504435864685,-303.59537217740984,-110.42697506448175,-27.361953285432513,-13.607799975574938,-0.30134646219761296,20.8277558126089,25.317251906289446,-0.8434658059753772,0.7937153911618351
4368,-4123.31348196973,-233.71756302069667,-49.56969848515652,-17.8854535864173,-10.390897259749643,-1.5099667536839103,24.590959832170682,0.6454376527599539,-0.4133257840823399,-0.4537434435892953
6303,39852.23875461923,-257.5050800927773,354.2149147755831,-38.1081614676468,-33.04284631273936,78.65633446063617,17.48308927914408,-43.34097419382948,1.3028319631973178,2.985777126284211
1030,-11336.173784338447,-173.01534956123874,-41.69529765209012,-30.18876380183188,-3.755215607961908,0.9603141847774845,23.413599918687723,3.8745913720109275,-1.2150888132330637,-0.6078730055452501
10364,-28676.981538751512,13.475475980842134,39.42215424492261,-7.090917909425552,-11.546912958217561,11.794424750283815,22.587392083237177,-3.9122338243716994,-1.8662236378300818,-0.602733210736969
6945,32606.28998619072,-196.91739514405361,351.9478416406723,-18.64290669220828,127.01514028000537,2.456698688253483,22.8514099669884,-25.337714630923717,4.425887922651214,1.213536123829618
8562,2192.2598544203356,-221.22125807723154,-71.0505976849212,-34.357291070458054,-3.194214307873917,-5.578960070122963,24.818989160979214,2.062257314685027,-1.2100793339924003,3.7792631777003205
2918,-23461.820438448347,-2.53786220846564,21.4889473870212,-8.126744801411103,2.8379173646113784,7.751521201532276,21.61008038248488,4.396068784155188,-0.47002638812654407,1.3941697122550947
9167,15162.30521087379,-6.393980296865607,-19.497357340689263,34.80370084500894,-21.59709756834922,-9.23524628462963,20.750441158429012,29.215555906632,5.951458004112247,1.345457092947818
4743,4275.893910652696,325.2744936014342,-105.6254975298398,-12.451752556777386,49.31464792560549,-3.7149404018650865,22.372659227733095,0.7284846619859113,4.297029658295724,2.3395625743791513
10742,34609.26784137044,-206.1003850371992,-262.6727607565639,-55.0799568407962,-7.424028750681206,-2.6624090368632314,24.017810492940242,7.07239639306289,-3.8700170356633286,-0.6320965748264751
10965,24042.269356468445,422.7249813403178,-25.46035103756236,59.527010043595276,-110.49681284620988,-106.60124351959969,47.25655144933276,-32.36587829987488,-0.46596011041148433,2.337205630435582
7129,2726.8078297331012,334.5374286183933,-119.89001533325293,-25.231344990889564,-6.658615742148491,7.877705529800684,22.24770288519636,-1.422011349024178,5.7563838783140895,3.886242437399561
3732,781.6628546915235,94.77722492863705,54.29342753990608,40.454936805155796,-10.995663897214047,-10.261076499965093,32.59092875991357,-47.45655482103014,2.7723956761192703,2.1354111627012924
7124,-14975.602485523334,-107.36616718315895,-26.975718128385324,-6.101412119408692,8.040485712449822,-2.041917832968929,23.223980150517917,5.408974182406308,0.33323556794737197,0.5698413194694907
10686,-17742.761163665586,-104.09763390239783,-16.780984153678162,-24.11178415009414,-6.683040848665549,2.442957348681621,23.09193157033782,3.7235997177205427,-2.101891526904427,-0.8615811430990501
7247,-4052.4309860653666,216.41623581270898,-164.40416447789315,-2.9246904336894,42.53653486226701,-2.645707562269094,22.82137751277253,1.4157542129477267,2.018335251664512,-0.521354253834823
1513,8871.726464876985,183.1187561003004,-114.97406420372656,194.7664396179168,-72.42383723035078,-24.96692269251054,43.59872145863926,-88.95721554222925,3.992841457979898,0.24072153721114775
460,27967.21462922507,256.54616788451483,320.23695211710316,-81.93512066005509,-24.20058752833881,16.811228219137377,14.22371359292866,31.188003596394996,-2.175438899791293,0.2906386833093535
6653,3187.0632978825597,-67.89673708634785,-97.90861319372013,-39.320802033448565,8.470756710770512,2.0018298419994682,23.985104601003655,-3.7038395562307853,3.1824537981120162,-2.176236636530783
9400,33518.97093439347,4.01240769591476,193.75260662457202,-87.05798685945122,36.33947786585294,-18.263423568407795,24.603381902987394,4.739423670966939,-0.7850292643580312,-1.3268036211552996
7106,23898.13961299621,-26.90165886039074,260.9682166130302,-47.37743778388864,-44.55621209140769,-102.34390437772919,42.78224865880314,-13.400154449689307,0.3805425883230553,3.4982206756391636
4252,-7596.271267880402,-26.694827457336714,-83.21824734710441,-7.176675213730216,16.012154020546014,1.9117372894732052,23.925674320265273,2.0403051471618596,-0.27900406844454473,1.6629630337313066
9240,8533.93247614574,16.06702971185274,-220.04711989246172,-33.26804568821839,11.217509609371138,-4.466615427238604,25.489103941812033,0.8002588486195243,1.584202171100717,0.9486868064966387
10770,13521.696066441764,-186.18064553428053,98.85337894940412,141.99610301288288,-120.80516628132656,-5.266638142002845,18.27305904838346,62.707531645542545,2.287954232407813,4.202641967426201
176,15531.801863413479,-416.7118003796814,-128.53134075935097,23.661068414618384,18.873141293510024,13.986361111452583,21.65866668880166,9.179975438598213,-0.8388003319377937,0.6556228706168943
6870,16831.430111636844,-349.3430285794747,-178.5354147674424,-36.0803189148823,2.3976995612112653,-5.671696863949768,27.09586285663073,-3.034196272551389,-1.0455506408901334,2.5049944499791255
143,9240.656350123463,62.10374043620942,-15.34164914267754,63.33727248073747,1.866174828127786,-43.23493761456723,37.438593144863816,-38.66514628839674,-3.216285705337608,-1.1666187385612012
6445,14854.983053184842,-189.7404242753865,173.45744953344843,-21.258208070288312,2.2664856189943237,42.398657102248904,8.515833432478928,54.84197233074626,-0.8517899949948191,0.2933372219427399
4278,35225.802432543045,282.43968346444586,245.99230401933505,-59.17443475360232,0.7881922169936182,50.883921353372436,8.219239935216486,38.53008177260858,0.5470958045687073,-4.606105542437258
6906,32982.07442868642,-441.70333095462996,291.66081218385557,-27.026125582224733,31.242212775884944,15.995122119313107,22.497701680153597,-10.935938301425518,-2.1298659845797525,-1.9385405514169802
4637,22674.525592797712,429.12401003816996,48.25305284726166,-22.36615543281081,-70.56721985262124,-68.4048431499022,29.384043416729995,39.36258363474508,-0.45636048213813396,0.20013194206367135
8690,34143.55250694422,-196.60912543178694,381.76719760934293,-52.68220182864215,104.45356612934407,-2.124269123266563,22.467505893217805,-9.61375306908893,0.9475780218691474,2.4853560164974358
1173,25673.985773949666,690.6559340939954,261.48455481694583,-45.776264183852355,99.77402962886433,53.40157363150959,2.40194153451165,52.22580113518315,-6.131747963468815,-1.6025533864093369
1928,-20158.195055022887,-51.106553428187794,7.84840983831586,-9.493606508953977,3.9984357448959607,1.9497647965943854,23.643246628325215,4.460774477677129,-0.21570803635441482,-1.276467855249562
9029,18152.174491618993,264.89653511451303,255.53453775650516,-40.80254165371394,-31.455896997605066,-8.459252947626906,26.073449394911947,-7.863518524441424,-1.244415898001721,5.461068920092418
10299,-3727.920464625953,146.85279546785304,87.99038342877893,33.222443508630555,-34.222605070751385,30.1376675093368,13.588271325364218,39.55456447514899,4.578692189295873,4.731118215294746
9246,-11869.566031788774,6.233232598417828,48.21233307492227,13.698797109778788,24.177811187171294,0.8987984123483248,25.75985541916606,-12.865082031354635,3.1758003981017335,-0.21350928938742753
4943,18543.469760608772,836.4316160109993,-272.21217371934745,-50.201139965577255,15.57298774844481,28.167580875396318,17.282639631793657,8.057274900608142,-6.05578737743771,0.9322941649830745
4122,27234.766432211603,-141.48428716376242,-212.22613166549806,63.12537704702517,-74.1054790541891,-83.6452521738356,42.02932831644215,-9.352221489866647,-1.6653458330410684,-3.992686961834325
2853,-207.07096135688334,-252.43692934611585,-27.2034436314882,7.4968808541058864,19.989632320240446,27.646119161491562,16.39582236866636,30.802188112208302,-0.24805778481002783,-0.93201539160777
902,11021.36185982835,-238.5366904908064,-160.02499960064486,-41.89407777268589,-1.4973311420368418,6.952685198297711,24.36323399422085,6.726622978654833,0.5863213514056529,-2.3095553862201346
1672,13667.716693163602,-266.96502087417554,-68.40539324648995,-13.818449726280502,39.43538227190797,-5.791775623062681,26.70414445890735,-3.062901546068323,0.3889161588354515,2.872697059143201
7254,-13611.438306903197,-118.98224872446781,10.695620985098031,-12.707064112875567,-6.309170595648391,-5.087354272419683,27.3060872049237,-2.9973994074403922,0.425785196404461,-1.3317538097753667
8775,-13611.438306903197,-118.98224872446781,10.695620985098031,-12.707064112875567,-6.309170595648391,-5.087354272419683,27.3060872049237,-2.9973994074403922,0.425785196404461,-1.3317538097753667
9543,-31985.64009970096,57.29260916442385,58.90995230443336,-6.840260749348892,-9.01938702511833,9.445658846715684,23.08163536505492,6.904811132937871,-2.303331320071321,1.1136336495156272
7093,-31985.64009970096,57.29260916442385,58.90995230443336,-6.840260749348892,-9.01938702511833,9.445658846715684,23.08163536505492,6.904811132937871,-2.303331320071321,1.1136336495156272
2894,20943.80972162493,612.295505524704,303.0712747907486,-103.06954216211308,17.172234064528553,55.91533281278973,-1.9564198014196919,95.60678348536584,-0.4151063184570143,-1.4470847749701434
5956,-6899.581967139638,-88.56999559679394,-4.471427941657737,-25.294067862334526,16.028530408167633,-3.2129734971123485,25.514015392584028,2.379332942174578,3.6703075100119964,-2.58054973297153
1921,7087.495262381657,-372.7345496294137,-139.674208562713,-40.09532384385359,3.518035119554497,-4.133351990122483,26.50512782526134,5.327058002176326,-1.7156538029432378,-0.7889107138321219
5057,9823.041342688048,-154.05475753635568,-17.090445348905348,-7.693819448045542,-38.603965742589374,15.360410459476048,22.888298838999418,8.905791661001182,1.3471047477937743,4.107027206793847
10260,-6828.14655417535,-38.324091149651565,-40.74164864291873,-29.078815188420062,-2.8941489480048794,-1.3430069210041027,25.507723213871856,3.522143178731211,2.674030602030074,-1.068412982666235
2262,-6828.14655417535,-38.324091149651565,-40.74164864291873,-29.078815188420062,-2.8941489480048794,-1.3430069210041027,25.507723213871856,3.522143178731211,2.674030602030074,-1.068412982666235
7930,-25093.585111757606,86.2752598433866,77.05722960667215,17.083132394971237,4.586350329760098,8.518799016991458,23.83450666232787,-0.024987213425673005,0.4668114664457219,2.3336468561244197
1461,-15051.906641988622,-132.92567990181493,-22.474257021065768,-23.726365134053715,-5.971868738500806,1.404231542632717,25.309358500813985,3.9714169398443406,-0.5071797765291066,-0.6755306407297077
7514,2368.519031024043,-272.65113049405403,-100.00053951959802,-16.707004019973496,8.337038751769214,1.971434683321429,25.16813869108013,4.962902180357188,0.5312572153483943,-1.2820189879435846
6461,10804.192032303501,140.71216462350873,-118.8450047644732,31.163745656120913,42.55178921552922,-7.241256470023799,20.79925305066213,30.80971962400427,-0.6152124971403001,4.842187438094739
257,23067.18370943333,355.1654394002794,-240.1113667943204,-59.85651456240672,-30.667451183291092,-20.99633429048406,29.06286036934624,2.2891753490847258,-1.4126385663905463,1.4124164657359757
9460,-29552.180950107562,64.8915805427392,85.65524465267944,24.568727122264992,6.793024625390789,8.16924905995784,25.440568468210557,-9.609316941970558,-1.04171898123571,-1.220058720438443
3855,-29552.180950107562,64.8915805427392,85.65524465267944,24.568727122264992,6.793024625390789,8.16924905995784,25.440568468210557,-9.609316941970558,-1.04171898123571,-1.220058720438443
367,-15421.505696542248,-72.11771194691983,80.65233284249075,174.10292647122986,-23.388957194158344,34.03261544153749,20.665106069292975,1.2326746205449872,4.964194576943504,-4.251595099707433
9265,23062.10906389331,334.0462879251888,-221.1098432622709,50.74265045422409,-36.89019687429104,-51.65874764517772,29.05002192758836,34.39746378836536,-0.21690437082028247,-4.039745843232913
1990,11198.453844197204,598.255133879085,220.87666021547935,-30.936175004308662,-36.93648518152313,12.033740853430109,27.26398803094237,-31.817225994295946,-3.4761769880084943,1.0110025561681582
3594,2139.912054863642,189.18444529859386,-137.5014906671149,5.271362072591676,57.3043393336556,-3.098471961367669,24.52026855740067,1.2171495988586294,8.107217661696126,-1.1856444803908186
9292,29826.790327256604,-229.56947684475114,368.18043293960534,-8.066182961360656,32.139044754025676,102.25280103516083,2.362511065895049,30.859775971054898,-1.305083333388457,-0.4134657718790997
6218,7624.004732352747,26.022925408546826,-211.73011430873393,-52.614581669787874,-4.530327203709456,-0.9525845285509598,25.150871539657317,7.715088404487009,2.6644053775508922,-0.7283304302266167
6528,-33479.550223473474,73.58013509424384,63.452857567960194,-8.806098670023491,-13.291967201476002,6.648724453657824,25.007580022512002,4.421359348121479,-1.713162097786734,-0.3289065660784489
10164,42508.105500885635,234.71415894516582,-108.61338577542583,-33.60071949663902,-69.92472870234758,6.411539477822835,32.78486371718412,-38.32578184045147,-3.6060521461889845,-5.079965065645299
9937,18364.25501981839,-337.84041006080196,-80.39557712061361,35.330580653896256,33.56837251704563,39.09968463223642,14.243781490374133,38.815517275737605,-0.7170564817758285,6.462398143326679
274,-17119.791680949755,-115.11109819297207,-7.404291056591035,-22.745453576132064,-8.141894772855629,4.800370348660061,25.670552180752935,4.599798445787316,-0.7408380258893441,-0.10685601693278457
5250,5.229170999431517,298.26770508793254,293.60110935904953,145.96235375617496,-37.764575544621906,33.892997602785755,18.869553767161378,9.851564391102944,-0.8274280723883649,3.7492485855271402
11010,-35702.057630212774,120.42788546177593,86.69551374163831,-9.113633664416284,-14.818595615728219,6.850566629638449,24.756981078841733,4.899371989140848,1.0336483003923878,-0.2733513724395622
6969,-1700.7154960437983,-202.2892545712901,-48.97339760588335,-13.620752988535298,-26.578962455351654,-15.102305929856012,29.203756925723766,6.389478080553408,1.8571250982804575,-1.0737168771954648
10735,-29167.758569998303,34.0638063079445,44.051135331219214,-13.674825491179913,-11.855268527708663,5.288802267590142,25.40874417777914,3.7526860366458887,-0.7974725638441518,-1.3398972031851724
5068,-29167.758569998303,34.0638063079445,44.051135331219214,-13.674825491179913,-11.855268527708663,5.288802267590142,25.40874417777914,3.7526860366458887,-0.7974725638441518,-1.3398972031851724
9974,-21341.301432067536,-56.21349675549453,18.436399584109182,-5.714823251686513,2.4486320162312083,6.473946961159166,24.946872618817324,4.798848610576002,-1.0042225574205554,-1.2245095972210915
7053,26454.80627696993,77.36337165427346,300.5930127043057,-73.26849443812158,-8.951670886141855,-35.67304326793548,31.265749459159437,-2.9729280410400873,-1.5321211015390555,1.7818828861517164
3179,29773.797837901453,-252.32797495400126,627.3376307206721,-39.96879241517026,-14.397894298217363,103.156509711617,2.6698932751238047,35.24154472855878,1.2139105578402987,-1.649501181813248
8082,-26251.136781521953,-13.524519240716529,32.09524396674726,-3.880057391913174,-2.3746080884266263,7.855505037691527,25.191189253865645,2.031104951476168,-2.250677388116168,-0.3117248333055844
1362,-20064.535551122844,-37.49697525187446,76.38223669337712,154.03554914656021,-64.49065731353134,-54.10244168383037,29.38437616275634,46.72444763795694,2.2486388833166444,-0.7229138781262572
6768,-14113.966010867567,-140.32952903593093,-32.25802576204154,-25.977331952953556,-7.078893459997559,2.0478596525461725,26.23945908196201,4.363776938788643,-0.8446413763654075,-0.9229766983898404
2375,-21711.479468533344,-62.42610346232027,5.894079772745272,-17.224138418467792,-5.220514430657923,5.659047841871543,25.740199027209798,2.1474501844352183,-1.9531882868173618,0.03070623612617185
6856,-30326.52018038771,52.19802754851759,66.24032233890354,-1.1737251177273906,0.76871253198102,5.938683130371823,25.55936839906167,-0.3633939340978447,1.0866450178334448,-1.0344625282064417
4066,-30689.728438698454,40.968403147908106,56.84077545468742,4.692476777976181,-1.1117876454963884,10.383020515481062,25.600253938629663,2.1505057341876395,-1.458668718050344,-0.03883120129463169
4333,-19828.255820437695,-52.11387896954835,-5.875817806952568,-23.078491217066993,-6.637341730302261,3.444694052141906,26.8255043331352,4.148639109791983,0.3309543425623387,-0.6418773176795369
2948,10663.091961309095,-351.78416526058624,-133.37552405454474,-43.39319057243875,-4.001191109490662,7.429556774060426,26.470643530578926,7.317083350600235,-2.100778458643127,1.6263286410578641
4927,-35345.1423649687,107.1077452411536,93.30137736436134,9.30816285544735,-13.649276586718983,-3.9656818788356745,27.784857524623874,3.108731358006441,1.2629905608559389,-0.8949053805806777
7426,2716.7921373733625,-250.26986354713614,-104.80460082887728,-25.06675512002143,1.3247445353117513,6.631802835616861,25.59007320339201,11.293593854745605,-0.36276600898799405,0.9715514825054883
8360,2716.7921373733625,-250.26986354713614,-104.80460082887728,-25.06675512002143,1.3247445353117513,6.631802835616861,25.59007320339201,11.293593854745605,-0.36276600898799405,0.9715514825054883
4058,9316.228829215019,180.864481742941,-175.00729828849447,-26.9681060749412,9.617826550730797,-5.103016828874374,26.822497220855126,9.107961523956003,3.7198984628522425,-0.7949871942741575
10755,-28253.81523201515,18.415207563590002,50.74861788686839,17.485190503462334,7.066079363928797,1.4001273267708665,27.2864028563298,-0.28612101706228543,-0.21152135006530326,-1.1222525028386885
8414,-18553.175766429165,-51.89831517507105,-13.059948725644347,-15.220095074067359,4.989611044527788,2.6536719161778537,26.773085230343924,3.663846248167749,-0.37746994158166736,0.4305607876022637
6810,30055.484179031875,-306.21281788740083,291.8296521472662,-3.961641535225943,45.56353543253331,43.95744859983026,13.864348768176335,30.656151224689562,-2.350144067686071,-0.39186732919614853
3839,-36915.12609352467,121.56892074240733,84.9229558709149,34.98386500093828,2.1767833358117556,2.7417455627897835,25.83925042050592,6.570822048513854,-0.0808735354799257,1.0480867775921991
3483,-3769.1520357956397,774.6464788039737,-83.66406839579906,57.37774853039438,-100.9682644025892,-32.545452650228654,35.448707527114166,-9.911079893684008,-0.864299237599699,2.869607242727613
238,15340.47366410683,29.201203483983136,-88.71846151427926,109.25250909923952,-42.139226084935196,-9.79957272643834,35.02871175113343,-28.976862036202903,9.163000013742991,-3.767167232140735
591,14061.962851933742,-176.98822368350636,-52.567486739755026,18.82303179510811,6.533651412523177,21.008923422824548,25.873612946060888,-8.266641423252073,3.201392588087284,-1.8997942151526557
5063,-23202.084268554285,13.543896230767643,127.78634286494662,-27.343289174942935,-7.307367044352683,1.2395962532775624,26.540072974913286,4.228859646967761,2.58884961369513,-1.1041130599415467
4303,-45134.32703739188,319.9910935645889,110.13676763891289,4.57203644966124,-10.233916444824395,9.58027150498733,25.105288772073706,2.988082824074196,-0.2680657666198707,-5.511302010637763
2258,-19092.62146943932,-92.00549868712608,3.49557850805445,-16.759981797173182,-12.326135655302759,4.958134288607087,26.905463125260937,3.3334223116422415,-1.3437999732677177,-0.4996913667481304
7301,-28355.851482022215,16.949016972744857,48.71288204163666,14.58000639370724,5.901284341280181,16.279212863719646,22.34437066314517,15.996956966883456,0.10542498385709465,-0.7112081562443819
11121,-32552.405184309337,68.47545660974265,86.51593853922877,3.8238441246191304,-17.32309736557343,4.33882336336723,25.3021620201755,11.386987085435265,2.4672335768257767,-1.5365189678867424
5287,-17011.334467536166,-79.00216652167825,-4.81662736546653,-25.519714741531146,-9.303052034794169,2.1086570789897134,28.011872506523417,5.019996419444876,0.5236920837945744,-0.9979143783315108
6457,12923.890453114858,75.05722367801243,-50.666224222854396,-15.853490876180889,23.017988611265515,0.6022388915984553,27.206298965763153,3.8947288167170466,2.5605067869312723,4.3028532831245
3559,-35723.16190543655,112.83118370833284,82.0270331918135,4.159027283214731,-12.992406435544023,17.77066295770736,25.0666391615416,5.0040159288915245,-0.4470566586223992,0.8588223643887893
5577,-8197.62144776297,-225.49660788743273,-58.12153459875995,-30.46181135146526,-4.0134331810312815,0.6284568370558732,28.71711292579795,4.092916887264316,-2.463778331346641,-1.0166872840483432
641,100.27161573797639,-273.8614568686359,-106.55058759015284,-11.895400647270876,33.158179916829724,-2.2097497078456545,28.60173163864461,3.5704299466969545,-3.1875505191250513,-0.7757472645583814
954,-29848.616805912043,37.10226639081719,70.91545447068688,25.76103798918336,-6.5398604661069655,-9.002281532530716,30.423934254547575,-1.6613807851132272,-1.800698327038205,1.20817366668373
1834,-16428.562839213482,-101.18396631870922,-7.231424926730796,-22.398669858939893,-7.3413937241783636,3.116789250865734,27.486385934969846,7.372864440617938,-1.0562044990109891,-0.4882898823128654
8789,7086.214797388828,-361.11441435699584,-32.87248165283674,-4.978334074056591,-24.6811562937964,19.62451141421047,25.334208374544758,9.973273271337657,1.2434657299398397,1.39038989148187
10584,13694.904925781215,-194.6632477964102,177.3006137282723,40.43344269142932,-60.15198700191309,21.558166358787336,10.185784588403031,100.58935629339402,1.30222238946737,0.430687713038556
2337,-22153.295198904412,-52.30664945798412,26.338188438167734,-21.037338816877593,-7.910830130901946,3.8954821511910263,27.70825716295174,4.158437547385319,0.4176965493257754,-0.1911116199609526
6071,29248.018297930204,-132.42724407535815,-18.059438028897517,59.53413236125406,-25.863435725798624,-40.57062479782753,32.463279658794406,21.10422760244823,-1.353492731487111,3.628872105838423
295,29248.018297930204,-132.42724407535815,-18.059438028897517,59.53413236125406,-25.863435725798624,-40.57062479782753,32.463279658794406,21.10422760244823,-1.353492731487111,3.628872105838423
10203,-25877.044580918595,-7.823890798956654,30.886671049843983,-7.702384874428316,-4.88864257082186,6.398413642670044,26.47305556598711,8.544161528879588,-1.728418561690801,0.4177556147361057
3968,13741.306528318091,428.23375627207133,-236.70085159786785,4.7839500844761895,76.20710035679343,-11.536017594474133,27.30905621823601,6.868043010511727,3.4534078746250554,1.7025599109669178
4037,-20113.67838489839,-86.96434489135117,-2.3296188281414345,-14.711320119259781,-9.114829266515596,-0.5913705286213021,28.58346541825162,4.453099032937713,-2.109781010657475,-0.7488130254631074
6932,41068.12267482281,573.2881246162208,121.09735508103746,-136.91310376660962,-0.9771402789575205,-30.701743712252984,26.743765835388686,27.888271246504505,-3.585504482143235,-3.642022374551823
10159,6742.693574565463,99.03300725456111,141.7832335387549,74.7119891364051,93.35564353762848,105.81516363704256,10.399000331917385,-10.177216113694707,5.583772852902719,-1.2139460051000475
1177,-2355.2103927474673,-221.8798038274063,-85.26294553910512,-29.676854027682847,3.3810098138562736,-0.32628239555008776,28.516128747733532,5.409424417673499,0.6220341384969537,-2.1313949258027653
9426,6341.05117972321,283.4895151952634,-211.19240419538843,19.335346983107,80.6297134380788,-12.068864874123438,28.81872949536573,-0.5480330411223644,-4.23204026582299,-3.207963806069129
10637,-11173.01799322902,-169.2950745334033,-26.47037425738381,-12.934558908305917,-9.811436626103134,17.379472102492862,28.83721105653575,-13.706693592069298,-0.05276917361009126,-1.3665397791040332
10826,-33281.4412738135,77.34888824747694,69.27903936860886,14.936135176719784,-10.787356076854875,-4.218174875114194,29.461752813069566,-0.1818257853130376,-1.9435450506797656,-0.3885144002864309
4086,-33281.4412738135,77.34888824747694,69.27903936860886,14.936135176719784,-10.787356076854875,-4.218174875114194,29.461752813069566,-0.1818257853130376,-1.9435450506797656,-0.3885144002864309
10304,-33281.4412738135,77.34888824747694,69.27903936860886,14.936135176719784,-10.787356076854875,-4.218174875114194,29.461752813069566,-0.1818257853130376,-1.9435450506797656,-0.3885144002864309
7998,-23884.683407001816,11.363650194781997,21.189986562267904,0.9665201788178157,-2.3716398512195482,-0.46550864346628373,27.460819501935433,8.734963394217942,-0.860799712176763,-1.1759231382742872
10992,23735.17567605863,88.68234559828815,-9.83680186338404,-51.06058296102541,-8.935332499322252,4.851676637874138,28.219055855853355,-3.947011143254196,3.289934981972838,0.6002424791856744
6383,-19080.443593284013,-74.79059566469641,-1.423516908605933,-23.138215251149628,-7.804000763583431,3.104228220840861,29.046123835885638,3.7392272018679993,0.4331861916600186,-1.1397120334281823
10536,-19080.443593284013,-74.79059566469641,-1.423516908605933,-23.138215251149628,-7.804000763583431,3.104228220840861,29.046123835885638,3.7392272018679993,0.4331861916600186,-1.1397120334281823
6036,37158.2060888437,447.3646938693083,-118.69423097423598,1.2043892758311943,-47.78743546993141,71.78130650331768,19.442994917279336,-6.198735608138895,-5.549895649837417,-1.7362844879766186
11092,-24856.048900178168,-17.178932927354765,36.482826084141834,-17.485066142530755,-8.408287732740586,5.3089331772152795,28.520555475920872,3.6215852928885184,-0.39462207405522953,-0.05595310759270822
538,-5866.381458750548,-225.80242409320857,-53.78715127855153,-2.212170263087949,8.70185309351968,0.19496253493562543,29.436957880737864,4.527704289522751,-2.9244297540242696,1.6848357736240391
10022,2491.454751860125,-352.3458232618613,-117.849270052626,-42.288526652451274,-2.4405163029392263,-0.8615789802669416,30.097708556043585,5.60676460284089,-2.747192767616158,-1.2396473114839752
10157,7712.553713210415,-321.13001258494575,-70.55610848584027,-17.01917714677776,-26.518507367068356,12.516003994339487,30.813621458612573,-10.293724715188826,0.3664718914365368,0.7696855064982078
3503,30489.920882320046,-334.48387501057965,252.45855910448,-79.53112118260414,-0.2125275028644502,-1.8952152782767135,26.89784618676329,15.207763948909527,0.4168488377490762,-0.4177381714083377
146,24079.681366972916,200.87563654420944,12.15388802554466,-70.4305005700245,-36.55833232409874,67.1180849324436,20.6846187718713,-10.456485795892487,-0.9257199127831246,3.4958793080479182
5538,31865.120621520793,254.16406900782215,3.5188315936276524,92.65198583614831,-146.91202483862514,57.78089156402403,19.730680867379462,21.563637518196863,-5.6108053165023515,-3.0508527335053994
3910,31865.120621520793,254.16406900782215,3.5188315936276524,92.65198583614831,-146.91202483862514,57.78089156402403,19.730680867379462,21.563637518196863,-5.6108053165023515,-3.0508527335053994
4227,-19083.42667597378,-72.91513073093705,-3.3102473296177948,-17.57260444417576,-4.697754708559806,2.4481792126155355,29.24202829236235,2.812279347168568,-0.7282222212784895,0.35730786330969533
6634,-18510.506759620526,-84.65170452212175,-0.35862445184082503,-18.759345476683396,0.20823398386528424,4.317420140931251,28.231605817384462,6.5567776327448914,-1.098518088522649,-0.28354452303701416
8916,-15346.025737819095,-138.82035271112727,-26.533070612585306,-26.426844606197516,-6.683334284222775,3.2899162873243553,28.90346048010592,5.596039177235214,-2.9148154950163625,0.9559761542193801
6460,-23254.262846861096,-38.815176057195856,15.797847092850304,-0.2121819827846947,-5.957661486994617,4.842418632366335,28.994600860074428,1.5781343757669521,-0.4077405925684676,-0.6848123291238499
5883,26007.5405937163,-466.82392206633807,-49.30068683103556,38.35645678965746,-10.085574617047929,116.68971360638103,8.483573288873586,23.981622997648376,2.4687765386434997,-2.3067707888823517
10091,8263.244998779839,152.61738532293305,110.09152531811256,-23.909936032680097,-7.138255288368754,34.719395066763944,28.73541668349408,-33.33765972672301,0.359894286083815,-1.2561827690091114
697,22958.764704977497,528.5565343366236,468.251802230008,-122.725210717422,50.21300035985741,6.841975565342674,19.348591221880767,29.03172050602942,-2.1491418197062258,-1.5102462066874809
2607,-11503.98007624237,245.8192802833739,-18.665865010870192,-11.121964201373867,8.456885636317999,18.743375013296028,25.722300551788024,1.9976273727909675,5.682179619493871,-0.1315260937248004
8427,12892.901948989675,206.419618956257,430.408681581976,0.16471443728572144,-49.064273158895546,-126.9966398761321,50.17413693185996,-8.743433420781999,3.708091489395599,1.086556094675653
217,12892.901948989675,206.419618956257,430.408681581976,0.16471443728572144,-49.064273158895546,-126.9966398761321,50.17413693185996,-8.743433420781999,3.708091489395599,1.086556094675653
6202,11413.000770103798,122.85736109632623,-131.2555080871921,73.6438256117927,74.89236772743448,26.742654384956147,22.630165564664154,7.2023131815399815,0.09992363024436823,6.20859720839869
3856,11413.000770103798,122.85736109632623,-131.2555080871921,73.6438256117927,74.89236772743448,26.742654384956147,22.630165564664154,7.2023131815399815,0.09992363024436823,6.20859720839869
10648,14696.268789099078,-22.917429355189824,205.41305478045257,96.12388637382125,-119.90868624395395,-30.437409988981948,36.02141810562024,3.541833974781781,-0.6017232809021573,-2.098799251184569
5120,14696.268789099078,-22.917429355189824,205.41305478045257,96.12388637382125,-119.90868624395395,-30.437409988981948,36.02141810562024,3.541833974781781,-0.6017232809021573,-2.098799251184569
6749,34394.71508392092,292.28250704686235,16.296575534089556,-14.217662817349158,20.16868293722704,-10.852867536425084,29.45965088328188,2.1286084936993728,-0.9211850175494156,-5.299311196803217
1584,-10527.356311805568,-0.35128354820358254,82.73050215363409,23.19404373574662,49.14137153024203,-1.0786468512526577,30.582808351858034,-7.102779384439167,5.098834676027995,-2.4538395596487543
9559,5107.7166329017855,539.734170103641,-270.271992594263,-53.333850962225505,1.771800352347551,-1.7698276710351692,29.938409803022438,4.079887615812217,2.0856810694350774,5.065121515335836
771,2205.0800512342685,-220.93051184368966,-106.93918904169519,-39.5397199060656,-2.0942431245202613,0.2619523741026457,29.58758093034193,11.973444217210442,-2.165390881265054,2.2099874669348814
5237,-3206.7426133244153,-263.65752166739134,-75.44358547863663,-31.62051778401643,2.594439384490208,-1.322484920351646,30.79164172004208,5.5364490395858805,-0.735843495342297,-0.6574388098031783
2461,-850.0487734019262,-296.5327269069027,-96.95523347912982,-37.503943229988096,-0.6699448333156148,0.9081658274569102,30.630482507360966,5.626812040203234,-2.4988270640538692,0.5216523699338951
5474,-8952.436400935752,-159.63369975184793,28.34655997414025,-5.579628900933542,22.158254380348517,17.047376869528104,28.76001361953712,-6.400939657211312,0.8424173753624737,-0.6415844605441245
2895,-1992.7633608195029,-196.79548053995927,-63.742397936068755,-27.12853429694203,-1.5606896376504729,-1.5391071676173984,31.752252603169907,-0.9073603062901725,-0.022206481927945276,0.6502795238757373
7972,20938.012403104673,-85.72346638234166,222.70025900997115,-22.013558643790105,1.7139509432307705,12.220728831643264,31.660514858692054,-24.19788112710168,-1.106773407154198,3.020023695576206
10067,-26796.09393121151,-4.98537992942255,31.110028167828773,-14.377524925359808,-6.431686055575847,5.3379284030729846,29.400559889263178,4.322399779287908,-2.0232511826041497,-0.27464671754639625
500,44913.03539888564,164.26699480396658,209.3828605879636,-77.92237133569589,-34.89402300150088,110.93074597023549,25.22526454886348,-81.71758785654575,-0.6946976220171903,-1.114534760300545
922,-20886.408923014358,-62.90253239141316,6.444741252405549,-11.090349792858706,1.7890035424885866,2.7186085111556544,29.608523783497873,5.464330096036493,-1.4748109255873878,-1.2619266410873076
2861,-27899.9261910351,13.738264286672802,37.900479413539884,-12.340028912947329,-9.305554830754494,4.2686716520018395,29.499888816999942,4.839747103426824,-1.7822413680582967,-0.6854770087511648
375,24805.38888988871,-34.89387673198161,110.86991085425981,-39.8466595667622,-35.474295364964775,-14.184655573012241,29.907917916088422,20.136171281459905,-0.877461014358687,4.341748941801409
10936,20225.295003212697,144.90504132371828,291.5035490348041,222.77172505450523,43.57737752931882,64.09236288428427,15.80117805710259,14.043000321262983,-5.613345133962448,-4.781004386766618
10314,31870.121930396577,140.06410825863594,-306.1028529694123,72.98268647432515,-6.812591621982994,27.602044614172936,27.709277291436507,-4.045805077560081,-2.4106572565247664,-4.384645358691229
4240,-34626.29251764421,93.20551477223927,84.64595735973552,8.197418004448483,-13.393569930136909,0.5006582909554278,29.199794051140472,9.389935702680251,-0.6580446921983736,-0.8128648569189183
2674,23185.28574119399,-33.860227460363774,-109.47479772788532,100.98757490704347,-59.96011747095097,0.8338635616679169,46.12099133233269,-85.99998936305984,-2.171114264667347,-1.998912083597328
2563,-23723.34037924961,-43.965718933233006,21.04510237253055,-5.227365767566721,-8.354627484766985,16.810648871514687,28.910798528229463,3.3275128265571983,-1.397951579778816,0.45151732889524965
8312,-23723.34037924961,-43.965718933233006,21.04510237253055,-5.227365767566721,-8.354627484766985,16.810648871514687,28.910798528229463,3.3275128265571983,-1.397951579778816,0.45151732889524965
6999,17692.90591082677,115.42638277716586,-224.13199933622232,-47.787030423869524,-26.46612402679869,-5.248913589780315,32.54291153466407,6.037422658300519,2.1911237181888996,4.27010715397633
7574,-24050.17831437875,-29.235985079255386,25.198738841427172,-11.65436084656822,-2.8054993802822565,6.227247369948981,30.652946170356074,1.8222445164058918,-1.945835842817969,1.4393268105026635
5223,-6070.511577776386,-226.37555422541044,-71.92480605090097,-27.24425182959603,-8.160800397859411,10.138738049940166,30.143481880994997,5.809882364063865,-1.6026895271262243,0.08723018816193129
2952,-15699.583529147501,-109.39489986009579,-3.941415085214345,-21.656192779378003,-2.0506966577479098,3.6322183243561508,30.647633284351997,5.532321954666767,-0.25171522480438036,-0.4919724509566583
7683,18807.79161047266,5.873386272393304,-202.336098010808,-18.855789828329165,45.78037522251267,11.88542223571277,24.99487820254258,26.529958032251674,1.4492154769592682,4.728181648374703
9481,-34823.24903514362,99.66276066183752,80.07375166365813,12.428741154593428,-11.403146129703801,9.82582635703439,29.564104952402502,3.9946274376679796,1.2599942970752416,-0.5704025580831784
9907,14509.48199592458,249.40585927199302,-180.5137852692973,-24.58984168312783,14.072355087408596,-2.5858234396885793,28.85317381358348,17.863698034394634,0.4625792681750074,2.570162746218471
5454,-6916.433270016343,-213.06509559535243,-72.48683592639165,-31.631671037737515,-4.688874797399913,-0.3781881982601457,31.816405009963148,5.125544791849917,-1.7478066282880027,-0.12736719964674226
3798,-10853.091983438797,-173.86856643806533,-33.60777487914953,-15.28502543247236,10.674158063262844,7.59630252578984,30.61633041796742,1.2749724465347718,-0.6695784999516352,-0.6134209019702297
7281,-3.33820623018255,-243.38476117460374,-72.88053510428563,-16.920238311117405,23.50676436575869,2.3511473541977868,29.74178945873537,11.334053744783095,-3.4924867602669893,1.9280518192320792
4259,-32486.584877040677,65.74317082112319,59.15053030296737,-12.823140663922928,-11.875161733831863,6.880145907625733,30.08780775324793,4.407244979808382,-1.996305525551218,0.04012918118716513
2549,-30131.632912179048,49.02503002131763,49.88486315904888,-15.065016310995691,-10.413092732712496,6.306536551360135,30.185017916619813,4.423315204226851,-0.9860982290264193,-0.15315011097122966
6437,-10500.17022955948,-181.91655626315855,-36.419050280893515,-15.366434113983885,-8.767789224687721,-1.5743583292692247,31.440696290217275,8.291903426699449,-1.1122279170338256,-0.9582528484748805
2488,-20577.264176921104,-57.26793779396331,16.85208807997327,-18.489672046236052,-4.707044227313176,9.825675643662082,30.367605569389653,0.6313732078583634,0.06672848394009634,-0.1697704419451287
3945,16149.426948807028,120.17872258605044,-103.5424068520089,-51.87960780538762,12.868803267012972,23.453041662882633,23.02530646285993,28.174759686197223,2.537741179930727,-4.734425896172688
702,-4289.469670674931,-100.89219720064699,-19.058677352644168,85.68585599466999,-36.40906009631621,6.3475047559587265,30.312484135960403,10.421741014659837,1.8363826751608077,1.4217108004334253
9010,31190.89288638704,420.63735839646506,382.3550018922714,79.473927588178,79.42710550717473,-11.923751649865077,17.406589097673972,72.8210735338291,-2.8708134363309616,0.2512582173568525
9710,6119.089498392343,296.7013091551716,-224.17280644342193,-56.459233250427445,-4.98468474498331,1.259916213437558,29.982563802973303,10.365404315452448,4.221273022818972,-2.3332182488602538
1509,32485.382375231828,-551.8497896715967,-183.39633433265325,58.29190428372421,-5.693971639857116,-23.52991772118016,39.65770015187411,-15.010413282509445,1.177448961023873,-4.441122626781582
9120,14598.645049298022,255.48047428606895,-168.88915923286677,-7.215896811927309,-22.574775559601598,-11.255941398775857,36.678017768006185,-17.183797150808843,0.8229585066964091,-0.3648849888675061
5252,-28061.724791612713,25.650490777470623,50.35398725125083,-1.8519145676982163,-6.655945251639453,6.9080930101545395,28.768474723718015,12.406986294262342,-1.060510991336523,0.19541322000311645
5959,-16078.209948871634,20.088073672942755,-36.107913663490734,-21.000689745507582,3.958661636862921,2.7506331125111405,30.681781822228103,4.254119803646914,2.439320380995877,-0.3913608644931057
7441,19165.621198171648,465.4310247488967,43.70144347394002,-51.577824762292416,-15.629068190773058,44.55726843283213,3.344347592673806,125.91409745210781,-0.18125526431029026,1.9378554822994483
4271,-13289.097183286765,-108.80842780769763,32.78238535497458,79.06850899728072,-15.98089111067446,-6.046657640977035,33.42202102347447,-0.39689151650942023,3.0459099467629382,-0.45933828319559433
4095,-14820.69992464321,28.138031987594673,7.868156597100693,87.46013893198393,38.69194859145716,8.908806003137892,28.475005318186746,6.298077796143236,2.715976010792332,-0.40822562726244316
8852,9095.701583102069,13.330910247632517,114.3102485593437,70.22485657340536,109.44585381719867,71.09576707942988,5.925826978723194,70.77253802936353,4.6226802445731945,1.2392506094434377
7698,-322.6441751843886,-177.23053870482522,-114.55003174857748,-37.057208625598115,-3.1861873430830734,3.468335584644424,32.24808637623849,4.829145199798122,-0.5210196233218571,-0.3727397111981925
4174,3275.426563542962,-275.16540431179857,-124.39323929196004,-38.26972840757604,3.8574222702114866,-1.7401523733101032,32.91865592718689,6.190595752179657,-2.239580927604691,0.9689331049333076
3182,-5118.354278869745,-159.2475107820515,-21.506333502678018,7.326559617545936,54.82930883536795,-5.163412417116757,32.41000761073586,1.827088219154291,2.500868789730955,-3.243961014402675
193,-37550.21143620595,121.26870787528836,84.6402667237861,-0.29353305601187074,-9.477757902058025,8.18659131000054,31.059633829614114,2.110450603086395,-2.6692604847078103,1.3474671829169833
5229,2157.710399437652,-329.7362665047803,-115.89728251294403,-40.70160874592769,-0.5692311232717309,-0.040425710710311424,32.76467232566712,6.710325290238075,-1.7826071345364065,-1.2780434498895863
5555,101940.71747426846,-1568.9959689786028,-617.844656195942,-123.18861828156024,24.830970618018128,-21.053429917037125,38.54927916268336,10.512562577624639,-6.864425048834828,-6.448559502825459
7732,12841.840791992865,-170.96897171622993,-86.18222178977899,99.58183618446887,-79.88027680513977,-41.74219156628164,52.71584654417062,-67.17229572215828,2.8248064216060236,1.1797123744694868
310,9901.458491511701,-97.5688780138475,-65.15487119995038,-33.58127756849628,-13.671654790037067,-3.912646596773328,35.64039220792057,-10.335705190725745,2.145911211320117,2.58738646301321
6261,6053.649465384442,-123.79984753480767,-101.35800885719726,-15.145161955315885,-11.479778921481962,36.90519891287254,27.58830073027255,0.6524006553571304,1.291459609163777,3.9989243092451763
6274,31827.511365979866,419.40399892952837,-78.48597236636505,-88.37938332636557,-21.339185167724317,5.007107574958367,33.931828463085836,-16.016313860776613,-1.6591272187053914,-2.520249761621046
1655,-17622.666306619038,-101.83041431389887,-6.1877487109501885,-17.456798069246748,-0.8513147563117087,4.148392586744603,31.44775111512857,6.359844646266991,-1.7602080073595543,-0.07445883118449625
2740,-18534.08790550386,-45.79884203352759,-10.33757458643069,-20.715417869290206,-6.364488975073137,3.8620570073140623,31.864286536149436,4.217128379376444,0.07431861944986196,0.9467007525554494
4328,-30016.73955356447,36.48781353647314,52.87900444631737,6.9256930549895825,-15.506366963211462,6.350602892787602,32.78715779754417,-4.422479656916449,-0.9015599241908214,0.6499900897599931
17,8524.508674296754,237.63109261559399,-45.18477634603178,-14.599230443634212,34.91111503789913,19.277110597023732,24.07331003631228,26.65984040486803,0.6747086013597592,-0.22318832825452262
9153,7336.700616172777,76.71110219474116,199.44237507410998,-19.889303786333656,-46.54771458704272,8.089178286132753,29.227519290422038,14.16923715993476,4.654778118593768,1.3898650213932395
520,-17551.86607434092,-117.01444096382426,-11.150660933188249,-14.721126012020441,-4.927432506707969,2.6508875052160175,31.960388325739856,5.609485087805417,-2.17354904078635,-0.9230277737870205
8372,-17551.86607434092,-117.01444096382426,-11.150660933188249,-14.721126012020441,-4.927432506707969,2.6508875052160175,31.960388325739856,5.609485087805417,-2.17354904078635,-0.9230277737870205
73,-563.2656848327679,-313.5248835949472,-103.8461878980581,-39.00789750173299,-2.564069911327941,0.2299079798829855,32.84647041945132,5.926126335142415,-2.8945779894599,0.04688984529106399
2002,20001.24199617651,196.68807711526728,599.0300946335658,-2.0543630085732145,-3.006548500841067,-76.00836407274689,41.84834641151866,0.6331607531201993,-0.828045843476608,-2.8749692175674815
6059,12540.433306315717,516.8856973804864,-205.58761032431832,-3.9142200146233437,53.267947694896584,-1.4280256145889774,26.626343262997224,28.197646677494742,2.5094206553181007,-6.2770936040590115
11166,-2293.385284542077,-70.55709313341401,-87.39321795616303,-33.09100367185427,6.375153236383326,1.3375240498767569,31.659296967718404,7.159726984582253,1.4709314573936751,-1.9335162428030808
6257,8510.620429135699,-158.3725951878679,-64.61755568041087,-13.569934428898819,-13.01371102706894,2.281508140857328,28.77967595405846,27.263141526659286,2.9836246620782685,-0.9616768358719234
9224,3294.7596412128623,452.7749998555305,-235.50685711295048,95.464323663994,159.45660230434808,-11.645740218463223,30.316835566593127,2.4251100121375426,-2.8566078811896864,-1.69590677812503
8732,15407.790669416194,764.4857055711539,-381.0908287802117,-36.76128575986535,-17.591236526639474,-15.48970828561819,36.23263765831473,-6.859846273941605,-0.74275324231031,1.2909652464022345
955,-4796.92421696736,-103.2991755427193,-73.42654104745938,-27.886778974431007,4.81651362442981,-1.0112232434740531,32.53470020259917,4.586476020236136,3.036236665076487,-2.42284910605939
4910,16782.64425328611,659.7801018339725,-16.47632388426888,137.58921661139263,-72.72720865364047,35.93549991106016,25.102923329639125,13.683960475579042,2.674991428714357,-0.8586541949677544
564,4971.070678783748,360.78491489994036,-163.82408805353597,-59.52644756120939,-15.869950412625034,0.8276664199313222,31.780290452761164,5.364359628785689,4.810859256740677,0.21247483886320717
8931,31068.28294446868,181.2596213463779,26.651628629720065,104.94054994198491,-149.96327440786297,-4.6944205640095324,41.32512779919672,-24.687226712664724,3.409963091758705,-3.3881059440484087
1998,-14275.703154337461,-123.38846068105067,-19.6952669583969,-15.965471789543852,-8.513531230292577,1.7581408165891792,33.06577182919176,6.618703934044444,-1.4521915225003577,-0.20166309963948414
1250,-14275.703154337461,-123.38846068105067,-19.6952669583969,-15.965471789543852,-8.513531230292577,1.7581408165891792,33.06577182919176,6.618703934044444,-1.4521915225003577,-0.20166309963948414
8397,-7284.617493771082,-227.33222926674824,-68.69423346277142,-27.378303093194194,3.3554045301378927,1.4474168135267094,33.36620715857157,5.408276334010189,-1.7985483498558965,-1.6377710371806797
9672,-28809.792365575027,25.58775067016046,48.15406331378466,11.056587344548705,-5.387905863001228,-1.388839559603482,33.717885029784725,2.5864571974258244,-1.1414187708740586,0.6994887940367382
2125,11063.608206138546,-171.84654152701654,297.19581136896903,94.81959046977953,-114.48135734207517,-35.710716264261215,46.81528401211928,-33.71440695779216,-0.1452889641131323,1.1031956920089865
5975,-11668.954162122529,-153.47439077776716,-39.24228781694825,-30.771878324793303,-3.7367277789062783,2.5649279589686715,33.11903145489788,5.375017612123843,-1.0946940417278386,-0.720177645566852
983,-11912.396676106997,-56.86511029603565,28.810186213471937,77.72239366250702,84.4377526142112,-0.4597304427589316,29.65377295228916,14.639563562566089,-0.12126819645629183,-2.623607842363203
9938,28101.820854275516,3.9611891826174315,446.82347460843266,-69.95268307728655,16.57316061172814,95.02610938189133,30.757014438939507,-91.25599958242654,-2.062508150061076,-0.8982034200154683
4385,-15934.74480534767,-115.67823846726503,-16.589513040602412,-23.39641442590529,-2.1497095609022274,4.722795734838113,32.84936420461689,3.912406290900311,-0.23056333069780788,-0.41434283024839047
1612,-4.261227742623305,-308.76172383809177,-96.63173495425835,-36.759908209616526,2.2389528846890947,1.3344417448176407,33.74355884651443,4.600946001126866,-0.30879826502320906,-1.4235596366250505
803,-11452.328217041104,-182.9690427619725,-46.688435440636795,-28.194577042136334,-3.0522001625840005,2.567375541071483,33.190090494748674,5.482410833626735,-3.402752040239414,-0.037079599477949365
10675,14369.681149582684,425.53621453759354,-156.06810503219313,-82.13255084277658,7.366148410826405,-0.29938164252119903,31.02148475362138,12.334371866066682,0.2860731805146086,-2.98684936397631
7004,-40958.464497808796,191.69075276097124,120.88897078345445,11.097486739065356,-0.12382581359498346,5.858064944396169,31.58212991194172,4.547325732244991,0.6058251976331208,-1.1947624133701327
4432,-20357.531240002256,-81.19311834991652,16.29638398002453,-11.03296861248042,-7.297207621573529,9.474140931135407,32.647618020398085,0.31349992081326405,-0.5598769520554914,-0.3940149704523108
5079,-3.7355661558758584,-261.56956324842537,-105.67753794050961,-37.04083492700469,2.9934529264771044,0.32712000075882575,33.5163824311454,6.462142464937772,0.33493880628016726,-2.394912902903746
4475,17142.22497212664,913.7749864826008,309.34131181185336,20.866146599449767,73.66736330273557,-91.04432736579552,43.36221725072879,-1.7697835300325204,-1.957481164156036,-0.7186021413964845
10868,18824.613407976984,-84.61994985138199,377.62270010737313,3.7911494116956392,54.51609550712313,-48.304771800225865,35.905957190682585,17.33630020096012,0.8530228793194246,2.88221954574078
6742,-34283.485581466855,83.1974542459267,66.68248772850919,-6.7748636520478565,-13.169833826279975,7.30509788630159,31.902198106038796,5.373179458681292,-1.707344529397031,-0.2866826036768426
5692,-26529.13133402266,-10.900836099134722,31.16097019942366,-4.0085005967489655,-12.315107085918953,8.908136777780506,32.428533450159776,2.0828946984844166,-1.3762467541942094,-0.026927174032056023
339,5121.238580353245,60.11266428201307,-204.79271762602227,-50.88516838746212,-11.5638391018419,-4.044792789916887,34.31076613025847,5.390920761646189,2.915509542658919,-2.6423980036357184
10398,-27636.04326841505,2.4452319128035356,35.59710207664375,-1.465323017213703,-7.359268188417936,4.968853243314115,32.038145821764346,7.501815885797438,-2.167875024642264,-0.31566670125624263
8017,-863.0231307840659,-298.4933722719706,-87.53298443728815,-34.50529742644004,-4.7670634839646535,0.36650625536297143,35.36635836732589,2.60361856251145,-0.8724940533899979,-1.1671969926931665
3722,-7470.44126434168,-211.8558740012695,-67.58352510551026,-29.464675817366608,0.6583566463868813,2.150510871280165,34.139425700332424,6.424884801571663,-0.952802198844803,-0.6903701768881234
7326,4875.6051725353245,-356.4943247196173,-119.15447409519177,-42.86970884126085,-4.4834176807954815,3.3556525413349174,35.026231148833304,2.93042319548435,-3.2964380514172804,0.7952599178003714
2416,14617.87438511134,346.8243061618053,67.5787850655424,-94.08710565527896,-16.65875097039494,20.942557806379376,30.663964988487763,-0.7582179590680305,-3.124238542585393,3.996803786112109
1878,-28823.868219391763,20.901933294334867,46.545976159217986,-3.4390411978709796,-8.118132138368013,7.23988768939007,32.691265258966126,7.198994102001269,-0.9856277035348295,0.3599424215163163
5278,30253.08222293388,-321.78998482771846,44.88703857385991,7.755608511909607,-35.88679230724003,-58.481371831651536,46.146146958838486,-5.93769605139307,0.17179726835021025,-2.4491689838320836
5734,9942.417658243241,-402.6592351637108,-130.75965731214845,-49.68294964023445,-0.8352341493309297,-0.137187390713019,34.73182364625532,8.213812245053276,-1.248247941089378,-0.4506783228254805
4370,-8491.290263519222,-206.2896366297113,-35.15491487734664,-14.205073539137967,13.61334664219774,0.0061277217315667265,34.57442245481943,3.2208831385768146,-0.1356351063253758,-0.028624115928312044
8405,16300.049348785222,-386.7141512837281,-160.41865453652477,-3.168447470864331,12.235039909390853,9.204859830540752,32.963903462074654,8.46890946892147,-0.750701306051746,-0.2299831915765087
7617,-9599.459945528433,-139.30569290355032,-11.712137979767249,-22.69095183255397,6.308815403591819,7.112255452241859,33.298470996173094,3.7286119025870885,0.8630919220624822,0.9703855554829164
10339,-2.707955577701796,-171.78588906635315,-118.28444563851983,-30.605548199691082,12.912737221941171,-0.39051691006486766,34.470594520402514,5.216781263792669,0.025793893671177237,-0.9294686126192335
6376,5565.317014961322,-180.7278192117759,-27.525768742156032,48.536875654801904,37.97002608878821,-6.4793206147664675,29.395698572158906,37.43956580704382,1.279334271054509,1.7615425933417517
2150,29030.462875343015,243.12729040872705,-21.478878252180237,-29.64794381344875,-7.60964170775344,-3.124531885271154,37.01173802439277,-14.698972808911023,-1.712279055925733,-4.551949944753742
7386,-20980.37494292219,-60.62164539153639,9.703360146770024,-17.57553334784808,-11.257968573752564,2.76720098412685,34.40058414680624,2.900052713750352,-1.6359878960072285,0.10798164861290616
3006,-20980.37494292219,-60.62164539153639,9.703360146770024,-17.57553334784808,-11.257968573752564,2.76720098412685,34.40058414680624,2.900052713750352,-1.6359878960072285,0.10798164861290616
11088,26682.700313202833,774.7718722106958,-212.74188547815086,-85.28217590713083,-30.825459488639638,-10.075549660219128,39.1212096033953,-20.61084871368822,-6.119333435901163,-4.300385770932554
5185,22296.40714196101,-338.58903469646583,71.25774656189233,59.972801646425246,-64.03302996086653,82.06337304110518,32.09328628565028,-53.1743580318698,-2.210741667641134,-1.6856921875083621
3523,23104.205103035696,24.38442027782702,-38.12249230437564,-14.575085674729841,90.8814991849805,17.633067015116843,27.36777196557692,14.08759096702946,-1.2280412650593462,1.1625490483501766
55,4284.127451397086,124.82557929108768,-169.88731728080282,-51.716352393395844,-13.164551225237975,2.8741187910082564,35.08446130312025,-1.359043822501321,3.884767329210046,1.2848978686566341
3807,7956.316025086111,70.6707535179446,-68.69616103310292,-18.844529714518227,21.205011684010998,7.6362058528887715,32.08148766937967,5.865419792202836,4.5223557508670496,0.3729918471207001
2453,10838.377803839401,80.75522730052126,-133.14455811512383,7.209502062176112,54.345484404268554,14.063267911447834,29.642199543879997,11.227913270448227,1.961160196595392,4.3069316293375275
7787,10838.377803839401,80.75522730052126,-133.14455811512383,7.209502062176112,54.345484404268554,14.063267911447834,29.642199543879997,11.227913270448227,1.961160196595392,4.3069316293375275
2230,-28345.641959851077,38.185275616038666,43.79885982007386,-17.38623937413386,-10.96179326989426,7.369725635434113,33.79811947433231,6.687416969420429,0.06720472480127793,0.6837312803922826
8146,-5867.5833918366625,-231.9939899513202,-75.1099416870506,-26.129340183803805,4.9265489104557005,0.18097308029099946,35.59360244076065,5.483499311411835,-2.6503261280378276,-1.144479228928378
988,29199.91998086816,-161.81476163418466,251.2579979233896,-42.02849834780008,-34.52515986033233,-81.84876302851251,52.51190296604045,-23.790877984052692,1.6664092259079775,-1.0371992972977795
4832,-24728.08604670052,-23.312884365215893,36.203368944400395,19.64364127411228,17.307629427531893,20.95966174708126,33.24851602467908,-6.501624133984844,-1.6197050549488585,-0.8682864992434727
3152,-25880.894725626335,-1.0657786335712558,41.75550741764873,5.953371484505597,-4.948762061776975,16.439536601762338,33.071341277984885,1.955804944931753,-0.8765972849659116,0.6318168793457852
11188,-25880.894725626335,-1.0657786335712558,41.75550741764873,5.953371484505597,-4.948762061776975,16.439536601762338,33.071341277984885,1.955804944931753,-0.8765972849659116,0.6318168793457852
361,-8831.611540394639,-221.0826167049359,-56.127545010144246,-28.645727387228124,-3.5232287759438563,2.240281996916317,35.32097054045572,5.940094427628937,-2.091012373120317,-1.4475335536455702
5939,-13740.582520936885,-118.71900380641745,-17.148631093925445,-3.71930886191286,12.942377884603829,4.299344190563644,34.54675772681517,4.372284874886985,0.0183366486734986,-0.4942897840668796
9349,40563.684452630594,-118.19784259519798,-317.52694459066504,44.35831459000928,-72.23879262354518,36.53368293944261,44.31558630425742,-71.67495721078721,-0.8439158410766971,1.6619610964273228
819,11317.158305510238,84.8197505404653,-8.678972539266482,75.70509358668492,41.881007896301256,39.49886930198306,16.715584210600326,72.41255163352315,1.218454899134918,4.9074131270914805
10120,-13025.459764549116,-44.63378500922238,16.478916210972216,-8.246836512773456,21.144835426245272,4.372118196567081,34.01590496170742,4.454938361823842,0.204949805733869,2.19576978298993
4541,-13025.459764549116,-44.63378500922238,16.478916210972216,-8.246836512773456,21.144835426245272,4.372118196567081,34.01590496170742,4.454938361823842,0.204949805733869,2.19576978298993
2456,-11739.254777810522,-104.38087563405372,-18.475585134795182,-29.09882893114246,-9.265114758156303,16.015742286029823,34.029630152932285,-1.2118559668161284,1.2097590220492629,0.6644487075599228
2516,-5142.687811754011,-247.21522776180103,-73.77983884467511,-9.727839926795678,17.192512365885342,0.5633819246857834,35.56191325009024,3.751564329428204,-3.0308604665202283,-0.4271839941270503
11013,15635.195287789116,-130.32270454171407,43.57661514792949,74.42629775992944,-65.76090700586948,-64.72695332024172,51.18408283487261,-21.531857876969816,-3.2605932041916676,0.8836645390076137
9988,18410.095639968116,15.016322992036635,-164.17845543621937,-11.089717541454572,-54.741404737894136,14.490536854258181,38.160993605763565,-18.61381943088914,3.546871244602446,4.121356317925337
1627,25325.792322685287,-215.1060790069585,-195.54294624139348,31.77031774167679,-40.06322493030916,74.44168524617449,29.25135195860969,-20.811951681447916,-0.36459944782912324,0.9350488850150325
1490,3792.172538808096,300.056625967037,-180.61174025068973,-11.471232334737397,38.820786831431626,-3.8807821912894305,35.72611168962598,-1.9350591867310492,4.85560146511108,-1.480090477943385
6710,6242.821658925008,-340.53453136464856,-138.59321629046113,-35.801409817646416,4.73773872401048,0.9227784612815226,36.10130704102177,3.814892828267336,-1.2676534101002428,-0.7012539822017745
7375,-601.4733084015315,-13.326945296190786,-82.91961634586829,65.63667459494624,130.01419812740733,4.3835457239353435,32.64153524715553,-1.5815627227403697,0.7430018823363973,-2.9513570439100896
10144,-601.4733084015315,-13.326945296190786,-82.91961634586829,65.63667459494624,130.01419812740733,4.3835457239353435,32.64153524715553,-1.5815627227403697,0.7430018823363973,-2.9513570439100896
3138,39286.50990844719,512.375456542737,-448.184049127628,-12.645672988005522,-69.79079689580283,36.088225740903056,38.430091474413885,-40.88284235873323,-5.211841932040013,-3.660273707964178
1440,544.7234542874212,81.31763073730042,77.45645114329662,198.26674361499798,71.60996084321044,66.81279243942639,40.40755231029891,-107.62695478432657,1.719605447019199,-0.24392276375895428
4200,-7812.5095468974905,-62.9694955933935,-38.607824373468446,-20.88607852814655,-16.574523296458672,-2.313151116140235,38.30408838223728,-2.485342207713569,1.8207844448794468,1.026890690271507
4998,24110.90444251371,-246.01926049722482,129.13242151085228,64.5856450213129,127.46800287345553,-16.782871918312964,36.95670586364871,-3.878464075736405,-3.8063578437304946,-1.3666951823863247
7321,24110.90444251371,-246.01926049722482,129.13242151085228,64.5856450213129,127.46800287345553,-16.782871918312964,36.95670586364871,-3.878464075736405,-3.8063578437304946,-1.3666951823863247
8663,-11977.310924457954,-178.10484223066544,-45.85957500743032,-29.37341703728514,-5.527464663455689,3.2763083189943956,36.10717152244413,6.04914098671496,-2.3703817406889534,-0.7767102400165378
1958,3044.009570761962,211.23550088790518,-180.0635897243857,-55.078961323360836,-2.391324854361912,-0.2842030807321332,36.130502112541464,5.51941966715261,4.802208359620714,1.2444623612634675
6963,25490.56255634839,99.78888702068963,17.03471274868849,-93.94017852316391,-1.8597895637988735,18.33409988082389,35.73395422198655,-15.240046884921018,-2.3196672557448714,4.285787672949711
1065,28731.56858526806,71.0997954843302,616.7678033979678,-24.18115233609496,-73.88378381541025,-49.04971798381663,33.505682832425435,62.822428182185405,-0.1943409233109401,-3.806137805023818
2712,19893.43577535433,-352.33573825837965,-46.450817805782606,70.83574813255636,-70.08188004430971,33.89635688874434,15.476064096379602,115.35124158701413,2.456843477299387,1.2078614947580877
6049,21489.240417606212,611.6108772230866,-32.93760216577931,-20.251946979706755,-48.58044981700202,8.278010574287642,35.926516394876046,-4.705949637183903,-0.6563365581813221,1.6909570104202483
6605,3645.6272272570277,142.1406844540217,-100.8640916786201,-45.27379450156756,6.733605048626867,-0.9769657934970344,34.501544032529324,14.129969152258461,2.669910056751805,-1.7010303774690643
11181,104940.47606751855,-1604.162832854721,-632.1428514093577,-125.86425057233724,25.788683062517556,-21.0802350607462,42.614859342505596,11.256529650864838,-6.872156206584771,-6.6427272153738475
5234,-21219.300921438058,-59.24077283860578,23.37400290047833,-1.4660630530532872,12.015184590258755,12.24224930414169,34.30874289514992,3.199380329482528,-2.073008601991856,0.9165566028692309
5253,2630.2214753199296,-214.57478764996176,-102.72017793710913,-33.20058340565738,-12.172804471137884,-3.346523430979813,36.20827431510391,13.906640864788283,2.5418459916344833,-2.4587105929375292
11148,-29691.861971610164,28.151055571941583,46.457367347213435,-11.35786468831025,-11.424001754216436,6.353529357250181,35.26503190223079,5.213355628250685,-1.7121505690832794,-0.5723879697496881
6289,7411.437587445209,-288.99458297070265,-161.13162165810937,-25.71491248114746,23.021730755455344,0.7743472503509927,36.77404478946515,3.2522608958134462,-1.0672326057574137,-0.6782893438255027
9743,25038.451517204987,819.0745641039,-360.32391093838396,36.62896856487605,-5.285119643587608,12.371065309100407,26.758192904967274,47.0780089359657,-0.9903020210335507,-3.7887155989493957
9209,28608.40068157761,222.54822538330467,14.737835796236567,-16.724670062497445,-64.76218574005227,75.6916756373269,16.69257353734629,54.76293338294525,-0.5602759846953997,3.7545153813617773
6417,28608.40068157761,222.54822538330467,14.737835796236567,-16.724670062497445,-64.76218574005227,75.6916756373269,16.69257353734629,54.76293338294525,-0.5602759846953997,3.7545153813617773
7937,-27260.817789173132,11.214676776630256,53.88546398145705,-8.700796128008438,-9.225564083324716,7.716546479509354,35.48684951099489,8.458361290637555,-0.2513675893608509,-0.04964872132437925
6488,-13143.465546758045,-99.0008069326446,-49.2514298467126,-20.811316994256323,4.36963789632949,3.1990407107600882,36.84153029579019,5.564539942816488,-1.819211387458651,-0.731966057404061
3194,19498.508241601405,-51.90501057808552,258.1200575838055,-25.485537823091104,-67.27503647514766,76.7612708569571,42.125487165602294,-99.82600499273853,0.03483129500672533,3.243775573225195
231,-23133.17672668502,-29.354894589882633,11.355932001979,-20.8109588047585,-8.643014892321437,5.7870070388762205,36.430438970894215,5.67685213683332,-1.0462247255196058,0.7616904794174291
9697,1819.9721393482469,-1.598620358333278,-56.53164287331444,-29.583838217168367,-24.34396408815203,3.895024628986647,32.56831225593801,33.60895383322112,4.059677192425468,0.4103289319119483
4676,21739.62208269426,119.84019060126718,202.43420101879036,148.1876592767554,-82.69599059669906,-50.205616160909045,48.60289715480398,-11.754823605849694,2.4065788983480694,-3.588015499818967
8079,-29523.793781840977,29.032673696747565,51.881995221238554,10.437806408630738,-9.626537697514296,-4.965223005897732,38.48008583375626,2.5631371629778315,-1.3097748177659936,1.8369991324312283
10032,-39399.91145790709,149.64148019373985,105.98431014373354,9.408556101294145,-5.286540132176414,17.74974624101808,34.58428441737537,1.2276967817579347,0.703385368959041,0.734136535680781
10505,21145.90849747244,167.65761046809905,-210.52013362076994,-36.9147806453013,-17.328171943987968,-20.203164425303576,39.90560084737342,10.8908936079454,-3.7111896509306836,1.2594806783377503
2005,-16207.610361139283,-109.85773257146764,0.13665281457221568,-18.0631209164538,3.4871082746077278,8.25082123238565,36.05226948059352,4.7596883933144625,-0.503659731487784,0.6685952123442291
6940,-5238.593325841546,-162.2228436090079,-60.593759106283756,10.119900560984924,50.49369510142592,-3.2561743147431184,37.286459022704165,3.2059578006685534,-0.4178795164809985,-1.4091980314975245
2304,14344.777957628728,123.66585366244328,-210.16108417055918,-58.139839892866206,-15.731180604266324,9.614051308947076,37.29154813209274,-1.8931612741785715,2.4595514091502757,4.384851470479448
3170,16179.502037045837,-60.797509803268724,140.05242476884558,1.4397112099667595,33.04202625704803,35.50659681239468,28.125665320342094,16.956598497958765,-2.158904397633866,0.24123920594487114
10466,-7580.412998842599,-214.73260575162539,-53.48420051216465,-27.33763599810288,1.3192481628224186,3.0652740424754255,37.05277448674279,6.1868671129392165,-1.7176258972908744,1.2982988778927957
7325,-13775.962479593247,-142.79019835792695,-31.249361946607166,-26.376872939661098,-5.594653249399926,3.2128510864671034,37.16019895151044,5.237740702547537,-2.307505225170646,0.596156053442753
455,-960.8069555567927,-209.12539033721708,-60.09527518491234,-26.738643357523134,11.215661131765092,8.495594427918846,35.7543195505134,7.051633549368608,-0.15012339628623295,-0.7954553272625704
7592,-960.8069555567927,-209.12539033721708,-60.09527518491234,-26.738643357523134,11.215661131765092,8.495594427918846,35.7543195505134,7.051633549368608,-0.15012339628623295,-0.7954553272625704
4547,-38299.035785714776,137.52758304189737,93.75683271764123,-3.2443530776259593,-10.940246036169894,9.17433124998957,35.41423655221132,5.72048473940394,-0.7153271395824508,0.627843173529151
6825,-10521.416270078123,-193.8320867449396,-53.61861359902778,-31.278142934020924,-5.918533526422504,3.1582269196159443,37.16748054402949,6.302247229568167,-2.072776460658006,-1.3264390744267285
2961,-9889.838150827207,-18.592688696934488,20.407511786848147,5.261613421751464,-14.575054432163256,-21.784239899064882,41.011603174754995,4.343709722754626,1.5217862766066688,-1.3834414345917851
8700,-37065.05973590145,125.3697807770844,94.27149856712401,11.070905699985374,-10.46989238671515,18.009766869641798,34.89816329942137,0.28008193549884375,-0.17690167596282258,0.535989968936537
2278,-18160.620660388784,-103.9163943817806,9.001532189009282,29.58756048341911,-2.9576657431794864,9.42184152094119,36.544480099697836,1.67942564613924,-1.353916667222002,-0.3499616600204938
10703,-5875.136340752622,-200.7637401628466,-61.913849338241306,-16.456169926709972,23.520444944744554,0.7132371806891957,37.08063316835755,4.973480203534974,0.33635142125902284,-3.0353071472393083
9,-5875.136340752622,-200.7637401628466,-61.913849338241306,-16.456169926709972,23.520444944744554,0.7132371806891957,37.08063316835755,4.973480203534974,0.33635142125902284,-3.0353071472393083
2804,-5875.136340752622,-200.7637401628466,-61.913849338241306,-16.456169926709972,23.520444944744554,0.7132371806891957,37.08063316835755,4.973480203534974,0.33635142125902284,-3.0353071472393083
4915,1258.4935628074745,-144.03989263474477,-28.088558904459887,200.28248154712927,82.00612080146118,-42.69930821136429,38.19969588815091,31.936099887802445,2.572900774274494,4.055060683249444
3010,36457.61373106809,296.52190208014844,133.84936649155043,66.5635514234713,27.174980833382072,53.37386025150816,19.347484038457765,55.74179441785819,-5.159074144102414,-0.9186328428742794
4279,-12425.15045117031,-166.46076087030917,-36.34102077257771,-14.745953826311766,4.242498159641784,5.682210331473627,37.46330247681597,6.309102646407403,-2.5764853019801324,1.2641223585841086
2564,9304.132624846425,-332.41407391489525,-148.26069689492297,-39.62699078723771,6.886037595196093,2.64286884554891,38.60151064324157,5.274877411981343,-0.3563730204551776,-1.2694031744578007
1137,29277.5996646665,-182.38471809468638,213.0606148818938,31.226249979856554,-59.851293084248944,138.1865070632196,8.415567279691288,57.703808973511855,-2.094626452103361,-1.1409075734089011
5084,6361.728048295699,77.49639817891932,-0.511145636991273,125.72192232283325,23.88031909838798,21.939596829740065,38.41008438312414,-23.14255151951338,1.396272029325555,4.858302693189967
7094,6361.728048295699,77.49639817891932,-0.511145636991273,125.72192232283325,23.88031909838798,21.939596829740065,38.41008438312414,-23.14255151951338,1.396272029325555,4.858302693189967
6327,13810.702833816438,143.18453344269994,135.72185798344404,-48.71413372317955,25.04723808400891,11.222004903281942,34.51143611623901,5.882993074491138,-4.0027299402491785,1.7610374860363134
6131,18855.36987052238,-399.6636755820546,-114.10151022045463,14.864884033530906,-35.57806900145753,-4.517088364009874,34.42872184087564,44.76757849328895,1.102602399887691,1.288985462933332
5798,2.9749461665924173,177.86433384696244,162.934321553233,-5.085907594622195,-45.158118718587765,-24.993901830473412,41.626539220018515,7.928509677804165,-2.012733804004305,3.7618792715608174
10379,7276.416974530002,-74.08696836246469,-87.58361438485079,2.890706184015631,46.71347287495872,-1.877036133136893,38.36906755454288,0.5896290831853168,3.1172440655460782,1.5800708856043886
606,-26042.149272521496,-12.538612647016691,25.248367523139734,-13.906992828850942,-8.258117891966887,5.732307089815001,37.302439868943125,6.292274437879183,-2.01167178492011,-0.35218854147696144
7801,2782.3274653251647,-121.3730330493425,73.33486184800897,66.42075164458879,64.32986403042702,74.09187213895079,17.437597745659474,50.74150468249947,2.3079530214232484,3.9100879778195843
2445,-23531.868739329515,-7.369658533494942,26.928334026761505,-23.352011615005626,-9.001920786443455,6.302273070301471,37.14225561584638,6.47299333109965,-0.6743633727877016,-0.44429047000433153
5346,-28412.588240100416,39.19990352787053,50.964631120873065,1.8089658409106337,2.8009869056170835,4.176827963132821,36.81439814374569,8.116655831346048,0.4166747131284554,-0.30621335087719626
550,10364.070549662116,-173.03622215001576,19.523000182521884,30.562155714834315,-48.086445550654005,4.573137486296967,23.805963000582196,98.20246450150736,2.2891152070939267,6.004947736242343
4478,11807.27764525202,-6.510695655613063,-154.29630126594205,-23.405790826931877,22.898173834700707,1.2880014307135357,38.9708082568376,-2.6641852842537848,7.333978922659352,-4.439732913115494
2350,7699.073747395072,224.43321054952145,-92.2215904327617,38.18324132944456,68.74128699209379,13.7273572429522,29.841057993940055,31.226247937980393,0.6593133755387601,-0.7441992494733789
1118,-1002.8624754276898,228.35365348548936,-129.9005096883877,-32.26425939614236,2.3165044679440356,4.890757123665348,36.182280274312475,11.11718455520371,3.7654370631373055,-3.3262950779611185
1491,19514.74097157635,-378.7167748758778,-105.52072285102813,77.66958060691468,102.49969223429167,-0.4789577476772817,36.46858141050592,7.343674058026263,-2.681883446401247,2.4333053351180967
4507,20262.243895921885,140.83733734351068,142.57787787559016,-67.8429828744745,35.036384095105845,-5.903913443239143,35.81152276810336,12.541884763627653,0.19719835681550357,0.9420671534145706
7023,-5740.537379672052,-68.4648980238847,-63.24584914448084,-36.06029497010502,1.784778351476774,5.8165261297687785,37.585309804178365,4.365435471353981,3.3173738885298647,-3.0015745529186164
6977,23741.838345746088,560.8055224907946,177.39885863684978,-43.61699772023204,-41.605260460812524,-68.85053534644415,53.87360376239786,-33.082644820365886,4.692518553809675,1.0172973351400998
4042,-8672.345353229925,-128.58420423555572,-30.427404037282827,-18.8055614793714,17.638531415187174,2.1868433037111874,37.491113863657276,6.579252232530671,1.486037458661949,-1.4619880430410905
7274,26655.704852345414,241.54316029740238,442.6370613351619,87.69633892353572,-108.35937629964266,41.956817465691906,29.83386953905415,15.993423438369511,-1.3705293981980171,-0.2758596418383412
2902,-4.32054074620828,-313.21423480581615,-98.2200618629274,-34.41421652318669,-0.47069378271640616,2.6411211310724685,38.13130882583519,8.483172608957116,-2.344769755607162,-0.32043893557917036
3332,-22211.35172305459,12.028119226118008,59.16642416825266,-13.197539304017013,0.8537885206153106,5.623818089522891,37.17490373215554,4.408882206756223,1.605830826087617,-0.5411287451102336
7433,-22211.35172305459,12.028119226118008,59.16642416825266,-13.197539304017013,0.8537885206153106,5.623818089522891,37.17490373215554,4.408882206756223,1.605830826087617,-0.5411287451102336
9386,-1844.1951383345513,-39.38075268483067,-133.00050156486512,-32.719679155267265,-1.034707501077591,3.07367411759327,39.59712064991244,2.434274245453695,0.7203665212777146,0.5284427203994042
5176,-22368.350211148874,-53.15215245611893,18.740364112281554,-5.46602972220522,-4.255850650741955,7.935053123715905,37.973622605296,6.258379773117381,-1.1559915292606,-0.7505402848456537
10323,-2558.7030527180177,-92.7997198343237,-94.67495599687291,-13.201125546580936,25.659109991665517,2.517541557535317,37.98844898679103,9.095023851600207,-0.24794421474200679,0.42586405907563263
4682,-96.55844790829724,-213.84770060393896,-20.16765001070908,-9.383713836233937,-28.29142917733928,28.06049451589534,37.0689780578913,-2.6380997613853117,-1.0450673297148763,4.771390641732674
3083,-6133.93553061151,-30.508829662296023,-32.10520854142635,-15.086122650068784,-2.4088641598790304,8.27940073260527,38.17250081328609,4.2040659813519206,3.3715835489268198,-1.6162072179425424
8015,33729.3854782603,39.872206734826534,-25.128252712208507,-33.60491514544367,-55.35924122427762,-45.62487993171222,39.29654521410451,55.085633620252906,-1.3880269866242596,1.2661915522756133
1745,33729.3854782603,39.872206734826534,-25.128252712208507,-33.60491514544367,-55.35924122427762,-45.62487993171222,39.29654521410451,55.085633620252906,-1.3880269866242596,1.2661915522756133
3136,7462.286782495488,-59.15102962819685,52.01252591274452,-50.454312277352166,-6.7644539048901695,5.695384158370766,37.142564058677166,11.17191677951054,4.077412551024864,3.6454406386432034
6991,-8782.570513165076,307.0985970350556,-130.57830851903563,-16.791262057588,-4.23038038869521,-0.3537752463070545,39.07904271909909,5.121362517861577,3.0707673227738823,-1.5619122400600194
8132,8662.35734871641,126.94213339015297,-203.79004758768187,-51.62504908996608,1.293795640864225,5.343389238816234,38.159420767509005,7.330959256874021,5.0783449574374036,-1.0662027516696329
503,-31412.410232211012,65.08475093902734,77.08345773316262,-10.61436253116156,-6.402036735946826,6.075456179298558,37.99347436426528,5.7512774460188325,-0.1145948338956071,-0.08824100276767899
8148,-1071.233647199515,15.173121700289073,91.9691709434382,89.2763295300499,42.41838861129292,52.81409066984103,37.895989594767016,-48.18281263010083,7.785274301806766,2.6793368705756877
2736,21836.03823979762,-202.7337576327452,-119.43596367243586,57.501046834240206,-41.02913923282978,56.943717588824725,24.174772336521443,52.44926610092793,0.9468525003320165,2.951625975290254
8162,-37310.12572752942,123.96826999058828,91.4829716243176,-3.7948271962452873,-14.929929642006655,7.331329488187354,38.086589991549516,4.463607354629239,-1.785962142004803,1.6597763752360801
692,-15166.090553859736,-145.69008555171234,-26.18330734688243,-23.612024234867935,-3.404034630238943,5.0678787301758526,38.4545496438577,7.81377319572675,-2.3612681700834997,-0.5820902635009282
7706,-5196.334831951026,119.72163189552711,68.02126455329936,171.24759645120992,-125.5444992674106,31.654905682517423,40.37835482213819,-17.56955041925524,5.726250377332509,-6.204109211070126
9298,29613.909807998352,627.140400310545,-59.534124976509105,-114.24314857210638,-30.46856414199504,-10.848409053328519,45.02764626703495,-20.348535429131758,-4.390527353315647,0.9860501126304428
2986,-21200.540770527998,-69.80117460129094,2.7900454218895163,-17.588991569615686,-7.278011222088274,6.090801277316452,39.322310622773784,7.013179750313263,-2.339797388387854,-0.22270932420860357
10812,-5596.264250741457,-221.1046010115594,-41.13344324137998,-38.20540272557967,-5.331228364737486,1.9135164542944036,40.678691670152006,4.484752154762782,-1.9094249046007779,0.22516009622094124
2909,26163.08733193166,310.9179041240867,-204.46736669865558,-64.0117863528951,2.9849302254851153,10.338903716422742,37.57254871711619,8.557567725796073,-1.0051058330174083,-2.033868474387119
6974,31476.980787798937,-51.61153606287621,359.6527931490874,-56.57832755138211,50.451864746310044,8.436923483018264,37.582716253349545,-5.303027556653035,-0.9703490462020641,-2.176010711517657
9140,-1450.6220016722946,-262.0178423346419,-85.6308312154749,-35.787654438316345,-7.1248983349919595,5.6418624206649515,40.15008959131535,5.726514745682827,-0.5108920174343652,-0.3741820082153513
4554,-4962.471666912017,-86.56699332108741,-34.379813180074166,62.00051952316525,21.5545909943719,-10.007811784907702,37.88730119893178,28.38012552402807,0.7810942831767624,2.7905832771082726
7791,-14919.018324085613,-140.65435333811558,-28.131884194945627,-24.11944494519091,-3.493333581424695,5.452570947478281,39.60656635893925,6.595933096492139,-1.1625634686873738,-0.38352041454906693
5455,-19960.576866445474,7.38093809041834,-12.088338073581525,-22.119856170282006,-7.298826152331365,4.973970081678649,39.635263598543105,5.305955289245244,0.009459861227897548,0.2707262007308935
7960,30155.689258967628,97.31298159414783,-50.920879730287794,42.2549872206855,-5.2028721063198,-72.27962565883226,53.53386836291048,-7.824167157499422,-1.5080448050459534,5.487238526147258
3426,18337.86547553973,538.7325988663837,-75.02311347968978,-21.928303422668527,-24.950836800687682,15.509060886039164,34.70523921086743,19.96722123947577,1.6726060319941283,1.7507645274495052
5316,-30947.262431315277,80.25978366736737,60.264143579956865,0.3920850918737453,-1.8584314768830694,6.7714244143985685,38.695929674838666,6.644686238936538,-0.7050909443133175,1.3097668966003542
1404,-17055.766190511873,-58.45111794305245,53.91296412858351,16.93220923216702,6.221417718851669,-6.881086884358007,38.78126961993422,19.813952157645325,2.590186803406013,-3.0455649567592085
10598,-24029.154831734708,-28.16683149638544,27.672426742872872,-16.672284709216274,-9.005211029490901,5.049311981004761,39.55108431070691,5.837273676974538,0.3839731254069303,-0.7309877215244382
8212,-12181.258408486421,-96.84092385725211,-33.2775660886314,-4.203935180106156,-4.172480752276227,10.671442965622532,38.30915793045921,9.081693526789135,0.04252558956935104,-0.5375301371850103
3233,10779.089487519625,181.65287430867434,176.8798647106524,-74.8248711307937,17.755233339237385,-6.972256872539657,38.6320292215693,10.464171737289366,4.55941452646219,2.7281159691281283
7892,-33382.307725510545,82.02308857315757,86.95336763724046,7.727046413436675,-12.666296335717718,9.046244165905676,39.562804539145276,0.13583463604922308,-0.5422305975374675,0.43596113520113544
2975,33643.01170504576,145.14324788182589,440.75035197311195,10.405027867765687,-25.53307462391034,-105.63035765343788,56.782053812958395,-4.832505378055323,1.5018585721354256,-1.1066716539383625
5043,-24974.307487704707,0.7157412472384408,115.32239091594528,166.04483504725877,17.206401522854698,-32.68640461653172,48.969978856133835,-20.48014461541694,0.06114064417804421,0.04354301123133997
3104,30371.045761818343,311.00569681075456,519.187563150387,-122.79883437017725,-1.5037860626203212,33.996133542020274,33.174128737514664,-4.79133724443733,1.4095052187521215,2.8467981123731043
10854,-13119.937488061849,-144.34476124272936,-33.187474753130175,-29.625195275861056,-4.699592779736442,4.172045558824665,40.86145181034513,6.626462736499706,-0.5039217448973039,-0.7909696515201023
7419,-24901.10317102937,-20.942258594315888,35.58589757903353,-17.638281240601817,-7.563354257083029,9.169693712807563,39.620079654030306,7.271034816338851,-0.7180399190677642,0.40698385752425414
5558,38969.497383100024,284.1575631013709,-84.28873981483096,-33.018993366875115,13.49222497599218,7.37644579474976,42.111943758397715,-14.94966841431874,-6.525683463243524,-2.985352943422318
832,13845.256385323592,71.16191896780117,-179.9997451593484,-40.76625200734028,8.90517046617688,6.4894054012554285,39.77516489734809,7.776711542762573,3.6995022897164542,1.6245951381830137
4964,22283.86029745183,142.27482988060206,27.540283480776395,-76.51066590324682,-30.942635012022286,-45.39472731771775,48.078200961472874,6.924058743647537,-4.697216470350411,-0.5034209211858958
11030,-18791.740265064625,-97.3356687554193,-11.100380275562742,-21.713804375706765,-4.931194369653991,5.395125450565879,40.58188039716174,6.4308103945076684,-2.4118241393291853,-0.32979581234092903
4587,-6965.700569521345,-79.8272567334597,-50.48097496350596,-19.922521534840094,-11.736589866979099,3.3213019060815023,38.12879336418058,24.80909994399288,-0.366140913183604,3.4198303765745095
450,-9657.229379823293,-131.74225573176074,11.041958653327555,26.232129545524106,44.1445294174266,3.9417285740923065,39.42199679939144,7.585630346317988,-2.560229251146747,1.6758892560293241
11031,-3274.8474669321367,-267.4083849071098,-85.64086278324493,-36.39917206364431,-4.231237345227555,1.4030192646720054,41.48718524345239,7.7694136013887025,-2.2788315582746597,-0.09324405115880685
4990,7142.725365656632,125.69664990753188,-113.17759851645488,49.873748922900596,91.45090618261389,-2.9818467261849753,43.16229310550122,-17.635981612730596,3.13071171901486,-0.9205250750056511
221,-3246.3804629925216,-150.12173732112376,-80.08237139296432,-3.9115465693199427,37.9173562064363,-1.124424076502015,40.77620517051204,6.852687195484004,-0.44501970337477204,-0.5594544181430718
4351,-14728.922475114545,-135.47251834272993,-25.894834791231716,-12.258958433484466,12.125879630062176,4.548013368593108,40.2691375748293,7.389942840574566,-2.3714637827189984,-1.015524385435917
1357,22890.51113299861,330.0962247254622,85.03721795544264,-31.8102330741272,17.33039025384896,0.5012342034090924,35.91355637240183,26.27735881465704,-1.978560657959581,-3.3948240934433898
5667,8934.844899721946,637.6933898004897,38.793725089899795,36.2340236502612,66.41746917036329,0.5614879649765347,40.13129425231223,-9.381135086308102,-1.3672960562168406,-4.661687064223532
8867,15585.551829898643,491.48263165325835,410.04928134891725,82.63464446119406,41.23247931511366,-20.6482395741162,30.84343747793713,66.68448285741027,-4.693022213257522,-2.8046602103884313
2747,15585.551829898643,491.48263165325835,410.04928134891725,82.63464446119406,41.23247931511366,-20.6482395741162,30.84343747793713,66.68448285741027,-4.693022213257522,-2.8046602103884313
7422,-5049.484037308946,-174.95198556342916,-28.08928618609997,61.34404932421589,-83.22037330015914,14.852276724791283,44.080483991170524,-11.893373377776395,3.0443628208348237,-0.4398591669363072
4148,-12982.7714278477,6.529823515099736,28.279269298428744,-2.962667735988876,15.904250261108828,6.91392756255722,37.12639599258442,20.69503318588277,4.646002703645484,-0.8304727834902694
9516,-2847.4356922152656,364.1536939880115,33.10370135868119,103.16079782269144,-3.460866820642771,28.691658066415847,40.01970219563056,-21.075768445216248,2.926008325846249,0.49258379657479967
1291,-24286.795596419724,135.4939778834099,104.62105486797782,4.362651031796035,17.389295527385876,9.083102249695186,39.15194705385427,2.7722062856685596,2.9591572586121035,-1.4117431732003727
1833,-12782.466716274328,-108.41569268826305,-35.82366799064383,-8.249728665441268,-11.604875894021212,1.7305451499277507,42.398959352539876,6.605488738621494,-1.0539283321378745,0.7020310323215018
7270,5017.5624241228215,539.2591640118204,-103.14517762382101,-38.11829694456725,-22.75090509838106,7.969047151189525,35.98961617080681,33.30299190214704,-0.9492324798352465,5.283860634581702
8182,-28743.055812954848,76.04470531233008,75.43841368759422,-13.24976782009141,-10.509281404683573,7.147841268656048,41.04385229165251,5.147318030683936,1.8133695128031597,-0.14668562113706196
10394,38031.14309181781,-91.92054808937223,-271.3610143935416,217.27343227208377,50.44439433004897,121.45859263909625,24.2989615003452,-4.5256996233913656,-8.353330904476916,-2.9368959214119474
1142,3735.1707233943234,-156.70936430705916,-80.73090056188997,6.65962589284676,-10.327394370092764,30.129805890579874,43.739950769550816,-29.325762937592035,0.16275511957964373,4.026827274267087
451,-42715.6396250306,193.5056834306477,113.18614373429068,-0.9803452943409212,-12.291928800340436,9.439398287357305,40.438371889288405,5.346696465107373,-1.6827851786794383,0.3026337995653954
7128,-8976.626802732339,-220.71964902579333,-57.348620754950275,-29.136972978798358,-1.4539450401957588,4.0887037669065815,42.089790952212695,6.3789660413749765,-2.087678091465457,-1.4149847762578744
10678,19264.221255239798,107.15737318826021,-168.30774130539928,-46.93803530686706,-18.729074454261685,1.2772706291816556,43.072458877556286,1.6928898811792958,5.714292873117209,-0.7176995131012758
7755,5773.090986433061,-53.67103559228519,-170.17848616081577,-44.0404132356917,6.588937992494085,1.0842726180218734,41.82670563338016,9.045563307315525,3.1679354588241075,-3.855743364029662
4754,-18387.2748345676,-73.99691350268733,14.701649951083908,2.829270694413272,4.847449897141686,5.436658343488587,40.72324496420026,9.661121974656819,-1.7045585232870515,1.7433031689163543
20,-5082.296306406766,-222.81961739406728,-61.34435984158296,25.929682579879024,21.068480796745106,-1.009474778395429,42.87179878586396,3.5089498430494164,-2.320540697968613,0.8198158063882959
2246,-5082.296306406766,-222.81961739406728,-61.34435984158296,25.929682579879024,21.068480796745106,-1.009474778395429,42.87179878586396,3.5089498430494164,-2.320540697968613,0.8198158063882959
10307,-1582.6713868208608,65.05687364244815,-87.76690803542607,-21.256104398888027,7.1033517249409925,6.804622603275497,41.32365831984282,3.4583315731572295,2.44213753181403,1.7573893834967373
2147,24691.80076812797,293.1016480281053,573.6693684276783,93.4916840854293,-39.31349755877256,12.401367305012652,52.126393901040814,-82.25544074902496,-1.283243742358187,1.423658757016485
10590,24578.19919795914,263.2295335691534,166.01629541383227,-110.62737496882416,6.728830438109398,40.5845703102915,27.766058193336207,43.60769997457,-0.8346934506986017,2.7998334909899096
6565,25033.115415628417,461.8426874710991,49.83701008042347,-5.123305824135062,123.47985518311623,29.83039531360408,25.483250126396882,51.717920958143424,1.61560301834799,-1.6653396890333632
6619,-13557.974272569576,-145.89612650595888,-29.948564041506472,-24.990124238996753,-5.484015506631646,2.447476630700298,42.09440645822798,7.180524663414879,-1.1704039212521984,-0.5132961640418534
4817,-29667.831578146335,29.451600953453465,48.99741014277443,-12.26131086236715,-10.579317919981067,11.4554657830018,40.53657706083099,5.430070959711905,-1.7257917821495994,-0.5338456108414387
4508,23155.225390984648,-343.4068666522124,44.43995278814725,85.21166745464694,155.6904378227202,-14.542118297422865,41.15196262086576,11.9664489666213,-5.115960878350303,1.135328792474347
4843,23155.225390984648,-343.4068666522124,44.43995278814725,85.21166745464694,155.6904378227202,-14.542118297422865,41.15196262086576,11.9664489666213,-5.115960878350303,1.135328792474347
9197,-12251.036775124303,-153.50176205926385,-46.49888034219981,-24.219642162839865,-1.4956546709637735,3.0364292715555257,43.07768410421832,6.694705553583079,-1.220580478725772,0.10398205798463245
6237,-44825.212365394786,306.4455904591311,142.60787239294243,181.90997049172364,204.95816196220343,1.2582463083499278,38.7795810739448,-3.2338628900140014,6.1713743261500476,-2.4219282351763614
6515,-12202.212097475793,-176.47018508536144,-27.93520187855293,-18.253494692878384,1.9417344709502764,8.97882134081351,42.57607424975133,3.3372404018635873,-2.0083358870134713,0.6539253333464496
5954,-9354.280113109577,-130.81129342767525,-1.0012204100568738,-22.582976883425626,-6.188043222928492,4.495845793968268,41.622298076044956,13.39675758051536,2.0268217735623946,-1.7975928307803049
7938,-452.1579187525931,27.246150423519452,-110.79577978199055,-38.734655632943515,-16.204821144871847,-2.2212803441240934,43.520877091268716,9.522194360741299,0.7268702948412775,5.25971303125625
961,22744.32272601314,-387.86173679662744,176.08134910304085,9.993156407864895,14.889991302747347,128.13261957162553,37.66637181177926,-90.20835979434223,1.0635836020889302,-2.7233750969329353
1764,-18015.87825362617,8.77847100077912,90.11031143065969,-20.301756652221822,-8.9180203379887,-3.5048894337676,44.37909170745664,0.9431275338056118,3.524614792995912,-0.7305885480300702
1916,-6234.548475871219,-36.112489218552355,63.304930666127646,-20.849875238423518,23.266768404973497,-8.2209611273506,44.09975160873033,3.09785714856144,4.837621755652419,-0.9347089018264017
6941,-20340.39165815097,-67.1938496688104,7.139104718002869,10.243470847851171,4.920251064596126,12.232176830788683,41.86563132232175,2.4112364239362893,-1.9076189856437242,-1.0622644550019533
5562,8124.135371613687,84.20780522799785,-141.2993504370555,1.006014305436067,50.38506471385343,-3.723477649369011,42.269178230801714,8.51101181684783,2.5566247303058613,2.1248814814817725
1517,-21150.498187569472,-71.88663267927848,13.480783587635557,-7.654410031520912,-4.954604082768668,16.608204133924925,40.74940861926336,6.340885162926636,-1.7644435681952464,0.06156077815706684
7286,-10245.326873277736,-193.9483223414154,-41.983336217620604,-19.40266076062034,0.7808005037815384,7.617294854339688,42.08828010327481,8.315383107769627,-0.7133603096073102,-3.057983131087834
4687,28774.831774072984,132.43050218054873,333.4146059898695,-63.68569297978059,64.30467089527852,0.49678816631192424,29.517702970369513,68.28343458414899,-2.0102021805890606,2.3567093597767834
5631,-2203.3968419679077,-61.5539158181536,68.66228610962308,89.04030607676262,67.6642999138048,11.705301543381758,39.04784940168783,9.08266581870198,-0.10470629719019442,2.458692941716556
1951,-17524.08433168863,135.32802366997092,90.80418963015106,181.17792947350856,-154.58580446695933,22.28381493585317,42.19825706949628,10.322753709753194,8.402383805546854,-3.6135754731128857
123,15077.351816565511,48.97019049124424,-149.89496816996464,62.149481483691865,17.232296712675776,99.22113015317007,37.47006630726746,-57.99959934337167,-5.076168990881332,-1.4345960963074686
9451,21573.92452078474,293.9918426831888,57.05902583264216,66.10797916428142,-14.413421517643263,58.2731842440447,38.23373230665858,-26.230300652137878,2.9376456387143186,-3.1976808052034515
7396,28431.880212280637,-145.85718155763914,612.8738255659534,-25.74530116402077,-54.78776295750189,-89.17997577246435,56.837975256477975,2.057549383556534,4.529474304257251,2.4887782930413933
3298,1008.4202574159353,513.841560799476,-209.30024104314467,67.3346553969727,125.47493238070422,-5.783246792181807,42.617852895412696,-6.335356423501516,3.105589581701718,-0.45250864295389537
6730,-12974.892408828251,-141.07315170501374,-34.803340925964676,-27.629617393027658,-2.6403773901963774,4.7591949002426155,42.60657467493405,7.633247485152349,0.19663108121187634,-1.4224754943287685
9916,-12974.892408828251,-141.07315170501374,-34.803340925964676,-27.629617393027658,-2.6403773901963774,4.7591949002426155,42.60657467493405,7.633247485152349,0.19663108121187634,-1.4224754943287685
2227,-25481.30760094447,31.342788827666084,69.67120866228241,24.78444139189782,-15.40302860886546,26.792754224393683,35.31887280247675,29.38621886430874,0.3460656152223658,1.257226645144288
946,-25481.30760094447,31.342788827666084,69.67120866228241,24.78444139189782,-15.40302860886546,26.792754224393683,35.31887280247675,29.38621886430874,0.3460656152223658,1.257226645144288
3745,-28640.820405019793,21.30634314614258,47.323112855490464,27.39620658515559,13.563651048131888,27.92877668428715,34.84888489119649,27.731265562474324,-0.0931494413212155,-0.800214368477584
4094,8571.293490161435,-231.66679495998238,-148.28758713607309,-30.348160046272024,20.89153536687737,1.1587769593622161,43.48585564823519,4.844192965837657,1.7723524790920209,-1.3920113868991066
8588,8571.293490161435,-231.66679495998238,-148.28758713607309,-30.348160046272024,20.89153536687737,1.1587769593622161,43.48585564823519,4.844192965837657,1.7723524790920209,-1.3920113868991066
3916,-2697.0776463718357,359.55470195301064,-61.89564110427506,-24.430932081367423,25.927976838411162,1.873414714302107,41.73468902862244,4.631901206568617,4.1273489220815165,3.679184151980767
9135,-24769.024374786226,-16.355121834056774,36.62931220343171,-3.431326204193203,7.353869273123269,4.59523377020022,42.1098951844497,6.864528841965615,-1.4811799831036723,-1.0228212097574527
1755,-6769.331406792226,-216.5818230880289,-50.34807866569051,-4.949644030531659,-7.939687180015799,-8.938035196091239,45.36140334584033,12.526985276718555,-2.6272774776910452,1.6389348506562778
2875,15054.838184074251,-2.9873490336771056,99.95098782866734,-77.70724308452677,9.59190031459325,11.821323292237635,36.91677966777878,33.54161913720138,1.3963720527681351,6.96268174933251
2008,25613.548109044234,-192.0727480954011,90.04519022444974,109.7807235931006,-37.88353593400798,-137.42733575323993,69.0034032680155,-7.73846370119833,-0.34302725070528606,1.3226974442039232
10925,24659.65282988886,-283.6399064830161,162.5604938023767,39.344804340876294,116.98605874839157,14.389802989822197,41.77357616246404,-12.623103991321369,-1.054854934133708,5.383308552109112
1604,-4618.941583681139,-94.4188068455179,-101.82765777471235,-31.416865477709404,-11.147802500710176,4.608637084216797,44.569734961815996,3.640347171342677,-0.10420099030035956,1.746345181213178
5389,-3051.123097837997,-50.23063130596131,-72.35450824344647,-33.49772141785489,-11.297059489360826,11.262308576870232,41.632243641297634,13.89994798776128,2.5867916807763454,-1.4465283080094347
2878,15498.957973369252,-334.4363363697873,-89.45643804348003,-8.218948744437046,42.79383758050843,14.940005940640502,39.49100489887181,19.04530023849425,0.05055845488162092,1.5504842377634063
4440,12130.158971375182,21.84650850164087,-247.31357337932414,-57.991113750918515,-2.5922160511381094,-0.5563740635715443,44.63240197574133,7.660494247105593,1.924736621595633,-1.7955291643010556
1324,-13100.908812625377,-147.83195975317784,-22.9897114630065,-8.588445994273858,3.9002237200267658,16.447056378908794,43.23042325630547,-2.5037073921438155,0.08124727454152403,-1.6079335465509743
6262,20253.124813985036,318.6420207416124,73.3394194464671,29.308187815287223,75.59120290705852,12.474825922076338,40.822770240975686,-4.695250593910207,-4.744443892517004,1.8161733484663543
3628,-36933.10220588051,120.91602843723982,92.72611705079964,24.544591085037073,-7.361978771593627,9.435943960723028,42.936402638416595,3.1490674234767972,-0.5886679107509973,-1.1585133579919846
3641,-38346.94398706292,143.3046692054663,99.02823781848949,-3.443057472348177,-9.745608647877086,10.184435240706348,42.21191878797066,6.711082540122277,-0.6924214760663707,1.2611492774651145
322,-9419.279892507831,-189.87469702672217,-54.651350895003304,-33.2645599386916,-5.570967430478824,4.363265636331262,43.83248434256549,8.153338032456393,-1.4010170444925771,0.3228301262613211
175,19986.48302882482,165.2702096949309,116.61505191133696,21.56601555987085,12.015545831881553,66.85177249934844,33.339865093171554,-1.546616481621526,0.8837983407854821,-1.3349356662742675
6988,19986.48302882482,165.2702096949309,116.61505191133696,21.56601555987085,12.015545831881553,66.85177249934844,33.339865093171554,-1.546616481621526,0.8837983407854821,-1.3349356662742675
8204,26073.752696325115,-61.106546870592865,217.33819332107686,-26.070035631284764,-49.43516235696322,73.54782092210249,44.3433950725194,-67.6225966713715,-0.6043301076851693,1.399412194330585
7476,12008.401149938829,480.6907041707939,-109.26440223286406,-71.10894241797378,-14.621797271342707,31.426743989581354,31.72917248510106,48.486695454710414,0.5519148995748324,2.005266481207509
5221,885.9195620863611,375.15884054045273,-161.1563070484015,-29.90948363770784,14.678549855460375,-3.0765155798657338,43.173441623454124,10.56367549746728,3.2285732502632936,-3.6216685493309058
8970,10039.043183062298,-81.49120282400168,-192.00854726191503,8.1206113041045,56.04488954827223,2.255288641082707,40.66531106304102,21.648415806087602,1.5043209612570783,0.14053984799753128
9286,31179.2049895152,-289.26922298236474,-231.81697491424248,29.49756091593346,-73.86912624386434,-12.627478272874406,53.70640480431737,-22.720374109923437,-2.291626841939345,-3.0910782986925174
5831,25908.158814240203,456.2655715462552,51.98199082902197,6.70848889718396,53.77719684652748,5.0538217891685076,40.69157925512212,4.742578082433685,-2.6118620748364547,-5.2568271731686895
1010,-5042.466561786772,-229.2588908989083,-72.57434223301371,-26.048659785258984,6.408119932615989,1.521443586326819,45.454695797250366,6.261889017044963,-2.6493667388674313,0.755236780911595
11074,33103.38132123067,-157.0737454011064,36.3017355005707,173.25116928155236,78.34890574968162,-83.64467862725459,49.87877685170157,48.10497048765872,-3.6589727046692575,2.627620719946962
5896,21422.222326791583,-310.8855904180312,-190.2463796882835,-50.31308139632239,-4.096899840927602,-7.130727802010402,47.211184764323065,7.617161887609086,-1.1077181998318117,1.0458523149318029
3515,10332.843457246672,-366.9529114152061,-141.21679098348912,-35.83618700875774,-1.9918815723427912,3.0699929651658833,44.5964074870174,13.841504198825447,-0.23203977588836544,-1.1745468616656822
5324,6320.826350656862,-215.22770255285263,-50.44291364951326,-3.8062981975209693,-27.503406930094755,8.902780004111468,42.448515118347444,21.45137818464267,2.768318219456253,-0.8469838305525963
6534,-4084.603641595102,-250.6304550965677,-63.67973013180591,-36.24347035395384,-1.0262895750026182,6.088483913118397,45.16802630503773,4.536600350708415,-1.6787853818323741,-0.31959527378835473
8373,-27378.041343910336,0.018663314191599056,38.0151290458209,-4.577918922602799,-8.913551278515474,3.0872762668394156,44.58326774851632,8.057633664085142,-2.190039602312309,1.412427734522166
3829,-27378.041343910336,0.018663314191599056,38.0151290458209,-4.577918922602799,-8.913551278515474,3.0872762668394156,44.58326774851632,8.057633664085142,-2.190039602312309,1.412427734522166
4501,17914.27234913924,-122.78706553952634,391.93006156837,123.29305787081084,29.033515117764757,49.377814895904706,34.05902714876393,13.639436428680373,-2.104932372508009,2.017966026184253
4179,-27750.89952813393,12.491208761629935,41.59341273673675,2.317481251877327,2.5069921034205827,13.200238853655131,42.34579321912473,10.098830501458483,-2.7460343013794226,1.9659835772693657
2292,-29644.801108820422,31.48406069798125,49.63055962733145,-10.021416610012928,-8.597948824646082,8.716086500575946,43.34464599271247,9.527745181691717,-2.1551523152714678,1.5912537234663102
9239,9948.790809348182,-361.20252306500646,-157.4430733716613,-44.21890363118996,0.1964797345084328,1.7528046306049914,45.53678132885338,9.270703124412925,-2.12587933103356,0.48070705316861817
8953,-16181.758364630878,-110.98877630500664,-26.053483640613166,-25.2058548268241,-5.197835408957264,5.49620399274762,44.60943987777496,7.179673458415905,-0.8861875759619133,-0.8132235919791979
10258,-16181.758364630878,-110.98877630500664,-26.053483640613166,-25.2058548268241,-5.197835408957264,5.49620399274762,44.60943987777496,7.179673458415905,-0.8861875759619133,-0.8132235919791979
3520,39201.879929612085,-480.63125884423044,459.3721226300129,-129.93740088138173,84.49293520073599,14.051106629135948,39.66408783156464,5.619349235950153,1.0159123891639643,-0.08340130873339913
10402,-16531.718081550476,-107.88585490578657,-19.723807419355154,-24.803924671746003,-8.083904290088466,5.538946957387262,44.632750940970865,7.2505041110866415,-0.8477113464263324,-0.7745698791157283
11114,-32315.308590600314,84.89024718654039,61.50800385591333,13.857339351361261,6.738275149051244,11.561094988617759,43.37500407666627,3.497536855892056,-0.4337916781529847,0.25703963414186015
9553,-44470.60720011826,205.29142925629276,120.45932543900996,4.046002343167627,-13.757274760632535,10.629145369322996,43.129717412079685,6.60974525053291,-2.455791979254759,2.4099165433888867
6055,19658.82105290958,46.01190636501681,70.38439713471696,56.593544396193685,-37.23537573779363,67.20242647851276,40.795154216769134,-31.570397722437484,-1.5420583119927356,-0.007671608229071758
4786,23361.653168652803,-15.83398713701854,-70.25006650227607,36.70134158352763,-30.95984091003453,14.90991434047305,40.23377893402221,26.69522229926284,6.462947754200323,0.05446343454478253
5015,-17442.917311656238,-47.092114572978744,5.834756118597227,0.5025035903414237,20.189887928876082,8.99021731546591,43.32989383575831,6.517093229046033,-1.2145578723673074,-0.5359938706426197
8560,-3180.1344331013097,85.28457846345378,-6.713779504633294,38.094141121315346,100.46398593907657,2.5119900070055143,41.45907548903419,10.455974600730116,0.16716699163743787,1.1261998015772976
3469,-17485.47544099354,-96.20060981789169,13.185219979827139,-3.815943142667602,-16.66093820764542,-0.5077900220785397,43.882897738799855,18.45497837135923,1.2817318234239252,-2.185934936504946
5885,-16283.592744727233,-45.84348048566784,49.431301256197784,-10.4463280819671,14.064784001780247,-1.3468290702891061,44.98620405059306,6.103808102211575,3.5883130337024323,-1.7422418628662744
3310,-16283.592744727233,-45.84348048566784,49.431301256197784,-10.4463280819671,14.064784001780247,-1.3468290702891061,44.98620405059306,6.103808102211575,3.5883130337024323,-1.7422418628662744
2134,1730.0970349028576,-45.19782884185594,67.69515569022484,31.88885451579118,21.02958465358212,-12.758088204276147,51.02953424521232,-22.52280414466597,2.361485844110197,1.4079382912140064
2532,21491.10119003631,446.3888319510297,-63.12101375484775,47.71762727339787,85.90401372137362,-3.8320278558810594,37.541288923083044,44.76600550342465,-6.6035314786704005,-1.4608587428920004
2579,19144.124056779852,-28.94621908379162,-53.56740891729845,-66.44571889421908,-9.728334400605753,25.73088230429745,41.217769701952506,12.390711266463057,2.8836864540873357,1.182974377143268
3117,-1.4667750346343382,-66.02656778612032,-135.65235130362717,54.494895284160705,97.27959421165303,-5.464672243925255,46.59206161363164,-1.6750854972582063,0.5556649062455934,-1.3249540976404193
5623,-20437.44315890094,-68.79644208856047,6.306135660916368,-10.952481486179586,5.86807687402392,7.528850660994117,44.485594517627135,9.69711346226434,-2.295983878758039,-0.6705343781531532
4789,28847.39487391092,178.35605090147607,105.16238256189496,54.91261258746673,-111.88348645624791,-23.06269899678215,65.07152942219629,-79.08330003494383,-4.032945819830731,-2.994470608247031
9523,-11494.379350508083,-188.77168552632008,-41.9707794720089,-29.750531380625755,-6.541699310555204,3.546201478257423,46.124217724309105,7.4634875048933935,-3.1514152723071467,1.1990877397039923
5268,-22532.227103261685,-41.53180804740913,18.494054395552013,-10.871186372215426,-14.2680745312171,7.153241658529744,44.85347708747784,10.222419099544641,-0.6355131745427212,0.7651585879728016
1545,-13462.421395161218,-8.62106013970805,141.89423385216602,3.8854551539818556,22.553921937959736,7.708510388558393,43.976622036762194,5.710582859950966,5.236670820451851,-2.08411366342229
2254,17554.18654325315,159.88429816460817,103.46468376270451,75.10163230997459,-28.293503020030265,25.99458799827189,36.21600378062105,40.879732716228816,0.19533752229793233,-4.787569868152811
2661,-33270.43390662287,81.51446788466075,61.9251169170591,3.642738533686903,-12.110996377414892,9.067278129463814,44.966262550880344,5.2874903408811935,0.3190376301224829,1.8143064223476455
3130,-33270.43390662287,81.51446788466075,61.9251169170591,3.642738533686903,-12.110996377414892,9.067278129463814,44.966262550880344,5.2874903408811935,0.3190376301224829,1.8143064223476455
5847,17930.201314174075,-194.86589390238913,-40.49835957599899,104.80375565167377,38.4437307349612,4.658078016640664,52.8367250893392,-43.10386434634054,2.624159197147053,1.034441274891547
5863,-4266.119621610902,101.03938990926838,-23.990336549135208,33.11736921308598,76.33402021379592,8.39062590569312,46.04570935022491,-13.800380117228157,1.8630620436877763,1.9469714863711136
999,34065.87599578312,-240.3636947594885,-251.07609243486698,-42.68296798138498,-11.267098218047668,8.62170555765921,42.48615826831889,28.66835994111481,1.5918365020025709,2.7853389287420014
2931,19879.86214560295,177.39996417390375,-240.63727070379608,107.88603255412139,101.80089158494289,10.795518230802346,47.15257981955881,-23.64454984628747,-3.661487396888795,2.015652684489104
1890,-9940.470644454537,-202.2623038616788,-54.64806480622164,-25.89535057559497,-1.3255137768716878,3.428752631900739,45.97760182306307,8.111307696796931,-2.1296550135456638,-1.379845339989087
5589,16.197148305574956,307.1140113560703,-124.70170925627983,-41.13066210769486,4.806062836662395,-0.09644408900096701,46.52260716217478,0.9860683767041625,4.856340470662483,1.3803024651962517
10172,16690.26402389868,84.54385732986285,537.0535450269149,-58.782585968162465,-4.175962417088382,34.89339519914987,48.73979859061096,-59.999830123980004,1.7182566588448287,3.389345228857129
6729,16690.26402389868,84.54385732986285,537.0535450269149,-58.782585968162465,-4.175962417088382,34.89339519914987,48.73979859061096,-59.999830123980004,1.7182566588448287,3.389345228857129
10492,-13688.24253483097,-165.69032009247928,-33.18942494321524,-26.808672795264012,-6.47255181368396,4.162991849187162,46.983472321432515,7.521777360281408,-3.682675555444395,2.1925488085396325
2939,27455.38756489985,211.50369509742544,276.22991253875836,-91.35688099919783,10.224157823986282,39.71801627375541,24.8568573320662,92.21854090777329,-3.3586688370002773,-3.033121581653872
5948,5365.010629605225,-248.08131216828968,-110.56027715374918,-31.884918817554702,2.2996980708187102,2.008529322014499,47.52703209199041,6.6905185977736945,0.414451925407886,-0.16863426194745434
574,-9450.343063481487,-201.79285627208014,-46.028616820712216,11.388768292987965,5.258985830646914,34.07567791932708,40.071790601665214,20.028911022475555,-3.3544301842008,2.213493773746457
3266,-9450.343063481487,-201.79285627208014,-46.028616820712216,11.388768292987965,5.258985830646914,34.07567791932708,40.071790601665214,20.028911022475555,-3.3544301842008,2.213493773746457
10500,-20211.327902886496,-65.31659513910529,13.692212443104296,6.858971847442893,1.6187577121905825,6.466149283945825,47.682831435456066,-2.3038066402685073,-0.2993074633014974,0.9922608018711379
7987,13775.471933613051,-152.0274804688181,-196.82039343567808,-32.919412502531856,-13.85686857433376,1.67361629217789,47.12767855342541,12.069899505405441,3.762526319335528,-2.189371740391036
1135,-34827.13481587074,109.26770985038601,83.4008630950278,-7.9522464641073105,-7.84465989408635,11.717666042022461,45.06600720965386,6.867470746393858,2.1625208632199655,0.6523195566026034
24,-34827.13481587074,109.26770985038601,83.4008630950278,-7.9522464641073105,-7.84465989408635,11.717666042022461,45.06600720965386,6.867470746393858,2.1625208632199655,0.6523195566026034
7244,-3.7325687242046115,-277.2065339500736,-68.39174955853838,-33.77794335469318,-2.4575200670773647,7.269366260670365,46.97897012352466,5.32850829818106,-0.054948187633077517,-0.6748306857410409
1966,32654.036688842243,105.4377293509003,374.971223366133,-120.1409328401002,-11.902407339078746,61.973262127439185,29.757261713606,41.36415364632893,1.576957693223446,1.1694735957919313
7789,32654.036688842243,105.4377293509003,374.971223366133,-120.1409328401002,-11.902407339078746,61.973262127439185,29.757261713606,41.36415364632893,1.576957693223446,1.1694735957919313
3336,14407.45105099109,203.56814374267364,-278.60312927924144,48.00214500563891,133.4587283494336,-6.898858877028402,46.24699474865557,1.6983836766711828,-4.97751771882917,-1.3905073495209432
5644,-9757.106946538595,91.58614060068712,-97.45371025584214,-24.098852780789077,0.3007353007020228,4.99201790307566,46.34614147420558,7.251607191134688,1.8018840698319778,1.1938364932713035
1295,-0.42029569789156085,-60.82688164390822,51.180070301369554,76.31582443378151,45.34603345896759,49.91662929298851,37.54068932720597,9.653005420076369,0.039903961490308504,1.00797131251919
6663,-831.8060027678148,-182.1246144084842,-125.53338532822053,-38.990214663892985,-1.4010107215413434,2.569093447621661,47.27917151314905,8.003010653369511,-1.1728875159659893,0.019597194469560986
10262,-36899.07297353804,124.3626876265437,92.8726830449838,4.834749028520573,-1.3886332672760595,17.281178294121318,44.81069463622009,1.7802908271718074,0.4008471371855311,1.0204704162568117
456,-44470.564818167666,207.06104305640633,123.2236645608065,10.956908194722264,-13.880633920848407,17.91024586219982,43.30390677315229,11.029592839921328,-0.13060778055552102,0.6471566895672161
3270,-34853.983880371045,108.90339398179066,108.76485291346486,20.55151339962586,-30.614269772304773,13.763134466665333,44.45277624222031,11.677764138246896,1.7031780428001753,-1.3461804543638474
5748,7780.704858087891,-299.5309656316975,-111.87120554184557,94.19923093258537,58.19433757289668,105.01366684105491,40.684719664014864,-59.7655281768981,-0.4678070376747989,-0.3823520226707351
8952,13599.871757431581,-47.827084221040366,30.517093573222795,-13.290696039401418,31.944419306699857,28.007168754031365,40.051437966488805,16.56571277387113,1.9355746079076397,3.0269397751486182
3921,-23514.334213084876,-2.4014443514249137,116.29269316203863,1.7881051241967008,-15.627440329607136,9.557217317672105,48.734715038275155,-12.572981246466943,1.1374640919899957,-0.43318709375533704
9826,34895.6524160424,300.6929803213256,369.826292399345,-26.646446313315806,-52.8746079091934,20.9474147212142,41.749777629619146,11.331241717391858,-0.7207433085126453,0.0024390210983415983
5830,34895.6524160424,300.6929803213256,369.826292399345,-26.646446313315806,-52.8746079091934,20.9474147212142,41.749777629619146,11.331241717391858,-0.7207433085126453,0.0024390210983415983
8310,16177.590505242304,393.38571174809795,-159.13455747422884,58.37199716769456,-86.40794705388004,72.87126477195724,32.76751659342075,33.838666503734856,1.5561103554328408,-4.386707374212366
6382,-3179.8456129399055,-268.75318805104354,-84.48847698146164,-27.442096139438185,6.511971273137593,0.984508368677407,48.52950060456324,7.489334154066569,-2.7277675914119754,0.37223048368343914
8439,11437.04589267107,260.5133743840605,-243.23455681185797,-33.78145496677562,-23.86858105380383,34.33026591620043,44.102468648907504,1.9477221208277964,-2.23536847699338,-2.455345155130736
7613,-2302.670800688291,-120.91233132853574,-23.345803877115458,-25.945837881992237,12.548408828927624,2.4128284139281098,48.01293516515402,4.736501859749621,1.7510951368166658,0.33976715923307577
48,3787.7724237288203,-243.81537028107658,-141.26267305244968,-25.52059918752281,19.392643208869067,3.2472838111392344,48.114805997618575,6.453896864764346,-0.4660323829973878,-1.98084359267658
5046,26365.510910924786,167.96811892680927,-15.788871742296891,111.59857900024969,-106.38790827468372,72.5329726181954,39.1847527261432,3.0482589812514895,0.9419017519124218,-4.63325598232813
3231,-14002.135923632013,-157.58432241445655,-26.847182968351632,-21.482510361643104,-3.0918148413137914,7.139197053007834,47.10476627833587,9.425734116626842,-1.3591083380583306,-0.7678212411134844
7181,-21604.143530214656,-35.789489080282124,7.454106144325976,-21.322865266848236,-8.134897491010944,5.926220688164019,47.44187104118035,7.198050589234004,-0.17986147047883527,-0.6837357205372063
1663,-17929.605411348704,-94.41333649323184,-6.449938992323922,-17.88278432181415,-1.5047610346734892,5.072996378417824,47.35079593985314,8.579137322975921,-0.9190862249959828,-2.075611391831967
5441,2139.6638963080695,-86.17564647020316,-117.9724003916688,-14.696676248497031,26.833941713286187,0.11319305699152649,47.66993515002973,8.636778939649133,0.5829532718252439,0.570308333490511
8602,17962.027492770154,-108.33100844693337,-99.14847700079628,134.1879870526954,-100.6117916465054,51.78001739395883,32.71078289263461,69.78793070486786,2.455180223360715,0.6256519216769929
9925,-12306.618085863476,-48.580888257187894,-16.09613818716113,-18.949226421486138,17.73020577206332,4.8411878754118804,47.13809584516298,6.5015324938715775,0.51373189955439,-1.5822278632881988
9499,41441.851818409166,473.46642903408156,-300.26397790898466,-114.04105691082094,-7.315009283331609,-13.710433561715847,48.308803993711194,16.950220870441363,-3.984781093919944,-2.247222870393596
6568,-13292.923645155992,-154.50610678658506,-5.0978278984738665,-15.010648309285411,-4.346778682292872,-0.518177726970294,49.28714809525036,3.0349445783731106,-0.9974081491118083,-0.7222257392764835
3032,-27401.266738836974,40.29882691572482,90.76046308643944,25.195740958786264,9.693688914120372,23.51335778374336,41.26331400123466,23.23694561868731,1.876300153278864,-1.082637879731112
5153,25802.31779129544,393.90987262488903,-168.6958871039743,6.980573426535992,-72.93651584486526,-7.000396235778176,49.988972284049396,9.32145047099013,3.9662331388502317,-1.0837749857534593
4127,25802.31779129544,393.90987262488903,-168.6958871039743,6.980573426535992,-72.93651584486526,-7.000396235778176,49.988972284049396,9.32145047099013,3.9662331388502317,-1.0837749857534593
9940,12991.867924585276,-55.403606021771054,39.96394586922615,52.935384638383994,-60.91417949673517,84.78966842926772,34.11440964539213,17.945870487586994,-1.2001073071770332,-3.3340626255807067
7527,-28223.728824609992,20.14090436702054,64.80359980850695,-0.44538775702901656,-14.33286289753881,13.934996600577104,46.917321104490654,1.8459292009485981,0.2597355062089086,-0.5722937820606049
3406,-5982.749738731007,-107.41097027103342,-14.13794055662646,-5.593080119428884,-21.702701534331492,16.61375068884207,44.60161124559394,17.06633266754069,1.099140712850966,2.661411293143183
9771,-28639.08965127331,136.1382496625352,118.24049461603565,-1.8597477085644583,-24.08141682265298,12.283070897920666,45.420589218651955,11.343362106988184,4.679281274238852,-1.0228716411629675
6722,18451.238530876944,-58.35673458782048,-156.0367741230548,-2.379183306789245,-23.496083557434567,-25.378249688560654,52.89532405809146,14.833988755818055,4.44734036395073,-2.630488331922632
213,-28880.53113309742,51.951645995729166,41.87959165312894,-16.144273991730163,-9.174838161450554,8.80207928648855,47.7811528146742,7.2186600993954215,0.47185289998556623,-0.07553113112059462
8541,-27288.94466062694,6.51317565784683,39.99622315280726,-6.942281570310995,-11.05339651174247,11.308930368879206,47.756074687092436,5.826923218139044,-0.6047921304787893,1.7767041801853574
8475,105271.04746025108,-1266.4396006838226,891.548092377333,-334.98673939844986,124.40481889474984,-35.03641644552627,51.18342216927731,-2.4946820868521273,4.482970791948729,-9.363961773941478
8070,2249.722611474921,-160.32178154979522,-127.32514778067954,-35.533244843627145,-7.150206219716273,13.436080080774422,47.26807933466425,10.546944388038135,-1.5895479737771696,1.3691773690779845
313,21494.322332150143,449.0422766536409,364.3205496529755,21.156902002136288,-112.55878161402717,20.400318301779944,56.548277889711414,-59.6158784673902,0.04921267822665509,-0.1400368991340999
9757,32942.6540460713,331.54786094875396,-64.06420821700061,-21.37678899270643,2.384797617470447,-40.42809985668952,57.335779253531356,-10.382624588494648,-1.2359227000747,3.3631918242175285
2088,32942.6540460713,331.54786094875396,-64.06420821700061,-21.37678899270643,2.384797617470447,-40.42809985668952,57.335779253531356,-10.382624588494648,-1.2359227000747,3.3631918242175285
2320,-4943.080807436003,235.9167134122532,-126.37617700127893,-16.7589325477604,-6.4163016860221145,-2.4742543924511553,48.92983190703943,10.692632785258603,6.3457005026391045,-3.4389066370008505
966,-7438.31775810141,301.8334071168133,-89.61420067445042,-24.046306784211502,-5.771103745308775,2.8112398685612323,47.618168339608246,11.906654614381228,4.5607011208258665,3.9027281711554056
9706,-20411.896505052846,-22.145548688203064,3.033524796765249,-19.145260384705395,-5.443169090953413,4.862187287546589,48.45629291504591,7.78692523835705,-0.42355302408098083,-0.8081425576179049
3979,38724.7350966456,297.0138364050294,151.41818538540838,-119.42123285116121,39.79114430706399,3.8380258524654174,47.83205922556185,-6.387592263118304,-1.4725785536667546,-0.4757974397610827
5602,15005.784707483937,36.941754457351294,165.56481808831532,78.41993522721923,-17.834232877545666,-5.937827314058488,60.09199354811784,-58.42603415627944,3.039268048203363,3.1692987577271885
2202,-10818.983841143097,-157.8546192143831,-50.06812726498558,-25.456939488479097,-2.9395118004521024,6.5303572394127,48.58375173901625,7.536652018179712,-1.935866704971943,1.2228709654883967
9645,12625.80995718197,450.9673689427012,-182.38313750046913,9.097548098368012,-50.66877270921731,65.67032501566776,26.57979331585979,86.68460609112861,1.634023159552207,-0.5369942629119557
7230,-1358.2330087771043,135.75030535239136,-171.52972325996572,-45.413835552174774,-12.911607973947817,-0.21548247626871597,49.566175574946016,7.631396166291804,2.084257214313652,0.7490795478018955
5675,-1358.2330087771043,135.75030535239136,-171.52972325996572,-45.413835552174774,-12.911607973947817,-0.21548247626871597,49.566175574946016,7.631396166291804,2.084257214313652,0.7490795478018955
4974,31305.469636981128,-150.29438767357988,291.7454327136704,-23.3583275337041,58.312581507161134,83.52388406281895,32.65842348293681,10.477596108083095,4.849160622214585,-2.358076205012485
5687,29736.891404884504,23.352967002876426,389.0306524852586,-16.815100011255268,149.61514114978925,7.976386015724801,41.01176638621109,15.117618826290897,2.10746337478688,3.178589199192952
5871,-27568.57823061718,120.95829028430342,234.29031187927387,49.689172002991434,72.02849561393765,24.652616904018622,42.21539281885828,8.85250110075685,3.1548651199684343,0.5284388218054934
3846,-9414.19588535832,-21.2252956271044,-47.014785353670305,-29.891458872185478,2.4668369510177186,9.45187209044301,47.52720292443384,8.228864100041196,2.9896219239570065,-2.252459096669316
10001,-44470.3860947274,214.84454462466786,136.55083150231576,35.18788495515016,-2.196359805274227,19.990493172916782,44.90625787056774,9.765643467542727,0.7318246992516144,-0.21006707150742443
2831,26446.62085095662,-142.357907082706,-34.31933173200869,145.42084656828987,33.83568359640212,-78.23473134734796,64.19178594668016,-6.368855868474968,1.0438326048986024,1.0097456226934152
868,-7179.230067859571,-193.24861931394713,-74.92846270935527,-32.97234600009024,-2.3837355448212563,4.341291072981818,49.951950963646524,8.286951143483126,-1.449256652462796,-0.5361990631698959
7212,-7179.230067859571,-193.24861931394713,-74.92846270935527,-32.97234600009024,-2.3837355448212563,4.341291072981818,49.951950963646524,8.286951143483126,-1.449256652462796,-0.5361990631698959
1743,17747.79343716608,-232.86634981697915,-25.02796865566151,78.39759353964145,-74.63005305000047,-61.58260658253453,54.991051813206894,51.906599908622965,-3.288403885506103,-0.49071280465927103
2415,10599.587459529626,-22.6091715489232,163.14239864274026,-5.0697683017586455,7.713660545191125,-20.354426816437858,55.16085902301167,-10.152873136827411,0.42151873058848555,-1.552463307338825
7947,-9742.32379716829,-191.2952027920919,-54.76090703212438,-29.9626906874779,-2.567473566813586,5.524839430319405,49.82850772437958,7.600212186112465,-2.2672865125650956,0.33862127514107865
2106,-31841.68022789644,52.718580323612315,58.11044057211208,2.683124357274418,-8.603987669583667,11.827750551871084,48.21485289276356,7.739398657055538,-1.3552194007534801,0.35687721059997557
3363,-31841.68022789644,52.718580323612315,58.11044057211208,2.683124357274418,-8.603987669583667,11.827750551871084,48.21485289276356,7.739398657055538,-1.3552194007534801,0.35687721059997557
8595,-9544.019219310896,-163.76872983270084,-64.0060232197263,-29.68404148673112,-4.177738542537879,3.694608629490859,50.06137749674022,8.034151276343263,-1.9671318732575669,0.21158775527090867
7232,-9544.019219310896,-163.76872983270084,-64.0060232197263,-29.68404148673112,-4.177738542537879,3.694608629490859,50.06137749674022,8.034151276343263,-1.9671318732575669,0.21158775527090867
7829,-15332.899723030532,-131.19618885535255,-22.878350450322472,-4.565859924713771,6.439941480913301,6.4507496586340825,49.05350670783571,9.091360462574588,-2.3460204423479243,-0.4371106613323419
9977,26929.988587598404,-281.2310504247893,-3.1030633338261,-56.26730814523836,15.474600696037122,-3.484253142694109,52.192417798519045,-3.3661446180864436,3.379189487556312,-3.191379383703513
10142,14505.381345551083,-115.83334262106041,-123.84471757857003,23.247402072654523,18.14369550243586,9.594230065964645,51.711064656144416,-11.830073622694625,1.6312686718388605,3.6845237878440518
5263,-20916.494845788606,-72.60453586996204,11.945232513906603,-5.779544263824081,-1.346225120963485,14.581774822423816,47.53137021803981,10.327189324119807,-1.4813579582125804,-0.406661676886944
22,-5661.32719896669,-66.11302724966453,-29.210588095956183,-30.16647400719412,-2.1333011045320305,-1.4133649400692074,50.96498381902758,4.623663956266784,2.6459325251452412,-1.4789714050507747
528,13851.711445882305,-89.03285785384605,476.60769909049463,47.26497939169238,-45.25315021284507,33.89332399924826,57.49004960723475,-77.05954701792753,1.9175705473641855,1.8917523975012318
4070,42899.022823566746,-565.4826518158495,202.91189170702242,59.45521067649639,46.160626963860416,-115.56638352137725,67.99133678269256,3.759808516562817,2.609361165661598,-6.680096682652104
