origin,Store,date,prediction,q10,q80,q90
2015-03-28,1,2015-03-28,4469.1201171875,3664.1513671875,4973.03125,5243.3359375
2015-03-28,1,2015-03-29,0.0,0.0,281.097412109375,632.392578125
2015-03-28,1,2015-03-30,4152.23779296875,3290.2978515625,4748.81591796875,5020.9638671875
2015-03-28,1,2015-03-31,4270.4853515625,3389.47314453125,4762.9892578125,5141.470703125
2015-03-28,1,2015-04-01,4327.779296875,3501.337646484375,4810.59033203125,5151.30859375
2015-03-28,1,2015-04-02,4238.17578125,3505.929443359375,4766.595703125,5104.84130859375
2015-03-28,1,2015-04-03,4573.13671875,3807.220458984375,5098.40380859375,5452.291015625
2015-03-28,1,2015-04-04,4742.2607421875,3921.041748046875,5253.3154296875,5676.13525390625
2015-03-28,1,2015-04-05,0.0,0.0,298.5419921875,664.623779296875
2015-03-28,1,2015-04-06,4208.6220703125,3337.276611328125,4692.28662109375,5070.484375
2015-03-28,1,2015-04-07,4088.647216796875,3099.656982421875,4551.48291015625,4836.43310546875
2015-03-28,1,2015-04-08,3900.13427734375,3097.88037109375,4374.3134765625,4806.0927734375
2015-03-28,1,2015-04-09,3850.43017578125,3047.76953125,4440.1796875,4781.80517578125
2015-03-28,1,2015-04-10,4234.75,3342.89306640625,4680.3662109375,4998.6513671875
2015-03-28,1,2015-04-11,4384.1650390625,3397.256591796875,4848.81396484375,5180.0537109375
2015-03-28,1,2015-04-12,0.0,0.0,55.812744140625,493.333740234375
2015-03-28,1,2015-04-13,4044.4892578125,3056.901611328125,4517.06591796875,4926.63134765625
2015-03-28,1,2015-04-14,3975.53271484375,3090.544189453125,4485.5322265625,4812.2431640625
2015-03-28,1,2015-04-15,4090.296630859375,3143.326171875,4588.65478515625,4935.78466796875
2015-03-28,1,2015-04-16,3997.8935546875,3133.099853515625,4429.54931640625,4793.2373046875
2015-03-28,1,2015-04-17,4396.3134765625,3401.903564453125,4860.759765625,5160.2314453125
2015-03-28,1,2015-04-18,4602.970703125,3688.341796875,5018.28173828125,5444.44140625
2015-03-28,1,2015-04-19,0.0,0.0,239.181640625,682.473876953125
2015-03-28,1,2015-04-20,4179.0078125,3273.248046875,4558.9580078125,4971.02783203125
2015-03-28,1,2015-04-21,4095.125732421875,3154.3095703125,4579.0732421875,4950.6328125
2015-03-28,1,2015-04-22,4199.56689453125,3344.4375,4690.4658203125,5149.5537109375
2015-03-28,1,2015-04-23,3963.924560546875,3004.9814453125,4471.666015625,4831.9228515625
2015-03-28,1,2015-04-24,4233.4345703125,3278.36669921875,4658.197265625,5134.0615234375
2015-03-28,1,2015-04-25,4505.56201171875,3545.2041015625,4993.8232421875,5540.57763671875
2015-03-28,1,2015-04-26,0.0,0.0,279.43994140625,870.368896484375
2015-03-28,1,2015-04-27,4155.61279296875,3136.40185546875,4811.41650390625,5231.44287109375
2015-03-28,1,2015-04-28,4185.5224609375,3215.690185546875,4745.12451171875,5182.24951171875
2015-03-28,1,2015-04-29,4336.11572265625,3395.153076171875,4859.55419921875,5347.97900390625
2015-03-28,1,2015-04-30,4441.53955078125,3553.031982421875,4979.939453125,5451.3232421875
2015-03-28,1,2015-05-01,4863.59375,3902.1474609375,5274.8359375,5793.1943359375
2015-03-28,1,2015-05-02,5133.7822265625,4199.70703125,5643.2119140625,6111.95703125
2015-03-28,1,2015-05-03,262.805908203125,0.0,798.691650390625,1340.3533935546875
2015-03-28,1,2015-05-04,4544.8896484375,3579.632080078125,5057.49609375,5566.8037109375
2015-03-28,1,2015-05-05,4251.53955078125,3338.83984375,4810.26171875,5299.54296875
2015-03-28,1,2015-05-06,4270.03857421875,3414.827392578125,4801.69921875,5322.2509765625
2015-03-28,1,2015-05-07,4116.36376953125,3224.890869140625,4740.53564453125,5298.662109375
2015-03-28,1,2015-05-08,4287.5888671875,3348.380615234375,4891.43701171875,5385.1640625
2015-03-28,2,2015-03-28,2533.347900390625,1617.0294189453125,3211.1279296875,3635.960205078125
2015-03-28,2,2015-03-29,0.0,0.0,460.5849609375,969.31103515625
2015-03-28,2,2015-03-30,5271.45849609375,4232.697265625,5997.294921875,6425.6494140625
2015-03-28,2,2015-03-31,5341.45166015625,4331.6572265625,5958.193359375,6468.38916015625
2015-03-28,2,2015-04-01,5572.03857421875,4575.5234375,6122.654296875,6643.416015625
2015-03-28,2,2015-04-02,4978.98095703125,4046.532958984375,5562.92626953125,6028.677734375
2015-03-28,2,2015-04-03,4780.88525390625,3822.0205078125,5306.10009765625,5819.4921875
2015-03-28,2,2015-04-04,2913.41796875,1867.4884033203125,3492.83837890625,4065.464111328125
2015-03-28,2,2015-04-05,0.0,0.0,614.157470703125,1190.376953125
2015-03-28,2,2015-04-06,5157.326171875,3915.863525390625,5787.11474609375,6347.51953125
2015-03-28,2,2015-04-07,4771.8232421875,3458.2578125,5429.90185546875,5962.51025390625
2015-03-28,2,2015-04-08,4911.623046875,3718.755859375,5602.28125,6200.810546875
2015-03-28,2,2015-04-09,4303.7490234375,3116.926025390625,5020.08935546875,5523.4697265625
2015-03-28,2,2015-04-10,4230.75927734375,3021.65771484375,4862.974609375,5349.47509765625
2015-03-28,2,2015-04-11,2468.99853515625,1217.1279296875,3111.531005859375,3629.195556640625
2015-03-28,2,2015-04-12,0.0,0.0,366.00244140625,1004.555419921875
2015-03-28,2,2015-04-13,5375.8115234375,4056.791748046875,6035.6005859375,6697.4619140625
2015-03-28,2,2015-04-14,5166.1572265625,3917.613525390625,5943.0703125,6523.5673828125
2015-03-28,2,2015-04-15,5375.560546875,4140.51220703125,6124.2412109375,6776.298828125
2015-03-28,2,2015-04-16,4706.99365234375,3595.38232421875,5391.580078125,6080.42041015625
2015-03-28,2,2015-04-17,4775.12109375,3536.31884765625,5471.701171875,6031.3134765625
2015-03-28,2,2015-04-18,2853.55859375,1720.4754638671875,3611.677978515625,4239.3515625
2015-03-28,2,2015-04-19,0.0,0.0,589.6630859375,1297.4970703125
2015-03-28,2,2015-04-20,5361.794921875,4069.785888671875,6027.2529296875,6703.41259765625
2015-03-28,2,2015-04-21,4923.70947265625,3618.93310546875,5680.6396484375,6342.8916015625
2015-03-28,2,2015-04-22,5111.20849609375,3883.5146484375,5858.86279296875,6663.85693359375
2015-03-28,2,2015-04-23,4204.38818359375,2952.971923828125,5009.87255859375,5644.6474609375
2015-03-28,2,2015-04-24,4267.4169921875,3068.312744140625,4987.85888671875,5715.1884765625
2015-03-28,2,2015-04-25,2347.783447265625,1140.683349609375,3047.8310546875,3812.07958984375
2015-03-28,2,2015-04-26,0.0,0.0,323.773681640625,1120.513427734375
2015-03-28,2,2015-04-27,5324.78125,3925.032470703125,6069.87646484375,6808.97265625
2015-03-28,2,2015-04-28,4920.361328125,3545.3837890625,5751.771484375,6492.46728515625
2015-03-28,2,2015-04-29,5359.85986328125,4001.89794921875,6221.8603515625,6976.21484375
2015-03-28,2,2015-04-30,4672.73583984375,3280.443359375,5510.04443359375,6216.716796875
2015-03-28,2,2015-05-01,4687.15673828125,3193.134521484375,5393.68017578125,6150.263671875
2015-03-28,2,2015-05-02,3032.85693359375,1669.9027099609375,3804.437255859375,4477.283203125
2015-03-28,2,2015-05-03,194.62255859375,0.0,955.90234375,1684.69970703125
2015-03-28,2,2015-05-04,5530.009765625,4097.36328125,6342.251953125,7015.9140625
2015-03-28,2,2015-05-05,5295.06298828125,3877.757568359375,6060.20947265625,6760.22314453125
2015-03-28,2,2015-05-06,5588.263671875,4200.35205078125,6306.62890625,7047.96484375
2015-03-28,2,2015-05-07,4922.10205078125,3615.924072265625,5725.9853515625,6500.3916015625
2015-03-28,2,2015-05-08,4697.3271484375,3415.3310546875,5520.2421875,6267.47607421875
2015-03-28,3,2015-03-28,3167.88427734375,1753.756103515625,4137.4013671875,4702.05615234375
2015-03-28,3,2015-03-29,0.0,0.0,743.6650390625,1427.140869140625
2015-03-28,3,2015-03-30,6981.72265625,5325.275390625,8107.73828125,8654.8173828125
2015-03-28,3,2015-03-31,6551.32568359375,4846.82080078125,7601.9130859375,8337.0087890625
2015-03-28,3,2015-04-01,6674.52734375,4993.4306640625,7708.3134765625,8423.23046875
2015-03-28,3,2015-04-02,6423.080078125,4755.38916015625,7471.62109375,8169.0849609375
2015-03-28,3,2015-04-03,6729.23974609375,5095.1962890625,7722.23681640625,8426.8857421875
2015-03-28,3,2015-04-04,3646.16064453125,1831.285888671875,4682.9892578125,5576.55126953125
2015-03-28,3,2015-04-05,0.0,0.0,1036.3603515625,1815.31640625
2015-03-28,3,2015-04-06,6646.7568359375,4554.20458984375,7738.8671875,8563.6875
2015-03-28,3,2015-04-07,5944.5869140625,3855.823486328125,7052.0126953125,7883.611328125
2015-03-28,3,2015-04-08,5941.908203125,3967.06640625,7134.59765625,8081.57275390625
2015-03-28,3,2015-04-09,5812.705078125,3874.78759765625,7032.1416015625,7705.3857421875
2015-03-28,3,2015-04-10,6325.0908203125,4299.99755859375,7427.18017578125,8108.11328125
2015-03-28,3,2015-04-11,3487.818359375,1420.2021484375,4584.5927734375,5345.1865234375
2015-03-28,3,2015-04-12,0.0,0.0,1005.2265625,1849.035400390625
2015-03-28,3,2015-04-13,7230.6552734375,5071.09716796875,8260.04296875,9102.7431640625
2015-03-28,3,2015-04-14,6585.42822265625,4563.44287109375,7775.0673828125,8513.6162109375
2015-03-28,3,2015-04-15,6674.6259765625,4780.01904296875,7817.208984375,8622.5244140625
2015-03-28,3,2015-04-16,6298.80078125,4499.5712890625,7388.65087890625,8264.486328125
2015-03-28,3,2015-04-17,6918.77734375,4980.466796875,8051.794921875,8689.2294921875
2015-03-28,3,2015-04-18,3837.22216796875,1830.169189453125,4994.126953125,5780.66259765625
2015-03-28,3,2015-04-19,0.0,0.0,1069.8759765625,1921.96435546875
2015-03-28,3,2015-04-20,6974.08154296875,4923.20263671875,7960.17626953125,8744.935546875
2015-03-28,3,2015-04-21,6209.9150390625,4325.3037109375,7369.3466796875,8087.646484375
2015-03-28,3,2015-04-22,6075.37841796875,4253.96875,7276.3564453125,8139.52734375
2015-03-28,3,2015-04-23,5828.93115234375,3944.040283203125,7000.51611328125,7796.927734375
2015-03-28,3,2015-04-24,6491.8193359375,4495.41259765625,7694.69482421875,8590.80078125
2015-03-28,3,2015-04-25,3416.514892578125,1437.88720703125,4655.57763671875,5495.52783203125
2015-03-28,3,2015-04-26,0.0,0.0,1266.865966796875,2192.3515625
2015-03-28,3,2015-04-27,7553.1572265625,5403.875,8697.7646484375,9596.810546875
2015-03-28,3,2015-04-28,6828.51025390625,4763.5576171875,8077.42431640625,8973.9990234375
2015-03-28,3,2015-04-29,7140.16650390625,5063.18701171875,8393.1083984375,9355.7490234375
2015-03-28,3,2015-04-30,6786.865234375,4684.0126953125,8082.76708984375,8977.052734375
2015-03-28,3,2015-05-01,7286.50439453125,5137.89501953125,8448.6259765625,9354.8642578125
2015-03-28,3,2015-05-02,4349.83544921875,2361.232666015625,5668.45458984375,6477.765625
2015-03-28,3,2015-05-03,980.316162109375,0.0,2243.794921875,3060.98193359375
2015-03-28,3,2015-05-04,7957.26806640625,6021.31884765625,9228.91796875,10052.05859375
2015-03-28,3,2015-05-05,7313.91064453125,5373.20263671875,8499.796875,9258.05078125
2015-03-28,3,2015-05-06,7179.474609375,5225.51220703125,8346.841796875,9194.001953125
2015-03-28,3,2015-05-07,7009.34765625,5136.126953125,8178.419921875,9036.177734375
2015-03-28,3,2015-05-08,7455.3134765625,5548.16455078125,8664.6552734375,9500.65234375
2015-03-28,4,2015-03-28,9246.765625,7605.1220703125,10365.359375,11028.978515625
2015-03-28,4,2015-03-29,0.0,0.0,0.0,567.95068359375
2015-03-28,4,2015-03-30,9472.955078125,7661.638671875,10703.814453125,11316.935546875
2015-03-28,4,2015-03-31,8853.1533203125,7035.8740234375,9881.822265625,10722.8671875
2015-03-28,4,2015-04-01,8978.580078125,7358.25634765625,10012.248046875,10747.5234375
2015-03-28,4,2015-04-02,8729.423828125,7323.943359375,9872.716796875,10611.771484375
2015-03-28,4,2015-04-03,9850.8212890625,8386.4990234375,10901.1220703125,11693.3740234375
2015-03-28,4,2015-04-04,10285.0771484375,8795.765625,11300.974609375,12152.09765625
2015-03-28,4,2015-04-05,0.0,0.0,124.6044921875,896.94677734375
2015-03-28,4,2015-04-06,9608.359375,8084.078125,10431.181640625,11234.115234375
2015-03-28,4,2015-04-07,8375.650390625,6620.1904296875,9193.44921875,9837.0556640625
2015-03-28,4,2015-04-08,7903.1357421875,6495.3291015625,8796.3759765625,9688.28515625
2015-03-28,4,2015-04-09,7805.71923828125,6394.5556640625,8940.9990234375,9697.46484375
2015-03-28,4,2015-04-10,8903.7216796875,7237.17041015625,9810.40234375,10494.8232421875
2015-03-28,4,2015-04-11,9461.849609375,7651.70849609375,10378.650390625,11066.263671875
2015-03-28,4,2015-04-12,0.0,0.0,0.0,456.08154296875
2015-03-28,4,2015-04-13,9388.8154296875,7593.1708984375,10246.1962890625,11072.1328125
2015-03-28,4,2015-04-14,8364.904296875,6756.32666015625,9305.5107421875,10011.626953125
2015-03-28,4,2015-04-15,8514.5068359375,6778.6181640625,9496.072265625,10324.6875
2015-03-28,4,2015-04-16,8424.310546875,6817.63623046875,9278.119140625,10167.099609375
2015-03-28,4,2015-04-17,9702.7109375,7828.14990234375,10621.634765625,11303.79296875
2015-03-28,4,2015-04-18,10221.8271484375,8483.7666015625,11017.6982421875,11963.587890625
2015-03-28,4,2015-04-19,0.0,0.0,177.9892578125,1212.88330078125
2015-03-28,4,2015-04-20,9892.0654296875,8269.4794921875,10617.76953125,11595.78125
2015-03-28,4,2015-04-21,8615.7431640625,6868.73291015625,9550.9228515625,10477.060546875
2015-03-28,4,2015-04-22,8502.6142578125,6739.82275390625,9434.9189453125,10553.181640625
2015-03-28,4,2015-04-23,8081.703125,6156.86328125,9095.5390625,10021.7802734375
2015-03-28,4,2015-04-24,9111.8984375,7167.35791015625,9988.857421875,11127.1533203125
2015-03-28,4,2015-04-25,9604.080078125,7748.2529296875,10638.3681640625,11905.23046875
2015-03-28,4,2015-04-26,0.0,0.0,124.73583984375,1421.38037109375
2015-03-28,4,2015-04-27,9612.19140625,7691.83984375,10929.740234375,11933.1435546875
2015-03-28,4,2015-04-28,8510.69140625,6648.2802734375,9698.154296875,10724.607421875
2015-03-28,4,2015-04-29,8883.3203125,7096.0966796875,10017.0498046875,11208.541015625
2015-03-28,4,2015-04-30,9154.1708984375,7406.7607421875,10308.134765625,11478.560546875
2015-03-28,4,2015-05-01,10393.3935546875,8516.2724609375,11243.9990234375,12535.49609375
2015-03-28,4,2015-05-02,11030.3203125,9241.173828125,12138.884765625,13231.7265625
2015-03-28,4,2015-05-03,177.9169921875,0.0,1316.02392578125,2621.37451171875
2015-03-28,4,2015-05-04,10363.66015625,8548.09375,11448.140625,12696.16796875
2015-03-28,4,2015-05-05,8764.302734375,6957.94677734375,9967.796875,11166.482421875
2015-03-28,4,2015-05-06,8754.1552734375,7002.11279296875,9871.455078125,11145.4208984375
2015-03-28,4,2015-05-07,8490.77734375,6723.50146484375,9785.3681640625,11190.705078125
2015-03-28,4,2015-05-08,9240.5244140625,7346.53466796875,10509.228515625,11670.6513671875
2015-03-28,5,2015-03-28,1687.5328369140625,746.156005859375,2335.53369140625,2758.07568359375
2015-03-28,5,2015-03-29,0.0,0.0,447.931640625,936.857421875
2015-03-28,5,2015-03-30,5186.00439453125,4149.3505859375,5919.08203125,6324.22802734375
2015-03-28,5,2015-03-31,4707.740234375,3601.526611328125,5428.24755859375,5970.0849609375
2015-03-28,5,2015-04-01,4728.4287109375,3590.251708984375,5416.15625,5942.5830078125
2015-03-28,5,2015-04-02,4322.14306640625,3217.0166015625,4995.91650390625,5482.82080078125
2015-03-28,5,2015-04-03,4541.171875,3528.025634765625,5123.2919921875,5606.240234375
2015-03-28,5,2015-04-04,1725.2266845703125,720.24072265625,2240.7763671875,2826.465087890625
2015-03-28,5,2015-04-05,0.0,0.0,291.566162109375,798.362548828125
2015-03-28,5,2015-04-06,5021.78515625,3803.685302734375,5561.8056640625,6144.177734375
2015-03-28,5,2015-04-07,4281.89794921875,2979.492431640625,4955.21435546875,5531.984375
2015-03-28,5,2015-04-08,4379.04443359375,3128.048583984375,5090.62255859375,5772.423828125
2015-03-28,5,2015-04-09,4036.30322265625,2833.75146484375,4793.3203125,5288.3251953125
2015-03-28,5,2015-04-10,4278.85791015625,3134.355224609375,4864.376953125,5312.984375
2015-03-28,5,2015-04-11,1504.176513671875,442.5205078125,2075.1064453125,2578.107421875
2015-03-28,5,2015-04-12,0.0,0.0,206.531005859375,781.817626953125
2015-03-28,5,2015-04-13,5207.02392578125,4013.226318359375,5801.3916015625,6379.2451171875
2015-03-28,5,2015-04-14,4581.9189453125,3365.435791015625,5324.2939453125,5879.8310546875
2015-03-28,5,2015-04-15,4631.8671875,3412.96630859375,5411.7685546875,6023.6943359375
2015-03-28,5,2015-04-16,4199.5009765625,3117.343017578125,4892.66064453125,5564.580078125
2015-03-28,5,2015-04-17,4577.89990234375,3421.91015625,5199.93310546875,5708.49609375
2015-03-28,5,2015-04-18,1800.9678955078125,746.799072265625,2411.18408203125,2954.13134765625
2015-03-28,5,2015-04-19,0.0,0.0,419.77392578125,1035.7099609375
2015-03-28,5,2015-04-20,5263.37744140625,4032.077392578125,5781.27197265625,6371.7666015625
2015-03-28,5,2015-04-21,4535.06640625,3298.76025390625,5223.50390625,5824.0478515625
2015-03-28,5,2015-04-22,4576.5615234375,3425.113037109375,5336.318359375,6058.8671875
2015-03-28,5,2015-04-23,4096.7919921875,2923.923583984375,4850.03125,5453.79345703125
2015-03-28,5,2015-04-24,4545.69091796875,3400.9072265625,5217.2548828125,5854.890625
2015-03-28,5,2015-04-25,1701.100830078125,622.62841796875,2347.10205078125,2945.636962890625
2015-03-28,5,2015-04-26,0.0,0.0,445.773681640625,1125.766357421875
2015-03-28,5,2015-04-27,5395.46923828125,4049.916015625,6053.9091796875,6666.22802734375
2015-03-28,5,2015-04-28,4686.3740234375,3334.99853515625,5434.1953125,6123.19775390625
2015-03-28,5,2015-04-29,4871.83740234375,3431.09912109375,5643.279296875,6384.998046875
2015-03-28,5,2015-04-30,4439.2109375,3037.724609375,5230.1533203125,5892.37109375
2015-03-28,5,2015-05-01,4781.9423828125,3360.891357421875,5393.23828125,6073.83984375
2015-03-28,5,2015-05-02,2116.08251953125,913.521240234375,2861.588134765625,3421.310546875
2015-03-28,5,2015-05-03,289.247314453125,0.0,979.14208984375,1627.2442626953125
2015-03-28,5,2015-05-04,5666.6640625,4306.173828125,6426.74951171875,7061.533203125
2015-03-28,5,2015-05-05,5019.4609375,3581.515869140625,5806.75634765625,6466.19482421875
2015-03-28,5,2015-05-06,4979.70947265625,3491.85546875,5833.853515625,6555.6845703125
2015-03-28,5,2015-05-07,4658.4775390625,3204.94580078125,5546.396484375,6284.02734375
2015-03-28,5,2015-05-08,4938.73095703125,3554.2109375,5817.0810546875,6513.0009765625
2015-03-28,6,2015-03-28,2408.89892578125,1349.1875,3156.52734375,3582.52294921875
2015-03-28,6,2015-03-29,0.0,0.0,414.680908203125,941.271240234375
2015-03-28,6,2015-03-30,4998.638671875,3846.405029296875,5795.0634765625,6199.5361328125
2015-03-28,6,2015-03-31,4631.21142578125,3510.665283203125,5308.71728515625,5855.796875
2015-03-28,6,2015-04-01,4604.38037109375,3551.978271484375,5213.7939453125,5683.2939453125
2015-03-28,6,2015-04-02,4299.1025390625,3210.009521484375,4941.5849609375,5374.6943359375
2015-03-28,6,2015-04-03,4774.1396484375,3687.776123046875,5437.91015625,5939.3935546875
2015-03-28,6,2015-04-04,2734.058837890625,1464.715087890625,3431.1220703125,4122.41650390625
2015-03-28,6,2015-04-05,0.0,0.0,639.614013671875,1188.472412109375
2015-03-28,6,2015-04-06,5110.91943359375,3705.31005859375,5802.5654296875,6368.6298828125
2015-03-28,6,2015-04-07,4478.7138671875,3143.394287109375,5182.0498046875,5704.4765625
2015-03-28,6,2015-04-08,4476.48828125,3229.491455078125,5193.5234375,5832.93701171875
2015-03-28,6,2015-04-09,4163.03125,2936.826904296875,4876.4697265625,5367.6064453125
2015-03-28,6,2015-04-10,4533.2705078125,3216.9794921875,5205.96826171875,5665.044921875
2015-03-28,6,2015-04-11,2516.108154296875,1186.14892578125,3243.1865234375,3765.6669921875
2015-03-28,6,2015-04-12,0.0,0.0,423.671630859375,1061.14453125
2015-03-28,6,2015-04-13,5093.2734375,3745.93017578125,5708.98583984375,6324.736328125
2015-03-28,6,2015-04-14,4508.4208984375,3283.400390625,5200.51171875,5694.0419921875
2015-03-28,6,2015-04-15,4489.4111328125,3380.71044921875,5134.51318359375,5659.1005859375
2015-03-28,6,2015-04-16,4074.5791015625,3062.974853515625,4658.9462890625,5287.7099609375
2015-03-28,6,2015-04-17,4684.70068359375,3498.814697265625,5291.8740234375,5722.2724609375
2015-03-28,6,2015-04-18,2641.98046875,1385.368896484375,3323.709228515625,3861.887939453125
2015-03-28,6,2015-04-19,0.0,0.0,382.21240234375,987.818115234375
2015-03-28,6,2015-04-20,5063.05810546875,3811.59130859375,5651.40673828125,6187.12060546875
2015-03-28,6,2015-04-21,4599.8359375,3453.5302734375,5250.92724609375,5727.62890625
2015-03-28,6,2015-04-22,4541.21484375,3507.33642578125,5217.4755859375,5803.8076171875
2015-03-28,6,2015-04-23,4032.47509765625,2974.00732421875,4699.0107421875,5210.11669921875
2015-03-28,6,2015-04-24,4621.79736328125,3406.693603515625,5261.4150390625,5834.025390625
2015-03-28,6,2015-04-25,2458.21484375,1198.7548828125,3150.65234375,3718.648193359375
2015-03-28,6,2015-04-26,0.0,0.0,375.5400390625,1063.740234375
2015-03-28,6,2015-04-27,5164.2177734375,3743.44580078125,5819.7265625,6403.927734375
2015-03-28,6,2015-04-28,4604.091796875,3345.760986328125,5272.33251953125,5858.4775390625
2015-03-28,6,2015-04-29,4730.43896484375,3497.86328125,5349.8037109375,5989.0224609375
2015-03-28,6,2015-04-30,4249.1669921875,3025.147705078125,4905.7998046875,5450.017578125
2015-03-28,6,2015-05-01,4670.1630859375,3290.5361328125,5223.3095703125,5846.98046875
2015-03-28,6,2015-05-02,2693.4794921875,1372.10888671875,3462.23388671875,3997.462646484375
2015-03-28,6,2015-05-03,0.0,0.0,700.60888671875,1323.8388671875
2015-03-28,6,2015-05-04,5302.98291015625,3986.70458984375,6042.3486328125,6645.70458984375
2015-03-28,6,2015-05-05,4889.12646484375,3663.673583984375,5548.92041015625,6102.9609375
2015-03-28,6,2015-05-06,4813.15771484375,3677.314697265625,5480.3310546875,6109.5859375
2015-03-28,6,2015-05-07,4429.37890625,3267.95263671875,5092.2568359375,5746.7646484375
2015-03-28,6,2015-05-08,4845.6435546875,3614.776123046875,5600.447265625,6246.4599609375
2015-03-28,7,2015-03-28,4700.90771484375,3085.416748046875,5726.2939453125,6398.11767578125
2015-03-28,7,2015-03-29,0.0,0.0,839.62158203125,1594.65283203125
2015-03-28,7,2015-03-30,8348.955078125,6501.3046875,9564.8291015625,10165.8779296875
2015-03-28,7,2015-03-31,8177.42724609375,6268.13720703125,9291.056640625,10154.162109375
2015-03-28,7,2015-04-01,7767.26220703125,5944.0537109375,8847.423828125,9633.060546875
2015-03-28,7,2015-04-02,7496.84814453125,5674.75830078125,8630.4873046875,9479.08203125
2015-03-28,7,2015-04-03,8307.0390625,6466.9228515625,9410.1689453125,10261.595703125
2015-03-28,7,2015-04-04,4978.37744140625,2883.658447265625,6112.3564453125,7166.29833984375
2015-03-28,7,2015-04-05,0.0,0.0,1136.0400390625,2109.49169921875
2015-03-28,7,2015-04-06,8634.234375,6346.03125,9851.0048828125,10862.6201171875
2015-03-28,7,2015-04-07,8155.5185546875,5808.33837890625,9433.68359375,10404.208984375
2015-03-28,7,2015-04-08,7754.474609375,5508.26611328125,9155.16015625,10303.08984375
2015-03-28,7,2015-04-09,7522.70361328125,5345.32177734375,8909.5771484375,9840.8388671875
2015-03-28,7,2015-04-10,8332.62890625,6063.6865234375,9585.3935546875,10517.0673828125
2015-03-28,7,2015-04-11,4726.90625,2540.432861328125,5989.38232421875,6976.5869140625
2015-03-28,7,2015-04-12,0.0,0.0,1021.701171875,2206.77490234375
2015-03-28,7,2015-04-13,8617.896484375,6287.64697265625,9700.0078125,10871.380859375
2015-03-28,7,2015-04-14,8309.490234375,6100.01953125,9632.126953125,10602.294921875
2015-03-28,7,2015-04-15,7823.8974609375,5699.544921875,9121.94140625,10216.2763671875
2015-03-28,7,2015-04-16,7300.88037109375,5252.49853515625,8495.1904296875,9687.57421875
2015-03-28,7,2015-04-17,8437.90234375,6210.93212890625,9564.6181640625,10524.240234375
2015-03-28,7,2015-04-18,5139.74755859375,3008.01025390625,6438.294921875,7462.2890625
2015-03-28,7,2015-04-19,0.0,0.0,1275.27587890625,2386.55615234375
2015-03-28,7,2015-04-20,8756.900390625,6569.517578125,9866.80859375,10931.306640625
2015-03-28,7,2015-04-21,8466.125,6353.38427734375,9745.3447265625,10796.81640625
2015-03-28,7,2015-04-22,7885.50927734375,5802.5009765625,9261.771484375,10428.0634765625
2015-03-28,7,2015-04-23,7366.73828125,5282.9150390625,8759.869140625,9735.798828125
2015-03-28,7,2015-04-24,8334.6640625,6113.96533203125,9616.3125,10757.095703125
2015-03-28,7,2015-04-25,4793.765625,2663.984619140625,6170.7080078125,7265.736328125
2015-03-28,7,2015-04-26,0.0,0.0,1165.31640625,2492.99169921875
2015-03-28,7,2015-04-27,8751.9267578125,6407.9599609375,10168.072265625,11327.62890625
2015-03-28,7,2015-04-28,8517.2041015625,6218.24365234375,9956.3271484375,11125.439453125
2015-03-28,7,2015-04-29,8280.8134765625,6063.46630859375,9710.154296875,10972.162109375
2015-03-28,7,2015-04-30,7769.333984375,5497.57666015625,9151.50390625,10396.275390625
2015-03-28,7,2015-05-01,8799.4404296875,6485.38623046875,10056.91015625,11285.064453125
2015-03-28,7,2015-05-02,5409.4716796875,3213.894775390625,6905.580078125,8032.74365234375
2015-03-28,7,2015-05-03,821.20361328125,0.0,2330.072021484375,3576.366943359375
2015-03-28,7,2015-05-04,9452.5791015625,7285.9794921875,10967.0078125,12206.8095703125
2015-03-28,7,2015-05-05,9148.69921875,6970.0869140625,10594.634765625,11768.8203125
2015-03-28,7,2015-05-06,8651.27734375,6519.578125,10096.716796875,11385.359375
2015-03-28,7,2015-05-07,8268.3046875,6129.50048828125,9708.3466796875,11080.978515625
2015-03-28,7,2015-05-08,9017.8642578125,6861.689453125,10552.744140625,11816.4296875
2015-03-28,8,2015-03-28,3101.540771484375,1861.38671875,3972.212890625,4513.9716796875
2015-03-28,8,2015-03-29,55.88427734375,0.0,972.318359375,1572.931884765625
2015-03-28,8,2015-03-30,6814.857421875,5408.56640625,7744.11767578125,8269.0712890625
2015-03-28,8,2015-03-31,6570.533203125,5158.71630859375,7426.62109375,8073.90234375
2015-03-28,8,2015-04-01,6334.2705078125,4935.93994140625,7101.255859375,7717.71435546875
2015-03-28,8,2015-04-02,6617.96435546875,5315.16064453125,7398.90380859375,7989.388671875
2015-03-28,8,2015-04-03,6040.4921875,4721.4580078125,6724.8759765625,7373.8095703125
2015-03-28,8,2015-04-04,3188.19921875,1750.379150390625,3932.23876953125,4663.09716796875
2015-03-28,8,2015-04-05,0.0,0.0,783.9462890625,1473.984375
2015-03-28,8,2015-04-06,6464.005859375,4815.8037109375,7261.576171875,7993.35107421875
2015-03-28,8,2015-04-07,5713.97021484375,4034.52783203125,6572.623046875,7257.2509765625
2015-03-28,8,2015-04-08,5459.78955078125,3912.19287109375,6332.1728515625,7149.212890625
2015-03-28,8,2015-04-09,5952.2373046875,4423.77001953125,6848.19580078125,7432.5849609375
2015-03-28,8,2015-04-10,5518.91650390625,3932.536376953125,6301.705078125,6896.27587890625
2015-03-28,8,2015-04-11,3045.001220703125,1432.400634765625,3834.01806640625,4519.404296875
2015-03-28,8,2015-04-12,0.0,0.0,839.63330078125,1604.417724609375
2015-03-28,8,2015-04-13,6948.001953125,5167.81298828125,7748.201171875,8499.8056640625
2015-03-28,8,2015-04-14,6306.1142578125,4601.490234375,7176.95703125,7895.83203125
2015-03-28,8,2015-04-15,6172.97021484375,4532.85546875,7020.7001953125,7766.275390625
2015-03-28,8,2015-04-16,6455.71533203125,4947.91455078125,7250.24072265625,8052.60107421875
2015-03-28,8,2015-04-17,6083.771484375,4442.6142578125,6850.0849609375,7476.2734375
2015-03-28,8,2015-04-18,3375.843017578125,1796.68359375,4211.236328125,4936.87744140625
2015-03-28,8,2015-04-19,89.13720703125,0.0,930.427490234375,1723.135986328125
2015-03-28,8,2015-04-20,6707.763671875,4954.740234375,7445.27783203125,8170.04296875
2015-03-28,8,2015-04-21,6111.9951171875,4413.236328125,7017.1787109375,7736.81005859375
2015-03-28,8,2015-04-22,5921.72412109375,4249.7548828125,6844.62646484375,7676.61767578125
2015-03-28,8,2015-04-23,6066.162109375,4340.9775390625,7011.10888671875,7675.974609375
2015-03-28,8,2015-04-24,5802.01171875,4076.07568359375,6696.2763671875,7473.59765625
2015-03-28,8,2015-04-25,3127.3017578125,1462.165771484375,4034.781494140625,4806.09912109375
2015-03-28,8,2015-04-26,79.97314453125,0.0,977.225341796875,1826.4609375
2015-03-28,8,2015-04-27,7134.6044921875,5251.5419921875,8025.3037109375,8819.927734375
2015-03-28,8,2015-04-28,6500.3203125,4575.81103515625,7469.904296875,8324.3115234375
2015-03-28,8,2015-04-29,6648.62646484375,4689.25537109375,7647.87451171875,8542.2578125
2015-03-28,8,2015-04-30,6957.853515625,4939.4970703125,7950.2060546875,8793.025390625
2015-03-28,8,2015-05-01,6379.421875,4315.65478515625,7263.0849609375,8094.185546875
2015-03-28,8,2015-05-02,3850.05419921875,1952.127685546875,4860.3876953125,5602.751953125
2015-03-28,8,2015-05-03,748.146240234375,0.0,1707.731689453125,2500.3525390625
2015-03-28,8,2015-05-04,7426.5380859375,5493.0576171875,8452.8603515625,9215.58984375
2015-03-28,8,2015-05-05,6724.90234375,4704.3974609375,7673.451171875,8449.275390625
2015-03-28,8,2015-05-06,6578.9814453125,4533.5546875,7529.876953125,8372.6201171875
2015-03-28,8,2015-05-07,6959.0771484375,4960.98095703125,7951.11181640625,8842.115234375
2015-03-28,8,2015-05-08,6329.06396484375,4326.24072265625,7342.333984375,8188.8095703125
2015-03-28,9,2015-03-28,6319.61767578125,4907.17822265625,7331.421875,7968.5615234375
2015-03-28,9,2015-03-29,0.0,0.0,409.88037109375,1189.71875
2015-03-28,9,2015-03-30,8368.599609375,6750.86181640625,9521.0546875,10172.9912109375
2015-03-28,9,2015-03-31,7491.17578125,5921.2412109375,8452.2294921875,9210.09375
2015-03-28,9,2015-04-01,7429.94677734375,6026.32275390625,8323.10546875,9007.412109375
2015-03-28,9,2015-04-02,6836.50537109375,5596.64013671875,7725.982421875,8374.8056640625
2015-03-28,9,2015-04-03,7852.65185546875,6537.94384765625,8722.6396484375,9435.037109375
2015-03-28,9,2015-04-04,6957.21435546875,5534.638671875,7882.6650390625,8663.07421875
2015-03-28,9,2015-04-05,0.0,0.0,444.75341796875,1225.4345703125
2015-03-28,9,2015-04-06,8113.50927734375,6507.34130859375,8979.341796875,9711.453125
2015-03-28,9,2015-04-07,6791.19677734375,5067.39453125,7618.59765625,8250.576171875
2015-03-28,9,2015-04-08,6346.6064453125,4938.51953125,7176.82421875,7958.0361328125
2015-03-28,9,2015-04-09,5955.6728515625,4573.8388671875,6873.27490234375,7600.837890625
2015-03-28,9,2015-04-10,6887.67431640625,5306.2421875,7640.08203125,8262.53515625
2015-03-28,9,2015-04-11,6266.58935546875,4514.08837890625,7082.5732421875,7745.1064453125
2015-03-28,9,2015-04-12,0.0,0.0,12.287109375,861.7265625
2015-03-28,9,2015-04-13,8251.287109375,6435.28466796875,9048.087890625,9809.26953125
2015-03-28,9,2015-04-14,7033.75244140625,5490.63037109375,7897.4111328125,8554.744140625
2015-03-28,9,2015-04-15,7017.009765625,5544.02099609375,7845.5517578125,8571.4287109375
2015-03-28,9,2015-04-16,6640.564453125,5314.85498046875,7293.89306640625,8090.7734375
2015-03-28,9,2015-04-17,7718.9560546875,6173.68505859375,8452.0244140625,9126.1357421875
2015-03-28,9,2015-04-18,7000.08447265625,5501.919921875,7646.0576171875,8556.041015625
2015-03-28,9,2015-04-19,0.0,0.0,534.140625,1449.21240234375
2015-03-28,9,2015-04-20,8370.3994140625,6907.92919921875,9046.55078125,9876.2578125
2015-03-28,9,2015-04-21,7288.97314453125,5756.06884765625,8088.072265625,8879.2119140625
2015-03-28,9,2015-04-22,7115.3798828125,5671.1787109375,7827.92236328125,8770.19921875
2015-03-28,9,2015-04-23,6407.73095703125,4852.57470703125,7206.439453125,7928.697265625
2015-03-28,9,2015-04-24,7204.9462890625,5568.771484375,7885.212890625,8762.2705078125
2015-03-28,9,2015-04-25,6489.958984375,4807.89453125,7300.50732421875,8284.3466796875
2015-03-28,9,2015-04-26,0.0,0.0,239.91748046875,1322.8740234375
2015-03-28,9,2015-04-27,8083.955078125,6263.103515625,9128.837890625,9988.0615234375
2015-03-28,9,2015-04-28,6997.69140625,5252.123046875,7902.4404296875,8740.138671875
2015-03-28,9,2015-04-29,7098.587890625,5485.1484375,7918.6240234375,8856.0556640625
2015-03-28,9,2015-04-30,6733.29541015625,5219.55810546875,7514.2060546875,8401.2470703125
2015-03-28,9,2015-05-01,7828.27880859375,6208.32470703125,8434.552734375,9381.51953125
2015-03-28,9,2015-05-02,7275.81591796875,5648.1875,8067.2724609375,8942.384765625
2015-03-28,9,2015-05-03,28.169921875,0.0,883.27099609375,1927.8564453125
2015-03-28,9,2015-05-04,8599.384765625,6917.685546875,9501.00390625,10450.8388671875
2015-03-28,9,2015-05-05,7094.27587890625,5445.2666015625,8056.15234375,8994.3486328125
2015-03-28,9,2015-05-06,7053.330078125,5550.123046875,7933.31640625,8865.5556640625
2015-03-28,9,2015-05-07,6562.98291015625,5074.8828125,7520.1708984375,8616.8095703125
2015-03-28,9,2015-05-08,7095.9248046875,5618.759765625,8087.1533203125,8978.513671875
2015-03-28,10,2015-03-28,4468.38671875,3222.09619140625,5282.78515625,5755.11767578125
2015-03-28,10,2015-03-29,0.0,0.0,32.12890625,607.380615234375
2015-03-28,10,2015-03-30,6107.4677734375,4778.44384765625,6984.29296875,7447.736328125
2015-03-28,10,2015-03-31,5631.7451171875,4420.80615234375,6373.830078125,6905.94921875
2015-03-28,10,2015-04-01,5415.75732421875,4377.04248046875,6070.32568359375,6548.5947265625
2015-03-28,10,2015-04-02,4972.5107421875,4069.355224609375,5633.56884765625,6128.2021484375
2015-03-28,10,2015-04-03,6125.78564453125,5121.97021484375,6767.96728515625,7304.2783203125
2015-03-28,10,2015-04-04,4981.66162109375,3844.3896484375,5707.0439453125,6313.4267578125
2015-03-28,10,2015-04-05,0.0,0.0,220.689697265625,791.93359375
2015-03-28,10,2015-04-06,6149.73828125,4889.91796875,6816.73388671875,7377.93505859375
2015-03-28,10,2015-04-07,5573.763671875,4313.3779296875,6207.919921875,6613.36328125
2015-03-28,10,2015-04-08,5079.15966796875,4092.84619140625,5658.134765625,6240.189453125
2015-03-28,10,2015-04-09,4757.0693359375,3772.71337890625,5412.3330078125,5907.375
2015-03-28,10,2015-04-10,5826.56103515625,4637.822265625,6370.45654296875,6797.63916015625
2015-03-28,10,2015-04-11,4670.966796875,3313.115234375,5306.724609375,5806.91015625
2015-03-28,10,2015-04-12,0.0,0.0,43.85888671875,671.266357421875
2015-03-28,10,2015-04-13,6208.34619140625,4766.5595703125,6808.77783203125,7361.0224609375
2015-03-28,10,2015-04-14,5518.7587890625,4352.693359375,6121.94921875,6562.44140625
2015-03-28,10,2015-04-15,5279.8076171875,4222.20263671875,5833.98486328125,6312.2216796875
2015-03-28,10,2015-04-16,4805.11083984375,3903.310546875,5251.712890625,5812.25634765625
2015-03-28,10,2015-04-17,5997.2333984375,4897.58740234375,6534.2353515625,6974.98583984375
2015-03-28,10,2015-04-18,5017.3203125,3851.395263671875,5542.0166015625,6142.54345703125
2015-03-28,10,2015-04-19,0.0,0.0,270.658935546875,936.757080078125
2015-03-28,10,2015-04-20,6438.49609375,5313.619140625,6904.8291015625,7501.29296875
2015-03-28,10,2015-04-21,5799.435546875,4657.6181640625,6291.810546875,6842.689453125
2015-03-28,10,2015-04-22,5430.283203125,4439.23486328125,5915.06787109375,6529.86328125
2015-03-28,10,2015-04-23,4822.857421875,3718.03271484375,5347.20166015625,5819.4560546875
2015-03-28,10,2015-04-24,5782.494140625,4592.56689453125,6288.7255859375,6907.8759765625
2015-03-28,10,2015-04-25,4705.57763671875,3468.7236328125,5369.033203125,6067.71826171875
2015-03-28,10,2015-04-26,0.0,0.0,54.67822265625,834.546142578125
2015-03-28,10,2015-04-27,6054.0146484375,4698.91845703125,6846.1943359375,7440.98486328125
2015-03-28,10,2015-04-28,5484.626953125,4253.87060546875,6105.912109375,6688.484375
2015-03-28,10,2015-04-29,5499.19775390625,4396.33837890625,6051.724609375,6691.1884765625
2015-03-28,10,2015-04-30,5036.00732421875,3987.546875,5598.96044921875,6194.6591796875
2015-03-28,10,2015-05-01,6093.7900390625,4893.1650390625,6534.248046875,7164.41455078125
2015-03-28,10,2015-05-02,5060.92578125,3830.61328125,5705.2080078125,6286.96533203125
2015-03-28,10,2015-05-03,0.0,0.0,509.376708984375,1229.106201171875
2015-03-28,10,2015-05-04,6353.55126953125,5109.173828125,7007.8125,7671.06103515625
2015-03-28,10,2015-05-05,5672.892578125,4499.0,6341.59375,6933.40234375
2015-03-28,10,2015-05-06,5493.39697265625,4390.58740234375,6103.921875,6712.07958984375
2015-03-28,10,2015-05-07,5087.68017578125,3980.90576171875,5731.96484375,6469.890625
2015-03-28,10,2015-05-08,5852.55859375,4671.7900390625,6559.0068359375,7154.4287109375
2015-03-28,11,2015-03-28,5808.72314453125,4550.17578125,6634.974609375,7140.54931640625
2015-03-28,11,2015-03-29,0.0,0.0,678.02978515625,1302.30126953125
2015-03-28,11,2015-03-30,7699.1474609375,6215.416015625,8668.9375,9177.462890625
2015-03-28,11,2015-03-31,7379.349609375,5849.60400390625,8218.7001953125,8939.00390625
2015-03-28,11,2015-04-01,7931.52734375,6520.4169921875,8749.1640625,9385.943359375
2015-03-28,11,2015-04-02,7238.732421875,5864.02392578125,8057.2646484375,8732.8857421875
2015-03-28,11,2015-04-03,7845.794921875,6451.01806640625,8671.4091796875,9335.970703125
2015-03-28,11,2015-04-04,6123.6142578125,4686.8232421875,6922.1904296875,7767.1552734375
2015-03-28,11,2015-04-05,0.0,0.0,721.1015625,1481.84521484375
2015-03-28,11,2015-04-06,7839.1220703125,6202.8828125,8726.2841796875,9584.16796875
2015-03-28,11,2015-04-07,7272.193359375,5460.06396484375,8212.880859375,8996.0546875
2015-03-28,11,2015-04-08,7486.751953125,5879.177734375,8557.0302734375,9482.765625
2015-03-28,11,2015-04-09,6933.02197265625,5331.82470703125,8104.8134765625,8945.814453125
2015-03-28,11,2015-04-10,7531.68115234375,5803.69970703125,8542.5810546875,9341.9404296875
2015-03-28,11,2015-04-11,5909.45703125,4066.491943359375,6938.099609375,7847.6064453125
2015-03-28,11,2015-04-12,0.0,0.0,760.775390625,1811.72119140625
2015-03-28,11,2015-04-13,7540.9833984375,5663.9306640625,8604.296875,9632.904296875
2015-03-28,11,2015-04-14,7233.8037109375,5491.55859375,8409.78125,9330.4384765625
2015-03-28,11,2015-04-15,7796.2548828125,6080.53173828125,8997.193359375,9981.486328125
2015-03-28,11,2015-04-16,7119.8203125,5545.298828125,8167.1083984375,9196.0107421875
2015-03-28,11,2015-04-17,7792.51318359375,6057.44482421875,8862.0703125,9739.8203125
2015-03-28,11,2015-04-18,6214.40966796875,4615.37158203125,7284.4912109375,8305.8720703125
2015-03-28,11,2015-04-19,98.06884765625,0.0,1281.767578125,2308.581298828125
2015-03-28,11,2015-04-20,7876.9638671875,6191.55615234375,8889.990234375,9888.890625
2015-03-28,11,2015-04-21,7515.185546875,5747.2783203125,8677.123046875,9717.3427734375
2015-03-28,11,2015-04-22,7959.01171875,6248.45263671875,9151.578125,10316.53125
2015-03-28,11,2015-04-23,7122.25390625,5352.68701171875,8396.080078125,9378.576171875
2015-03-28,11,2015-04-24,7831.84228515625,6073.8330078125,8954.5537109375,10056.6572265625
2015-03-28,11,2015-04-25,6033.76123046875,4314.1875,7239.86962890625,8419.912109375
2015-03-28,11,2015-04-26,139.47509765625,0.0,1379.5166015625,2679.580322265625
2015-03-28,11,2015-04-27,7942.412109375,6004.99853515625,9277.1494140625,10418.46484375
2015-03-28,11,2015-04-28,7687.0732421875,5819.98193359375,9034.9072265625,10131.2294921875
2015-03-28,11,2015-04-29,8195.103515625,6387.64501953125,9487.6201171875,10703.20703125
2015-03-28,11,2015-04-30,7670.443359375,5899.38427734375,8959.181640625,10146.69921875
2015-03-28,11,2015-05-01,8495.9921875,6720.373046875,9658.642578125,10853.630859375
2015-03-28,11,2015-05-02,7190.9228515625,5521.0078125,8460.982421875,9628.369140625
2015-03-28,11,2015-05-03,1099.2548828125,0.0,2408.795654296875,3634.66796875
2015-03-28,11,2015-05-04,8705.09765625,7006.4794921875,10043.046875,11281.068359375
2015-03-28,11,2015-05-05,8024.25439453125,6299.21435546875,9421.8916015625,10591.052734375
2015-03-28,11,2015-05-06,8400.1318359375,6709.8837890625,9745.44921875,11007.40234375
2015-03-28,11,2015-05-07,7687.7763671875,5979.1298828125,9119.6220703125,10443.8671875
2015-03-28,11,2015-05-08,8218.73046875,6521.056640625,9693.6845703125,10894.9365234375
2015-03-28,12,2015-03-28,6359.11572265625,4815.2783203125,7432.341796875,8098.017578125
2015-03-28,12,2015-03-29,0.0,0.0,598.517578125,1438.3125
2015-03-28,12,2015-03-30,8227.1591796875,6491.13037109375,9497.0078125,10145.671875
2015-03-28,12,2015-03-31,7688.86328125,5949.56494140625,8725.251953125,9631.8818359375
2015-03-28,12,2015-04-01,7782.2138671875,6134.4296875,8722.44921875,9497.181640625
2015-03-28,12,2015-04-02,7370.21044921875,5792.1845703125,8354.458984375,9130.935546875
2015-03-28,12,2015-04-03,7718.87646484375,6116.66650390625,8735.39453125,9562.326171875
2015-03-28,12,2015-04-04,6570.22607421875,4720.2392578125,7633.2392578125,8756.59375
2015-03-28,12,2015-04-05,0.0,0.0,967.025390625,1835.2666015625
2015-03-28,12,2015-04-06,8460.080078125,6318.599609375,9563.30078125,10475.0400390625
2015-03-28,12,2015-04-07,7612.0419921875,5442.95947265625,8726.4150390625,9567.8369140625
2015-03-28,12,2015-04-08,7353.9150390625,5373.64453125,8453.056640625,9506.2197265625
2015-03-28,12,2015-04-09,7098.7734375,5151.85009765625,8219.2509765625,8995.681640625
2015-03-28,12,2015-04-10,7297.10205078125,5209.4541015625,8296.8984375,9005.8720703125
2015-03-28,12,2015-04-11,6364.35693359375,4203.90380859375,7477.025390625,8334.74609375
2015-03-28,12,2015-04-12,0.0,0.0,635.03076171875,1709.455322265625
2015-03-28,12,2015-04-13,8212.5654296875,5928.54248046875,9260.70703125,10383.626953125
2015-03-28,12,2015-04-14,7471.5390625,5393.0771484375,8641.517578125,9524.873046875
2015-03-28,12,2015-04-15,7515.54541015625,5529.66650390625,8539.080078125,9513.197265625
2015-03-28,12,2015-04-16,7085.302734375,5285.19482421875,7993.2119140625,9058.4091796875
2015-03-28,12,2015-04-17,7691.77734375,5645.23583984375,8637.83984375,9509.310546875
2015-03-28,12,2015-04-18,6570.05126953125,4535.9873046875,7629.85888671875,8644.748046875
2015-03-28,12,2015-04-19,0.0,0.0,840.41552734375,1941.453125
2015-03-28,12,2015-04-20,8341.134765625,6255.7822265625,9193.7236328125,10177.919921875
2015-03-28,12,2015-04-21,7752.73828125,5755.26806640625,8721.439453125,9692.421875
2015-03-28,12,2015-04-22,7610.318359375,5725.8828125,8569.791015625,9713.130859375
2015-03-28,12,2015-04-23,7034.69287109375,5078.4580078125,8032.076171875,8936.5361328125
2015-03-28,12,2015-04-24,7359.05029296875,5252.205078125,8332.9765625,9395.609375
2015-03-28,12,2015-04-25,5921.47802734375,3635.319091796875,6969.9072265625,8119.38671875
2015-03-28,12,2015-04-26,0.0,0.0,367.22265625,1565.34619140625
2015-03-28,12,2015-04-27,8001.7314453125,5446.62109375,9164.1103515625,10198.4892578125
2015-03-28,12,2015-04-28,7271.7822265625,4990.8505859375,8427.2470703125,9452.7587890625
2015-03-28,12,2015-04-29,7543.591796875,5380.80859375,8623.9599609375,9693.7578125
2015-03-28,12,2015-04-30,7090.2705078125,4875.146484375,8100.060546875,9119.5712890625
2015-03-28,12,2015-05-01,7568.9384765625,5162.744140625,8439.923828125,9522.53515625
2015-03-28,12,2015-05-02,6571.88525390625,4221.03125,7584.791015625,8613.783203125
2015-03-28,12,2015-05-03,0.0,0.0,1044.83056640625,2121.5986328125
2015-03-28,12,2015-05-04,8438.4375,6203.86279296875,9516.869140625,10601.623046875
2015-03-28,12,2015-05-05,7768.65380859375,5644.45458984375,8830.0986328125,9796.791015625
2015-03-28,12,2015-05-06,7911.78173828125,5922.7177734375,8896.3974609375,10033.8623046875
2015-03-28,12,2015-05-07,7633.435546875,5672.18505859375,8680.6865234375,9927.521484375
2015-03-28,12,2015-05-08,7625.4189453125,5583.16162109375,8779.884765625,9928.96875
2015-03-28,13,2015-03-28,4275.96630859375,2951.507080078125,5166.9677734375,5679.74267578125
2015-03-28,13,2015-03-29,0.0,0.0,397.7412109375,1006.41552734375
2015-03-28,13,2015-03-30,4737.76904296875,3434.635009765625,5701.8671875,6225.21728515625
2015-03-28,13,2015-03-31,4496.04833984375,3082.63525390625,5392.97705078125,6116.24853515625
2015-03-28,13,2015-04-01,4803.36376953125,3389.3759765625,5725.953125,6386.294921875
2015-03-28,13,2015-04-02,4719.69482421875,3380.577880859375,5725.2138671875,6415.5791015625
2015-03-28,13,2015-04-03,5653.0400390625,4323.94873046875,6595.95703125,7340.484375
2015-03-28,13,2015-04-04,4464.173828125,3067.08642578125,5373.087890625,6264.20166015625
2015-03-28,13,2015-04-05,0.0,0.0,539.7451171875,1229.636474609375
2015-03-28,13,2015-04-06,4650.234375,3057.44140625,5529.681640625,6230.2109375
2015-03-28,13,2015-04-07,4119.4150390625,2432.97314453125,5143.9775390625,5754.35205078125
2015-03-28,13,2015-04-08,4055.176513671875,2378.474609375,5061.6259765625,5995.7802734375
2015-03-28,13,2015-04-09,4091.37890625,2495.8935546875,5176.19189453125,5871.6943359375
2015-03-28,13,2015-04-10,5157.21826171875,3500.247314453125,6124.6220703125,6782.5693359375
2015-03-28,13,2015-04-11,4136.97216796875,2564.144287109375,5052.06787109375,5706.58837890625
2015-03-28,13,2015-04-12,0.0,0.0,280.787109375,1098.3828125
2015-03-28,13,2015-04-13,4747.0439453125,3119.8349609375,5619.79736328125,6421.771484375
2015-03-28,13,2015-04-14,4266.58203125,2701.029296875,5297.5048828125,5992.84326171875
2015-03-28,13,2015-04-15,4433.70654296875,2770.418212890625,5461.1142578125,6235.861328125
2015-03-28,13,2015-04-16,4385.7490234375,2764.205322265625,5380.81787109375,6217.17578125
2015-03-28,13,2015-04-17,5639.759765625,3890.40625,6622.9619140625,7298.36328125
2015-03-28,13,2015-04-18,4625.9755859375,3087.048583984375,5581.8935546875,6324.4287109375
2015-03-28,13,2015-04-19,0.0,0.0,546.40625,1389.97705078125
2015-03-28,13,2015-04-20,4780.90234375,3344.61376953125,5590.7470703125,6317.6826171875
2015-03-28,13,2015-04-21,4418.46630859375,2927.72607421875,5335.2373046875,6103.7021484375
2015-03-28,13,2015-04-22,4428.142578125,2867.993408203125,5345.154296875,6309.41943359375
2015-03-28,13,2015-04-23,4268.71240234375,2699.32861328125,5231.67529296875,6028.47998046875
2015-03-28,13,2015-04-24,5025.52978515625,3385.09814453125,5867.44287109375,6808.45849609375
2015-03-28,13,2015-04-25,3892.9638671875,2318.42236328125,4752.7666015625,5737.8046875
2015-03-28,13,2015-04-26,0.0,0.0,144.410888671875,1080.609619140625
2015-03-28,13,2015-04-27,4538.54345703125,2875.18359375,5524.228515625,6273.25341796875
2015-03-28,13,2015-04-28,4306.80078125,2628.433349609375,5304.63916015625,6166.5146484375
2015-03-28,13,2015-04-29,4633.02734375,2867.37255859375,5662.912109375,6526.333984375
2015-03-28,13,2015-04-30,4692.5478515625,2962.49853515625,5716.3173828125,6611.576171875
2015-03-28,13,2015-05-01,5532.4560546875,3684.99560546875,6380.43359375,7346.8037109375
2015-03-28,13,2015-05-02,4516.35400390625,2876.171142578125,5430.412109375,6226.8232421875
2015-03-28,13,2015-05-03,0.0,0.0,754.328125,1705.394775390625
2015-03-28,13,2015-05-04,4845.64990234375,3174.722412109375,5778.93896484375,6604.90625
2015-03-28,13,2015-05-05,4471.47265625,2771.826171875,5439.3193359375,6366.41015625
2015-03-28,13,2015-05-06,4509.34619140625,2729.830078125,5475.17724609375,6427.59912109375
2015-03-28,13,2015-05-07,4538.65771484375,2846.14111328125,5591.52783203125,6672.8056640625
2015-03-28,13,2015-05-08,5106.22265625,3410.19775390625,6168.26806640625,7119.783203125
2015-03-28,14,2015-03-28,2609.0263671875,1477.35888671875,3492.746826171875,3980.8525390625
2015-03-28,14,2015-03-29,0.0,0.0,369.455322265625,992.36962890625
2015-03-28,14,2015-03-30,5530.3134765625,4343.24560546875,6462.072265625,6962.5830078125
2015-03-28,14,2015-03-31,5465.9462890625,4236.58642578125,6259.11328125,6925.705078125
2015-03-28,14,2015-04-01,5203.67529296875,4077.29052734375,5888.28076171875,6443.1279296875
2015-03-28,14,2015-04-02,4873.10693359375,3767.75439453125,5589.5185546875,6134.5322265625
2015-03-28,14,2015-04-03,5227.53857421875,4095.04296875,5933.0693359375,6542.3173828125
2015-03-28,14,2015-04-04,2917.11181640625,1612.581298828125,3635.223876953125,4394.88720703125
2015-03-28,14,2015-04-05,0.0,0.0,586.772705078125,1212.815185546875
2015-03-28,14,2015-04-06,5727.8427734375,4330.45068359375,6464.10498046875,7111.95947265625
2015-03-28,14,2015-04-07,5517.4814453125,4191.888671875,6287.64013671875,6900.9814453125
2015-03-28,14,2015-04-08,5447.2119140625,4148.5712890625,6219.82470703125,6975.1123046875
2015-03-28,14,2015-04-09,5338.634765625,4068.497802734375,6118.0048828125,6672.1259765625
2015-03-28,14,2015-04-10,5449.77587890625,4078.689453125,6208.2177734375,6706.48046875
2015-03-28,14,2015-04-11,3181.503662109375,1805.492919921875,4017.50634765625,4620.8154296875
2015-03-28,14,2015-04-12,0.0,0.0,642.044189453125,1377.640625
2015-03-28,14,2015-04-13,5759.0322265625,4283.48681640625,6482.2919921875,7195.1845703125
2015-03-28,14,2015-04-14,5596.6318359375,4163.58349609375,6376.8603515625,6949.072265625
2015-03-28,14,2015-04-15,5350.78857421875,4042.926513671875,6118.1142578125,6740.443359375
2015-03-28,14,2015-04-16,5025.8515625,3885.108642578125,5689.1455078125,6455.0498046875
2015-03-28,14,2015-04-17,5388.14697265625,4004.327392578125,6063.72607421875,6613.94091796875
2015-03-28,14,2015-04-18,3100.54345703125,1659.31640625,3829.9150390625,4431.01123046875
2015-03-28,14,2015-04-19,0.0,0.0,546.1103515625,1218.75048828125
2015-03-28,14,2015-04-20,5744.37744140625,4352.2265625,6412.76953125,7035.71826171875
2015-03-28,14,2015-04-21,5635.470703125,4325.0595703125,6421.3515625,7002.3701171875
2015-03-28,14,2015-04-22,5449.4677734375,4271.01416015625,6280.80859375,6947.71875
2015-03-28,14,2015-04-23,5076.3388671875,3849.24755859375,5889.951171875,6494.4541015625
2015-03-28,14,2015-04-24,5595.904296875,4179.4375,6340.853515625,6928.8525390625
2015-03-28,14,2015-04-25,3008.13671875,1560.737060546875,3831.441650390625,4414.64794921875
2015-03-28,14,2015-04-26,0.0,0.0,532.86669921875,1262.538818359375
2015-03-28,14,2015-04-27,5802.4951171875,4192.302734375,6631.62109375,7179.2158203125
2015-03-28,14,2015-04-28,5681.6435546875,4211.330078125,6488.9091796875,7065.3466796875
2015-03-28,14,2015-04-29,5728.27734375,4247.84619140625,6495.2099609375,7174.283203125
2015-03-28,14,2015-04-30,5223.1806640625,3687.210205078125,6012.69140625,6606.41552734375
2015-03-28,14,2015-05-01,5579.345703125,3891.78125,6273.859375,6962.48974609375
2015-03-28,14,2015-05-02,3212.26318359375,1578.767333984375,4131.63818359375,4714.66357421875
2015-03-28,14,2015-05-03,0.0,0.0,820.30908203125,1459.3212890625
2015-03-28,14,2015-05-04,5998.0283203125,4343.1611328125,6900.69873046875,7587.91357421875
2015-03-28,14,2015-05-05,5924.431640625,4358.08447265625,6824.994140625,7415.01025390625
2015-03-28,14,2015-05-06,5598.13525390625,4128.08935546875,6508.23046875,7187.404296875
2015-03-28,14,2015-05-07,5292.0224609375,3799.037353515625,6184.3310546875,6882.92578125
2015-03-28,14,2015-05-08,5613.671875,4077.666015625,6554.7080078125,7254.591796875
2015-03-28,15,2015-03-28,5453.00048828125,4194.28076171875,6328.4853515625,6849.88427734375
2015-03-28,15,2015-03-29,0.0,0.0,453.326171875,1105.796875
2015-03-28,15,2015-03-30,7020.33935546875,5666.45703125,8012.3701171875,8523.17578125
2015-03-28,15,2015-03-31,6331.0556640625,4954.56298828125,7219.49755859375,7924.11279296875
2015-03-28,15,2015-04-01,6610.69775390625,5324.955078125,7486.6982421875,8179.03271484375
2015-03-28,15,2015-04-02,6314.46044921875,5093.10009765625,7226.099609375,7899.99462890625
2015-03-28,15,2015-04-03,7637.7685546875,6396.40576171875,8495.6865234375,9224.81640625
2015-03-28,15,2015-04-04,5617.78662109375,4257.275390625,6482.22607421875,7375.18115234375
2015-03-28,15,2015-04-05,0.0,0.0,563.3271484375,1281.75390625
2015-03-28,15,2015-04-06,7003.06103515625,5463.21630859375,7869.13037109375,8650.6015625
2015-03-28,15,2015-04-07,6102.568359375,4455.3330078125,7040.94189453125,7764.3408203125
2015-03-28,15,2015-04-08,6119.7734375,4555.591796875,7127.0732421875,8010.18701171875
2015-03-28,15,2015-04-09,6005.84033203125,4485.5751953125,7085.65771484375,7798.0576171875
2015-03-28,15,2015-04-10,7237.029296875,5635.85107421875,8112.06640625,8755.787109375
2015-03-28,15,2015-04-11,5402.33740234375,3736.24462890625,6275.27392578125,6941.29248046875
2015-03-28,15,2015-04-12,0.0,0.0,281.9775390625,1131.13330078125
2015-03-28,15,2015-04-13,6983.048828125,5304.80859375,7808.1533203125,8618.4931640625
2015-03-28,15,2015-04-14,6025.1611328125,4465.49658203125,6975.81005859375,7668.7080078125
2015-03-28,15,2015-04-15,6235.14208984375,4759.24169921875,7234.7109375,8044.3095703125
2015-03-28,15,2015-04-16,6063.462890625,4720.90185546875,6917.2275390625,7857.6728515625
2015-03-28,15,2015-04-17,7309.1240234375,5834.3232421875,8216.4765625,8879.130859375
2015-03-28,15,2015-04-18,5600.33984375,4189.05322265625,6461.86279296875,7297.6552734375
2015-03-28,15,2015-04-19,0.0,0.0,541.76171875,1439.221923828125
2015-03-28,15,2015-04-20,7047.3388671875,5670.638671875,7810.951171875,8641.0771484375
2015-03-28,15,2015-04-21,6330.69140625,4911.33544921875,7253.1552734375,8059.86669921875
2015-03-28,15,2015-04-22,6410.06787109375,5027.27978515625,7385.47265625,8325.4189453125
2015-03-28,15,2015-04-23,6087.84228515625,4632.9326171875,7073.26025390625,7881.083984375
2015-03-28,15,2015-04-24,7217.0654296875,5699.71484375,8105.001953125,9004.3203125
2015-03-28,15,2015-04-25,5305.80224609375,3865.53173828125,6208.0390625,7119.306640625
2015-03-28,15,2015-04-26,0.0,0.0,487.09326171875,1477.164794921875
2015-03-28,15,2015-04-27,6927.748046875,5343.54296875,7982.88671875,8838.80078125
2015-03-28,15,2015-04-28,6197.0400390625,4641.08740234375,7252.787109375,8112.3232421875
2015-03-28,15,2015-04-29,6629.23583984375,5086.6142578125,7644.81298828125,8630.228515625
2015-03-28,15,2015-04-30,6284.1923828125,4691.06298828125,7295.064453125,8200.07421875
2015-03-28,15,2015-05-01,7496.869140625,5839.37353515625,8320.0107421875,9292.068359375
2015-03-28,15,2015-05-02,5762.3974609375,4247.068359375,6708.1171875,7557.02685546875
2015-03-28,15,2015-05-03,52.01416015625,0.0,1004.349853515625,1964.8037109375
2015-03-28,15,2015-05-04,7235.1787109375,5671.203125,8184.859375,9123.021484375
2015-03-28,15,2015-05-05,6358.08203125,4819.6162109375,7357.638671875,8238.630859375
2015-03-28,15,2015-05-06,6632.4404296875,5105.58642578125,7656.390625,8619.05078125
2015-03-28,15,2015-05-07,6392.76904296875,4836.08642578125,7446.0830078125,8515.7041015625
2015-03-28,15,2015-05-08,7268.435546875,5717.6982421875,8366.484375,9313.052734375
2015-03-28,85,2015-03-28,5532.8046875,4405.7666015625,6335.939453125,6972.884765625
2015-03-28,85,2015-03-29,11376.5546875,9965.5166015625,12414.212890625,13054.216796875
2015-03-28,85,2015-03-30,7592.1650390625,6205.17236328125,8625.521484375,9326.7890625
2015-03-28,85,2015-03-31,6621.97412109375,5538.38330078125,7518.8427734375,8185.58203125
2015-03-28,85,2015-04-01,6598.7216796875,5731.251953125,7363.421875,7906.13671875
2015-03-28,85,2015-04-02,6305.53564453125,5491.427734375,6969.3232421875,7435.66650390625
2015-03-28,85,2015-04-03,6748.8623046875,5839.6376953125,7493.1015625,8076.10107421875
2015-03-28,85,2015-04-04,5746.1474609375,4574.72607421875,6684.55126953125,7322.9013671875
2015-03-28,85,2015-04-05,11312.3115234375,9890.755859375,12328.240234375,13041.533203125
2015-03-28,85,2015-04-06,7279.24462890625,5917.5048828125,8283.9990234375,8984.7529296875
2015-03-28,85,2015-04-07,6179.6875,5048.3095703125,7049.5673828125,7762.86083984375
2015-03-28,85,2015-04-08,6472.20263671875,5537.017578125,7118.04052734375,7650.81298828125
2015-03-28,85,2015-04-09,6071.58447265625,5203.68994140625,6646.9267578125,7190.9072265625
2015-03-28,85,2015-04-10,6300.24755859375,5445.2392578125,6989.375,7624.91796875
2015-03-28,85,2015-04-11,5256.8583984375,4163.2587890625,6166.7607421875,6948.49072265625
2015-03-28,85,2015-04-12,11027.06640625,9608.2890625,12043.576171875,12778.9267578125
2015-03-28,85,2015-04-13,7320.3251953125,6035.89111328125,8402.46875,9178.50390625
2015-03-28,85,2015-04-14,6250.26953125,5199.880859375,7111.0830078125,7878.826171875
2015-03-28,85,2015-04-15,6501.13671875,5619.25048828125,7227.0107421875,7915.01220703125
2015-03-28,85,2015-04-16,6255.560546875,5436.0400390625,6862.8564453125,7474.1669921875
2015-03-28,85,2015-04-17,6619.18798828125,5687.4091796875,7329.8017578125,8047.8564453125
2015-03-28,85,2015-04-18,5743.30029296875,4520.46826171875,6654.7119140625,7306.0986328125
2015-03-28,85,2015-04-19,11160.90234375,9664.8916015625,12159.8896484375,12878.951171875
2015-03-28,85,2015-04-20,7202.166015625,5856.09375,8236.9580078125,9013.251953125
2015-03-28,85,2015-04-21,6163.41064453125,4957.17724609375,7008.10400390625,7726.099609375
2015-03-28,85,2015-04-22,6203.732421875,5135.26904296875,6903.9306640625,7474.81591796875
2015-03-28,85,2015-04-23,5886.634765625,4955.3515625,6477.9990234375,7113.44482421875
2015-03-28,85,2015-04-24,6265.80419921875,5268.25927734375,7068.54248046875,7622.9658203125
2015-03-28,85,2015-04-25,5468.1875,4094.673583984375,6442.8974609375,7117.650390625
2015-03-28,85,2015-04-26,10949.150390625,9293.15234375,12011.193359375,12750.1640625
2015-03-28,85,2015-04-27,7167.646484375,5542.48828125,8251.345703125,8988.994140625
2015-03-28,85,2015-04-28,6250.3916015625,4911.041015625,7143.92138671875,7785.65576171875
2015-03-28,85,2015-04-29,6487.99658203125,5419.80419921875,7208.68701171875,7810.673828125
2015-03-28,85,2015-04-30,6448.84912109375,5493.60595703125,6989.75,7544.59375
2015-03-28,85,2015-05-01,6819.42041015625,5800.97412109375,7514.31689453125,8113.7001953125
2015-03-28,85,2015-05-02,5965.056640625,4742.3671875,6846.3505859375,7492.0322265625
2015-03-28,85,2015-05-03,11379.5673828125,9800.189453125,12372.87109375,13066.546875
2015-03-28,85,2015-05-04,7427.62841796875,5953.9091796875,8377.705078125,9060.421875
2015-03-28,85,2015-05-05,6608.720703125,5389.728515625,7390.2744140625,8050.71630859375
2015-03-28,85,2015-05-06,6450.0478515625,5581.4384765625,7084.4501953125,7646.20556640625
2015-03-28,85,2015-05-07,5862.79296875,4958.87353515625,6415.65283203125,6972.29296875
2015-03-28,85,2015-05-08,6174.38232421875,5232.65087890625,6886.8681640625,7470.8583984375
2015-03-28,122,2015-03-28,5441.90234375,4505.974609375,6076.6953125,6442.7607421875
2015-03-28,122,2015-03-29,352.9921875,0.0,1025.6044921875,1483.26220703125
2015-03-28,122,2015-03-30,5854.89208984375,4745.4697265625,6566.6142578125,6977.416015625
2015-03-28,122,2015-03-31,5391.96533203125,4274.05859375,5965.185546875,6533.8525390625
2015-03-28,122,2015-04-01,5927.4775390625,4952.81494140625,6491.26708984375,6978.3984375
2015-03-28,122,2015-04-02,5763.82421875,4898.3291015625,6326.03515625,6807.107421875
2015-03-28,122,2015-04-03,6373.6787109375,5439.53369140625,6928.859375,7390.8818359375
2015-03-28,122,2015-04-04,5712.17236328125,4682.4443359375,6248.44580078125,6888.98193359375
2015-03-28,122,2015-04-05,424.5517578125,0.0,1098.810791015625,1618.265625
2015-03-28,122,2015-04-06,6008.4814453125,4807.69189453125,6582.703125,7107.40625
2015-03-28,122,2015-04-07,5241.6455078125,3967.515380859375,5883.736328125,6377.47607421875
2015-03-28,122,2015-04-08,5406.08447265625,4294.41259765625,6101.6630859375,6754.34130859375
2015-03-28,122,2015-04-09,5226.57666015625,4147.650390625,5991.2646484375,6491.171875
2015-03-28,122,2015-04-10,5918.341796875,4717.8212890625,6519.0654296875,7056.2626953125
2015-03-28,122,2015-04-11,5449.9345703125,4184.55517578125,6053.3857421875,6645.74609375
2015-03-28,122,2015-04-12,178.867431640625,0.0,945.42333984375,1660.015625
2015-03-28,122,2015-04-13,5887.19970703125,4502.5419921875,6442.849609375,7181.05810546875
2015-03-28,122,2015-04-14,5224.73046875,4043.86328125,5894.02490234375,6513.4560546875
2015-03-28,122,2015-04-15,5439.37158203125,4261.0908203125,6006.873046875,6665.3330078125
2015-03-28,122,2015-04-16,5254.30859375,4168.00390625,5768.1904296875,6401.6572265625
2015-03-28,122,2015-04-17,6131.23876953125,4851.54248046875,6686.802734375,7302.3369140625
2015-03-28,122,2015-04-18,5727.13427734375,4480.2314453125,6342.365234375,7008.54150390625
2015-03-28,122,2015-04-19,540.029541015625,0.0,1286.231201171875,2028.925048828125
2015-03-28,122,2015-04-20,5910.3232421875,4771.88720703125,6546.12109375,7277.689453125
2015-03-28,122,2015-04-21,5337.6533203125,4167.19970703125,6082.0703125,6805.26953125
2015-03-28,122,2015-04-22,5529.97509765625,4360.20751953125,6237.9755859375,7074.416015625
2015-03-28,122,2015-04-23,5091.486328125,3773.19970703125,5795.4462890625,6467.912109375
2015-03-28,122,2015-04-24,5718.30419921875,4435.43701171875,6358.1923828125,7178.6728515625
2015-03-28,122,2015-04-25,5098.57763671875,3778.823974609375,5826.90234375,6682.86083984375
2015-03-28,122,2015-04-26,122.74755859375,0.0,927.202392578125,1813.85498046875
2015-03-28,122,2015-04-27,5731.8681640625,4373.796875,6557.5458984375,7203.7099609375
2015-03-28,122,2015-04-28,5056.71630859375,3765.5517578125,5793.19775390625,6470.17041015625
2015-03-28,122,2015-04-29,5575.39306640625,4325.46142578125,6238.4853515625,6908.1318359375
2015-03-28,122,2015-04-30,5447.7001953125,4175.03076171875,6050.0966796875,6789.9560546875
2015-03-28,122,2015-05-01,6280.822265625,4975.80322265625,6846.3935546875,7572.728515625
2015-03-28,122,2015-05-02,6086.703125,4802.51513671875,6777.48876953125,7431.8603515625
2015-03-28,122,2015-05-03,996.008544921875,0.0,1683.960693359375,2404.123046875
2015-03-28,122,2015-05-04,6234.7392578125,4926.3212890625,6928.74609375,7591.5185546875
2015-03-28,122,2015-05-05,5321.58642578125,4008.067626953125,6004.8291015625,6671.8251953125
2015-03-28,122,2015-05-06,5792.2060546875,4498.23095703125,6458.6376953125,7158.7900390625
2015-03-28,122,2015-05-07,5365.9892578125,4075.4580078125,6066.6552734375,6886.076171875
2015-03-28,122,2015-05-08,5867.775390625,4541.33251953125,6552.55517578125,7258.673828125
2015-03-28,209,2015-03-28,4582.7890625,3596.693359375,5259.54052734375,5697.00732421875
2015-03-28,209,2015-03-29,406.294189453125,0.0,1169.1787109375,1685.36083984375
2015-03-28,209,2015-03-30,5832.31640625,4755.373046875,6605.892578125,7000.5595703125
2015-03-28,209,2015-03-31,5274.025390625,4243.205078125,5885.4580078125,6460.1533203125
2015-03-28,209,2015-04-01,5237.19482421875,4340.05712890625,5780.2431640625,6239.92724609375
2015-03-28,209,2015-04-02,5443.07568359375,4573.18359375,6020.2373046875,6503.2978515625
2015-03-28,209,2015-04-03,5641.1103515625,4716.58740234375,6250.162109375,6726.17236328125
2015-03-28,209,2015-04-04,4706.54345703125,3646.07470703125,5329.626953125,5976.9482421875
2015-03-28,209,2015-04-05,605.333740234375,0.0,1331.669677734375,1856.507568359375
2015-03-28,209,2015-04-06,6178.9853515625,4957.65380859375,6821.7109375,7360.24853515625
2015-03-28,209,2015-04-07,5393.5283203125,4119.20849609375,5998.17236328125,6470.181640625
2015-03-28,209,2015-04-08,5260.33837890625,4127.259765625,5891.3349609375,6487.0703125
2015-03-28,209,2015-04-09,5437.98828125,4332.451171875,6079.572265625,6514.15185546875
2015-03-28,209,2015-04-10,5606.22998046875,4374.00927734375,6200.8046875,6614.90625
2015-03-28,209,2015-04-11,4768.755859375,3460.7529296875,5432.54638671875,5937.08056640625
2015-03-28,209,2015-04-12,424.224365234375,0.0,1230.126708984375,1881.47802734375
2015-03-28,209,2015-04-13,6043.513671875,4652.9609375,6656.1279296875,7319.0625
2015-03-28,209,2015-04-14,5397.958984375,4178.30615234375,6071.55810546875,6592.71533203125
2015-03-28,209,2015-04-15,5065.66357421875,3922.938720703125,5648.77880859375,6195.19140625
2015-03-28,209,2015-04-16,5160.830078125,4140.7353515625,5654.5654296875,6271.68798828125
2015-03-28,209,2015-04-17,5638.01611328125,4394.21826171875,6175.85498046875,6679.0244140625
2015-03-28,209,2015-04-18,4752.060546875,3469.165771484375,5399.765625,6011.92431640625
2015-03-28,209,2015-04-19,484.025146484375,0.0,1263.977783203125,1940.1318359375
2015-03-28,209,2015-04-20,5988.6513671875,4708.89453125,6628.41162109375,7264.52392578125
2015-03-28,209,2015-04-21,5613.880859375,4395.49609375,6279.4990234375,6893.97802734375
2015-03-28,209,2015-04-22,5300.7685546875,4176.060546875,5931.03759765625,6643.1279296875
2015-03-28,209,2015-04-23,5174.4970703125,4021.322509765625,5835.12890625,6432.802734375
2015-03-28,209,2015-04-24,5538.7138671875,4328.29345703125,6210.3046875,6859.1474609375
2015-03-28,209,2015-04-25,4420.5810546875,3067.04443359375,5176.6142578125,5913.9228515625
2015-03-28,209,2015-04-26,198.901123046875,0.0,1053.16357421875,1859.006103515625
2015-03-28,209,2015-04-27,5841.80517578125,4333.134765625,6653.5390625,7247.767578125
2015-03-28,209,2015-04-28,5173.6376953125,3846.59228515625,5899.8876953125,6455.98193359375
2015-03-28,209,2015-04-29,5276.4423828125,4104.87353515625,5891.79931640625,6478.3798828125
2015-03-28,209,2015-04-30,5345.17578125,4100.169921875,5895.060546875,6448.6904296875
2015-03-28,209,2015-05-01,5748.71533203125,4375.43408203125,6213.765625,6834.3857421875
2015-03-28,209,2015-05-02,4736.8134765625,3334.873291015625,5398.3740234375,5962.77587890625
2015-03-28,209,2015-05-03,679.177490234375,0.0,1384.466796875,2024.022216796875
2015-03-28,209,2015-05-04,6064.0927734375,4676.888671875,6730.57763671875,7340.4638671875
2015-03-28,209,2015-05-05,5500.248046875,4248.39306640625,6135.59130859375,6681.142578125
2015-03-28,209,2015-05-06,5345.75146484375,4161.7001953125,5904.916015625,6515.8984375
2015-03-28,209,2015-05-07,5375.73193359375,4206.22216796875,5971.283203125,6640.556640625
2015-03-28,209,2015-05-08,5539.8671875,4252.9814453125,6214.75146484375,6827.876953125
2015-03-28,259,2015-03-28,9886.46875,8384.62890625,10856.3544921875,11454.9052734375
2015-03-28,259,2015-03-29,16568.13671875,14941.7255859375,17650.51953125,18297.6015625
2015-03-28,259,2015-03-30,13285.77734375,11673.658203125,14358.10546875,14988.7412109375
2015-03-28,259,2015-03-31,12968.931640625,11526.0146484375,13906.60546875,14656.16015625
2015-03-28,259,2015-04-01,12342.3408203125,11039.8349609375,13181.96484375,13694.28515625
2015-03-28,259,2015-04-02,12004.7265625,10716.9560546875,12775.19140625,13236.65625
2015-03-28,259,2015-04-03,13059.6484375,11719.2373046875,13863.8720703125,14543.5498046875
2015-03-28,259,2015-04-04,9678.9140625,8211.041015625,10668.416015625,11415.7275390625
2015-03-28,259,2015-04-05,16459.7421875,14814.4501953125,17526.8515625,18194.375
2015-03-28,259,2015-04-06,12835.1748046875,11151.5673828125,13927.7314453125,14532.900390625
2015-03-28,259,2015-04-07,12152.4814453125,10636.9033203125,13256.908203125,13900.505859375
2015-03-28,259,2015-04-08,11761.431640625,10222.9912109375,12726.8671875,13458.341796875
2015-03-28,259,2015-04-09,11071.9892578125,9575.3837890625,12007.6064453125,12611.796875
2015-03-28,259,2015-04-10,12479.171875,11066.375,13513.9208984375,14172.083984375
2015-03-28,259,2015-04-11,9597.515625,8095.6318359375,10706.4814453125,11475.7275390625
2015-03-28,259,2015-04-12,16620.06640625,14780.072265625,17627.763671875,18364.880859375
2015-03-28,259,2015-04-13,13371.166015625,11681.1494140625,14560.8134765625,15342.2958984375
2015-03-28,259,2015-04-14,12908.5517578125,11246.2744140625,13934.50390625,14714.794921875
2015-03-28,259,2015-04-15,12614.0078125,10981.23046875,13623.1435546875,14407.083984375
2015-03-28,259,2015-04-16,12299.6669921875,10667.6376953125,13248.9169921875,13982.9453125
2015-03-28,259,2015-04-17,13148.81640625,11587.1318359375,14077.2607421875,14907.11328125
2015-03-28,259,2015-04-18,10166.5439453125,8426.9169921875,11251.294921875,12043.13671875
2015-03-28,259,2015-04-19,16509.318359375,14608.5986328125,17611.4375,18340.7578125
2015-03-28,259,2015-04-20,12853.236328125,11065.921875,14043.07421875,14923.5078125
2015-03-28,259,2015-04-21,11941.8740234375,10141.12109375,13084.158203125,13982.5263671875
2015-03-28,259,2015-04-22,10976.697265625,9192.8427734375,12062.203125,12952.52734375
2015-03-28,259,2015-04-23,10357.8935546875,8761.1279296875,11341.4873046875,12186.861328125
2015-03-28,259,2015-04-24,11829.951171875,10192.533203125,12925.3447265625,13694.974609375
2015-03-28,259,2015-04-25,9261.5634765625,7523.0205078125,10327.9873046875,11205.01953125
2015-03-28,259,2015-04-26,15953.9130859375,14058.025390625,17067.15625,17865.01953125
2015-03-28,259,2015-04-27,12697.7763671875,10900.79296875,13856.46875,14693.9541015625
2015-03-28,259,2015-04-28,12370.83984375,10698.453125,13528.712890625,14327.75
2015-03-28,259,2015-04-29,11796.5966796875,10183.46484375,12831.396484375,13575.7646484375
2015-03-28,259,2015-04-30,11492.134765625,9887.3486328125,12390.830078125,13117.3369140625
2015-03-28,259,2015-05-01,13100.373046875,11566.6640625,14029.5087890625,14824.3203125
2015-03-28,259,2015-05-02,10152.384765625,8504.3037109375,11247.6982421875,12003.369140625
2015-03-28,259,2015-05-03,16652.54296875,14869.8330078125,17748.955078125,18659.556640625
2015-03-28,259,2015-05-04,13160.5615234375,11445.2001953125,14365.828125,15228.759765625
2015-03-28,259,2015-05-05,12782.0966796875,11154.962890625,13792.1767578125,14674.873046875
2015-03-28,259,2015-05-06,11684.13671875,10183.8505859375,12669.12109375,13446.759765625
2015-03-28,259,2015-05-07,10648.2626953125,9077.25390625,11491.162109375,12267.0576171875
2015-03-28,259,2015-05-08,11982.0712890625,10438.6357421875,12858.845703125,13712.3193359375
2015-03-28,262,2015-03-28,16406.15234375,13992.365234375,17695.490234375,18725.220703125
2015-03-28,262,2015-03-29,28300.84765625,25385.17578125,29992.27734375,30853.44140625
2015-03-28,262,2015-03-30,19322.9140625,16446.376953125,21008.453125,21939.18359375
2015-03-28,262,2015-03-31,18372.32421875,15921.1806640625,19845.68359375,20887.431640625
2015-03-28,262,2015-04-01,18016.8984375,15972.7626953125,19322.189453125,20043.361328125
2015-03-28,262,2015-04-02,18714.43359375,16747.373046875,19832.146484375,20505.4375
2015-03-28,262,2015-04-03,21592.6015625,19499.318359375,22942.63671875,23782.166015625
2015-03-28,262,2015-04-04,17777.83984375,15328.30859375,19464.64453125,20392.2890625
2015-03-28,262,2015-04-05,28940.14453125,26165.572265625,30732.453125,31684.771484375
2015-03-28,262,2015-04-06,19479.701171875,16884.6875,21316.19140625,22155.869140625
2015-03-28,262,2015-04-07,17386.62109375,15164.01953125,18939.158203125,19923.265625
2015-03-28,262,2015-04-08,17101.61328125,15138.681640625,18398.65625,19208.03125
2015-03-28,262,2015-04-09,16954.916015625,15096.162109375,18210.802734375,18893.37109375
2015-03-28,262,2015-04-10,19150.916015625,17224.55078125,20522.23828125,21540.818359375
2015-03-28,262,2015-04-11,15397.0859375,13138.5498046875,16987.08203125,18088.568359375
2015-03-28,262,2015-04-12,26964.53125,24183.4921875,28526.80078125,29597.328125
2015-03-28,262,2015-04-13,18370.4140625,15927.517578125,20174.47265625,21332.05859375
2015-03-28,262,2015-04-14,17067.884765625,14913.2900390625,18399.982421875,19546.3359375
2015-03-28,262,2015-04-15,16898.046875,14900.6103515625,18093.7734375,19234.0234375
2015-03-28,262,2015-04-16,17308.166015625,15172.7861328125,18370.771484375,19458.12890625
2015-03-28,262,2015-04-17,19693.189453125,17709.84375,21090.388671875,22219.83203125
2015-03-28,262,2015-04-18,17180.89453125,14694.3388671875,18889.76171875,19912.296875
2015-03-28,262,2015-04-19,28289.462890625,25720.609375,29931.62109375,31151.6875
2015-03-28,262,2015-04-20,18770.30078125,16467.109375,20577.27734375,21687.888671875
2015-03-28,262,2015-04-21,16798.5859375,14328.7275390625,18214.767578125,19410.984375
2015-03-28,262,2015-04-22,15963.8916015625,13394.990234375,17067.458984375,18327.4375
2015-03-28,262,2015-04-23,16278.6982421875,13858.958984375,17334.890625,18562.63671875
2015-03-28,262,2015-04-24,18656.6875,16265.3037109375,20217.03515625,21318.38671875
2015-03-28,262,2015-04-25,15800.650390625,13058.6328125,17514.2734375,18913.70703125
2015-03-28,262,2015-04-26,26908.62109375,23947.703125,28762.849609375,30082.78515625
2015-03-28,262,2015-04-27,17910.111328125,15136.9482421875,19844.708984375,21225.486328125
2015-03-28,262,2015-04-28,17286.8203125,14826.0048828125,18917.8046875,20175.623046875
2015-03-28,262,2015-04-29,17092.95703125,15004.2958984375,18639.943359375,19709.994140625
2015-03-28,262,2015-04-30,18086.4140625,16062.783203125,19368.35546875,20566.81640625
2015-03-28,262,2015-05-01,20606.43359375,18696.873046875,22261.216796875,23489.333984375
2015-03-28,262,2015-05-02,17653.501953125,15360.8828125,19430.228515625,20642.40234375
2015-03-28,262,2015-05-03,29024.296875,26294.048828125,30841.021484375,32143.837890625
2015-03-28,262,2015-05-04,19686.85546875,17084.68359375,21536.73046875,22709.80078125
2015-03-28,262,2015-05-05,19190.4375,16851.044921875,20629.666015625,21905.0703125
2015-03-28,262,2015-05-06,17913.111328125,15985.3056640625,19232.2421875,20316.578125
2015-03-28,262,2015-05-07,17521.84375,15330.5419921875,18742.353515625,19909.90625
2015-03-28,262,2015-05-08,19665.099609375,17378.115234375,21085.83203125,22348.203125
2015-05-09,1,2015-05-09,5132.64111328125,3534.314453125,6041.0322265625,6514.3291015625
2015-05-09,1,2015-05-10,712.73388671875,0.0,1710.314208984375,2259.310546875
2015-05-09,1,2015-05-11,4562.40673828125,2843.3388671875,5522.4111328125,6043.6201171875
2015-05-09,1,2015-05-12,4382.78173828125,2774.28955078125,5176.23388671875,5627.212890625
2015-05-09,1,2015-05-13,4679.7646484375,3229.923583984375,5306.001953125,5728.7197265625
2015-05-09,1,2015-05-14,4712.3603515625,3334.205078125,5333.18212890625,5732.1064453125
2015-05-09,1,2015-05-15,4438.384765625,2891.91845703125,5113.138671875,5548.6669921875
2015-05-09,1,2015-05-16,4966.85546875,3222.6025390625,5769.47265625,6270.4765625
2015-05-09,1,2015-05-17,635.8359375,0.0,1525.390380859375,2108.84619140625
2015-05-09,1,2015-05-18,4502.671875,2611.196044921875,5302.83056640625,5888.697265625
2015-05-09,1,2015-05-19,4314.61279296875,2524.97314453125,5064.82763671875,5575.22119140625
2015-05-09,1,2015-05-20,4322.4775390625,2792.968994140625,4956.44189453125,5455.517578125
2015-05-09,1,2015-05-21,4564.7265625,3034.69384765625,5234.6787109375,5716.4501953125
2015-05-09,1,2015-05-22,4485.63427734375,2797.82373046875,5143.482421875,5638.14453125
2015-05-09,1,2015-05-23,5031.38427734375,3101.68896484375,5822.7607421875,6347.42578125
2015-05-09,1,2015-05-24,752.024658203125,0.0,1647.72802734375,2276.08984375
2015-05-09,1,2015-05-25,4610.744140625,2582.88623046875,5476.708984375,6051.806640625
2015-05-09,1,2015-05-26,4395.9931640625,2516.22705078125,5165.181640625,5671.59228515625
2015-05-09,1,2015-05-27,4533.66552734375,2755.102294921875,5200.08544921875,5712.6630859375
2015-05-09,1,2015-05-28,4695.35888671875,2982.945556640625,5320.49609375,5841.3642578125
2015-05-09,1,2015-05-29,4351.958984375,2490.3486328125,5116.7392578125,5602.8115234375
2015-05-09,1,2015-05-30,4945.89599609375,2930.07373046875,5782.21484375,6395.056640625
2015-05-09,1,2015-05-31,736.6259765625,0.0,1681.3802490234375,2394.08154296875
2015-05-09,1,2015-06-01,4585.740234375,2428.872314453125,5461.7392578125,6124.91845703125
2015-05-09,1,2015-06-02,4449.7998046875,2437.11376953125,5334.166015625,5903.71630859375
2015-05-09,1,2015-06-03,4592.0673828125,2769.6396484375,5317.27490234375,5972.681640625
2015-05-09,1,2015-06-04,4761.8056640625,3037.7900390625,5482.40234375,6004.31787109375
2015-05-09,1,2015-06-05,4400.30517578125,2563.67138671875,5116.7607421875,5698.919921875
2015-05-09,1,2015-06-06,4866.306640625,2855.954345703125,5726.6904296875,6386.9365234375
2015-05-09,1,2015-06-07,691.688720703125,0.0,1649.840087890625,2375.671875
2015-05-09,1,2015-06-08,4532.62744140625,2354.673828125,5571.357421875,6217.7998046875
2015-05-09,1,2015-06-09,4396.79248046875,2391.554931640625,5280.16748046875,5924.3388671875
2015-05-09,1,2015-06-10,4601.69873046875,2775.193115234375,5333.7939453125,5937.85888671875
2015-05-09,1,2015-06-11,4694.8505859375,3001.791259765625,5422.7109375,6026.6533203125
2015-05-09,1,2015-06-12,4322.48193359375,2457.609130859375,4989.10205078125,5676.2939453125
2015-05-09,1,2015-06-13,4875.41162109375,2801.49951171875,5719.35693359375,6398.8212890625
2015-05-09,1,2015-06-14,782.043701171875,0.0,1749.2740478515625,2566.615234375
2015-05-09,1,2015-06-15,4458.2890625,2222.255615234375,5449.4951171875,6191.15673828125
2015-05-09,1,2015-06-16,4296.58251953125,2217.499267578125,5189.52294921875,5884.8720703125
2015-05-09,1,2015-06-17,4496.45068359375,2572.439208984375,5222.96630859375,5870.7373046875
2015-05-09,1,2015-06-18,4774.3115234375,2918.55078125,5489.88671875,6194.82177734375
2015-05-09,1,2015-06-19,4461.4716796875,2492.29443359375,5287.1552734375,5941.712890625
2015-05-09,2,2015-05-09,3616.814697265625,1715.4310302734375,4881.142578125,5621.99609375
2015-05-09,2,2015-05-10,899.41259765625,0.0,2230.296875,3000.200927734375
2015-05-09,2,2015-05-11,6516.2763671875,4480.3349609375,7799.13720703125,8468.5234375
2015-05-09,2,2015-05-12,6516.576171875,4500.57861328125,7681.5751953125,8386.9501953125
2015-05-09,2,2015-05-13,6704.0986328125,4784.99169921875,7807.70654296875,8532.892578125
2015-05-09,2,2015-05-14,5411.29296875,3556.1240234375,6499.25146484375,7177.216796875
2015-05-09,2,2015-05-15,4343.958984375,2384.2353515625,5443.4384765625,6126.2197265625
2015-05-09,2,2015-05-16,2964.623046875,930.6025390625,4115.6357421875,4836.72705078125
2015-05-09,2,2015-05-17,240.387451171875,0.0,1492.395751953125,2250.990234375
2015-05-09,2,2015-05-18,5312.23974609375,3079.38525390625,6446.6904296875,7238.66845703125
2015-05-09,2,2015-05-19,5201.3984375,2995.992919921875,6393.29541015625,7123.865234375
2015-05-09,2,2015-05-20,5740.8701171875,3702.970703125,6899.087890625,7643.4970703125
2015-05-09,2,2015-05-21,5185.92724609375,3141.3623046875,6372.9072265625,7076.068359375
2015-05-09,2,2015-05-22,4380.6884765625,2215.59716796875,5495.15234375,6252.8291015625
2015-05-09,2,2015-05-23,3260.76171875,1050.6572265625,4387.21337890625,5171.419921875
2015-05-09,2,2015-05-24,681.08447265625,0.0,1846.067626953125,2710.40625
2015-05-09,2,2015-05-25,6349.052734375,4060.604248046875,7440.283203125,8255.767578125
2015-05-09,2,2015-05-26,6324.08984375,4123.7216796875,7459.326171875,8258.4296875
2015-05-09,2,2015-05-27,6554.966796875,4375.0615234375,7700.92724609375,8540.03125
2015-05-09,2,2015-05-28,5332.4873046875,3167.88623046875,6471.189453125,7297.9228515625
2015-05-09,2,2015-05-29,4242.37451171875,1976.1253662109375,5387.18701171875,6217.6474609375
2015-05-09,2,2015-05-30,2928.75439453125,696.26220703125,4186.275390625,5010.982421875
2015-05-09,2,2015-05-31,7.830078125,0.0,1227.619873046875,2190.921142578125
2015-05-09,2,2015-06-01,5026.974609375,2616.13232421875,6221.7236328125,7191.4765625
2015-05-09,2,2015-06-02,4984.8798828125,2619.971435546875,6271.57421875,7194.7978515625
2015-05-09,2,2015-06-03,5680.4248046875,3344.2333984375,6907.833984375,7902.52392578125
2015-05-09,2,2015-06-04,5102.12548828125,2879.2490234375,6282.94287109375,7074.8759765625
2015-05-09,2,2015-06-05,4280.71484375,1962.0208740234375,5394.81640625,6262.013671875
2015-05-09,2,2015-06-06,3217.773193359375,845.490966796875,4346.2236328125,5271.9873046875
2015-05-09,2,2015-06-07,638.791015625,0.0,1848.322509765625,2734.8994140625
2015-05-09,2,2015-06-08,6328.873046875,3914.94873046875,7578.30419921875,8424.0322265625
2015-05-09,2,2015-06-09,6173.732421875,3797.45361328125,7397.84423828125,8275.298828125
2015-05-09,2,2015-06-10,6420.65283203125,4064.956298828125,7584.8017578125,8447.580078125
2015-05-09,2,2015-06-11,5374.60888671875,3093.191162109375,6552.03076171875,7442.9169921875
2015-05-09,2,2015-06-12,4379.5576171875,1991.293212890625,5459.21044921875,6399.53369140625
2015-05-09,2,2015-06-13,3220.276123046875,847.0986328125,4402.8515625,5298.609375
2015-05-09,2,2015-06-14,381.2861328125,0.0,1600.271484375,2572.2255859375
2015-05-09,2,2015-06-15,5125.83056640625,2677.16552734375,6366.0146484375,7292.37548828125
2015-05-09,2,2015-06-16,5172.025390625,2751.11474609375,6337.70458984375,7256.609375
2015-05-09,2,2015-06-17,5618.32958984375,3315.310546875,6727.130859375,7590.21875
2015-05-09,2,2015-06-18,5131.16552734375,2872.81396484375,6162.25146484375,7180.7529296875
2015-05-09,2,2015-06-19,4556.88623046875,2355.373046875,5630.82080078125,6557.0732421875
2015-05-09,3,2015-05-09,5524.00634765625,2792.8720703125,7256.33056640625,8218.8134765625
2015-05-09,3,2015-05-10,1273.313232421875,0.0,3050.220458984375,4036.59912109375
2015-05-09,3,2015-05-11,8863.748046875,6067.548828125,10510.5732421875,11396.8056640625
2015-05-09,3,2015-05-12,8908.2666015625,6278.85546875,10380.181640625,11226.3046875
2015-05-09,3,2015-05-13,9024.55078125,6516.47705078125,10354.013671875,11216.572265625
2015-05-09,3,2015-05-14,8328.484375,5872.10791015625,9661.40625,10495.654296875
2015-05-09,3,2015-05-15,7204.8916015625,4483.470703125,8599.625,9452.03125
2015-05-09,3,2015-05-16,4752.75341796875,1850.02099609375,6280.0830078125,7215.05908203125
2015-05-09,3,2015-05-17,659.26708984375,0.0,2293.482666015625,3290.3154296875
2015-05-09,3,2015-05-18,7707.3623046875,4570.1474609375,9173.4072265625,10229.494140625
2015-05-09,3,2015-05-19,7772.80859375,4740.595703125,9301.546875,10274.6982421875
2015-05-09,3,2015-05-20,8037.72265625,5223.36376953125,9471.234375,10458.138671875
2015-05-09,3,2015-05-21,8192.0634765625,5309.1328125,9714.826171875,10622.318359375
2015-05-09,3,2015-05-22,7328.83837890625,4236.708984375,8767.6845703125,9765.4921875
2015-05-09,3,2015-05-23,5483.359375,2182.95654296875,7005.0380859375,8034.916015625
2015-05-09,3,2015-05-24,1517.781982421875,0.0,3111.78466796875,4260.53515625
2015-05-09,3,2015-05-25,8884.3388671875,5540.33544921875,10359.2109375,11423.62109375
2015-05-09,3,2015-05-26,8736.0703125,5593.498046875,10246.904296875,11255.55859375
2015-05-09,3,2015-05-27,8887.46484375,5740.30224609375,10380.771484375,11471.328125
2015-05-09,3,2015-05-28,8365.572265625,5240.0751953125,9882.21484375,11000.255859375
2015-05-09,3,2015-05-29,7226.4609375,3818.725830078125,8808.26953125,9939.6787109375
2015-05-09,3,2015-05-30,4949.22802734375,1468.962646484375,6720.00439453125,7866.7919921875
2015-05-09,3,2015-05-31,577.60009765625,0.0,2350.07275390625,3651.15625
2015-05-09,3,2015-06-01,7560.5625,3899.760009765625,9198.52734375,10500.689453125
2015-05-09,3,2015-06-02,7694.771484375,4201.37744140625,9448.3515625,10648.974609375
2015-05-09,3,2015-06-03,8067.0908203125,4679.6328125,9756.294921875,11031.599609375
2015-05-09,3,2015-06-04,8054.6513671875,4769.1982421875,9688.25390625,10783.5546875
2015-05-09,3,2015-06-05,7215.43603515625,3724.501220703125,8783.0048828125,9916.154296875
2015-05-09,3,2015-06-06,5357.1884765625,1785.163330078125,7066.60302734375,8320.7744140625
2015-05-09,3,2015-06-07,1372.6552734375,0.0,3191.849609375,4456.00244140625
2015-05-09,3,2015-06-08,8775.591796875,5096.134765625,10647.244140625,11782.255859375
2015-05-09,3,2015-06-09,8563.94140625,4888.2353515625,10321.6240234375,11518.3759765625
2015-05-09,3,2015-06-10,8771.197265625,5155.60302734375,10454.50390625,11682.705078125
2015-05-09,3,2015-06-11,8254.58984375,4617.31396484375,9982.849609375,11207.271484375
2015-05-09,3,2015-06-12,7249.2685546875,3396.16845703125,8918.15625,10250.6953125
2015-05-09,3,2015-06-13,5275.3173828125,1356.99755859375,7127.2724609375,8452.8828125
2015-05-09,3,2015-06-14,987.674072265625,0.0,2893.108154296875,4328.9267578125
2015-05-09,3,2015-06-15,7428.6220703125,3387.030517578125,9332.083984375,10634.84375
2015-05-09,3,2015-06-16,7613.4775390625,3749.43408203125,9402.849609375,10713.69921875
2015-05-09,3,2015-06-17,7807.10986328125,4040.43212890625,9522.03515625,10719.080078125
2015-05-09,3,2015-06-18,7867.35791015625,4131.4111328125,9534.27734375,10925.603515625
2015-05-09,3,2015-06-19,7171.38525390625,3466.0478515625,8971.5244140625,10284.2255859375
2015-05-09,4,2015-05-09,10859.8251953125,7688.0224609375,12680.8857421875,13714.166015625
2015-05-09,4,2015-05-10,1625.767578125,0.0,3672.95849609375,4863.7998046875
2015-05-09,4,2015-05-11,9955.126953125,6575.7890625,11923.939453125,13075.658203125
2015-05-09,4,2015-05-12,9368.0146484375,6179.27783203125,10970.591796875,12010.390625
2015-05-09,4,2015-05-13,9666.83203125,6931.47412109375,10939.80078125,11924.5830078125
2015-05-09,4,2015-05-14,10277.927734375,7661.099609375,11508.435546875,12452.958984375
2015-05-09,4,2015-05-15,9439.958984375,6510.365234375,10797.4619140625,11816.931640625
2015-05-09,4,2015-05-16,10954.421875,7580.02783203125,12587.9345703125,13797.79296875
2015-05-09,4,2015-05-17,1587.39599609375,0.0,3406.609619140625,4779.837890625
2015-05-09,4,2015-05-18,9999.181640625,6321.701171875,11670.236328125,13023.6357421875
2015-05-09,4,2015-05-19,9384.2548828125,5936.6875,10912.01171875,12072.017578125
2015-05-09,4,2015-05-20,9160.302734375,6269.82470703125,10427.3662109375,11632.3369140625
2015-05-09,4,2015-05-21,10140.50390625,7265.5810546875,11481.27734375,12580.484375
2015-05-09,4,2015-05-22,9473.5234375,6201.67919921875,10738.4287109375,11923.9453125
2015-05-09,4,2015-05-23,10801.11328125,7016.5087890625,12346.5595703125,13612.982421875
2015-05-09,4,2015-05-24,1614.8798828125,0.0,3439.494384765625,4918.4619140625
2015-05-09,4,2015-05-25,10048.5078125,6100.5947265625,11789.0078125,13154.783203125
2015-05-09,4,2015-05-26,9441.166015625,5855.71240234375,11036.388671875,12246.72265625
2015-05-09,4,2015-05-27,9487.4189453125,6182.40869140625,10815.0498046875,12054.82421875
2015-05-09,4,2015-05-28,10261.9912109375,7038.76513671875,11523.9638671875,12721.6865234375
2015-05-09,4,2015-05-29,9261.3330078125,5771.345703125,10799.7998046875,11951.8994140625
2015-05-09,4,2015-05-30,10767.4716796875,6924.7978515625,12460.7763671875,13939.265625
2015-05-09,4,2015-05-31,1756.4208984375,0.0,3649.95166015625,5335.6083984375
2015-05-09,4,2015-06-01,10146.357421875,5936.9609375,11912.2685546875,13454.69140625
2015-05-09,4,2015-06-02,9636.37890625,5760.0263671875,11421.6318359375,12775.9736328125
2015-05-09,4,2015-06-03,9694.787109375,6201.96923828125,11141.0625,12726.2900390625
2015-05-09,4,2015-06-04,10439.0986328125,7159.64111328125,11868.8310546875,13145.775390625
2015-05-09,4,2015-06-05,9467.87890625,5903.5478515625,10889.3447265625,12349.18359375
2015-05-09,4,2015-06-06,10705.3369140625,6806.5712890625,12431.6484375,14088.673828125
2015-05-09,4,2015-06-07,1624.0830078125,0.0,3608.76953125,5326.212890625
2015-05-09,4,2015-06-08,9924.5673828125,5714.21923828125,12036.40234375,13596.34765625
2015-05-09,4,2015-06-09,9497.568359375,5607.4619140625,11323.43359375,12912.150390625
2015-05-09,4,2015-06-10,9633.2236328125,6134.71630859375,11137.853515625,12605.47265625
2015-05-09,4,2015-06-11,10201.205078125,7001.93212890625,11722.34375,13166.595703125
2015-05-09,4,2015-06-12,9181.736328125,5615.18115234375,10562.498046875,12179.2099609375
2015-05-09,4,2015-06-13,10647.88671875,6621.20263671875,12367.8203125,13971.1484375
2015-05-09,4,2015-06-14,1748.251953125,0.0,3668.287109375,5588.45361328125
2015-05-09,4,2015-06-15,9875.79296875,5435.15771484375,11889.21875,13609.673828125
2015-05-09,4,2015-06-16,9259.703125,5086.1025390625,11027.6015625,12657.427734375
2015-05-09,4,2015-06-17,9483.400390625,5685.39306640625,10912.626953125,12492.771484375
2015-05-09,4,2015-06-18,10539.552734375,6925.3876953125,11941.2236328125,13579.326171875
2015-05-09,4,2015-06-19,9556.7353515625,5704.46533203125,11221.919921875,12711.55078125
2015-05-09,5,2015-05-09,2391.55224609375,651.14990234375,3534.2744140625,4188.201171875
2015-05-09,5,2015-05-10,589.620361328125,0.0,1770.209228515625,2480.6416015625
2015-05-09,5,2015-05-11,6255.6552734375,4291.44677734375,7474.9599609375,8124.31005859375
2015-05-09,5,2015-05-12,5810.92578125,3805.575927734375,7018.3330078125,7707.20703125
2015-05-09,5,2015-05-13,5827.6015625,3793.79296875,7009.95166015625,7715.11865234375
2015-05-09,5,2015-05-14,5156.2880859375,3272.519287109375,6246.1298828125,6914.7041015625
2015-05-09,5,2015-05-15,4480.10693359375,2627.546142578125,5504.36328125,6144.373046875
2015-05-09,5,2015-05-16,1880.4139404296875,98.9052734375,2863.830810546875,3511.506591796875
2015-05-09,5,2015-05-17,65.722412109375,0.0,1119.02734375,1789.06640625
2015-05-09,5,2015-05-18,5465.7802734375,3382.46826171875,6465.13525390625,7194.7470703125
2015-05-09,5,2015-05-19,4988.5634765625,2828.6806640625,6151.2314453125,6896.193359375
2015-05-09,5,2015-05-20,5116.77880859375,3068.43798828125,6248.2275390625,6993.6220703125
2015-05-09,5,2015-05-21,4906.3095703125,2872.890625,6022.53564453125,6694.75244140625
2015-05-09,5,2015-05-22,4357.7080078125,2364.413330078125,5273.00048828125,5914.42138671875
2015-05-09,5,2015-05-23,2200.46484375,271.420654296875,3076.439453125,3743.739013671875
2015-05-09,5,2015-05-24,597.00830078125,0.0,1498.462890625,2222.414794921875
2015-05-09,5,2015-05-25,6236.58447265625,4142.7744140625,7167.66796875,7885.9970703125
2015-05-09,5,2015-05-26,5665.8759765625,3538.471923828125,6691.3974609375,7467.8740234375
2015-05-09,5,2015-05-27,5734.7880859375,3537.329345703125,6824.98779296875,7625.369140625
2015-05-09,5,2015-05-28,5071.28759765625,3039.21923828125,6113.03125,6872.00048828125
2015-05-09,5,2015-05-29,4428.82861328125,2394.0849609375,5383.4541015625,6147.7060546875
2015-05-09,5,2015-05-30,2021.419189453125,126.43505859375,2997.95361328125,3703.783447265625
2015-05-09,5,2015-05-31,0.0,0.0,869.778564453125,1691.4315185546875
2015-05-09,5,2015-06-01,5169.154296875,3002.43115234375,6138.509765625,6963.36376953125
2015-05-09,5,2015-06-02,4737.50634765625,2489.056640625,5867.4755859375,6708.84375
2015-05-09,5,2015-06-03,5081.107421875,2882.892822265625,6204.3427734375,7108.3125
2015-05-09,5,2015-06-04,4734.875,2667.9443359375,5798.625,6538.1689453125
2015-05-09,5,2015-06-05,4243.111328125,2231.357177734375,5165.4443359375,5847.88134765625
2015-05-09,5,2015-06-06,2203.82763671875,233.340087890625,3122.681884765625,3838.109130859375
2015-05-09,5,2015-06-07,558.787109375,0.0,1523.80615234375,2276.700439453125
2015-05-09,5,2015-06-08,6150.8779296875,3937.743896484375,7211.6845703125,7921.7958984375
2015-05-09,5,2015-06-09,5487.2587890625,3201.785400390625,6625.74267578125,7399.0361328125
2015-05-09,5,2015-06-10,5663.21533203125,3296.399169921875,6841.34619140625,7679.2890625
2015-05-09,5,2015-06-11,5080.560546875,2846.67822265625,6205.4306640625,7032.951171875
2015-05-09,5,2015-06-12,4530.30224609375,2302.631103515625,5511.61474609375,6358.361328125
2015-05-09,5,2015-06-13,2280.677734375,190.08447265625,3241.950439453125,4045.248046875
2015-05-09,5,2015-06-14,285.383544921875,0.0,1254.919921875,2098.8046875
2015-05-09,5,2015-06-15,5398.5048828125,3149.454345703125,6452.416015625,7286.78515625
2015-05-09,5,2015-06-16,5043.18310546875,2675.1142578125,6129.3564453125,7019.90625
2015-05-09,5,2015-06-17,5078.271484375,2702.416748046875,6181.91015625,7014.3623046875
2015-05-09,5,2015-06-18,4817.3515625,2530.448486328125,5838.96337890625,6787.94384765625
2015-05-09,5,2015-06-19,4458.158203125,2431.74755859375,5462.34423828125,6262.154296875
2015-05-09,6,2015-05-09,3272.46533203125,1245.117919921875,4563.94091796875,5239.95703125
2015-05-09,6,2015-05-10,205.125732421875,0.0,1528.4324951171875,2248.970458984375
2015-05-09,6,2015-05-11,5702.6875,3660.926513671875,6950.7314453125,7601.681640625
2015-05-09,6,2015-05-12,5229.6171875,3310.00732421875,6340.1123046875,6978.1416015625
2015-05-09,6,2015-05-13,5441.67822265625,3634.822509765625,6452.4326171875,7068.375
2015-05-09,6,2015-05-14,5130.42138671875,3366.983154296875,6136.01953125,6720.84765625
2015-05-09,6,2015-05-15,4734.61376953125,2852.012451171875,5781.5146484375,6447.26708984375
2015-05-09,6,2015-05-16,3386.80810546875,1364.489501953125,4519.62646484375,5247.7578125
2015-05-09,6,2015-05-17,150.71484375,0.0,1351.0302734375,2072.17431640625
2015-05-09,6,2015-05-18,5575.3974609375,3422.98046875,6641.9853515625,7378.5263671875
2015-05-09,6,2015-05-19,4970.646484375,2925.407470703125,6058.7412109375,6703.201171875
2015-05-09,6,2015-05-20,5023.79150390625,3140.740234375,6011.017578125,6719.1435546875
2015-05-09,6,2015-05-21,4950.501953125,3037.222900390625,5972.162109375,6637.42626953125
2015-05-09,6,2015-05-22,4499.27734375,2419.904296875,5450.259765625,6115.49658203125
2015-05-09,6,2015-05-23,3455.68310546875,1259.654541015625,4475.0615234375,5211.5634765625
2015-05-09,6,2015-05-24,292.302001953125,0.0,1364.435791015625,2140.9560546875
2015-05-09,6,2015-05-25,5689.9033203125,3460.379638671875,6702.12939453125,7437.7490234375
2015-05-09,6,2015-05-26,5036.642578125,2983.798583984375,6006.2314453125,6723.396484375
2015-05-09,6,2015-05-27,5268.974609375,3270.69140625,6214.90478515625,6928.3623046875
2015-05-09,6,2015-05-28,5085.02783203125,3166.6484375,6041.7001953125,6710.0830078125
2015-05-09,6,2015-05-29,4580.943359375,2500.652099609375,5610.0478515625,6299.3916015625
2015-05-09,6,2015-05-30,3383.410888671875,1257.03173828125,4507.8291015625,5273.44189453125
2015-05-09,6,2015-05-31,120.977783203125,0.0,1297.98046875,2153.983642578125
2015-05-09,6,2015-06-01,5355.96728515625,3090.977294921875,6443.45703125,7252.681640625
2015-05-09,6,2015-06-02,4927.94970703125,2772.702880859375,6020.5615234375,6767.728515625
2015-05-09,6,2015-06-03,5170.01171875,3137.132080078125,6175.7421875,6974.796875
2015-05-09,6,2015-06-04,5013.90234375,3031.720458984375,6048.18359375,6691.6669921875
2015-05-09,6,2015-06-05,4430.619140625,2322.658203125,5432.14404296875,6133.0458984375
2015-05-09,6,2015-06-06,3390.939208984375,1208.060791015625,4497.30859375,5285.7138671875
2015-05-09,6,2015-06-07,294.869873046875,0.0,1482.8480224609375,2307.888427734375
2015-05-09,6,2015-06-08,5688.685546875,3401.31396484375,6862.40185546875,7590.4755859375
2015-05-09,6,2015-06-09,5103.60595703125,2931.679443359375,6186.2861328125,6931.681640625
2015-05-09,6,2015-06-10,5433.7587890625,3328.611328125,6443.734375,7196.83349609375
2015-05-09,6,2015-06-11,5211.181640625,3175.837158203125,6254.8857421875,6995.5390625
2015-05-09,6,2015-06-12,4757.7275390625,2520.95654296875,5763.37109375,6556.162109375
2015-05-09,6,2015-06-13,3547.90576171875,1271.30712890625,4697.39404296875,5508.7275390625
2015-05-09,6,2015-06-14,400.576416015625,0.0,1561.4842529296875,2470.07080078125
2015-05-09,6,2015-06-15,5539.93017578125,3158.78369140625,6657.638671875,7459.5419921875
2015-05-09,6,2015-06-16,5058.611328125,2787.004150390625,6043.423828125,6849.162109375
2015-05-09,6,2015-06-17,5218.9111328125,3033.56103515625,6109.7939453125,6886.2294921875
2015-05-09,6,2015-06-18,5119.765625,2979.8154296875,6035.5302734375,6872.15234375
2015-05-09,6,2015-06-19,4646.98876953125,2482.130615234375,5717.60595703125,6464.30859375
2015-05-09,7,2015-05-09,7137.8720703125,3895.28125,9083.2255859375,10111.990234375
2015-05-09,7,2015-05-10,748.76953125,0.0,2809.011962890625,3946.915771484375
2015-05-09,7,2015-05-11,9408.21484375,6077.923828125,11348.595703125,12393.2353515625
2015-05-09,7,2015-05-12,10271.888671875,7199.44189453125,11921.076171875,12833.26171875
2015-05-09,7,2015-05-13,9632.40625,6790.64501953125,11066.166015625,11988.71484375
2015-05-09,7,2015-05-14,9332.40625,6534.17578125,10725.904296875,11630.076171875
2015-05-09,7,2015-05-15,8695.1044921875,5549.013671875,10231.4892578125,11235.609375
2015-05-09,7,2015-05-16,6940.64794921875,3400.65966796875,8688.7666015625,9830.4375
2015-05-09,7,2015-05-17,606.45166015625,0.0,2518.301513671875,3730.5107421875
2015-05-09,7,2015-05-18,9107.666015625,5372.78564453125,10737.607421875,11939.126953125
2015-05-09,7,2015-05-19,9562.5048828125,6099.56982421875,11164.072265625,12174.9609375
2015-05-09,7,2015-05-20,8822.3046875,5767.47021484375,10176.587890625,11309.9365234375
2015-05-09,7,2015-05-21,8951.05078125,5873.17236328125,10396.8388671875,11356.642578125
2015-05-09,7,2015-05-22,8426.7373046875,5029.7216796875,9816.8896484375,10840.3720703125
2015-05-09,7,2015-05-23,7113.39208984375,3291.629638671875,8651.6123046875,9816.46484375
2015-05-09,7,2015-05-24,601.68701171875,0.0,2326.11279296875,3602.31201171875
2015-05-09,7,2015-05-25,9224.8935546875,5360.21337890625,10831.109375,12025.44921875
2015-05-09,7,2015-05-26,9788.033203125,6255.77783203125,11299.798828125,12406.662109375
2015-05-09,7,2015-05-27,9136.5888671875,5687.00390625,10522.1103515625,11654.291015625
2015-05-09,7,2015-05-28,9097.96484375,5736.35888671875,10581.35546875,11644.4921875
2015-05-09,7,2015-05-29,8503.0732421875,4790.25,10225.5234375,11390.947265625
2015-05-09,7,2015-05-30,7238.19775390625,3298.962890625,9154.783203125,10450.279296875
2015-05-09,7,2015-05-31,872.8349609375,0.0,2892.83642578125,4386.5302734375
2015-05-09,7,2015-06-01,9212.5087890625,5060.630859375,10999.9970703125,12375.8486328125
2015-05-09,7,2015-06-02,9827.611328125,5993.47265625,11655.3203125,12853.0703125
2015-05-09,7,2015-06-03,9366.814453125,5906.46826171875,11036.634765625,12306.048828125
2015-05-09,7,2015-06-04,9351.697265625,5928.6650390625,11044.71484375,12077.1630859375
2015-05-09,7,2015-06-05,8446.712890625,4762.58544921875,10124.775390625,11330.607421875
2015-05-09,7,2015-06-06,7096.57470703125,3136.331298828125,9018.7392578125,10309.857421875
2015-05-09,7,2015-06-07,928.56787109375,0.0,2968.98486328125,4376.2197265625
2015-05-09,7,2015-06-08,9329.07421875,5219.97119140625,11264.5419921875,12507.400390625
2015-05-09,7,2015-06-09,9903.9873046875,6141.91357421875,11634.3046875,12779.6640625
2015-05-09,7,2015-06-10,9470.724609375,5891.6923828125,10975.7265625,12168.806640625
2015-05-09,7,2015-06-11,9393.1171875,5935.970703125,10973.7421875,12107.384765625
2015-05-09,7,2015-06-12,8677.728515625,4793.62158203125,10223.576171875,11511.791015625
2015-05-09,7,2015-06-13,7576.802734375,3499.97509765625,9387.85546875,10707.787109375
2015-05-09,7,2015-06-14,1155.75390625,0.0,3041.662353515625,4527.5537109375
2015-05-09,7,2015-06-15,9187.59765625,4953.2236328125,10937.126953125,12264.576171875
2015-05-09,7,2015-06-16,9849.71875,5872.72607421875,11309.162109375,12533.2265625
2015-05-09,7,2015-06-17,9151.970703125,5453.994140625,10356.470703125,11548.98046875
2015-05-09,7,2015-06-18,9132.494140625,5529.32080078125,10388.8271484375,11696.099609375
2015-05-09,7,2015-06-19,8536.7509765625,4702.22802734375,10056.3681640625,11250.853515625
2015-05-09,8,2015-05-09,4007.808349609375,1580.060302734375,5670.12109375,6609.9833984375
2015-05-09,8,2015-05-10,622.124267578125,0.0,2359.454345703125,3330.826171875
2015-05-09,8,2015-05-11,8131.2568359375,5661.091796875,9781.5859375,10676.4609375
2015-05-09,8,2015-05-12,7701.01171875,5343.79150390625,9182.56640625,10087.37890625
2015-05-09,8,2015-05-13,7264.4111328125,5037.17333984375,8642.662109375,9550.40625
2015-05-09,8,2015-05-14,7675.7841796875,5484.37353515625,9017.7900390625,9891.154296875
2015-05-09,8,2015-05-15,5713.0,3388.671142578125,7136.669921875,8072.1005859375
2015-05-09,8,2015-05-16,3740.673828125,1310.8974609375,5251.94580078125,6285.22119140625
2015-05-09,8,2015-05-17,366.7666015625,0.0,1971.70166015625,3000.9560546875
2015-05-09,8,2015-05-18,7585.75,4939.30517578125,9028.84375,10079.314453125
2015-05-09,8,2015-05-19,7045.3388671875,4505.4130859375,8567.4833984375,9528.984375
2015-05-09,8,2015-05-20,6478.55078125,4128.61376953125,7890.76171875,8961.5791015625
2015-05-09,8,2015-05-21,7383.79833984375,4974.6484375,8860.345703125,9830.5390625
2015-05-09,8,2015-05-22,5573.3134765625,3013.74560546875,6969.5546875,7973.546875
2015-05-09,8,2015-05-23,3891.539306640625,1172.099365234375,5349.0888671875,6467.87890625
2015-05-09,8,2015-05-24,627.0205078125,0.0,2147.97607421875,3322.48291015625
2015-05-09,8,2015-05-25,7973.96337890625,5195.62158203125,9430.58203125,10553.1025390625
2015-05-09,8,2015-05-26,7458.69287109375,4875.17626953125,8866.30859375,9979.626953125
2015-05-09,8,2015-05-27,7057.9169921875,4522.46142578125,8471.7841796875,9565.4140625
2015-05-09,8,2015-05-28,7621.22802734375,5148.31787109375,9027.259765625,10066.171875
2015-05-09,8,2015-05-29,5615.6728515625,2971.94287109375,7112.1083984375,8200.08984375
2015-05-09,8,2015-05-30,3634.827392578125,955.828857421875,5226.2197265625,6392.5810546875
2015-05-09,8,2015-05-31,219.044921875,0.0,1870.17431640625,3118.037109375
2015-05-09,8,2015-06-01,7223.52197265625,4400.5048828125,8737.0634765625,9959.2734375
2015-05-09,8,2015-06-02,6786.0205078125,4107.73583984375,8371.1591796875,9516.857421875
2015-05-09,8,2015-06-03,6632.44189453125,4046.18701171875,8086.927734375,9280.76171875
2015-05-09,8,2015-06-04,7403.0185546875,4857.65380859375,8877.931640625,9884.2568359375
2015-05-09,8,2015-06-05,5524.71044921875,2789.536865234375,6962.20947265625,8008.142578125
2015-05-09,8,2015-06-06,3859.3955078125,1060.4169921875,5373.74560546875,6550.1826171875
2015-05-09,8,2015-06-07,584.29931640625,0.0,2186.741455078125,3383.70751953125
2015-05-09,8,2015-06-08,7998.685546875,5121.12646484375,9591.5703125,10670.6318359375
2015-05-09,8,2015-06-09,7411.96630859375,4697.94091796875,8934.0712890625,10038.2080078125
2015-05-09,8,2015-06-10,7216.564453125,4505.62939453125,8621.0234375,9749.12890625
2015-05-09,8,2015-06-11,7700.5693359375,5063.6396484375,9188.248046875,10279.0537109375
2015-05-09,8,2015-06-12,5765.7919921875,2917.531005859375,7184.74365234375,8347.3857421875
2015-05-09,8,2015-06-13,3958.66845703125,1098.3369140625,5524.14697265625,6705.1728515625
2015-05-09,8,2015-06-14,528.5439453125,0.0,2125.29931640625,3400.93798828125
2015-05-09,8,2015-06-15,7419.82861328125,4460.50732421875,8963.642578125,10077.525390625
2015-05-09,8,2015-06-16,6969.482421875,4154.55322265625,8384.0087890625,9525.38671875
2015-05-09,8,2015-06-17,6672.7421875,3945.524658203125,7976.29541015625,9103.11328125
2015-05-09,8,2015-06-18,7466.8349609375,4740.986328125,8793.98828125,10011.71875
2015-05-09,8,2015-06-19,5812.060546875,3074.3212890625,7262.693359375,8399.0615234375
2015-05-09,9,2015-05-09,7455.75927734375,4317.4365234375,9529.3349609375,10599.662109375
2015-05-09,9,2015-05-10,407.86181640625,0.0,2588.38525390625,3732.446533203125
2015-05-09,9,2015-05-11,9202.4189453125,6068.767578125,11245.22265625,12309.92578125
2015-05-09,9,2015-05-12,7703.48779296875,4816.8125,9478.3408203125,10489.291015625
2015-05-09,9,2015-05-13,7539.8837890625,4948.302734375,9060.3310546875,10014.62890625
2015-05-09,9,2015-05-14,7569.53515625,5142.65625,9086.4951171875,9979.20703125
2015-05-09,9,2015-05-15,6646.37158203125,4050.07080078125,8247.9833984375,9250.9326171875
2015-05-09,9,2015-05-16,7104.8017578125,4268.59619140625,8913.0654296875,9997.6435546875
2015-05-09,9,2015-05-17,0.0,0.0,1892.10693359375,3021.464111328125
2015-05-09,9,2015-05-18,8687.68359375,5592.00439453125,10436.5166015625,11586.59375
2015-05-09,9,2015-05-19,7224.11181640625,4355.8310546875,8901.9794921875,9881.142578125
2015-05-09,9,2015-05-20,6848.6279296875,4349.0751953125,8373.6865234375,9379.666015625
2015-05-09,9,2015-05-21,7503.19580078125,4950.18359375,9036.10546875,10034.9296875
2015-05-09,9,2015-05-22,6766.08154296875,3945.642578125,8283.31640625,9282.60546875
2015-05-09,9,2015-05-23,7367.6298828125,4300.21923828125,9047.306640625,10120.1943359375
2015-05-09,9,2015-05-24,482.97119140625,0.0,2291.498779296875,3498.005859375
2015-05-09,9,2015-05-25,9090.2587890625,5911.869140625,10770.158203125,11853.673828125
2015-05-09,9,2015-05-26,7555.599609375,4710.2587890625,9137.6484375,10120.462890625
2015-05-09,9,2015-05-27,7361.349609375,4662.26611328125,8832.787109375,9800.8583984375
2015-05-09,9,2015-05-28,7621.45947265625,5051.27197265625,9059.857421875,10057.75390625
2015-05-09,9,2015-05-29,6505.46875,3662.24365234375,8171.7998046875,9128.859375
2015-05-09,9,2015-05-30,6970.52294921875,3946.369384765625,8757.8857421875,9936.0498046875
2015-05-09,9,2015-05-31,63.60009765625,0.0,2008.153076171875,3262.43701171875
2015-05-09,9,2015-06-01,8598.474609375,5379.3173828125,10355.0390625,11586.310546875
2015-05-09,9,2015-06-02,7304.5166015625,4294.8662109375,9062.3466796875,10132.787109375
2015-05-09,9,2015-06-03,7283.4013671875,4500.6904296875,8881.9541015625,10030.650390625
2015-05-09,9,2015-06-04,7644.6728515625,4922.73779296875,9307.091796875,10277.396484375
2015-05-09,9,2015-06-05,6618.53955078125,3598.202880859375,8225.1064453125,9306.0927734375
2015-05-09,9,2015-06-06,7264.5634765625,4059.190185546875,9094.8759765625,10263.1845703125
2015-05-09,9,2015-06-07,460.15380859375,0.0,2409.173583984375,3674.12744140625
2015-05-09,9,2015-06-08,9114.57421875,5813.75634765625,11120.53515625,12193.0224609375
2015-05-09,9,2015-06-09,7572.4287109375,4573.341796875,9397.646484375,10495.7705078125
2015-05-09,9,2015-06-10,7568.5654296875,4794.40673828125,9188.3798828125,10285.255859375
2015-05-09,9,2015-06-11,7689.84033203125,5004.6669921875,9357.9462890625,10406.97265625
2015-05-09,9,2015-06-12,6674.927734375,3644.662109375,8231.7060546875,9399.478515625
2015-05-09,9,2015-06-13,7224.23046875,4001.372802734375,9069.287109375,10234.36328125
2015-05-09,9,2015-06-14,355.68505859375,0.0,2288.90869140625,3650.32373046875
2015-05-09,9,2015-06-15,8683.443359375,5349.974609375,10611.982421875,11798.669921875
2015-05-09,9,2015-06-16,7264.75634765625,4185.48486328125,9030.09375,10189.2021484375
2015-05-09,9,2015-06-17,7253.0693359375,4363.755859375,8797.365234375,9859.38671875
2015-05-09,9,2015-06-18,7800.6220703125,4965.59716796875,9404.07421875,10580.13671875
2015-05-09,9,2015-06-19,6889.5712890625,3872.73291015625,8639.8173828125,9714.4775390625
2015-05-09,10,2015-05-09,5669.07470703125,3541.19921875,6960.11376953125,7625.0634765625
2015-05-09,10,2015-05-10,620.66259765625,0.0,1984.845458984375,2714.26513671875
2015-05-09,10,2015-05-11,6795.9951171875,4606.59716796875,8077.5009765625,8762.7294921875
2015-05-09,10,2015-05-12,6237.7978515625,4194.1796875,7349.85546875,7972.6083984375
2015-05-09,10,2015-05-13,6144.43359375,4268.41357421875,7102.162109375,7706.4912109375
2015-05-09,10,2015-05-14,6146.046875,4319.43505859375,7135.5322265625,7687.20751953125
2015-05-09,10,2015-05-15,5488.6298828125,3474.726318359375,6552.2919921875,7193.70703125
2015-05-09,10,2015-05-16,5327.11279296875,3143.94287109375,6540.3212890625,7221.0166015625
2015-05-09,10,2015-05-17,368.063232421875,0.0,1620.986328125,2360.09716796875
2015-05-09,10,2015-05-18,6395.2841796875,4107.25341796875,7507.044921875,8235.5390625
2015-05-09,10,2015-05-19,5856.75146484375,3731.75634765625,6899.43359375,7510.22509765625
2015-05-09,10,2015-05-20,5501.09716796875,3635.2890625,6441.9736328125,7044.197265625
2015-05-09,10,2015-05-21,5908.13671875,3998.708740234375,6884.525390625,7518.1865234375
2015-05-09,10,2015-05-22,5498.220703125,3376.795166015625,6501.9736328125,7106.146484375
2015-05-09,10,2015-05-23,5521.40283203125,3178.74462890625,6659.6123046875,7321.43359375
2015-05-09,10,2015-05-24,694.93701171875,0.0,1905.363525390625,2675.169921875
2015-05-09,10,2015-05-25,6636.41259765625,4212.65380859375,7758.0712890625,8438.201171875
2015-05-09,10,2015-05-26,6045.51708984375,3875.301513671875,7107.294921875,7690.939453125
2015-05-09,10,2015-05-27,5900.33447265625,3830.186767578125,6888.71875,7484.8994140625
2015-05-09,10,2015-05-28,6025.4130859375,4038.427978515625,7003.08251953125,7634.3994140625
2015-05-09,10,2015-05-29,5396.32421875,3176.90185546875,6545.486328125,7154.986328125
2015-05-09,10,2015-05-30,5293.162109375,2946.9228515625,6520.8525390625,7285.056640625
2015-05-09,10,2015-05-31,447.820068359375,0.0,1763.914794921875,2587.732421875
2015-05-09,10,2015-06-01,6390.4189453125,3968.337646484375,7556.86376953125,8326.4375
2015-05-09,10,2015-06-02,5959.86328125,3687.43310546875,7084.2412109375,7769.8740234375
2015-05-09,10,2015-06-03,5864.4287109375,3790.43359375,6890.3046875,7615.4072265625
2015-05-09,10,2015-06-04,6053.33203125,3989.697998046875,7168.224609375,7795.775390625
2015-05-09,10,2015-06-05,5411.10791015625,3111.5849609375,6487.421875,7185.4775390625
2015-05-09,10,2015-06-06,5375.50537109375,2922.9619140625,6650.0458984375,7421.052734375
2015-05-09,10,2015-06-07,641.44580078125,0.0,1974.82275390625,2826.6142578125
2015-05-09,10,2015-06-08,6655.8662109375,4152.70849609375,8021.935546875,8727.806640625
2015-05-09,10,2015-06-09,6056.3291015625,3781.942626953125,7251.63232421875,7922.5859375
2015-05-09,10,2015-06-10,6022.80712890625,3909.626953125,7052.7177734375,7759.517578125
2015-05-09,10,2015-06-11,6080.8916015625,4023.595947265625,7146.4853515625,7810.525390625
2015-05-09,10,2015-06-12,5477.9619140625,3117.9248046875,6467.0087890625,7245.283203125
2015-05-09,10,2015-06-13,5418.41259765625,2914.66748046875,6655.591796875,7431.5751953125
2015-05-09,10,2015-06-14,616.461669921875,0.0,1953.90966796875,2852.8935546875
2015-05-09,10,2015-06-15,6461.4091796875,3936.5791015625,7752.271484375,8505.265625
2015-05-09,10,2015-06-16,5997.72265625,3686.907958984375,7157.8115234375,7883.6337890625
2015-05-09,10,2015-06-17,5882.5224609375,3696.6796875,6874.93115234375,7525.6103515625
2015-05-09,10,2015-06-18,6133.9296875,3968.195068359375,7179.3271484375,7932.79296875
2015-05-09,10,2015-06-19,5533.51806640625,3204.500732421875,6729.23486328125,7421.904296875
2015-05-09,11,2015-05-09,6678.55029296875,4422.76806640625,8029.53369140625,8762.845703125
2015-05-09,11,2015-05-10,850.4365234375,0.0,2246.248779296875,3072.424072265625
2015-05-09,11,2015-05-11,8302.7978515625,6047.4560546875,9554.97265625,10280.509765625
2015-05-09,11,2015-05-12,7920.15966796875,5860.80517578125,8938.525390625,9572.4130859375
2015-05-09,11,2015-05-13,8648.658203125,6799.3505859375,9455.7294921875,10107.00390625
2015-05-09,11,2015-05-14,8162.2294921875,6349.2900390625,8979.775390625,9595.9287109375
2015-05-09,11,2015-05-15,7265.47412109375,5200.78564453125,8167.4560546875,8832.259765625
2015-05-09,11,2015-05-16,6295.9365234375,3988.4619140625,7359.39599609375,8123.78857421875
2015-05-09,11,2015-05-17,456.44287109375,0.0,1624.5771484375,2461.497802734375
2015-05-09,11,2015-05-18,7981.10546875,5522.1123046875,8962.8359375,9813.6982421875
2015-05-09,11,2015-05-19,7476.224609375,5163.29150390625,8448.8359375,9133.328125
2015-05-09,11,2015-05-20,8065.169921875,6092.62158203125,8876.6220703125,9603.275390625
2015-05-09,11,2015-05-21,7881.06103515625,5790.33203125,8755.595703125,9392.7529296875
2015-05-09,11,2015-05-22,7048.23876953125,4698.41162109375,7820.53857421875,8518.556640625
2015-05-09,11,2015-05-23,6361.8125,3685.391357421875,7277.609375,8034.46875
2015-05-09,11,2015-05-24,567.40576171875,0.0,1626.775146484375,2503.58251953125
2015-05-09,11,2015-05-25,8145.966796875,5423.0791015625,9114.30078125,9904.005859375
2015-05-09,11,2015-05-26,7716.85595703125,5252.38720703125,8600.666015625,9332.2919921875
2015-05-09,11,2015-05-27,8394.2900390625,5976.43798828125,9191.42578125,9946.0107421875
2015-05-09,11,2015-05-28,7959.6259765625,5598.3994140625,8734.740234375,9448.63671875
2015-05-09,11,2015-05-29,6939.298828125,4351.02734375,7902.5205078125,8593.908203125
2015-05-09,11,2015-05-30,6283.9912109375,3500.28662109375,7375.5048828125,8233.89453125
2015-05-09,11,2015-05-31,587.607421875,0.0,1764.356689453125,2784.381103515625
2015-05-09,11,2015-06-01,8007.5029296875,5007.2099609375,9030.994140625,9926.9228515625
2015-05-09,11,2015-06-02,7636.1669921875,4878.0009765625,8674.3720703125,9480.2685546875
2015-05-09,11,2015-06-03,8453.47265625,5961.2587890625,9309.65625,10205.4765625
2015-05-09,11,2015-06-04,8245.205078125,5808.1298828125,9110.3515625,9810.2734375
2015-05-09,11,2015-06-05,7096.27978515625,4472.9287109375,7945.8251953125,8824.3095703125
2015-05-09,11,2015-06-06,6460.43603515625,3657.878173828125,7525.96728515625,8450.69140625
2015-05-09,11,2015-06-07,778.20361328125,0.0,1957.909423828125,2998.78515625
2015-05-09,11,2015-06-08,8201.8037109375,5239.8291015625,9382.544921875,10280.1689453125
2015-05-09,11,2015-06-09,7813.3505859375,5099.8525390625,8770.337890625,9699.0302734375
2015-05-09,11,2015-06-10,8532.80078125,5967.71337890625,9317.4248046875,10167.69140625
2015-05-09,11,2015-06-11,8215.50390625,5828.57177734375,9088.4951171875,9929.8671875
2015-05-09,11,2015-06-12,7248.75146484375,4614.0,8050.98876953125,8978.6455078125
2015-05-09,11,2015-06-13,6641.3525390625,3819.17919921875,7637.95263671875,8573.1044921875
2015-05-09,11,2015-06-14,875.09375,0.0,1884.24951171875,2991.400146484375
2015-05-09,11,2015-06-15,8153.9072265625,5187.29052734375,9110.703125,10023.5390625
2015-05-09,11,2015-06-16,7674.9638671875,4945.64208984375,8412.76953125,9300.8896484375
2015-05-09,11,2015-06-17,8313.44140625,5850.25634765625,8879.380859375,9675.111328125
2015-05-09,11,2015-06-18,8143.33447265625,5722.97607421875,8777.9384765625,9694.9111328125
2015-05-09,11,2015-06-19,7261.4375,4670.55908203125,8132.47802734375,8949.048828125
2015-05-09,12,2015-05-09,7842.85986328125,4749.83984375,9782.0927734375,10808.3515625
2015-05-09,12,2015-05-10,1254.23583984375,0.0,3304.681884765625,4397.30078125
2015-05-09,12,2015-05-11,10161.7744140625,6881.0751953125,12085.453125,13051.125
2015-05-09,12,2015-05-12,9129.470703125,6102.95361328125,10765.439453125,11689.6171875
2015-05-09,12,2015-05-13,9168.7109375,6352.8134765625,10580.369140625,11504.373046875
2015-05-09,12,2015-05-14,8723.0751953125,5973.673828125,10104.4775390625,10983.8369140625
2015-05-09,12,2015-05-15,7642.59326171875,4595.591796875,9170.98828125,10126.779296875
2015-05-09,12,2015-05-16,7139.302734375,3761.166259765625,8898.546875,9959.486328125
2015-05-09,12,2015-05-17,388.8271484375,0.0,2306.950927734375,3496.748046875
2015-05-09,12,2015-05-18,8918.1845703125,5296.98388671875,10641.048828125,11844.236328125
2015-05-09,12,2015-05-19,7881.94873046875,4491.17333984375,9586.818359375,10626.2705078125
2015-05-09,12,2015-05-20,7972.8818359375,5024.7744140625,9458.462890625,10594.845703125
2015-05-09,12,2015-05-21,8348.275390625,5309.35986328125,9959.583984375,10949.19921875
2015-05-09,12,2015-05-22,7592.33349609375,4249.59375,9122.4775390625,10241.6953125
2015-05-09,12,2015-05-23,7625.9775390625,3868.20947265625,9314.2421875,10541.392578125
2015-05-09,12,2015-05-24,1047.70458984375,0.0,2943.732666015625,4282.27587890625
2015-05-09,12,2015-05-25,9973.8232421875,6176.5791015625,11702.884765625,12942.11328125
2015-05-09,12,2015-05-26,8954.740234375,5495.9375,10560.0693359375,11747.9140625
2015-05-09,12,2015-05-27,8953.76953125,5539.8828125,10414.7919921875,11598.904296875
2015-05-09,12,2015-05-28,8645.5849609375,5261.65380859375,10132.5751953125,11213.71484375
2015-05-09,12,2015-05-29,7242.1064453125,3646.860595703125,8970.0849609375,10150.6044921875
2015-05-09,12,2015-05-30,7025.23388671875,3183.24951171875,8952.171875,10300.029296875
2015-05-09,12,2015-05-31,263.91552734375,0.0,2313.3359375,3830.9736328125
2015-05-09,12,2015-06-01,8601.1484375,4565.0400390625,10506.392578125,11929.416015625
2015-05-09,12,2015-06-02,7924.4755859375,4228.7734375,9887.9150390625,11188.9150390625
2015-05-09,12,2015-06-03,8194.537109375,4720.216796875,9932.349609375,11356.5947265625
2015-05-09,12,2015-06-04,8413.7734375,5043.24755859375,10121.61328125,11238.06640625
2015-05-09,12,2015-06-05,7516.9931640625,3873.52490234375,9237.5654296875,10553.349609375
2015-05-09,12,2015-06-06,7551.4228515625,3662.010009765625,9444.5517578125,10887.48046875
2015-05-09,12,2015-06-07,1282.7626953125,0.0,3348.383544921875,4802.22802734375
2015-05-09,12,2015-06-08,10083.8037109375,6096.353515625,12137.9736328125,13450.408203125
2015-05-09,12,2015-06-09,9004.826171875,5326.54736328125,10873.974609375,12259.8671875
2015-05-09,12,2015-06-10,8907.2822265625,5439.48388671875,10571.365234375,11879.794921875
2015-05-09,12,2015-06-11,8666.0078125,5315.6953125,10391.138671875,11766.44140625
2015-05-09,12,2015-06-12,7520.19775390625,3874.36083984375,9232.86328125,10677.5146484375
2015-05-09,12,2015-06-13,7404.0517578125,3526.891357421875,9341.5263671875,10866.224609375
2015-05-09,12,2015-06-14,780.1591796875,0.0,2794.407470703125,4518.71923828125
2015-05-09,12,2015-06-15,8795.025390625,4664.43115234375,10855.9814453125,12395.6181640625
2015-05-09,12,2015-06-16,7748.03271484375,3916.60693359375,9594.009765625,11076.3984375
2015-05-09,12,2015-06-17,7926.88671875,4317.166015625,9543.3828125,10949.01171875
2015-05-09,12,2015-06-18,8216.3046875,4599.20947265625,9862.515625,11403.513671875
2015-05-09,12,2015-06-19,7587.3779296875,3872.8115234375,9479.3837890625,10912.3505859375
2015-05-09,13,2015-05-09,5541.88037109375,3149.291015625,7092.681640625,7914.88671875
2015-05-09,13,2015-05-10,830.883056640625,0.0,2390.92578125,3284.39111328125
2015-05-09,13,2015-05-11,7078.37109375,4704.51904296875,8578.1689453125,9391.9853515625
2015-05-09,13,2015-05-12,6020.9658203125,3737.567626953125,7394.3896484375,8177.6455078125
2015-05-09,13,2015-05-13,6408.7880859375,4239.203125,7703.85009765625,8478.6142578125
2015-05-09,13,2015-05-14,6078.4169921875,3978.84765625,7349.06884765625,8131.08203125
2015-05-09,13,2015-05-15,5150.87890625,2961.207275390625,6445.50927734375,7273.90576171875
2015-05-09,13,2015-05-16,5342.6572265625,3003.039306640625,6739.2265625,7556.8046875
2015-05-09,13,2015-05-17,202.29443359375,0.0,1656.0146484375,2520.53173828125
2015-05-09,13,2015-05-18,5285.4267578125,2778.225830078125,6618.5166015625,7522.998046875
2015-05-09,13,2015-05-19,4216.78857421875,1859.270751953125,5603.9716796875,6436.05859375
2015-05-09,13,2015-05-20,4558.2939453125,2400.272705078125,5921.431640625,6776.2900390625
2015-05-09,13,2015-05-21,5300.27880859375,3077.810302734375,6707.55859375,7575.541015625
2015-05-09,13,2015-05-22,5044.083984375,2665.15283203125,6376.6767578125,7284.08056640625
2015-05-09,13,2015-05-23,5545.0390625,3006.7421875,6949.24365234375,7884.26953125
2015-05-09,13,2015-05-24,830.286865234375,0.0,2302.79736328125,3327.07568359375
2015-05-09,13,2015-05-25,6791.79833984375,4196.0537109375,8196.3828125,9131.7119140625
2015-05-09,13,2015-05-26,5998.16455078125,3545.5966796875,7394.82080078125,8301.3251953125
2015-05-09,13,2015-05-27,6450.2080078125,4001.37255859375,7806.06591796875,8704.5244140625
2015-05-09,13,2015-05-28,6339.068359375,3931.85400390625,7673.6328125,8599.6904296875
2015-05-09,13,2015-05-29,5058.9365234375,2552.49365234375,6502.27099609375,7423.9638671875
2015-05-09,13,2015-05-30,5179.94482421875,2637.5615234375,6709.03759765625,7673.9248046875
2015-05-09,13,2015-05-31,0.0,0.0,1561.1162109375,2573.774658203125
2015-05-09,13,2015-06-01,5171.97802734375,2526.623291015625,6630.8828125,7694.92431640625
2015-05-09,13,2015-06-02,4342.4892578125,1769.019287109375,5848.1904296875,6802.01318359375
2015-05-09,13,2015-06-03,4913.92822265625,2417.2177734375,6354.00048828125,7373.0341796875
2015-05-09,13,2015-06-04,5275.09619140625,2856.175537109375,6743.734375,7586.90625
2015-05-09,13,2015-06-05,4760.037109375,2217.03955078125,6192.64453125,7175.41796875
2015-05-09,13,2015-06-06,5321.8232421875,2672.19384765625,6827.015625,7806.3076171875
2015-05-09,13,2015-06-07,788.115234375,0.0,2396.171630859375,3401.36962890625
2015-05-09,13,2015-06-08,6863.4560546875,4196.21630859375,8503.5576171875,9460.8876953125
2015-05-09,13,2015-06-09,5948.728515625,3382.94189453125,7519.9765625,8510.228515625
2015-05-09,13,2015-06-10,6387.48828125,3929.2177734375,7856.689453125,8829.267578125
2015-05-09,13,2015-06-11,6233.6142578125,3799.969970703125,7753.26904296875,8770.97265625
2015-05-09,13,2015-06-12,5089.4384765625,2529.5107421875,6542.25146484375,7566.3720703125
2015-05-09,13,2015-06-13,5175.82080078125,2536.213134765625,6793.59814453125,7839.24609375
2015-05-09,13,2015-06-14,249.984619140625,0.0,1926.50244140625,3098.214111328125
2015-05-09,13,2015-06-15,5162.890625,2431.65673828125,6865.0087890625,7972.615234375
2015-05-09,13,2015-06-16,4223.109375,1568.44677734375,5868.50244140625,6914.951171875
2015-05-09,13,2015-06-17,4703.5283203125,2107.173095703125,6291.33154296875,7284.29833984375
2015-05-09,13,2015-06-18,5312.5830078125,2721.265380859375,6914.02197265625,8057.4482421875
2015-05-09,13,2015-06-19,4971.35498046875,2321.05908203125,6625.8720703125,7676.3955078125
2015-05-09,14,2015-05-09,4201.7958984375,2037.5767822265625,5564.708984375,6291.3076171875
2015-05-09,14,2015-05-10,410.3193359375,0.0,1822.311279296875,2567.45458984375
2015-05-09,14,2015-05-11,6527.51025390625,4367.3818359375,7852.90234375,8545.794921875
2015-05-09,14,2015-05-12,6392.3037109375,4318.7421875,7589.9423828125,8267.2705078125
2015-05-09,14,2015-05-13,6126.67578125,4177.140625,7201.796875,7873.2080078125
2015-05-09,14,2015-05-14,6007.6875,4119.578125,7087.3916015625,7701.03271484375
2015-05-09,14,2015-05-15,5726.9873046875,3705.1611328125,6823.544921875,7489.744140625
2015-05-09,14,2015-05-16,3897.433349609375,1781.841796875,5066.0849609375,5785.68017578125
2015-05-09,14,2015-05-17,220.845947265625,0.0,1455.072265625,2188.988525390625
2015-05-09,14,2015-05-18,6293.2001953125,3998.342529296875,7407.43212890625,8161.677734375
2015-05-09,14,2015-05-19,5962.333984375,3705.41650390625,7091.5693359375,7744.71337890625
2015-05-09,14,2015-05-20,5701.556640625,3643.404296875,6755.1025390625,7460.09716796875
2015-05-09,14,2015-05-21,5896.74462890625,3806.728515625,6959.791015625,7650.6611328125
2015-05-09,14,2015-05-22,5702.4013671875,3459.91162109375,6702.9189453125,7388.802734375
2015-05-09,14,2015-05-23,4173.16748046875,1806.825927734375,5202.24609375,5942.99072265625
2015-05-09,14,2015-05-24,480.405517578125,0.0,1589.57421875,2383.9853515625
2015-05-09,14,2015-05-25,6530.39111328125,4122.0791015625,7589.8740234375,8330.287109375
2015-05-09,14,2015-05-26,6113.8125,3845.3955078125,7171.650390625,7894.4833984375
2015-05-09,14,2015-05-27,5916.677734375,3663.5771484375,6969.6630859375,7716.513671875
2015-05-09,14,2015-05-28,5900.0595703125,3739.70263671875,6961.642578125,7666.833984375
2015-05-09,14,2015-05-29,5510.37353515625,3190.062255859375,6644.48046875,7394.9345703125
2015-05-09,14,2015-05-30,3865.12548828125,1527.58935546875,5096.9931640625,5897.197265625
2015-05-09,14,2015-05-31,228.15673828125,0.0,1486.11865234375,2376.59228515625
2015-05-09,14,2015-06-01,6212.283203125,3718.931640625,7378.49853515625,8238.3271484375
2015-05-09,14,2015-06-02,6070.95654296875,3676.73486328125,7267.517578125,8049.65234375
2015-05-09,14,2015-06-03,5927.5078125,3664.7021484375,7064.498046875,7914.68505859375
2015-05-09,14,2015-06-04,6030.63037109375,3802.909912109375,7171.546875,7850.43359375
2015-05-09,14,2015-06-05,5608.26806640625,3286.60205078125,6713.73486328125,7440.1689453125
2015-05-09,14,2015-06-06,3981.3408203125,1613.418701171875,5164.2666015625,5994.13623046875
2015-05-09,14,2015-06-07,417.29248046875,0.0,1642.75146484375,2496.33154296875
2015-05-09,14,2015-06-08,6421.4228515625,3926.665771484375,7676.7333984375,8413.9658203125
2015-05-09,14,2015-06-09,6196.0322265625,3798.390380859375,7395.2998046875,8136.521484375
2015-05-09,14,2015-06-10,6174.7685546875,3826.203857421875,7289.6142578125,8097.16650390625
2015-05-09,14,2015-06-11,6114.16796875,3812.6083984375,7260.9130859375,8040.47705078125
2015-05-09,14,2015-06-12,5755.9541015625,3237.0146484375,6811.38671875,7655.69189453125
2015-05-09,14,2015-06-13,4129.01806640625,1585.014892578125,5296.990234375,6149.5205078125
2015-05-09,14,2015-06-14,552.245361328125,0.0,1753.643310546875,2683.323486328125
2015-05-09,14,2015-06-15,6273.142578125,3615.572021484375,7453.95068359375,8284.9111328125
2015-05-09,14,2015-06-16,6081.0771484375,3545.579345703125,7167.56591796875,8022.0849609375
2015-05-09,14,2015-06-17,6041.2919921875,3556.2109375,7038.61328125,7863.8759765625
2015-05-09,14,2015-06-18,6041.3203125,3622.185302734375,7062.09375,7975.58447265625
2015-05-09,14,2015-06-19,5684.24560546875,3235.0068359375,6824.12158203125,7628.228515625
2015-05-09,15,2015-05-09,6920.6396484375,4263.03857421875,8456.1474609375,9289.07421875
2015-05-09,15,2015-05-10,1374.051025390625,0.0,3047.057373046875,3946.2197265625
2015-05-09,15,2015-05-11,8007.900390625,5157.54248046875,9562.203125,10409.3876953125
2015-05-09,15,2015-05-12,7494.17578125,4811.21728515625,8807.2021484375,9566.2236328125
2015-05-09,15,2015-05-13,7602.8955078125,5119.84814453125,8706.169921875,9437.5947265625
2015-05-09,15,2015-05-14,7605.0029296875,5086.2919921875,8651.337890625,9375.615234375
2015-05-09,15,2015-05-15,7285.849609375,4484.7314453125,8472.5087890625,9212.2490234375
2015-05-09,15,2015-05-16,6345.712890625,3225.714599609375,7737.96435546875,8639.134765625
2015-05-09,15,2015-05-17,967.914794921875,0.0,2496.1552734375,3500.311767578125
2015-05-09,15,2015-05-18,7362.177734375,4040.09423828125,8727.251953125,9731.794921875
2015-05-09,15,2015-05-19,6841.0576171875,3753.060546875,8171.064453125,9034.6044921875
2015-05-09,15,2015-05-20,6848.8876953125,4108.5791015625,7960.9833984375,8901.4267578125
2015-05-09,15,2015-05-21,7437.43310546875,4670.24755859375,8639.0625,9435.509765625
2015-05-09,15,2015-05-22,7416.5205078125,4352.56201171875,8560.720703125,9480.9267578125
2015-05-09,15,2015-05-23,6860.1064453125,3385.4404296875,8173.4375,9198.177734375
2015-05-09,15,2015-05-24,1355.305419921875,0.0,2882.769775390625,4000.2763671875
2015-05-09,15,2015-05-25,7892.00390625,4301.69384765625,9349.7890625,10382.9970703125
2015-05-09,15,2015-05-26,7409.0703125,4108.29931640625,8738.671875,9709.8125
2015-05-09,15,2015-05-27,7469.2236328125,4264.54638671875,8654.734375,9646.833984375
2015-05-09,15,2015-05-28,7583.31494140625,4364.634765625,8755.197265625,9627.37890625
2015-05-09,15,2015-05-29,7093.16259765625,3689.40283203125,8464.4775390625,9462.076171875
2015-05-09,15,2015-05-30,6488.080078125,2832.149658203125,8036.49853515625,9115.58984375
2015-05-09,15,2015-05-31,1137.26953125,0.0,2783.83056640625,4069.712890625
2015-05-09,15,2015-06-01,7378.26953125,3528.14111328125,8909.9189453125,10102.8125
2015-05-09,15,2015-06-02,7006.1494140625,3512.488037109375,8554.197265625,9613.25390625
2015-05-09,15,2015-06-03,7123.3603515625,3873.653076171875,8462.2880859375,9638.5615234375
2015-05-09,15,2015-06-04,7606.318359375,4460.97998046875,8915.3916015625,9844.1064453125
2015-05-09,15,2015-06-05,7336.74560546875,3951.6513671875,8715.8232421875,9784.193359375
2015-05-09,15,2015-06-06,6679.8173828125,3019.23681640625,8230.22265625,9447.9169921875
2015-05-09,15,2015-06-07,1455.353515625,0.0,3139.3173828125,4402.82080078125
2015-05-09,15,2015-06-08,7957.427734375,4086.40625,9663.8681640625,10798.46875
2015-05-09,15,2015-06-09,7457.8388671875,3820.88671875,8961.828125,10079.05859375
2015-05-09,15,2015-06-10,7479.6748046875,4078.819580078125,8741.6787109375,9789.107421875
2015-05-09,15,2015-06-11,7731.638671875,4439.47705078125,9057.494140625,10123.783203125
2015-05-09,15,2015-06-12,7292.5947265625,3698.70947265625,8584.5908203125,9768.80078125
2015-05-09,15,2015-06-13,6691.322265625,2822.915771484375,8229.45703125,9462.306640625
2015-05-09,15,2015-06-14,1423.084228515625,0.0,3071.294921875,4493.359375
2015-05-09,15,2015-06-15,7421.19140625,3288.861572265625,9101.5830078125,10357.779296875
2015-05-09,15,2015-06-16,6924.33935546875,3064.86767578125,8367.1357421875,9588.490234375
2015-05-09,15,2015-06-17,6907.7421875,3273.59228515625,8181.79443359375,9361.228515625
2015-05-09,15,2015-06-18,7407.8525390625,3803.134521484375,8671.2197265625,9910.998046875
2015-05-09,15,2015-06-19,7331.48876953125,3571.76025390625,8836.197265625,10032.927734375
2015-05-09,85,2015-05-09,4744.1015625,2995.85302734375,5926.234375,6755.2578125
2015-05-09,85,2015-05-10,9597.52734375,7551.12109375,10913.9765625,11807.6796875
2015-05-09,85,2015-05-11,7845.4052734375,5846.74951171875,9204.880859375,10095.203125
2015-05-09,85,2015-05-12,7124.919921875,5407.3583984375,8387.9384765625,9342.345703125
2015-05-09,85,2015-05-13,7058.51171875,5563.7783203125,8226.607421875,9018.15234375
2015-05-09,85,2015-05-14,6776.048828125,5370.677734375,7910.67529296875,8699.8955078125
2015-05-09,85,2015-05-15,7613.0341796875,6139.44970703125,8832.966796875,9772.9033203125
2015-05-09,85,2015-05-16,6130.7939453125,4356.6923828125,7545.59130859375,8552.8193359375
2015-05-09,85,2015-05-17,10412.13671875,8431.0341796875,11900.4033203125,12903.328125
2015-05-09,85,2015-05-18,8075.21435546875,6119.12890625,9584.1748046875,10631.1767578125
2015-05-09,85,2015-05-19,6791.2880859375,5091.74462890625,8179.7783203125,9227.466796875
2015-05-09,85,2015-05-20,6539.22998046875,5055.2314453125,7700.74755859375,8696.16796875
2015-05-09,85,2015-05-21,5865.98291015625,4451.5625,6962.3310546875,7945.8056640625
2015-05-09,85,2015-05-22,6621.1611328125,5166.0322265625,7835.212890625,8900.521484375
2015-05-09,85,2015-05-23,5366.78662109375,3700.993408203125,6774.01171875,8011.9052734375
2015-05-09,85,2015-05-24,10107.2607421875,8111.9267578125,11657.5546875,12907.32421875
2015-05-09,85,2015-05-25,7941.26318359375,5970.3994140625,9584.685546875,10825.615234375
2015-05-09,85,2015-05-26,6896.7958984375,5102.087890625,8331.00390625,9573.3916015625
2015-05-09,85,2015-05-27,7131.17529296875,5514.44287109375,8474.81640625,9628.150390625
2015-05-09,85,2015-05-28,6892.7783203125,5432.11279296875,8180.04443359375,9316.9912109375
2015-05-09,85,2015-05-29,7837.39111328125,6212.0673828125,9278.2197265625,10435.6484375
2015-05-09,85,2015-05-30,6270.720703125,4352.0,7915.0986328125,9136.60546875
2015-05-09,85,2015-05-31,10633.8798828125,8491.5419921875,12416.0576171875,13630.37890625
2015-05-09,85,2015-06-01,8288.212890625,6200.7119140625,10039.931640625,11311.23046875
2015-05-09,85,2015-06-02,6992.712890625,4974.4541015625,8517.4365234375,9734.97265625
2015-05-09,85,2015-06-03,6897.35546875,5063.02587890625,8296.3173828125,9430.2841796875
2015-05-09,85,2015-06-04,6250.353515625,4629.0380859375,7496.53564453125,8604.861328125
2015-05-09,85,2015-06-05,6974.62890625,5211.82763671875,8432.52734375,9519.3046875
2015-05-09,85,2015-06-06,5558.9765625,3525.23046875,7244.92529296875,8499.6904296875
2015-05-09,85,2015-06-07,9743.3603515625,7398.78369140625,11543.1689453125,12858.560546875
2015-05-09,85,2015-06-08,7574.18212890625,5218.7275390625,9454.3447265625,10747.96875
2015-05-09,85,2015-06-09,6677.10205078125,4636.7099609375,8378.59375,9647.3046875
2015-05-09,85,2015-06-10,6843.2470703125,5035.23291015625,8313.416015625,9514.3115234375
2015-05-09,85,2015-06-11,6596.49365234375,4834.8984375,7932.48681640625,9140.1455078125
2015-05-09,85,2015-06-12,7478.912109375,5677.04150390625,8919.3564453125,10219.2021484375
2015-05-09,85,2015-06-13,6089.37060546875,4139.2431640625,7768.3681640625,9115.466796875
2015-05-09,85,2015-06-14,10360.3681640625,8109.3310546875,12115.8828125,13524.5224609375
2015-05-09,85,2015-06-15,8108.626953125,5934.69775390625,9805.1025390625,11217.658203125
2015-05-09,85,2015-06-16,7002.4541015625,5161.5517578125,8490.3154296875,9858.935546875
2015-05-09,85,2015-06-17,6701.28271484375,5140.92822265625,8096.47216796875,9312.869140625
2015-05-09,85,2015-06-18,5904.06005859375,4396.89208984375,7146.66357421875,8405.671875
2015-05-09,85,2015-06-19,6630.93701171875,5035.9033203125,7990.65771484375,9258.7109375
2015-05-09,122,2015-05-09,6719.12255859375,5064.8662109375,7761.09375,8361.505859375
2015-05-09,122,2015-05-10,2489.4599609375,748.67333984375,3555.80810546875,4210.265625
2015-05-09,122,2015-05-11,7037.39453125,5233.0966796875,8179.1259765625,8880.666015625
2015-05-09,122,2015-05-12,6776.27783203125,4866.32373046875,7897.8740234375,8635.33203125
2015-05-09,122,2015-05-13,6900.4853515625,5089.8740234375,8009.37548828125,8758.138671875
2015-05-09,122,2015-05-14,6779.3896484375,5073.02880859375,7884.23046875,8663.681640625
2015-05-09,122,2015-05-15,6057.57177734375,4275.0224609375,7110.38818359375,7945.8115234375
2015-05-09,122,2015-05-16,6652.68505859375,4824.3505859375,7755.966796875,8611.3623046875
2015-05-09,122,2015-05-17,2339.262451171875,540.1181640625,3486.5751953125,4444.45703125
2015-05-09,122,2015-05-18,7002.939453125,5085.25927734375,8144.86572265625,9093.29296875
2015-05-09,122,2015-05-19,6582.65087890625,4669.1005859375,7820.1171875,8722.3232421875
2015-05-09,122,2015-05-20,6299.837890625,4592.17041015625,7472.2099609375,8427.64453125
2015-05-09,122,2015-05-21,6510.2880859375,4854.50146484375,7695.099609375,8638.466796875
2015-05-09,122,2015-05-22,5798.3681640625,3979.809326171875,6902.07861328125,7827.44140625
2015-05-09,122,2015-05-23,6296.49755859375,4314.2099609375,7450.23046875,8410.88671875
2015-05-09,122,2015-05-24,2045.375244140625,98.59375,3283.92578125,4350.67529296875
2015-05-09,122,2015-05-25,6687.318359375,4501.78125,7922.791015625,8925.8564453125
2015-05-09,122,2015-05-26,6472.42578125,4316.79931640625,7728.337890625,8789.8251953125
2015-05-09,122,2015-05-27,6692.158203125,4450.154296875,7961.23828125,9103.390625
2015-05-09,122,2015-05-28,6854.59912109375,4690.9990234375,8099.318359375,9308.93359375
2015-05-09,122,2015-05-29,5960.95361328125,3746.79638671875,7337.455078125,8462.9619140625
2015-05-09,122,2015-05-30,6557.87548828125,4387.201171875,7900.7734375,9200.52734375
2015-05-09,122,2015-05-31,2497.797119140625,377.423828125,3900.373046875,5223.06640625
2015-05-09,122,2015-06-01,7168.5703125,4962.0771484375,8563.4423828125,9933.7099609375
2015-05-09,122,2015-06-02,6932.60888671875,4636.95703125,8403.8330078125,9718.599609375
2015-05-09,122,2015-06-03,6993.36767578125,4651.07861328125,8424.48046875,9823.482421875
2015-05-09,122,2015-06-04,7048.42138671875,4839.20458984375,8468.8408203125,9774.42578125
2015-05-09,122,2015-06-05,6078.4189453125,3880.16845703125,7544.54296875,8924.853515625
2015-05-09,122,2015-06-06,6569.7451171875,4271.45947265625,8064.14013671875,9529.732421875
2015-05-09,122,2015-06-07,2352.36279296875,49.6220703125,3892.3349609375,5390.72216796875
2015-05-09,122,2015-06-08,6996.6943359375,4587.04345703125,8679.5517578125,10122.69140625
2015-05-09,122,2015-06-09,6794.0166015625,4420.66455078125,8547.2451171875,10064.859375
2015-05-09,122,2015-06-10,6905.083984375,4653.38623046875,8610.236328125,10189.3828125
2015-05-09,122,2015-06-11,6819.794921875,4656.54541015625,8499.345703125,10092.2041015625
2015-05-09,122,2015-06-12,5910.73486328125,3713.58837890625,7436.9033203125,9169.212890625
2015-05-09,122,2015-06-13,6466.3544921875,4333.0244140625,8075.0673828125,9687.642578125
2015-05-09,122,2015-06-14,2273.9775390625,84.82568359375,3983.287109375,5699.556640625
2015-05-09,122,2015-06-15,6752.8857421875,4468.5234375,8478.056640625,10177.876953125
2015-05-09,122,2015-06-16,6592.91455078125,4231.70166015625,8270.2001953125,9968.427734375
2015-05-09,122,2015-06-17,6800.7119140625,4389.87255859375,8359.357421875,10120.357421875
2015-05-09,122,2015-06-18,6870.5703125,4523.0673828125,8426.078125,10240.8193359375
2015-05-09,122,2015-06-19,5906.615234375,3583.4150390625,7504.6416015625,9248.4013671875
2015-05-09,209,2015-05-09,5798.33349609375,4322.37548828125,6641.7548828125,7139.0126953125
2015-05-09,209,2015-05-10,1935.78759765625,350.000732421875,2833.306396484375,3411.548828125
2015-05-09,209,2015-05-11,6627.16943359375,5034.470703125,7473.3994140625,8026.8671875
2015-05-09,209,2015-05-12,6092.94287109375,4570.81298828125,6799.87939453125,7327.408203125
2015-05-09,209,2015-05-13,6068.42919921875,4643.3779296875,6663.89501953125,7180.1357421875
2015-05-09,209,2015-05-14,6147.24169921875,4721.5556640625,6700.1376953125,7251.064453125
2015-05-09,209,2015-05-15,5735.2099609375,4116.32958984375,6387.1416015625,6968.7060546875
2015-05-09,209,2015-05-16,5578.27197265625,3737.63134765625,6352.73095703125,7049.580078125
2015-05-09,209,2015-05-17,1783.913818359375,0.0,2685.5830078125,3401.68212890625
2015-05-09,209,2015-05-18,6516.96142578125,4572.38134765625,7313.568359375,8026.67138671875
2015-05-09,209,2015-05-19,5881.4580078125,4059.24072265625,6657.4404296875,7264.181640625
2015-05-09,209,2015-05-20,5730.78515625,4149.49072265625,6371.060546875,7048.84130859375
2015-05-09,209,2015-05-21,6125.8466796875,4496.94091796875,6821.1005859375,7363.333984375
2015-05-09,209,2015-05-22,5735.22607421875,3934.1123046875,6332.8974609375,6984.2265625
2015-05-09,209,2015-05-23,5547.89013671875,3446.5576171875,6254.74609375,6954.72265625
2015-05-09,209,2015-05-24,1710.640869140625,0.0,2563.11669921875,3333.582763671875
2015-05-09,209,2015-05-25,6516.8681640625,4341.04833984375,7353.689453125,8046.1123046875
2015-05-09,209,2015-05-26,5982.267578125,4006.3603515625,6751.6474609375,7409.611328125
2015-05-09,209,2015-05-27,5902.76708984375,3951.613525390625,6578.3173828125,7243.525390625
2015-05-09,209,2015-05-28,6091.9306640625,4102.96484375,6730.10888671875,7355.0888671875
2015-05-09,209,2015-05-29,5544.73291015625,3424.364990234375,6346.69873046875,7036.2353515625
2015-05-09,209,2015-05-30,5551.8193359375,3259.32080078125,6451.67919921875,7232.16748046875
2015-05-09,209,2015-05-31,1856.388916015625,0.0,2812.63427734375,3714.784423828125
2015-05-09,209,2015-06-01,6527.0126953125,4099.708984375,7389.490234375,8207.875
2015-05-09,209,2015-06-02,6029.17041015625,3794.15380859375,6859.22265625,7596.75390625
2015-05-09,209,2015-06-03,6027.974609375,3976.568115234375,6716.79248046875,7527.84130859375
2015-05-09,209,2015-06-04,6222.37890625,4242.96240234375,6907.3603515625,7546.822265625
2015-05-09,209,2015-06-05,5723.25634765625,3595.76171875,6407.0849609375,7191.5283203125
2015-05-09,209,2015-06-06,5612.4814453125,3319.672119140625,6401.8681640625,7284.494140625
2015-05-09,209,2015-06-07,1840.02685546875,0.0,2701.158203125,3615.4677734375
2015-05-09,209,2015-06-08,6530.6474609375,4110.8134765625,7410.78515625,8217.146484375
2015-05-09,209,2015-06-09,6007.2197265625,3778.2607421875,6795.9326171875,7588.7734375
2015-05-09,209,2015-06-10,5976.83544921875,3892.942138671875,6648.5771484375,7391.54736328125
2015-05-09,209,2015-06-11,6163.42138671875,4186.52294921875,6882.78271484375,7627.587890625
2015-05-09,209,2015-06-12,5736.6044921875,3564.459228515625,6411.6396484375,7223.42919921875
2015-05-09,209,2015-06-13,5679.7724609375,3363.299560546875,6478.41845703125,7294.0537109375
2015-05-09,209,2015-06-14,1944.308349609375,0.0,2810.92333984375,3743.117919921875
2015-05-09,209,2015-06-15,6417.7119140625,3929.63330078125,7240.1875,8082.13818359375
2015-05-09,209,2015-06-16,5786.302734375,3441.07177734375,6471.03125,7286.498046875
2015-05-09,209,2015-06-17,5737.7578125,3553.34423828125,6305.74560546875,7097.8232421875
2015-05-09,209,2015-06-18,6120.15625,4000.18701171875,6703.2802734375,7523.78173828125
2015-05-09,209,2015-06-19,5769.23974609375,3514.80712890625,6507.7041015625,7249.3154296875
2015-05-09,259,2015-05-09,9908.615234375,7797.48583984375,11245.833984375,12070.3671875
2015-05-09,259,2015-05-10,16632.548828125,14340.8515625,18053.47265625,18874.99609375
2015-05-09,259,2015-05-11,13537.138671875,11314.140625,14938.705078125,15765.3740234375
2015-05-09,259,2015-05-12,12784.373046875,10839.6025390625,14153.6884765625,15106.783203125
2015-05-09,259,2015-05-13,12592.0888671875,10861.4716796875,13854.65625,14713.896484375
2015-05-09,259,2015-05-14,12701.177734375,11001.0615234375,13884.6484375,14649.837890625
2015-05-09,259,2015-05-15,14099.388671875,12360.0146484375,15296.0576171875,16270.1171875
2015-05-09,259,2015-05-16,10176.26953125,8328.099609375,11601.3662109375,12616.6435546875
2015-05-09,259,2015-05-17,16690.708984375,14717.751953125,18144.076171875,19108.875
2015-05-09,259,2015-05-18,13656.9052734375,11675.1982421875,15194.48828125,16119.1435546875
2015-05-09,259,2015-05-19,12399.958984375,10677.4892578125,13926.259765625,14910.4326171875
2015-05-09,259,2015-05-20,12154.73046875,10294.771484375,13462.947265625,14462.0478515625
2015-05-09,259,2015-05-21,11687.3525390625,9847.8623046875,12911.853515625,13843.1201171875
2015-05-09,259,2015-05-22,13307.662109375,11667.5419921875,14601.10546875,15623.25
2015-05-09,259,2015-05-23,9475.61328125,7772.5390625,10914.103515625,11992.5107421875
2015-05-09,259,2015-05-24,15869.318359375,13882.3427734375,17319.673828125,18420.734375
2015-05-09,259,2015-05-25,12793.7568359375,10890.66015625,14310.732421875,15432.630859375
2015-05-09,259,2015-05-26,11658.5615234375,9787.677734375,13010.31640625,14154.5283203125
2015-05-09,259,2015-05-27,11907.9921875,10240.65234375,13252.91015625,14399.310546875
2015-05-09,259,2015-05-28,12451.6953125,10721.740234375,13614.048828125,14745.4970703125
2015-05-09,259,2015-05-29,14097.7822265625,12309.03125,15423.7939453125,16411.12890625
2015-05-09,259,2015-05-30,10621.88671875,8629.3564453125,11939.2939453125,13070.451171875
2015-05-09,259,2015-05-31,17170.568359375,15092.8203125,18611.3203125,19583.90234375
2015-05-09,259,2015-06-01,14336.39453125,12361.6181640625,15718.77734375,16710.8046875
2015-05-09,259,2015-06-02,13258.267578125,11219.2939453125,14510.65625,15503.3359375
2015-05-09,259,2015-06-03,12880.4970703125,10875.56640625,14053.2724609375,14991.890625
2015-05-09,259,2015-06-04,12710.3935546875,10923.244140625,13862.748046875,14858.990234375
2015-05-09,259,2015-06-05,13923.2177734375,12073.912109375,15236.5419921875,16163.490234375
2015-05-09,259,2015-06-06,10347.3681640625,8347.251953125,11734.0244140625,12791.9853515625
2015-05-09,259,2015-06-07,16295.078125,14108.21484375,17708.392578125,18681.9609375
2015-05-09,259,2015-06-08,12946.3876953125,10800.6044921875,14322.7841796875,15424.1767578125
2015-05-09,259,2015-06-09,11784.330078125,9839.880859375,13124.3935546875,14254.26953125
2015-05-09,259,2015-06-10,11401.787109375,9571.3759765625,12782.3154296875,13798.4130859375
2015-05-09,259,2015-06-11,11548.689453125,9646.09375,12749.7802734375,13755.08203125
2015-05-09,259,2015-06-12,13103.751953125,11190.5673828125,14443.57421875,15408.5009765625
2015-05-09,259,2015-06-13,9416.8369140625,7508.498046875,10878.66015625,11882.216796875
2015-05-09,259,2015-06-14,16089.49609375,13965.515625,17492.6953125,18620.208984375
2015-05-09,259,2015-06-15,13038.8212890625,10971.216796875,14477.40625,15540.69921875
2015-05-09,259,2015-06-16,12509.0751953125,10583.408203125,13783.31640625,14909.6064453125
2015-05-09,259,2015-06-17,11778.4794921875,9912.724609375,13090.2021484375,14159.37890625
2015-05-09,259,2015-06-18,11554.1513671875,9561.3955078125,12792.5390625,13943.35546875
2015-05-09,259,2015-06-19,12685.232421875,10563.447265625,14085.7392578125,15219.6572265625
2015-05-09,262,2015-05-09,16256.6572265625,12311.5087890625,19009.0625,20907.421875
2015-05-09,262,2015-05-10,26709.0,22336.37109375,29689.07421875,31677.732421875
2015-05-09,262,2015-05-11,19807.591796875,15709.6611328125,22800.923828125,24782.55859375
2015-05-09,262,2015-05-12,18803.677734375,15369.3251953125,21545.212890625,23624.2734375
2015-05-09,262,2015-05-13,18800.326171875,15598.6611328125,21429.0234375,23375.41015625
2015-05-09,262,2015-05-14,19147.984375,15983.4658203125,21888.302734375,23921.265625
2015-05-09,262,2015-05-15,22472.8984375,19045.42578125,25479.767578125,27933.71484375
2015-05-09,262,2015-05-16,19076.810546875,15131.3935546875,22464.25390625,25028.63671875
2015-05-09,262,2015-05-17,28323.57421875,24164.1171875,31727.80078125,34300.046875
2015-05-09,262,2015-05-18,20552.21875,16811.12890625,23932.447265625,26493.56640625
2015-05-09,262,2015-05-19,18686.91015625,15375.5888671875,21927.880859375,24475.90625
2015-05-09,262,2015-05-20,18575.220703125,15492.068359375,21511.8203125,23958.9921875
2015-05-09,262,2015-05-21,17781.6171875,14492.8056640625,20836.5546875,23454.6640625
2015-05-09,262,2015-05-22,20761.306640625,17250.8203125,24027.568359375,26928.0859375
2015-05-09,262,2015-05-23,16958.06640625,13095.42578125,20698.3515625,23807.6875
2015-05-09,262,2015-05-24,26561.08203125,22241.072265625,30342.05078125,33453.078125
2015-05-09,262,2015-05-25,18884.748046875,14819.927734375,22690.771484375,25809.228515625
2015-05-09,262,2015-05-26,17791.669921875,14101.689453125,21176.990234375,24197.255859375
2015-05-09,262,2015-05-27,19480.958984375,15871.6015625,22729.431640625,25841.60546875
2015-05-09,262,2015-05-28,20571.38671875,17012.779296875,23932.97265625,26936.24609375
2015-05-09,262,2015-05-29,23667.498046875,19736.734375,27414.21484375,30616.9453125
2015-05-09,262,2015-05-30,19937.22265625,15664.8798828125,24145.76171875,27218.296875
2015-05-09,262,2015-05-31,30003.76953125,25475.919921875,34283.09765625,37298.015625
2015-05-09,262,2015-06-01,22537.765625,18314.5234375,26501.33984375,29525.61328125
2015-05-09,262,2015-06-02,21025.41796875,16942.884765625,24559.5390625,27381.3125
2015-05-09,262,2015-06-03,21342.970703125,17353.560546875,24735.6015625,27468.5546875
2015-05-09,262,2015-06-04,20678.529296875,16704.75390625,23959.181640625,26759.05859375
2015-05-09,262,2015-06-05,23306.2890625,18919.58203125,27159.75,29967.0703125
2015-05-09,262,2015-06-06,18987.654296875,14290.40625,23286.99609375,26449.330078125
2015-05-09,262,2015-06-07,27672.30859375,22720.93359375,31987.46875,35167.7578125
2015-05-09,262,2015-06-08,19959.7734375,15200.060546875,24169.875,27269.90625
2015-05-09,262,2015-06-09,18484.044921875,14393.0205078125,22137.841796875,25143.16796875
2015-05-09,262,2015-06-10,18673.423828125,15125.951171875,22159.7734375,25052.7890625
2015-05-09,262,2015-06-11,18842.63671875,15064.41015625,22155.12890625,24961.046875
2015-05-09,262,2015-06-12,21748.01171875,17774.3515625,25378.78515625,28583.921875
2015-05-09,262,2015-06-13,18222.55078125,14067.830078125,22321.17578125,25476.044921875
2015-05-09,262,2015-06-14,27448.525390625,22938.294921875,31459.9765625,34820.5859375
2015-05-09,262,2015-06-15,20618.4765625,16700.39453125,24293.630859375,27556.890625
2015-05-09,262,2015-06-16,19680.552734375,16357.419921875,22925.2578125,26036.884765625
2015-05-09,262,2015-06-17,19193.171875,16341.4267578125,22297.349609375,25164.107421875
2015-05-09,262,2015-06-18,18863.625,15718.986328125,21926.35546875,24886.17578125
2015-05-09,262,2015-06-19,21208.62109375,17749.123046875,24649.84375,27872.93359375
2015-06-20,1,2015-06-20,4405.6826171875,2617.048095703125,5390.70361328125,5908.34375
2015-06-20,1,2015-06-21,921.356689453125,0.0,1910.391845703125,2472.17041015625
2015-06-20,1,2015-06-22,4054.935302734375,2238.87646484375,5036.5498046875,5496.046875
2015-06-20,1,2015-06-23,4571.44482421875,2833.815673828125,5394.486328125,5849.236328125
2015-06-20,1,2015-06-24,4634.44873046875,3029.031005859375,5402.1904296875,5817.6787109375
2015-06-20,1,2015-06-25,4144.556640625,2561.3408203125,4909.83447265625,5323.271484375
2015-06-20,1,2015-06-26,4351.17578125,2631.028564453125,5150.54736328125,5557.509765625
2015-06-20,1,2015-06-27,4624.22998046875,2816.03125,5453.541015625,5952.32568359375
2015-06-20,1,2015-06-28,914.137451171875,0.0,1769.3953857421875,2301.98828125
2015-06-20,1,2015-06-29,4128.6279296875,2215.506103515625,4914.14013671875,5445.4736328125
2015-06-20,1,2015-06-30,4586.05810546875,2747.65869140625,5384.32421875,5842.6728515625
2015-06-20,1,2015-07-01,4495.685546875,2866.862548828125,5261.9580078125,5753.26416015625
2015-06-20,1,2015-07-02,4106.92578125,2494.264892578125,4881.45166015625,5384.564453125
2015-06-20,1,2015-07-03,4463.30859375,2667.477783203125,5241.76025390625,5675.0341796875
2015-06-20,1,2015-07-04,4482.884765625,2564.65576171875,5332.6171875,5819.3125
2015-06-20,1,2015-07-05,907.79931640625,0.0,1830.7708740234375,2396.110107421875
2015-06-20,1,2015-07-06,4090.140380859375,2100.771484375,4931.41552734375,5484.8076171875
2015-06-20,1,2015-07-07,4537.1435546875,2640.423095703125,5413.17822265625,5869.5087890625
2015-06-20,1,2015-07-08,4583.68310546875,2666.626708984375,5399.6181640625,5957.3740234375
2015-06-20,1,2015-07-09,4073.85888671875,2198.360107421875,4933.6201171875,5509.75732421875
2015-06-20,1,2015-07-10,4314.8154296875,2247.076904296875,5258.25390625,5740.0126953125
2015-06-20,1,2015-07-11,4527.38330078125,2427.74169921875,5509.13623046875,6130.0009765625
2015-06-20,1,2015-07-12,945.33349609375,0.0,2015.553955078125,2716.371337890625
2015-06-20,1,2015-07-13,4269.72021484375,2057.1220703125,5236.486328125,5905.57568359375
2015-06-20,1,2015-07-14,4591.7509765625,2474.9345703125,5587.43017578125,6175.70166015625
2015-06-20,1,2015-07-15,4613.4384765625,2576.161865234375,5546.861328125,6246.572265625
2015-06-20,1,2015-07-16,4231.0966796875,2255.989501953125,5160.64697265625,5769.3076171875
2015-06-20,1,2015-07-17,4392.75390625,2315.14892578125,5328.541015625,5981.07373046875
2015-06-20,1,2015-07-18,4600.72705078125,2426.80859375,5615.30859375,6301.57275390625
2015-06-20,1,2015-07-19,1040.82861328125,0.0,2113.5458984375,2871.69091796875
2015-06-20,1,2015-07-20,4216.1416015625,1904.2659912109375,5304.65087890625,5977.99853515625
2015-06-20,1,2015-07-21,4659.00830078125,2420.874267578125,5660.6533203125,6378.4638671875
2015-06-20,1,2015-07-22,4704.26513671875,2578.13037109375,5663.0126953125,6362.99267578125
2015-06-20,1,2015-07-23,4314.404296875,2233.11279296875,5287.92529296875,6028.5322265625
2015-06-20,1,2015-07-24,4466.72021484375,2271.80322265625,5406.849609375,6205.0244140625
2015-06-20,1,2015-07-25,4573.421875,2280.516357421875,5682.93896484375,6460.9501953125
2015-06-20,1,2015-07-26,1176.8238525390625,0.0,2373.209228515625,3242.52783203125
2015-06-20,1,2015-07-27,4362.5146484375,1993.693359375,5566.5087890625,6363.6982421875
2015-06-20,1,2015-07-28,4688.6044921875,2395.984130859375,5829.9619140625,6615.66015625
2015-06-20,1,2015-07-29,4658.501953125,2403.667724609375,5677.9794921875,6457.90087890625
2015-06-20,1,2015-07-30,4338.7158203125,2144.365234375,5384.05615234375,6244.154296875
2015-06-20,1,2015-07-31,4443.73046875,2100.58740234375,5536.2041015625,6328.8232421875
2015-06-20,2,2015-06-20,2832.09423828125,1153.89892578125,3868.571044921875,4461.2158203125
2015-06-20,2,2015-06-21,0.0,0.0,723.455078125,1458.690185546875
2015-06-20,2,2015-06-22,4436.7626953125,2685.00146484375,5565.42822265625,6177.513671875
2015-06-20,2,2015-06-23,5420.89990234375,3704.05712890625,6424.859375,7076.55078125
2015-06-20,2,2015-06-24,5867.97265625,4270.494140625,6801.578125,7450.3349609375
2015-06-20,2,2015-06-25,4601.28759765625,3094.76904296875,5483.9580078125,6110.33154296875
2015-06-20,2,2015-06-26,4486.0595703125,2916.59765625,5361.8759765625,5930.5400390625
2015-06-20,2,2015-06-27,2749.612548828125,1066.633056640625,3633.121826171875,4296.20751953125
2015-06-20,2,2015-06-28,0.0,0.0,730.028564453125,1415.0908203125
2015-06-20,2,2015-06-29,4622.78271484375,2775.66943359375,5552.21484375,6230.841796875
2015-06-20,2,2015-06-30,5600.3193359375,3792.9140625,6538.44287109375,7179.6201171875
2015-06-20,2,2015-07-01,5924.37548828125,4161.41748046875,6832.97900390625,7489.09765625
2015-06-20,2,2015-07-02,4781.99609375,3125.840576171875,5720.296875,6324.1865234375
2015-06-20,2,2015-07-03,4647.4462890625,2821.86962890625,5569.3505859375,6093.8994140625
2015-06-20,2,2015-07-04,2786.261474609375,972.070556640625,3815.8330078125,4392.57568359375
2015-06-20,2,2015-07-05,0.0,0.0,675.252685546875,1321.88818359375
2015-06-20,2,2015-07-06,4541.48974609375,2617.582763671875,5521.3173828125,6175.09375
2015-06-20,2,2015-07-07,5554.5595703125,3739.584716796875,6651.4287109375,7178.673828125
2015-06-20,2,2015-07-08,5882.744140625,4157.0322265625,6886.23583984375,7543.9111328125
2015-06-20,2,2015-07-09,4694.6787109375,3078.44189453125,5700.27685546875,6420.119140625
2015-06-20,2,2015-07-10,4491.5146484375,2748.1181640625,5500.4443359375,6139.7109375
2015-06-20,2,2015-07-11,2641.609375,875.830078125,3731.425537109375,4425.8291015625
2015-06-20,2,2015-07-12,0.0,0.0,383.647216796875,1181.732666015625
2015-06-20,2,2015-07-13,4591.86328125,2623.068359375,5545.515625,6273.7041015625
2015-06-20,2,2015-07-14,5356.3974609375,3459.257568359375,6295.9296875,7003.388671875
2015-06-20,2,2015-07-15,5899.91796875,4150.69677734375,6813.5185546875,7659.9013671875
2015-06-20,2,2015-07-16,4710.09326171875,3016.12548828125,5691.01708984375,6400.474609375
2015-06-20,2,2015-07-17,4650.677734375,2891.96533203125,5607.7783203125,6312.80029296875
2015-06-20,2,2015-07-18,2895.89111328125,1051.9609375,3903.269775390625,4628.45068359375
2015-06-20,2,2015-07-19,0.0,0.0,669.355224609375,1464.384765625
2015-06-20,2,2015-07-20,4624.21240234375,2617.7626953125,5631.8955078125,6349.47802734375
2015-06-20,2,2015-07-21,5467.0869140625,3547.07958984375,6463.2177734375,7136.3125
2015-06-20,2,2015-07-22,5955.294921875,4151.0234375,6919.2412109375,7597.46240234375
2015-06-20,2,2015-07-23,4639.95166015625,2861.851806640625,5673.63134765625,6357.91357421875
2015-06-20,2,2015-07-24,4473.0205078125,2517.91455078125,5434.2724609375,6133.140625
2015-06-20,2,2015-07-25,2805.8486328125,798.454833984375,3865.40380859375,4631.474609375
2015-06-20,2,2015-07-26,0.0,0.0,801.206787109375,1575.0479736328125
2015-06-20,2,2015-07-27,4691.09912109375,2544.333740234375,5841.5947265625,6598.955078125
2015-06-20,2,2015-07-28,5434.90576171875,3403.652099609375,6575.15087890625,7320.31689453125
2015-06-20,2,2015-07-29,5887.04052734375,3903.527099609375,6971.4345703125,7704.80078125
2015-06-20,2,2015-07-30,4789.78759765625,2931.214599609375,5855.3251953125,6632.865234375
2015-06-20,2,2015-07-31,4657.810546875,2749.935791015625,5820.41796875,6520.083984375
2015-06-20,3,2015-06-20,4477.9208984375,1597.374267578125,6138.67724609375,7025.53466796875
2015-06-20,3,2015-06-21,0.0,0.0,1475.841552734375,2561.121826171875
2015-06-20,3,2015-06-22,7156.630859375,4083.20263671875,9008.34375,9898.9423828125
2015-06-20,3,2015-06-23,8156.849609375,4955.65234375,9924.673828125,11034.4189453125
2015-06-20,3,2015-06-24,7810.986328125,4690.96826171875,9666.794921875,10716.140625
2015-06-20,3,2015-06-25,6461.658203125,3403.768798828125,8227.21484375,9276.6337890625
2015-06-20,3,2015-06-26,7374.3125,4385.50341796875,9054.4140625,9989.7861328125
2015-06-20,3,2015-06-27,4672.9013671875,1688.470458984375,6307.0927734375,7363.994140625
2015-06-20,3,2015-06-28,0.0,0.0,1373.24853515625,2411.67236328125
2015-06-20,3,2015-06-29,7321.6962890625,4026.54931640625,8944.587890625,10058.6328125
2015-06-20,3,2015-06-30,8225.8125,4913.52880859375,10067.544921875,11029.166015625
2015-06-20,3,2015-07-01,7803.6171875,4515.9140625,9620.45703125,10799.5830078125
2015-06-20,3,2015-07-02,6731.17529296875,3638.69287109375,8565.083984375,9627.1015625
2015-06-20,3,2015-07-03,7522.0537109375,4293.58984375,9162.9970703125,10043.2822265625
2015-06-20,3,2015-07-04,4792.1748046875,1760.228759765625,6444.287109375,7409.91015625
2015-06-20,3,2015-07-05,0.0,0.0,1242.640380859375,2284.55712890625
2015-06-20,3,2015-07-06,7272.16015625,4131.99365234375,8926.40234375,9908.25390625
2015-06-20,3,2015-07-07,8405.56640625,5151.3740234375,10226.56640625,11190.46875
2015-06-20,3,2015-07-08,8007.69921875,4742.00830078125,9842.82421875,10917.638671875
2015-06-20,3,2015-07-09,6572.3134765625,3537.32373046875,8409.6201171875,9594.771484375
2015-06-20,3,2015-07-10,7406.0966796875,4178.1201171875,9152.8623046875,10114.205078125
2015-06-20,3,2015-07-11,4667.7421875,1491.494384765625,6321.8955078125,7374.9189453125
2015-06-20,3,2015-07-12,0.0,0.0,1257.860107421875,2371.89306640625
2015-06-20,3,2015-07-13,7444.7529296875,3907.666015625,9083.115234375,10277.5185546875
2015-06-20,3,2015-07-14,8148.21435546875,4643.4697265625,9965.52734375,11071.693359375
2015-06-20,3,2015-07-15,7875.10546875,4460.150390625,9810.0498046875,11078.66796875
2015-06-20,3,2015-07-16,6695.9873046875,3446.05615234375,8633.337890625,9672.8203125
2015-06-20,3,2015-07-17,7625.8642578125,4259.60693359375,9388.0380859375,10475.82421875
2015-06-20,3,2015-07-18,4737.1689453125,1565.79296875,6496.36572265625,7479.41943359375
2015-06-20,3,2015-07-19,0.0,0.0,1228.396728515625,2422.968017578125
2015-06-20,3,2015-07-20,7105.99072265625,3682.3330078125,8808.3408203125,9804.9306640625
2015-06-20,3,2015-07-21,8152.1962890625,4714.072265625,10017.578125,11108.0126953125
2015-06-20,3,2015-07-22,8038.2021484375,4513.1533203125,9859.904296875,11082.328125
2015-06-20,3,2015-07-23,6915.02099609375,3380.93359375,8816.0302734375,9993.1884765625
2015-06-20,3,2015-07-24,7568.9990234375,3897.67529296875,9228.1875,10461.4970703125
2015-06-20,3,2015-07-25,4803.2841796875,1318.711181640625,6658.9931640625,7820.45166015625
2015-06-20,3,2015-07-26,0.0,0.0,1525.817138671875,2775.44384765625
2015-06-20,3,2015-07-27,7455.28173828125,3689.0693359375,9366.53125,10541.1767578125
2015-06-20,3,2015-07-28,8249.6767578125,4392.732421875,10320.79296875,11521.828125
2015-06-20,3,2015-07-29,7744.6357421875,3775.178955078125,9873.515625,11160.232421875
2015-06-20,3,2015-07-30,6595.5830078125,2840.150634765625,8632.6787109375,10014.64453125
2015-06-20,3,2015-07-31,7208.4501953125,3461.0224609375,9231.966796875,10493.759765625
2015-06-20,4,2015-06-20,9825.9091796875,6252.3837890625,11855.453125,13032.19921875
2015-06-20,4,2015-06-21,1463.625,0.0,3571.9775390625,4833.1416015625
2015-06-20,4,2015-06-22,8520.5673828125,4917.01171875,10590.744140625,11682.046875
2015-06-20,4,2015-06-23,9827.1494140625,6388.173828125,11607.1474609375,12707.59765625
2015-06-20,4,2015-06-24,9631.029296875,6500.26171875,11319.505859375,12358.173828125
2015-06-20,4,2015-06-25,9173.978515625,6086.3173828125,10880.087890625,11906.84375
2015-06-20,4,2015-06-26,9307.484375,5904.13720703125,11145.3388671875,12145.59765625
2015-06-20,4,2015-06-27,10000.6630859375,6424.66357421875,11932.5986328125,13139.041015625
2015-06-20,4,2015-06-28,1567.1962890625,0.0,3582.694580078125,4898.93896484375
2015-06-20,4,2015-06-29,8820.3916015625,5040.14794921875,10686.7099609375,11961.919921875
2015-06-20,4,2015-06-30,9961.689453125,6273.7705078125,11789.6220703125,12939.708984375
2015-06-20,4,2015-07-01,9491.9501953125,6245.4609375,11283.6455078125,12503.900390625
2015-06-20,4,2015-07-02,9180.4951171875,5883.2265625,10960.560546875,12238.0
2015-06-20,4,2015-07-03,9532.783203125,5872.2216796875,11360.390625,12511.8681640625
2015-06-20,4,2015-07-04,9847.01953125,5802.71240234375,11820.115234375,13064.33203125
2015-06-20,4,2015-07-05,1363.80517578125,0.0,3601.265869140625,5012.4423828125
2015-06-20,4,2015-07-06,8544.669921875,4378.72412109375,10561.5703125,11985.7109375
2015-06-20,4,2015-07-07,9685.0361328125,5796.564453125,11715.9423828125,12944.927734375
2015-06-20,4,2015-07-08,9451.6064453125,5577.1533203125,11402.671875,12757.12109375
2015-06-20,4,2015-07-09,8887.3212890625,5111.234375,10872.607421875,12303.77734375
2015-06-20,4,2015-07-10,9139.794921875,4991.1015625,11384.380859375,12653.724609375
2015-06-20,4,2015-07-11,9680.2705078125,5458.5166015625,11928.5078125,13555.8984375
2015-06-20,4,2015-07-12,1375.7236328125,0.0,3831.291748046875,5568.017578125
2015-06-20,4,2015-07-13,8934.59375,4474.654296875,11109.587890625,12783.7431640625
2015-06-20,4,2015-07-14,9912.6953125,5635.0556640625,12102.9189453125,13639.6298828125
2015-06-20,4,2015-07-15,9523.8193359375,5510.56591796875,11563.8037109375,13270.076171875
2015-06-20,4,2015-07-16,9161.58203125,5217.4150390625,11265.6904296875,12686.0126953125
2015-06-20,4,2015-07-17,9254.458984375,5080.55712890625,11328.791015625,12949.3671875
2015-06-20,4,2015-07-18,9852.27734375,5469.74365234375,12156.693359375,13888.46875
2015-06-20,4,2015-07-19,1622.2021484375,0.0,4060.09765625,5869.91357421875
2015-06-20,4,2015-07-20,8891.6142578125,4201.53076171875,11371.6728515625,13003.82421875
2015-06-20,4,2015-07-21,9994.51953125,5510.259765625,12263.404296875,13901.8095703125
2015-06-20,4,2015-07-22,9743.361328125,5472.04052734375,11857.1259765625,13496.6953125
2015-06-20,4,2015-07-23,9272.126953125,5130.009765625,11452.15234375,13165.2529296875
2015-06-20,4,2015-07-24,9193.0703125,4808.552734375,11356.2734375,13241.40625
2015-06-20,4,2015-07-25,9744.0625,5080.45654296875,12221.953125,14060.482421875
2015-06-20,4,2015-07-26,1731.0458984375,0.0,4361.591796875,6449.75048828125
2015-06-20,4,2015-07-27,9009.7470703125,4211.302734375,11688.8203125,13555.412109375
2015-06-20,4,2015-07-28,9882.8154296875,5230.06201171875,12418.6728515625,14270.8828125
2015-06-20,4,2015-07-29,9501.3974609375,4995.40966796875,11775.546875,13601.265625
2015-06-20,4,2015-07-30,9314.9013671875,4833.9091796875,11639.892578125,13617.5908203125
2015-06-20,4,2015-07-31,9460.3857421875,4733.14453125,11949.00390625,13770.25
2015-06-20,5,2015-06-20,2035.9677734375,281.62939453125,3115.29296875,3741.004638671875
2015-06-20,5,2015-06-21,0.0,0.0,1039.702392578125,1781.880126953125
2015-06-20,5,2015-06-22,5071.65966796875,3155.095703125,6300.5537109375,6883.21044921875
2015-06-20,5,2015-06-23,5411.0908203125,3462.708251953125,6580.10205078125,7249.130859375
2015-06-20,5,2015-06-24,5259.8486328125,3391.044189453125,6405.146484375,7094.12890625
2015-06-20,5,2015-06-25,4747.791015625,2927.067138671875,5830.6962890625,6457.9677734375
2015-06-20,5,2015-06-26,4838.291015625,3044.12646484375,5900.9453125,6486.9140625
2015-06-20,5,2015-06-27,2084.86474609375,263.9560546875,3146.935791015625,3796.968994140625
2015-06-20,5,2015-06-28,127.689208984375,0.0,1158.072021484375,1859.3011474609375
2015-06-20,5,2015-06-29,5237.4287109375,3222.828125,6303.82080078125,6977.7822265625
2015-06-20,5,2015-06-30,5377.20654296875,3371.3984375,6498.45263671875,7152.6064453125
2015-06-20,5,2015-07-01,5255.56689453125,3279.673095703125,6438.4951171875,7104.57421875
2015-06-20,5,2015-07-02,4815.583984375,2938.888427734375,5997.53466796875,6617.0048828125
2015-06-20,5,2015-07-03,4928.2490234375,2942.61767578125,5983.40673828125,6547.962890625
2015-06-20,5,2015-07-04,2035.3052978515625,119.137451171875,3132.045166015625,3731.629638671875
2015-06-20,5,2015-07-05,0.0,0.0,1002.519287109375,1659.90087890625
2015-06-20,5,2015-07-06,5364.4423828125,3382.360107421875,6403.52783203125,7133.1357421875
2015-06-20,5,2015-07-07,5581.25732421875,3617.871337890625,6794.2587890625,7384.00830078125
2015-06-20,5,2015-07-08,5467.10546875,3574.440185546875,6592.974609375,7326.77734375
2015-06-20,5,2015-07-09,4847.5517578125,2990.8876953125,5979.880859375,6678.3212890625
2015-06-20,5,2015-07-10,4851.67431640625,2901.167724609375,5924.46630859375,6581.8408203125
2015-06-20,5,2015-07-11,2038.3525390625,55.35009765625,3204.153076171875,3841.751953125
2015-06-20,5,2015-07-12,0.0,0.0,1014.6298828125,1777.1361083984375
2015-06-20,5,2015-07-13,5375.11279296875,3214.63037109375,6441.53076171875,7202.56103515625
2015-06-20,5,2015-07-14,5161.0263671875,3053.548583984375,6236.75634765625,6922.169921875
2015-06-20,5,2015-07-15,5008.87255859375,3059.511474609375,6082.37939453125,6911.80029296875
2015-06-20,5,2015-07-16,4574.423828125,2612.60546875,5659.65673828125,6329.2470703125
2015-06-20,5,2015-07-17,4781.1474609375,2777.282958984375,5860.00390625,6533.97705078125
2015-06-20,5,2015-07-18,2181.603759765625,168.065185546875,3275.69482421875,3978.81103515625
2015-06-20,5,2015-07-19,0.0,0.0,1035.322265625,1826.0035400390625
2015-06-20,5,2015-07-20,5320.61962890625,3087.148193359375,6395.080078125,7066.0751953125
2015-06-20,5,2015-07-21,5509.53515625,3311.986572265625,6611.744140625,7230.5263671875
2015-06-20,5,2015-07-22,5437.1025390625,3364.630615234375,6540.48828125,7224.005859375
2015-06-20,5,2015-07-23,4787.14794921875,2656.6162109375,5915.03076171875,6568.7880859375
2015-06-20,5,2015-07-24,4819.1455078125,2548.750244140625,5860.04931640625,6513.421875
2015-06-20,5,2015-07-25,2091.865234375,0.0,3268.900634765625,3970.220703125
2015-06-20,5,2015-07-26,0.0,0.0,1177.4697265625,1878.4176025390625
2015-06-20,5,2015-07-27,5540.06494140625,3125.49658203125,6796.0986328125,7496.681640625
2015-06-20,5,2015-07-28,5535.7177734375,3199.147216796875,6796.0498046875,7509.228515625
2015-06-20,5,2015-07-29,5126.7119140625,2792.854736328125,6375.3486328125,7110.75
2015-06-20,5,2015-07-30,4835.18994140625,2614.03955078125,6042.064453125,6777.6142578125
2015-06-20,5,2015-07-31,4953.830078125,2726.74560546875,6220.97265625,6898.267578125
2015-06-20,6,2015-06-20,3037.400146484375,1306.14501953125,4132.76171875,4737.93896484375
2015-06-20,6,2015-06-21,0.0,0.0,979.1650390625,1765.7596435546875
2015-06-20,6,2015-06-22,4449.8798828125,2545.265380859375,5675.3359375,6225.44140625
2015-06-20,6,2015-06-23,5030.4638671875,3087.495361328125,6141.16748046875,6805.53076171875
2015-06-20,6,2015-06-24,4922.54248046875,3205.0439453125,6099.62060546875,6776.3759765625
2015-06-20,6,2015-06-25,4513.01025390625,2762.453857421875,5514.810546875,6163.66748046875
2015-06-20,6,2015-06-26,4887.3505859375,3206.0576171875,5865.4130859375,6396.01953125
2015-06-20,6,2015-06-27,2928.75732421875,1203.80078125,3875.92578125,4519.16357421875
2015-06-20,6,2015-06-28,0.0,0.0,636.147705078125,1293.207763671875
2015-06-20,6,2015-06-29,4405.912109375,2429.755126953125,5394.044921875,6006.1787109375
2015-06-20,6,2015-06-30,4968.7763671875,3104.52880859375,6009.2021484375,6656.509765625
2015-06-20,6,2015-07-01,5071.5712890625,3176.382568359375,6236.07958984375,6916.7333984375
2015-06-20,6,2015-07-02,4709.5703125,3041.29931640625,5862.779296875,6503.66552734375
2015-06-20,6,2015-07-03,4995.84375,2971.482421875,5995.7900390625,6504.529296875
2015-06-20,6,2015-07-04,3103.8828125,1212.858642578125,4187.47216796875,4681.564453125
2015-06-20,6,2015-07-05,0.0,0.0,968.3681640625,1490.07568359375
2015-06-20,6,2015-07-06,4714.47119140625,2637.095703125,5672.1767578125,6421.943359375
2015-06-20,6,2015-07-07,5259.42041015625,3213.757568359375,6539.3291015625,7047.525390625
2015-06-20,6,2015-07-08,5223.32958984375,3390.37451171875,6395.5458984375,7131.740234375
2015-06-20,6,2015-07-09,4559.9267578125,2805.26220703125,5695.8095703125,6406.80078125
2015-06-20,6,2015-07-10,4782.9765625,2946.130615234375,5896.23046875,6397.96728515625
2015-06-20,6,2015-07-11,2795.662841796875,895.03466796875,3888.58935546875,4498.076171875
2015-06-20,6,2015-07-12,0.0,0.0,668.75439453125,1351.685791015625
2015-06-20,6,2015-07-13,4547.27392578125,2568.927978515625,5601.57373046875,6237.4931640625
2015-06-20,6,2015-07-14,4901.841796875,2786.664794921875,6020.87744140625,6480.478515625
2015-06-20,6,2015-07-15,4768.7626953125,2975.00048828125,5949.767578125,6683.9970703125
2015-06-20,6,2015-07-16,4389.22021484375,2495.0048828125,5513.9384765625,6133.916015625
2015-06-20,6,2015-07-17,4870.1845703125,2990.705078125,5915.52685546875,6643.40673828125
2015-06-20,6,2015-07-18,3129.390380859375,1260.677978515625,4201.490234375,4827.11865234375
2015-06-20,6,2015-07-19,0.0,0.0,917.492431640625,1603.62841796875
2015-06-20,6,2015-07-20,4776.73046875,2879.211181640625,5726.13232421875,6327.5478515625
2015-06-20,6,2015-07-21,5344.955078125,3434.01806640625,6349.623046875,6946.02001953125
2015-06-20,6,2015-07-22,5500.64111328125,3634.814208984375,6556.794921875,7181.18408203125
2015-06-20,6,2015-07-23,4766.81103515625,2786.882568359375,5810.22119140625,6414.8173828125
2015-06-20,6,2015-07-24,4903.3359375,2777.75830078125,5876.9189453125,6472.5947265625
2015-06-20,6,2015-07-25,3117.89990234375,1017.164794921875,4217.9365234375,4856.47509765625
2015-06-20,6,2015-07-26,0.0,0.0,1076.171142578125,1710.9412841796875
2015-06-20,6,2015-07-27,5040.06396484375,2947.403076171875,6271.4658203125,6940.06884765625
2015-06-20,6,2015-07-28,5447.26806640625,3407.545166015625,6735.8095703125,7283.81884765625
2015-06-20,6,2015-07-29,5303.17919921875,3167.16455078125,6484.9228515625,7223.7685546875
2015-06-20,6,2015-07-30,5097.5302734375,3087.99365234375,6242.2470703125,6851.4375
2015-06-20,6,2015-07-31,5416.0615234375,3338.758544921875,6651.8544921875,7260.31640625
2015-06-20,7,2015-06-20,6464.19775390625,3069.7568359375,8447.080078125,9586.6181640625
2015-06-20,7,2015-06-21,43.623046875,0.0,2149.1689453125,3466.3525390625
2015-06-20,7,2015-06-22,8294.4013671875,4770.80078125,10511.869140625,11501.595703125
2015-06-20,7,2015-06-23,10219.0732421875,6714.33544921875,12141.1123046875,13355.365234375
2015-06-20,7,2015-06-24,9630.3408203125,6375.04736328125,11566.521484375,12685.720703125
2015-06-20,7,2015-06-25,8721.927734375,5528.9775390625,10499.953125,11630.138671875
2015-06-20,7,2015-06-26,9314.29296875,6011.97607421875,11166.1953125,12120.4365234375
2015-06-20,7,2015-06-27,6838.029296875,3304.560302734375,8684.58203125,9870.255859375
2015-06-20,7,2015-06-28,144.2734375,0.0,2056.93505859375,3249.66357421875
2015-06-20,7,2015-06-29,8747.9814453125,4997.99267578125,10611.384765625,11810.833984375
2015-06-20,7,2015-06-30,10353.2763671875,6761.50439453125,12241.4697265625,13339.8828125
2015-06-20,7,2015-07-01,9587.498046875,6171.9658203125,11507.82421875,12721.759765625
2015-06-20,7,2015-07-02,8747.267578125,5413.47900390625,10665.68359375,11775.552734375
2015-06-20,7,2015-07-03,9280.0185546875,5661.6318359375,11077.4921875,12073.4072265625
2015-06-20,7,2015-07-04,6514.30517578125,2778.193603515625,8496.3984375,9565.734375
2015-06-20,7,2015-07-05,0.0,0.0,1886.74951171875,3084.89208984375
2015-06-20,7,2015-07-06,8524.8984375,4593.1474609375,10483.9921875,11713.80859375
2015-06-20,7,2015-07-07,10395.5283203125,6554.078125,12513.279296875,13570.8173828125
2015-06-20,7,2015-07-08,9601.13671875,5881.36767578125,11626.0478515625,12802.2626953125
2015-06-20,7,2015-07-09,8504.728515625,4891.2265625,10514.6259765625,11768.294921875
2015-06-20,7,2015-07-10,9057.388671875,5147.1015625,11132.203125,12184.052734375
2015-06-20,7,2015-07-11,6547.8134765625,2619.190185546875,8666.087890625,9877.5380859375
2015-06-20,7,2015-07-12,0.0,0.0,2096.068359375,3435.17724609375
2015-06-20,7,2015-07-13,8576.875,4282.5673828125,10549.978515625,11890.1748046875
2015-06-20,7,2015-07-14,10106.64453125,6066.25537109375,12163.38671875,13346.609375
2015-06-20,7,2015-07-15,9283.9775390625,5449.77880859375,11322.181640625,12680.5322265625
2015-06-20,7,2015-07-16,8360.259765625,4686.08203125,10418.16796875,11598.283203125
2015-06-20,7,2015-07-17,8953.5791015625,5016.15771484375,10982.61328125,12224.9619140625
2015-06-20,7,2015-07-18,6598.8056640625,2671.497314453125,8748.7236328125,9990.10546875
2015-06-20,7,2015-07-19,0.0,0.0,2062.70947265625,3564.44140625
2015-06-20,7,2015-07-20,8568.328125,4266.0224609375,10688.115234375,11954.1884765625
2015-06-20,7,2015-07-21,10288.0185546875,6103.82275390625,12381.6953125,13598.916015625
2015-06-20,7,2015-07-22,9681.14453125,5729.6455078125,11719.138671875,13017.9833984375
2015-06-20,7,2015-07-23,8675.8466796875,4653.8671875,10744.994140625,12039.83203125
2015-06-20,7,2015-07-24,9100.3310546875,4931.34033203125,11065.33984375,12349.3076171875
2015-06-20,7,2015-07-25,6596.4306640625,2358.6015625,8783.0302734375,10146.52734375
2015-06-20,7,2015-07-26,0.0,0.0,2185.26708984375,3660.389892578125
2015-06-20,7,2015-07-27,8899.263671875,4521.9033203125,11238.3017578125,12570.41015625
2015-06-20,7,2015-07-28,10310.044921875,6010.181640625,12646.5126953125,13945.8671875
2015-06-20,7,2015-07-29,9370.8466796875,5123.71875,11618.294921875,12990.498046875
2015-06-20,7,2015-07-30,8746.087890625,4627.0537109375,10917.990234375,12307.896484375
2015-06-20,7,2015-07-31,9173.41796875,4886.8720703125,11521.546875,12808.400390625
2015-06-20,8,2015-06-20,3676.36376953125,1316.530029296875,5114.75439453125,5925.9931640625
2015-06-20,8,2015-06-21,0.0,0.0,1469.41162109375,2487.201416015625
2015-06-20,8,2015-06-22,6589.27197265625,4085.46923828125,8200.0322265625,8982.4013671875
2015-06-20,8,2015-06-23,7060.271484375,4618.93994140625,8492.046875,9389.3056640625
2015-06-20,8,2015-06-24,6932.005859375,4722.93701171875,8349.267578125,9238.1484375
2015-06-20,8,2015-06-25,6660.193359375,4461.01220703125,7994.8828125,8828.9296875
2015-06-20,8,2015-06-26,6322.25341796875,4028.99609375,7726.1875,8539.447265625
2015-06-20,8,2015-06-27,3778.72998046875,1334.05712890625,5272.06298828125,6254.5595703125
2015-06-20,8,2015-06-28,137.3212890625,0.0,1632.6943359375,2651.120361328125
2015-06-20,8,2015-06-29,6770.9482421875,4082.20166015625,8256.75,9209.04296875
2015-06-20,8,2015-06-30,6977.369140625,4391.02734375,8428.3798828125,9322.642578125
2015-06-20,8,2015-07-01,6899.26025390625,4443.05029296875,8392.591796875,9308.251953125
2015-06-20,8,2015-07-02,6795.783203125,4437.2939453125,8290.9169921875,9174.9375
2015-06-20,8,2015-07-03,6407.9580078125,3710.85009765625,7824.34765625,8641.2587890625
2015-06-20,8,2015-07-04,3650.66015625,868.533203125,5170.5693359375,6053.650390625
2015-06-20,8,2015-07-05,0.0,0.0,1455.852783203125,2420.462646484375
2015-06-20,8,2015-07-06,6898.2216796875,4032.485595703125,8351.95703125,9363.6787109375
2015-06-20,8,2015-07-07,7256.572265625,4524.96337890625,8872.6962890625,9661.34375
2015-06-20,8,2015-07-08,7104.19384765625,4585.1103515625,8616.47265625,9556.4150390625
2015-06-20,8,2015-07-09,6651.45263671875,4153.38525390625,8161.6396484375,9099.9326171875
2015-06-20,8,2015-07-10,6227.92041015625,3507.00146484375,7761.478515625,8594.0986328125
2015-06-20,8,2015-07-11,3618.30126953125,771.9287109375,5272.7607421875,6184.9794921875
2015-06-20,8,2015-07-12,0.0,0.0,1477.09130859375,2508.1279296875
2015-06-20,8,2015-07-13,6967.3564453125,3991.18017578125,8449.5361328125,9426.1328125
2015-06-20,8,2015-07-14,6972.0263671875,4133.12841796875,8392.7734375,9194.083984375
2015-06-20,8,2015-07-15,6800.8388671875,4262.025390625,8134.888671875,9130.548828125
2015-06-20,8,2015-07-16,6527.73291015625,3947.83740234375,7889.2421875,8668.970703125
2015-06-20,8,2015-07-17,6319.82568359375,3595.445556640625,7721.5673828125,8578.2900390625
2015-06-20,8,2015-07-18,3962.961181640625,1121.53466796875,5416.4482421875,6346.3369140625
2015-06-20,8,2015-07-19,39.00537109375,0.0,1558.955078125,2591.682373046875
2015-06-20,8,2015-07-20,6985.8564453125,3999.03076171875,8373.17578125,9245.5107421875
2015-06-20,8,2015-07-21,7313.61572265625,4468.93017578125,8658.837890625,9457.892578125
2015-06-20,8,2015-07-22,7343.6025390625,4717.77978515625,8627.287109375,9452.740234375
2015-06-20,8,2015-07-23,6814.51953125,4114.9658203125,8165.8759765625,8982.74609375
2015-06-20,8,2015-07-24,6431.7841796875,3473.888916015625,7692.724609375,8547.0517578125
2015-06-20,8,2015-07-25,3878.9658203125,760.4677734375,5344.67724609375,6285.0712890625
2015-06-20,8,2015-07-26,61.2783203125,0.0,1623.812255859375,2621.591552734375
2015-06-20,8,2015-07-27,7190.7744140625,3998.150390625,8722.9482421875,9653.9921875
2015-06-20,8,2015-07-28,7325.3486328125,4319.6337890625,8772.443359375,9641.029296875
2015-06-20,8,2015-07-29,6920.537109375,4045.1845703125,8255.103515625,9181.4326171875
2015-06-20,8,2015-07-30,6778.04833984375,4034.40673828125,8088.4423828125,8982.19140625
2015-06-20,8,2015-07-31,6490.02685546875,3580.36572265625,7981.052734375,8781.357421875
2015-06-20,9,2015-06-20,6806.15087890625,3225.362060546875,8924.6376953125,10050.810546875
2015-06-20,9,2015-06-21,713.201171875,0.0,2913.05126953125,4099.291015625
2015-06-20,9,2015-06-22,7501.849609375,3884.75390625,9617.68359375,10641.3173828125
2015-06-20,9,2015-06-23,8173.337890625,4749.546875,10028.31640625,10980.814453125
2015-06-20,9,2015-06-24,7787.2958984375,4667.59228515625,9563.5947265625,10422.67578125
2015-06-20,9,2015-06-25,6637.1962890625,3532.0615234375,8411.3095703125,9350.828125
2015-06-20,9,2015-06-26,7238.48974609375,3813.634033203125,9099.837890625,10028.0615234375
2015-06-20,9,2015-06-27,6878.08203125,3176.872314453125,8855.869140625,9932.9169921875
2015-06-20,9,2015-06-28,753.53271484375,0.0,2803.09716796875,3954.3310546875
2015-06-20,9,2015-06-29,7750.970703125,3968.6552734375,9607.51171875,10758.4619140625
2015-06-20,9,2015-06-30,8333.4921875,4821.55908203125,10123.2900390625,11102.46484375
2015-06-20,9,2015-07-01,7668.416015625,4495.0947265625,9365.4443359375,10367.26171875
2015-06-20,9,2015-07-02,6760.5,3633.096435546875,8455.6796875,9550.6630859375
2015-06-20,9,2015-07-03,7552.00439453125,4032.93603515625,9332.5390625,10342.6171875
2015-06-20,9,2015-07-04,6797.90625,2971.083251953125,8751.2841796875,9884.0546875
2015-06-20,9,2015-07-05,665.04443359375,0.0,2728.55615234375,3968.79833984375
2015-06-20,9,2015-07-06,7553.10009765625,3685.2685546875,9435.564453125,10603.212890625
2015-06-20,9,2015-07-07,8234.880859375,4669.5732421875,10069.265625,11019.7080078125
2015-06-20,9,2015-07-08,7719.1572265625,4282.2353515625,9432.6728515625,10428.44140625
2015-06-20,9,2015-07-09,6554.8876953125,3205.6845703125,8276.126953125,9371.228515625
2015-06-20,9,2015-07-10,7092.1533203125,3379.785888671875,9034.91796875,10058.416015625
2015-06-20,9,2015-07-11,6672.07373046875,2828.188232421875,8790.26171875,10014.736328125
2015-06-20,9,2015-07-12,731.06884765625,0.0,2986.519287109375,4331.3212890625
2015-06-20,9,2015-07-13,7951.7958984375,3982.4501953125,9978.306640625,11233.625
2015-06-20,9,2015-07-14,8278.21484375,4566.5146484375,10206.71484375,11299.880859375
2015-06-20,9,2015-07-15,7769.681640625,4298.9501953125,9628.03515625,10802.5234375
2015-06-20,9,2015-07-16,6836.9453125,3421.544677734375,8731.125,9759.5419921875
2015-06-20,9,2015-07-17,7498.38134765625,3723.388671875,9441.3916015625,10601.7939453125
2015-06-20,9,2015-07-18,7077.40478515625,3066.333251953125,9268.529296875,10480.712890625
2015-06-20,9,2015-07-19,876.1396484375,0.0,3126.741455078125,4474.6689453125
2015-06-20,9,2015-07-20,7631.80419921875,3442.96142578125,9908.615234375,11029.537109375
2015-06-20,9,2015-07-21,8233.4609375,4286.3046875,10277.841796875,11379.1845703125
2015-06-20,9,2015-07-22,7842.404296875,4170.1123046875,9688.990234375,10854.263671875
2015-06-20,9,2015-07-23,6902.7880859375,3233.12353515625,8826.84765625,9980.28125
2015-06-20,9,2015-07-24,7383.94482421875,3333.75146484375,9300.162109375,10581.837890625
2015-06-20,9,2015-07-25,6855.0654296875,2566.912841796875,9096.244140625,10446.18359375
2015-06-20,9,2015-07-26,1036.630859375,0.0,3459.33642578125,4967.06689453125
2015-06-20,9,2015-07-27,7960.46875,3676.45947265625,10298.90234375,11661.728515625
2015-06-20,9,2015-07-28,8253.0859375,4211.80419921875,10400.3466796875,11687.83203125
2015-06-20,9,2015-07-29,7657.60302734375,3790.26416015625,9577.611328125,10788.384765625
2015-06-20,9,2015-07-30,6901.994140625,3078.36181640625,8862.916015625,10175.890625
2015-06-20,9,2015-07-31,7429.1845703125,3288.846923828125,9539.005859375,10734.5068359375
2015-06-20,10,2015-06-20,5218.82470703125,3187.86376953125,6408.8447265625,7087.9130859375
2015-06-20,10,2015-06-21,587.42333984375,0.0,1858.70458984375,2614.446533203125
2015-06-20,10,2015-06-22,5554.33984375,3544.61962890625,6754.0185546875,7377.7646484375
2015-06-20,10,2015-06-23,6582.462890625,4775.5341796875,7510.2216796875,8049.849609375
2015-06-20,10,2015-06-24,6519.02099609375,5028.12255859375,7321.03271484375,7811.91162109375
2015-06-20,10,2015-06-25,5948.10009765625,4440.93994140625,6779.66162109375,7224.28076171875
2015-06-20,10,2015-06-26,6016.88330078125,4234.1669921875,6952.453125,7436.615234375
2015-06-20,10,2015-06-27,5412.0693359375,3380.447509765625,6517.2861328125,7157.65087890625
2015-06-20,10,2015-06-28,625.682373046875,0.0,1758.318359375,2483.6953125
2015-06-20,10,2015-06-29,5728.314453125,3609.37744140625,6728.36865234375,7400.8828125
2015-06-20,10,2015-06-30,6527.109375,4654.72802734375,7420.693359375,7971.40087890625
2015-06-20,10,2015-07-01,6310.3095703125,4759.814453125,7102.9013671875,7591.423828125
2015-06-20,10,2015-07-02,5893.955078125,4285.01025390625,6664.89501953125,7225.41796875
2015-06-20,10,2015-07-03,6059.8349609375,4098.14111328125,6934.1005859375,7470.017578125
2015-06-20,10,2015-07-04,5223.79296875,2947.529296875,6309.36279296875,6952.6171875
2015-06-20,10,2015-07-05,561.10107421875,0.0,1838.57275390625,2577.755126953125
2015-06-20,10,2015-07-06,5646.49072265625,3319.663330078125,6681.52099609375,7399.84130859375
2015-06-20,10,2015-07-07,6532.6640625,4524.9833984375,7547.3798828125,8076.5888671875
2015-06-20,10,2015-07-08,6524.0380859375,4670.3818359375,7410.138671875,8020.6494140625
2015-06-20,10,2015-07-09,5873.46826171875,4026.722412109375,6780.7841796875,7432.361328125
2015-06-20,10,2015-07-10,5962.8876953125,3770.029296875,7076.07666015625,7688.7119140625
2015-06-20,10,2015-07-11,5294.8134765625,2918.15234375,6594.1982421875,7448.529296875
2015-06-20,10,2015-07-12,627.607421875,0.0,2028.237548828125,2969.38671875
2015-06-20,10,2015-07-13,5878.37109375,3324.6728515625,7055.4267578125,7909.29638671875
2015-06-20,10,2015-07-14,6703.35546875,4448.36181640625,7782.310546875,8535.8720703125
2015-06-20,10,2015-07-15,6415.16455078125,4406.73486328125,7395.8935546875,8229.0
2015-06-20,10,2015-07-16,5899.55126953125,3938.124755859375,6922.85302734375,7607.55517578125
2015-06-20,10,2015-07-17,5921.59619140625,3641.1875,7011.80322265625,7838.39013671875
2015-06-20,10,2015-07-18,5297.0390625,2726.70703125,6640.84765625,7534.7783203125
2015-06-20,10,2015-07-19,670.559814453125,0.0,2114.847412109375,3105.23828125
2015-06-20,10,2015-07-20,5819.3974609375,3077.58203125,7211.4892578125,8078.6298828125
2015-06-20,10,2015-07-21,6672.4013671875,4239.81298828125,7888.873046875,8682.412109375
2015-06-20,10,2015-07-22,6564.4501953125,4404.783203125,7628.958984375,8412.697265625
2015-06-20,10,2015-07-23,6022.15283203125,3848.55322265625,7145.390625,7959.640625
2015-06-20,10,2015-07-24,6018.0546875,3491.312744140625,7173.71484375,8126.0673828125
2015-06-20,10,2015-07-25,5280.666015625,2446.69482421875,6705.91064453125,7705.0439453125
2015-06-20,10,2015-07-26,787.9638671875,0.0,2322.6923828125,3455.930908203125
2015-06-20,10,2015-07-27,5997.390625,3099.257568359375,7464.7138671875,8450.404296875
2015-06-20,10,2015-07-28,6627.87109375,4025.9970703125,7920.578125,8832.966796875
2015-06-20,10,2015-07-29,6321.9990234375,3936.787109375,7414.53173828125,8260.1640625
2015-06-20,10,2015-07-30,5894.85595703125,3536.211669921875,7012.75146484375,7955.03466796875
2015-06-20,10,2015-07-31,5969.8671875,3330.550537109375,7279.185546875,8185.89306640625
2015-06-20,11,2015-06-20,5246.56640625,2733.56640625,6740.66259765625,7587.3955078125
2015-06-20,11,2015-06-21,0.0,0.0,1420.041748046875,2371.0458984375
2015-06-20,11,2015-06-22,6739.20166015625,4136.32177734375,8260.703125,9038.3310546875
2015-06-20,11,2015-06-23,7832.33642578125,5375.52197265625,9101.548828125,9894.8828125
2015-06-20,11,2015-06-24,8396.982421875,6156.021484375,9546.984375,10331.33984375
2015-06-20,11,2015-06-25,7036.26953125,4814.15673828125,8220.8125,8974.2626953125
2015-06-20,11,2015-06-26,7200.7705078125,4692.12109375,8523.8076171875,9282.2490234375
2015-06-20,11,2015-06-27,5643.732421875,2928.063232421875,7045.5166015625,7985.56494140625
2015-06-20,11,2015-06-28,0.6845703125,0.0,1472.94482421875,2449.835693359375
2015-06-20,11,2015-06-29,6984.2685546875,4130.87841796875,8293.28515625,9237.203125
2015-06-20,11,2015-06-30,7801.69091796875,5096.66455078125,9015.818359375,9861.88671875
2015-06-20,11,2015-07-01,8230.095703125,5824.43701171875,9386.34765625,10244.171875
2015-06-20,11,2015-07-02,7063.47509765625,4596.85986328125,8235.4931640625,9127.1904296875
2015-06-20,11,2015-07-03,7281.4677734375,4508.0859375,8500.3603515625,9293.068359375
2015-06-20,11,2015-07-04,5561.568359375,2530.218017578125,6998.5458984375,7885.857421875
2015-06-20,11,2015-07-05,0.0,0.0,1505.520751953125,2533.968017578125
2015-06-20,11,2015-07-06,6907.26708984375,3816.9140625,8277.984375,9284.55078125
2015-06-20,11,2015-07-07,7831.375,4989.42919921875,9214.6044921875,10060.107421875
2015-06-20,11,2015-07-08,8428.130859375,5650.13720703125,9725.03125,10677.9453125
2015-06-20,11,2015-07-09,7079.3896484375,4361.728515625,8415.4833984375,9426.951171875
2015-06-20,11,2015-07-10,7213.822265625,4162.59130859375,8702.2626953125,9626.40234375
2015-06-20,11,2015-07-11,5586.1337890625,2504.603271484375,7214.80859375,8324.6201171875
2015-06-20,11,2015-07-12,0.0,0.0,1518.61083984375,2763.66845703125
2015-06-20,11,2015-07-13,7034.90234375,3794.6953125,8513.5439453125,9665.2353515625
2015-06-20,11,2015-07-14,7850.0,4849.93017578125,9264.4541015625,10343.388671875
2015-06-20,11,2015-07-15,8348.890625,5576.9755859375,9666.416015625,10819.4130859375
2015-06-20,11,2015-07-16,7130.1708984375,4365.1865234375,8546.091796875,9507.400390625
2015-06-20,11,2015-07-17,7181.27001953125,4170.2939453125,8582.0712890625,9643.27734375
2015-06-20,11,2015-07-18,5677.42578125,2476.4970703125,7304.3154296875,8468.890625
2015-06-20,11,2015-07-19,0.0,0.0,1672.31005859375,2975.109130859375
2015-06-20,11,2015-07-20,6931.7490234375,3515.24462890625,8563.1455078125,9715.3681640625
2015-06-20,11,2015-07-21,7871.2080078125,4656.734375,9327.45703125,10413.71875
2015-06-20,11,2015-07-22,8470.298828125,5476.232421875,9754.36328125,10877.962890625
2015-06-20,11,2015-07-23,7169.05322265625,4214.13037109375,8515.6201171875,9637.0556640625
2015-06-20,11,2015-07-24,7231.40869140625,3967.9609375,8548.896484375,9744.544921875
2015-06-20,11,2015-07-25,5584.3310546875,2185.220947265625,7163.69580078125,8396.4609375
2015-06-20,11,2015-07-26,97.392578125,0.0,1744.303955078125,3141.463134765625
2015-06-20,11,2015-07-27,7123.8232421875,3626.32373046875,8747.4697265625,9950.88671875
2015-06-20,11,2015-07-28,7859.02490234375,4580.5703125,9355.0,10525.908203125
2015-06-20,11,2015-07-29,8273.5859375,5214.09765625,9611.416015625,10739.181640625
2015-06-20,11,2015-07-30,7108.404296875,4049.3251953125,8463.705078125,9731.98046875
2015-06-20,11,2015-07-31,7259.69287109375,4030.1669921875,8835.4111328125,9968.875
2015-06-20,12,2015-06-20,6234.78271484375,3056.378173828125,8143.953125,9232.5390625
2015-06-20,12,2015-06-21,470.29052734375,0.0,2483.873046875,3695.858154296875
2015-06-20,12,2015-06-22,7211.39794921875,3984.123046875,9269.3232421875,10298.919921875
2015-06-20,12,2015-06-23,8138.5009765625,4943.05322265625,10011.107421875,11096.2001953125
2015-06-20,12,2015-06-24,8551.2685546875,5551.78466796875,10382.8486328125,11459.005859375
2015-06-20,12,2015-06-25,7327.32421875,4386.88671875,9102.80078125,10198.27734375
2015-06-20,12,2015-06-26,7473.68310546875,4372.41015625,9312.677734375,10306.515625
2015-06-20,12,2015-06-27,5865.1005859375,2566.048828125,7697.3125,8848.392578125
2015-06-20,12,2015-06-28,163.0751953125,0.0,2091.7705078125,3310.0830078125
2015-06-20,12,2015-06-29,7631.5615234375,4212.5517578125,9471.494140625,10707.517578125
2015-06-20,12,2015-06-30,8480.52734375,5180.15234375,10373.76171875,11530.603515625
2015-06-20,12,2015-07-01,8762.845703125,5635.9931640625,10661.623046875,11875.2890625
2015-06-20,12,2015-07-02,7601.130859375,4560.298828125,9474.08203125,10700.9560546875
2015-06-20,12,2015-07-03,7874.83056640625,4534.80615234375,9709.2255859375,10767.271484375
2015-06-20,12,2015-07-04,6060.6533203125,2593.612548828125,7983.78857421875,9153.49609375
2015-06-20,12,2015-07-05,80.4736328125,0.0,2149.66455078125,3399.833984375
2015-06-20,12,2015-07-06,7383.0576171875,3798.698486328125,9276.99609375,10535.841796875
2015-06-20,12,2015-07-07,8311.33984375,4864.36474609375,10343.9892578125,11431.9912109375
2015-06-20,12,2015-07-08,8686.828125,5278.7060546875,10650.2373046875,11854.443359375
2015-06-20,12,2015-07-09,7310.1396484375,4014.322265625,9291.7548828125,10583.892578125
2015-06-20,12,2015-07-10,7410.82421875,3878.17919921875,9468.326171875,10616.556640625
2015-06-20,12,2015-07-11,5857.0947265625,2383.15625,7993.609375,9287.697265625
2015-06-20,12,2015-07-12,0.0,0.0,2181.3955078125,3555.47802734375
2015-06-20,12,2015-07-13,7614.73291015625,3845.12744140625,9587.087890625,10953.875
2015-06-20,12,2015-07-14,8357.98046875,4740.9208984375,10392.4013671875,11673.2744140625
2015-06-20,12,2015-07-15,8627.9482421875,5160.85107421875,10638.361328125,12033.92578125
2015-06-20,12,2015-07-16,7585.453125,4207.375,9643.140625,10822.724609375
2015-06-20,12,2015-07-17,7811.109375,4260.63525390625,9842.078125,11127.873046875
2015-06-20,12,2015-07-18,6284.60791015625,2615.1865234375,8425.30078125,9694.333984375
2015-06-20,12,2015-07-19,314.69921875,0.0,2497.913818359375,3912.7373046875
2015-06-20,12,2015-07-20,7643.3115234375,3665.2509765625,9824.34375,11104.390625
2015-06-20,12,2015-07-21,8485.1640625,4556.9462890625,10603.091796875,11866.470703125
2015-06-20,12,2015-07-22,8983.09765625,5261.44091796875,11022.60546875,12339.8076171875
2015-06-20,12,2015-07-23,7702.36669921875,3946.82080078125,9776.2802734375,11097.466796875
2015-06-20,12,2015-07-24,7764.794921875,3861.61962890625,9783.2890625,11123.685546875
2015-06-20,12,2015-07-25,6148.5576171875,2111.01904296875,8347.3056640625,9765.568359375
2015-06-20,12,2015-07-26,444.92919921875,0.0,2747.426513671875,4292.81591796875
2015-06-20,12,2015-07-27,7920.126953125,3741.884765625,10245.3056640625,11658.708984375
2015-06-20,12,2015-07-28,8589.9111328125,4495.82275390625,10866.8974609375,12207.224609375
2015-06-20,12,2015-07-29,8791.4677734375,4796.19677734375,10957.3974609375,12307.7822265625
2015-06-20,12,2015-07-30,7876.03564453125,3903.50390625,10009.501953125,11441.048828125
2015-06-20,12,2015-07-31,8083.2314453125,4017.20751953125,10381.6015625,11698.021484375
2015-06-20,13,2015-06-20,4517.88818359375,1799.4105224609375,6122.7958984375,6987.5498046875
2015-06-20,13,2015-06-21,864.833984375,0.0,2518.80810546875,3430.583740234375
2015-06-20,13,2015-06-22,4579.94873046875,1785.5572509765625,6260.705078125,7096.9208984375
2015-06-20,13,2015-06-23,5247.05859375,2449.6103515625,6863.07958984375,7744.5576171875
2015-06-20,13,2015-06-24,5376.5048828125,2648.5341796875,6988.837890625,7834.9755859375
2015-06-20,13,2015-06-25,4550.26708984375,1852.7413330078125,6181.2939453125,7069.2666015625
2015-06-20,13,2015-06-26,4779.40380859375,1958.0809326171875,6404.7734375,7251.5927734375
2015-06-20,13,2015-06-27,4379.6240234375,1514.62841796875,5989.728515625,6886.578125
2015-06-20,13,2015-06-28,682.762451171875,0.0,2318.494873046875,3235.86279296875
2015-06-20,13,2015-06-29,4686.33154296875,1723.4869384765625,6259.9228515625,7223.1328125
2015-06-20,13,2015-06-30,5229.09912109375,2285.20703125,6841.2998046875,7738.75927734375
2015-06-20,13,2015-07-01,5137.26318359375,2314.51513671875,6774.876953125,7691.8525390625
2015-06-20,13,2015-07-02,4481.0107421875,1720.3642578125,6098.07861328125,7029.50146484375
2015-06-20,13,2015-07-03,4973.0029296875,2045.1876220703125,6561.07470703125,7420.2578125
2015-06-20,13,2015-07-04,4442.21533203125,1469.1416015625,6052.609375,6939.185546875
2015-06-20,13,2015-07-05,779.931884765625,0.0,2400.0625,3331.415771484375
2015-06-20,13,2015-07-06,4579.0126953125,1541.666748046875,6176.09716796875,7076.44970703125
2015-06-20,13,2015-07-07,5123.763671875,2126.361328125,6777.5859375,7622.4404296875
2015-06-20,13,2015-07-08,5188.80029296875,2159.58935546875,6825.162109375,7761.3818359375
2015-06-20,13,2015-07-09,4513.5703125,1586.607666015625,6191.01123046875,7192.369140625
2015-06-20,13,2015-07-10,4779.3232421875,1696.1431884765625,6506.17578125,7406.7626953125
2015-06-20,13,2015-07-11,4329.33056640625,1293.80224609375,6059.51025390625,7034.71142578125
2015-06-20,13,2015-07-12,661.076171875,0.0,2442.615234375,3484.23779296875
2015-06-20,13,2015-07-13,4700.34375,1530.778076171875,6395.89453125,7439.97900390625
2015-06-20,13,2015-07-14,5075.5087890625,1954.2412109375,6838.33837890625,7781.5654296875
2015-06-20,13,2015-07-15,5167.8525390625,2075.8046875,6939.4033203125,8008.11328125
2015-06-20,13,2015-07-16,4636.49169921875,1651.4652099609375,6398.3525390625,7353.4111328125
2015-06-20,13,2015-07-17,4963.541015625,1886.574462890625,6721.501953125,7706.71630859375
2015-06-20,13,2015-07-18,4582.4443359375,1479.026611328125,6376.123046875,7375.4091796875
2015-06-20,13,2015-07-19,884.385498046875,0.0,2679.76025390625,3747.3173828125
2015-06-20,13,2015-07-20,4544.69482421875,1323.76953125,6420.83837890625,7387.94775390625
2015-06-20,13,2015-07-21,5068.26416015625,1817.5576171875,6876.77490234375,7862.861328125
2015-06-20,13,2015-07-22,5265.91357421875,2119.357421875,7043.16162109375,8081.3271484375
2015-06-20,13,2015-07-23,4679.4853515625,1544.7294921875,6466.14892578125,7495.81787109375
2015-06-20,13,2015-07-24,4865.2802734375,1624.684326171875,6563.6015625,7653.3349609375
2015-06-20,13,2015-07-25,4383.0361328125,1146.43701171875,6212.78125,7247.83203125
2015-06-20,13,2015-07-26,936.46630859375,0.0,2820.7412109375,3943.939453125
2015-06-20,13,2015-07-27,4769.11328125,1491.663330078125,6666.0654296875,7730.08056640625
2015-06-20,13,2015-07-28,5139.3271484375,1845.743408203125,7019.6005859375,8091.458984375
2015-06-20,13,2015-07-29,5174.0234375,1880.175048828125,6979.47509765625,8024.7255859375
2015-06-20,13,2015-07-30,4678.81982421875,1456.1083984375,6491.2666015625,7600.517578125
2015-06-20,13,2015-07-31,4936.5166015625,1633.548583984375,6762.35205078125,7780.396484375
2015-06-20,14,2015-06-20,3326.820556640625,1016.322509765625,4611.984375,5339.3603515625
2015-06-20,14,2015-06-21,0.0,0.0,1155.390625,1970.80126953125
2015-06-20,14,2015-06-22,5850.5576171875,3368.805419921875,7245.0009765625,7878.708984375
2015-06-20,14,2015-06-23,6413.05078125,3994.31005859375,7615.650390625,8344.12109375
2015-06-20,14,2015-06-24,6017.3935546875,3803.3798828125,7232.69140625,7902.60546875
2015-06-20,14,2015-06-25,5425.76806640625,3230.2373046875,6580.9580078125,7232.443359375
2015-06-20,14,2015-06-26,5952.94091796875,3614.6591796875,7141.3330078125,7779.97265625
2015-06-20,14,2015-06-27,3486.2255859375,1027.697998046875,4753.28515625,5521.2099609375
2015-06-20,14,2015-06-28,0.0,0.0,1078.044921875,1859.188720703125
2015-06-20,14,2015-06-29,5945.51123046875,3316.419189453125,7145.0234375,7927.30029296875
2015-06-20,14,2015-06-30,6220.08642578125,3645.787109375,7414.4853515625,8095.6923828125
2015-06-20,14,2015-07-01,5880.1669921875,3500.834716796875,7055.3271484375,7769.033203125
2015-06-20,14,2015-07-02,5244.99755859375,2913.58154296875,6449.4228515625,7147.802734375
2015-06-20,14,2015-07-03,5937.361328125,3422.33984375,7124.2021484375,7738.6669921875
2015-06-20,14,2015-07-04,3376.8759765625,761.804443359375,4668.00439453125,5340.41455078125
2015-06-20,14,2015-07-05,0.0,0.0,951.095947265625,1702.869873046875
2015-06-20,14,2015-07-06,5877.62451171875,3146.711181640625,7090.05029296875,7805.0322265625
2015-06-20,14,2015-07-07,6387.90283203125,3778.306884765625,7628.3037109375,8237.5234375
2015-06-20,14,2015-07-08,6128.453125,3585.677978515625,7327.6142578125,8007.58203125
2015-06-20,14,2015-07-09,5277.36328125,2790.145751953125,6466.04296875,7192.3427734375
2015-06-20,14,2015-07-10,5869.5693359375,3112.79833984375,7091.21240234375,7708.54296875
2015-06-20,14,2015-07-11,3444.39794921875,677.658203125,4757.990234375,5503.38232421875
2015-06-20,14,2015-07-12,0.0,0.0,1219.44189453125,2042.447265625
2015-06-20,14,2015-07-13,6161.375,3231.56884765625,7425.5927734375,8226.3955078125
2015-06-20,14,2015-07-14,6203.6142578125,3434.24853515625,7471.0927734375,8194.7314453125
2015-06-20,14,2015-07-15,5922.5673828125,3285.84619140625,7180.57763671875,8006.724609375
2015-06-20,14,2015-07-16,5294.2490234375,2696.165771484375,6580.8857421875,7246.37890625
2015-06-20,14,2015-07-17,5911.58056640625,3093.96142578125,7195.0107421875,7904.51513671875
2015-06-20,14,2015-07-18,3543.55859375,719.81298828125,4937.74951171875,5700.0361328125
2015-06-20,14,2015-07-19,0.0,0.0,1121.741455078125,2055.76025390625
2015-06-20,14,2015-07-20,5825.87353515625,2846.96826171875,7206.22900390625,7931.533203125
2015-06-20,14,2015-07-21,6238.37451171875,3406.183349609375,7578.8818359375,8282.4462890625
2015-06-20,14,2015-07-22,6094.435546875,3369.98828125,7342.3115234375,8117.5390625
2015-06-20,14,2015-07-23,5432.771484375,2637.2021484375,6737.9716796875,7498.33935546875
2015-06-20,14,2015-07-24,5907.01904296875,2888.1904296875,7143.3193359375,7945.5625
2015-06-20,14,2015-07-25,3473.115478515625,414.021728515625,4930.06689453125,5775.9873046875
2015-06-20,14,2015-07-26,0.0,0.0,1311.096923828125,2252.88623046875
2015-06-20,14,2015-07-27,6094.05615234375,2928.24609375,7608.0068359375,8414.01171875
2015-06-20,14,2015-07-28,6227.23388671875,3201.32958984375,7706.484375,8514.4306640625
2015-06-20,14,2015-07-29,5766.97216796875,2783.7255859375,7150.88427734375,7956.8984375
2015-06-20,14,2015-07-30,5253.74609375,2327.71923828125,6624.37060546875,7445.1552734375
2015-06-20,14,2015-07-31,5771.8896484375,2666.4384765625,7214.50390625,7945.806640625
2015-06-20,15,2015-06-20,5940.46728515625,3430.10546875,7383.7919921875,8188.2353515625
2015-06-20,15,2015-06-21,42.33544921875,0.0,1532.240478515625,2474.1435546875
2015-06-20,15,2015-06-22,6366.34765625,3737.000244140625,7908.6669921875,8665.1025390625
2015-06-20,15,2015-06-23,7339.166015625,4681.81982421875,8705.28125,9568.630859375
2015-06-20,15,2015-06-24,7466.72607421875,5002.189453125,8806.7646484375,9659.4765625
2015-06-20,15,2015-06-25,6763.4609375,4351.48046875,8073.4716796875,8859.537109375
2015-06-20,15,2015-06-26,7619.88623046875,5161.4453125,8987.142578125,9696.8046875
2015-06-20,15,2015-06-27,6061.17333984375,3546.375244140625,7421.6572265625,8301.296875
2015-06-20,15,2015-06-28,0.0,0.0,1129.067138671875,2035.0625
2015-06-20,15,2015-06-29,6578.34716796875,3877.865966796875,7895.4453125,8773.513671875
2015-06-20,15,2015-06-30,7408.8818359375,4744.71484375,8729.021484375,9545.544921875
2015-06-20,15,2015-07-01,7369.40478515625,4878.9111328125,8678.919921875,9535.5
2015-06-20,15,2015-07-02,6674.6044921875,4240.95263671875,7962.7470703125,8828.0185546875
2015-06-20,15,2015-07-03,7404.345703125,4673.60498046875,8626.640625,9321.32421875
2015-06-20,15,2015-07-04,5967.267578125,3147.65966796875,7306.36328125,8098.486328125
2015-06-20,15,2015-07-05,0.0,0.0,1199.690185546875,2073.9306640625
2015-06-20,15,2015-07-06,6519.861328125,3553.097900390625,7846.70654296875,8762.2294921875
2015-06-20,15,2015-07-07,7306.9208984375,4466.88427734375,8837.9140625,9604.294921875
2015-06-20,15,2015-07-08,7539.390625,4735.205078125,9008.615234375,9923.2880859375
2015-06-20,15,2015-07-09,6692.7255859375,3987.24755859375,8153.28759765625,9140.1494140625
2015-06-20,15,2015-07-10,7402.041015625,4436.38818359375,8928.654296875,9697.044921875
2015-06-20,15,2015-07-11,5975.07275390625,3061.71484375,7507.228515625,8536.9453125
2015-06-20,15,2015-07-12,0.0,0.0,1384.374755859375,2454.12109375
2015-06-20,15,2015-07-13,6707.1572265625,3538.977783203125,8184.61767578125,9234.8369140625
2015-06-20,15,2015-07-14,7505.01416015625,4404.20166015625,9047.72265625,9986.9765625
2015-06-20,15,2015-07-15,7480.4541015625,4527.67529296875,9000.23046875,10105.890625
2015-06-20,15,2015-07-16,6738.70751953125,3835.6474609375,8278.267578125,9225.7578125
2015-06-20,15,2015-07-17,7423.14404296875,4397.2490234375,8911.064453125,9907.46875
2015-06-20,15,2015-07-18,6131.037109375,3100.0361328125,7739.740234375,8744.8134765625
2015-06-20,15,2015-07-19,0.0,0.0,1619.81640625,2752.788330078125
2015-06-20,15,2015-07-20,6773.76953125,3429.45458984375,8436.130859375,9462.416015625
2015-06-20,15,2015-07-21,7690.04833984375,4385.1240234375,9345.4833984375,10378.919921875
2015-06-20,15,2015-07-22,7873.3740234375,4724.6728515625,9497.765625,10571.271484375
2015-06-20,15,2015-07-23,7124.2822265625,3941.866943359375,8734.8896484375,9824.322265625
2015-06-20,15,2015-07-24,7725.78515625,4387.48095703125,9184.59375,10323.3671875
2015-06-20,15,2015-07-25,6298.76171875,2931.341796875,7946.42041015625,9065.072265625
2015-06-20,15,2015-07-26,169.03515625,0.0,1899.14404296875,3131.02783203125
2015-06-20,15,2015-07-27,7192.302734375,3599.23876953125,8982.58984375,10094.2001953125
2015-06-20,15,2015-07-28,7932.31787109375,4374.89599609375,9745.173828125,10839.48046875
2015-06-20,15,2015-07-29,7794.8671875,4283.318359375,9506.841796875,10664.4384765625
2015-06-20,15,2015-07-30,7216.3779296875,3793.822265625,8922.1787109375,10123.5361328125
2015-06-20,15,2015-07-31,7802.8759765625,4315.95703125,9610.220703125,10729.39453125
2015-06-20,85,2015-06-20,5936.05712890625,4087.08251953125,7349.48388671875,8355.9990234375
2015-06-20,85,2015-06-21,10283.7470703125,8014.1904296875,12047.14453125,13084.775390625
2015-06-20,85,2015-06-22,8820.443359375,6521.7763671875,10578.70703125,11653.2021484375
2015-06-20,85,2015-06-23,6918.0693359375,5020.96923828125,8510.720703125,9578.3291015625
2015-06-20,85,2015-06-24,6489.6845703125,4949.376953125,7856.5263671875,8763.845703125
2015-06-20,85,2015-06-25,6562.513671875,5107.02880859375,7773.4033203125,8641.03515625
2015-06-20,85,2015-06-26,6738.8994140625,5163.998046875,8132.15673828125,9061.2509765625
2015-06-20,85,2015-06-27,5870.17822265625,3881.5302734375,7575.65673828125,8694.5107421875
2015-06-20,85,2015-06-28,10209.13671875,7822.60595703125,12102.08984375,13346.533203125
2015-06-20,85,2015-06-29,8919.111328125,6519.18115234375,10803.01953125,12057.380859375
2015-06-20,85,2015-06-30,7055.78076171875,4988.4658203125,8816.3994140625,10007.158203125
2015-06-20,85,2015-07-01,6802.2109375,5101.04296875,8210.626953125,9299.482421875
2015-06-20,85,2015-07-02,6744.126953125,5210.322265625,8062.927734375,9034.84375
2015-06-20,85,2015-07-03,6654.1708984375,5029.18310546875,8106.4736328125,9264.6328125
2015-06-20,85,2015-07-04,5860.16552734375,3914.598876953125,7600.96044921875,8907.4462890625
2015-06-20,85,2015-07-05,10212.8642578125,7781.435546875,12179.693359375,13495.166015625
2015-06-20,85,2015-07-06,9001.287109375,6608.63232421875,11018.080078125,12338.4404296875
2015-06-20,85,2015-07-07,7034.70068359375,5009.55126953125,8840.078125,10110.4853515625
2015-06-20,85,2015-07-08,6644.8466796875,4918.25341796875,8159.7021484375,9378.0546875
2015-06-20,85,2015-07-09,6607.318359375,4978.9765625,7957.1005859375,9104.48828125
2015-06-20,85,2015-07-10,6723.82470703125,4998.66845703125,8193.76953125,9420.2841796875
2015-06-20,85,2015-07-11,5895.46044921875,3711.16357421875,7649.1259765625,8837.6259765625
2015-06-20,85,2015-07-12,10157.94140625,7590.24267578125,12078.697265625,13404.478515625
2015-06-20,85,2015-07-13,8787.7783203125,6313.6787109375,10772.52734375,12154.283203125
2015-06-20,85,2015-07-14,6931.736328125,4791.279296875,8727.65625,10006.7353515625
2015-06-20,85,2015-07-15,6605.3330078125,4752.66943359375,8136.6962890625,9303.255859375
2015-06-20,85,2015-07-16,6587.154296875,5032.98046875,7928.962890625,8986.68359375
2015-06-20,85,2015-07-17,6822.57275390625,5115.05126953125,8419.720703125,9441.123046875
2015-06-20,85,2015-07-18,6001.7861328125,3818.689453125,7818.048828125,9095.96875
2015-06-20,85,2015-07-19,10175.9765625,7590.46630859375,12213.966796875,13533.888671875
2015-06-20,85,2015-07-20,8924.9765625,6264.69091796875,11051.1171875,12377.716796875
2015-06-20,85,2015-07-21,6917.53466796875,4635.8857421875,8846.8271484375,10143.2666015625
2015-06-20,85,2015-07-22,6543.6513671875,4670.744140625,8143.3310546875,9307.3740234375
2015-06-20,85,2015-07-23,6642.51513671875,4911.7021484375,8100.78466796875,9223.673828125
2015-06-20,85,2015-07-24,6793.85400390625,4929.4892578125,8451.5078125,9692.3359375
2015-06-20,85,2015-07-25,6001.22021484375,3765.575927734375,7986.884765625,9338.5400390625
2015-06-20,85,2015-07-26,10070.12109375,7370.904296875,12266.423828125,13759.4140625
2015-06-20,85,2015-07-27,8687.5771484375,6004.916015625,10950.5947265625,12383.57421875
2015-06-20,85,2015-07-28,6810.8662109375,4518.86669921875,8803.46484375,10246.4638671875
2015-06-20,85,2015-07-29,6629.7568359375,4850.94384765625,8392.201171875,9648.4716796875
2015-06-20,85,2015-07-30,6647.98779296875,4955.56591796875,8173.92822265625,9410.8837890625
2015-06-20,85,2015-07-31,6822.10791015625,5052.212890625,8517.171875,9822.4453125
2015-06-20,122,2015-06-20,7645.15771484375,5735.14892578125,8828.646484375,9502.51953125
2015-06-20,122,2015-06-21,3448.208984375,1486.9609375,4700.7373046875,5410.419921875
2015-06-20,122,2015-06-22,7347.19189453125,5356.47314453125,8634.3466796875,9292.2001953125
2015-06-20,122,2015-06-23,7277.201171875,5309.89013671875,8465.521484375,9136.109375
2015-06-20,122,2015-06-24,7369.3857421875,5508.14501953125,8534.8837890625,9235.3779296875
2015-06-20,122,2015-06-25,7011.0166015625,5195.3916015625,8197.37109375,8899.353515625
2015-06-20,122,2015-06-26,7146.99609375,5136.6640625,8367.69140625,9080.6318359375
2015-06-20,122,2015-06-27,7532.82568359375,5439.001953125,8786.7666015625,9601.634765625
2015-06-20,122,2015-06-28,3396.606689453125,1296.2470703125,4760.8876953125,5579.1640625
2015-06-20,122,2015-06-29,7492.77587890625,5327.8818359375,8767.9541015625,9601.3427734375
2015-06-20,122,2015-06-30,7507.08984375,5343.173828125,8770.494140625,9531.8173828125
2015-06-20,122,2015-07-01,7541.52978515625,5484.93359375,8764.43359375,9583.970703125
2015-06-20,122,2015-07-02,7329.08349609375,5337.453125,8586.97265625,9420.7158203125
2015-06-20,122,2015-07-03,7527.33203125,5376.29931640625,8736.693359375,9551.92578125
2015-06-20,122,2015-07-04,7675.79541015625,5385.94775390625,8947.9365234375,9826.9638671875
2015-06-20,122,2015-07-05,3424.515869140625,1233.65576171875,4840.18701171875,5776.73291015625
2015-06-20,122,2015-07-06,7366.93212890625,5032.4853515625,8741.443359375,9663.1826171875
2015-06-20,122,2015-07-07,7343.3466796875,5083.94384765625,8709.5234375,9559.3671875
2015-06-20,122,2015-07-08,7396.57080078125,5116.43359375,8707.681640625,9627.830078125
2015-06-20,122,2015-07-09,7049.361328125,4826.06787109375,8368.21875,9330.5390625
2015-06-20,122,2015-07-10,7024.47119140625,4683.8798828125,8412.03125,9363.046875
2015-06-20,122,2015-07-11,7259.3056640625,4889.697265625,8682.0380859375,9694.95703125
2015-06-20,122,2015-07-12,3249.056396484375,902.77734375,4758.22216796875,5805.30029296875
2015-06-20,122,2015-07-13,7522.36279296875,5145.14453125,8877.7080078125,9903.7109375
2015-06-20,122,2015-07-14,7620.1943359375,5339.3349609375,8984.7265625,9874.689453125
2015-06-20,122,2015-07-15,7535.3037109375,5304.35400390625,8824.23046875,9796.13671875
2015-06-20,122,2015-07-16,7346.54833984375,5171.994140625,8624.044921875,9489.228515625
2015-06-20,122,2015-07-17,7583.1435546875,5376.0029296875,8889.4189453125,9819.5849609375
2015-06-20,122,2015-07-18,7842.935546875,5511.76220703125,9192.51953125,10186.564453125
2015-06-20,122,2015-07-19,3642.988525390625,1323.18603515625,5039.04443359375,6037.00537109375
2015-06-20,122,2015-07-20,7525.255859375,5137.13330078125,8975.435546875,9849.791015625
2015-06-20,122,2015-07-21,7415.529296875,5131.955078125,8794.0849609375,9715.826171875
2015-06-20,122,2015-07-22,7508.3056640625,5296.45947265625,8811.3115234375,9775.962890625
2015-06-20,122,2015-07-23,7176.93408203125,5004.19091796875,8530.3486328125,9476.822265625
2015-06-20,122,2015-07-24,7123.39453125,4765.65478515625,8386.419921875,9451.515625
2015-06-20,122,2015-07-25,7375.23095703125,4894.3154296875,8698.435546875,9741.03515625
2015-06-20,122,2015-07-26,3460.29443359375,973.0283203125,4898.60595703125,6047.8544921875
2015-06-20,122,2015-07-27,7509.8173828125,5003.9912109375,8927.65234375,10012.697265625
2015-06-20,122,2015-07-28,7471.908203125,5029.2841796875,8877.140625,9925.400390625
2015-06-20,122,2015-07-29,7560.36767578125,5229.29443359375,8894.9248046875,9973.9365234375
2015-06-20,122,2015-07-30,7380.5009765625,5052.607421875,8780.169921875,9852.0009765625
2015-06-20,122,2015-07-31,7515.568359375,5062.0966796875,8923.90234375,9950.6640625
2015-06-20,209,2015-06-20,5233.1669921875,3081.69970703125,6483.8046875,7187.33251953125
2015-06-20,209,2015-06-21,2435.2861328125,195.01953125,3779.03076171875,4517.4697265625
2015-06-20,209,2015-06-22,5748.68603515625,3625.580078125,7027.1826171875,7661.04638671875
2015-06-20,209,2015-06-23,6624.26953125,4664.6259765625,7687.70849609375,8290.6787109375
2015-06-20,209,2015-06-24,6280.51318359375,4531.0029296875,7261.3271484375,7828.5283203125
2015-06-20,209,2015-06-25,6130.68408203125,4337.97119140625,7113.54296875,7689.60302734375
2015-06-20,209,2015-06-26,5945.779296875,3901.72607421875,7051.57763671875,7638.173828125
2015-06-20,209,2015-06-27,5233.72265625,2926.259033203125,6454.9033203125,7170.0654296875
2015-06-20,209,2015-06-28,2455.39208984375,83.40478515625,3728.8369140625,4511.47900390625
2015-06-20,209,2015-06-29,5930.5859375,3599.9873046875,7121.4189453125,7847.97216796875
2015-06-20,209,2015-06-30,6653.60693359375,4517.21728515625,7724.7099609375,8374.181640625
2015-06-20,209,2015-07-01,6264.4033203125,4345.02685546875,7284.45947265625,7900.21875
2015-06-20,209,2015-07-02,6195.1474609375,4263.95556640625,7191.947265625,7880.0498046875
2015-06-20,209,2015-07-03,6097.2587890625,3879.489990234375,7172.0,7832.3681640625
2015-06-20,209,2015-07-04,5212.50732421875,2771.81005859375,6447.1083984375,7190.94921875
2015-06-20,209,2015-07-05,2421.78662109375,5.58984375,3784.8330078125,4576.345703125
2015-06-20,209,2015-07-06,5809.75341796875,3371.21337890625,7010.1650390625,7770.19482421875
2015-06-20,209,2015-07-07,6559.017578125,4366.95458984375,7681.21630859375,8312.48828125
2015-06-20,209,2015-07-08,6240.0625,4163.62060546875,7265.982421875,7921.345703125
2015-06-20,209,2015-07-09,6112.30078125,4020.910400390625,7165.62109375,7882.85302734375
2015-06-20,209,2015-07-10,5903.5908203125,3558.7822265625,7119.716796875,7809.06494140625
2015-06-20,209,2015-07-11,5137.7548828125,2638.010009765625,6496.908203125,7320.9189453125
2015-06-20,209,2015-07-12,2418.371337890625,0.0,3844.502685546875,4729.47900390625
2015-06-20,209,2015-07-13,5990.09130859375,3417.86572265625,7249.2109375,8073.5810546875
2015-06-20,209,2015-07-14,6643.17919921875,4318.63671875,7773.78125,8498.2568359375
2015-06-20,209,2015-07-15,6184.326171875,4034.294921875,7231.087890625,7990.7060546875
2015-06-20,209,2015-07-16,6175.8876953125,4076.571533203125,7249.244140625,7923.71435546875
2015-06-20,209,2015-07-17,6054.3837890625,3718.773681640625,7243.0595703125,7979.9619140625
2015-06-20,209,2015-07-18,5400.41796875,2846.448486328125,6727.69091796875,7579.875
2015-06-20,209,2015-07-19,2580.87109375,0.0,3950.69970703125,4885.70556640625
2015-06-20,209,2015-07-20,5929.23583984375,3273.3984375,7245.6748046875,8051.150390625
2015-06-20,209,2015-07-21,6601.5849609375,4162.6171875,7729.939453125,8484.810546875
2015-06-20,209,2015-07-22,6258.36279296875,4071.36181640625,7286.72265625,8028.81689453125
2015-06-20,209,2015-07-23,6176.00830078125,3931.325439453125,7248.88330078125,7992.03076171875
2015-06-20,209,2015-07-24,5972.06396484375,3463.10595703125,7114.7802734375,7929.1708984375
2015-06-20,209,2015-07-25,5199.90576171875,2462.968017578125,6551.53955078125,7433.73681640625
2015-06-20,209,2015-07-26,2566.3115234375,0.0,3992.88525390625,4993.14892578125
2015-06-20,209,2015-07-27,6008.3798828125,3260.556884765625,7372.57958984375,8255.4609375
2015-06-20,209,2015-07-28,6607.9296875,4110.3671875,7800.97216796875,8642.39453125
2015-06-20,209,2015-07-29,6257.2333984375,3919.85595703125,7307.708984375,8113.32421875
2015-06-20,209,2015-07-30,6272.7099609375,3901.3994140625,7360.22119140625,8184.189453125
2015-06-20,209,2015-07-31,6081.07177734375,3489.6943359375,7357.267578125,8160.36572265625
2015-06-20,259,2015-06-20,9731.62109375,6946.87939453125,11813.5419921875,13136.775390625
2015-06-20,259,2015-06-21,16629.12109375,13628.8515625,18874.984375,20153.658203125
2015-06-20,259,2015-06-22,14612.5869140625,11608.7734375,16879.580078125,18187.79296875
2015-06-20,259,2015-06-23,13072.98046875,10366.779296875,15239.990234375,16649.98828125
2015-06-20,259,2015-06-24,12669.779296875,10028.7080078125,14753.03515625,16008.48828125
2015-06-20,259,2015-06-25,14079.4697265625,11449.08203125,16011.30078125,17223.61328125
2015-06-20,259,2015-06-26,13727.791015625,11105.6435546875,15771.1142578125,17087.322265625
2015-06-20,259,2015-06-27,9588.935546875,6878.12109375,11844.453125,13282.6650390625
2015-06-20,259,2015-06-28,16660.283203125,13676.2294921875,18966.626953125,20383.748046875
2015-06-20,259,2015-06-29,14670.8935546875,11668.2158203125,16969.857421875,18416.03515625
2015-06-20,259,2015-06-30,13187.0869140625,10343.8583984375,15474.1396484375,16880.91796875
2015-06-20,259,2015-07-01,12895.1015625,10165.912109375,14933.658203125,16316.8115234375
2015-06-20,259,2015-07-02,14189.9111328125,11448.41015625,16205.75,17427.25390625
2015-06-20,259,2015-07-03,13785.810546875,11124.5791015625,15805.1904296875,17175.8984375
2015-06-20,259,2015-07-04,9940.2353515625,7219.18505859375,12119.6005859375,13618.0478515625
2015-06-20,259,2015-07-05,16976.478515625,13921.3701171875,19195.001953125,20581.171875
2015-06-20,259,2015-07-06,14946.3349609375,11912.7705078125,17242.76171875,18689.71484375
2015-06-20,259,2015-07-07,13260.6357421875,10444.58984375,15441.4892578125,16897.482421875
2015-06-20,259,2015-07-08,12872.94921875,10050.474609375,14939.595703125,16391.763671875
2015-06-20,259,2015-07-09,14238.04296875,11427.59765625,16234.0126953125,17592.78125
2015-06-20,259,2015-07-10,13802.052734375,10927.814453125,15878.671875,17349.966796875
2015-06-20,259,2015-07-11,9697.4599609375,6618.35009765625,11939.791015625,13350.26171875
2015-06-20,259,2015-07-12,16581.701171875,13205.875,18881.5546875,20346.1015625
2015-06-20,259,2015-07-13,14425.9140625,11085.8837890625,16795.826171875,18273.126953125
2015-06-20,259,2015-07-14,12942.7578125,9826.4013671875,15211.572265625,16644.642578125
2015-06-20,259,2015-07-15,12663.8291015625,9521.99609375,14814.220703125,16233.9287109375
2015-06-20,259,2015-07-16,14005.498046875,11023.2412109375,16045.162109375,17362.0703125
2015-06-20,259,2015-07-17,13842.859375,10849.080078125,16066.568359375,17356.609375
2015-06-20,259,2015-07-18,9995.5341796875,6739.38134765625,12266.2216796875,13717.3798828125
2015-06-20,259,2015-07-19,16894.5859375,13455.3759765625,19204.541015625,20629.1875
2015-06-20,259,2015-07-20,14852.7646484375,11376.44921875,17206.78515625,18705.44921875
2015-06-20,259,2015-07-21,13243.244140625,10070.5263671875,15617.166015625,17121.365234375
2015-06-20,259,2015-07-22,12902.4365234375,9785.5205078125,15129.205078125,16557.296875
2015-06-20,259,2015-07-23,14068.4228515625,11018.8876953125,16186.197265625,17574.8515625
2015-06-20,259,2015-07-24,13743.5712890625,10633.658203125,15984.6328125,17445.625
2015-06-20,259,2015-07-25,9809.326171875,6575.69970703125,12239.345703125,13777.0712890625
2015-06-20,259,2015-07-26,16726.369140625,13094.5419921875,19221.515625,20736.98828125
2015-06-20,259,2015-07-27,14615.826171875,10987.642578125,17112.55078125,18631.3359375
2015-06-20,259,2015-07-28,13248.966796875,9804.4521484375,15601.095703125,17157.88671875
2015-06-20,259,2015-07-29,12883.34765625,9686.7646484375,15141.7255859375,16603.693359375
2015-06-20,259,2015-07-30,14084.513671875,10807.75390625,16177.162109375,17579.759765625
2015-06-20,259,2015-07-31,13999.564453125,10832.7275390625,16223.287109375,17679.43359375
2015-06-20,262,2015-06-20,19124.046875,15147.88671875,22420.859375,24814.37109375
2015-06-20,262,2015-06-21,24219.22265625,19897.962890625,27948.46484375,30374.244140625
2015-06-20,262,2015-06-22,20930.841796875,17055.595703125,24386.546875,26743.90625
2015-06-20,262,2015-06-23,18782.28515625,15870.201171875,21775.013671875,24039.751953125
2015-06-20,262,2015-06-24,19012.296875,16731.087890625,21672.298828125,23589.107421875
2015-06-20,262,2015-06-25,19509.830078125,17148.30078125,22103.517578125,24166.94140625
2015-06-20,262,2015-06-26,20310.625,17470.0625,23382.068359375,25674.787109375
2015-06-20,262,2015-06-27,19332.6484375,15656.4990234375,23068.923828125,25723.794921875
2015-06-20,262,2015-06-28,24118.49609375,19911.279296875,28066.296875,30793.576171875
2015-06-20,262,2015-06-29,21062.83984375,17156.734375,24759.46875,27520.05078125
2015-06-20,262,2015-06-30,18989.67578125,15827.6982421875,22318.341796875,24792.33984375
2015-06-20,262,2015-07-01,19079.734375,16531.201171875,21861.3828125,24261.7578125
2015-06-20,262,2015-07-02,19205.365234375,16726.7109375,21974.28515625,24291.6875
2015-06-20,262,2015-07-03,19867.09765625,16885.0078125,23118.115234375,25775.078125
2015-06-20,262,2015-07-04,19173.970703125,15490.8515625,22955.2890625,25997.9375
2015-06-20,262,2015-07-05,23783.265625,19547.275390625,27824.2109375,30904.291015625
2015-06-20,262,2015-07-06,20933.6875,17082.693359375,24892.255859375,27843.9453125
2015-06-20,262,2015-07-07,19000.6171875,16023.3046875,22482.716796875,25294.5625
2015-06-20,262,2015-07-08,19148.23046875,16649.4453125,22196.880859375,24914.83984375
2015-06-20,262,2015-07-09,19166.27734375,16551.4921875,22164.794921875,24963.140625
2015-06-20,262,2015-07-10,20122.025390625,17033.935546875,23603.49609375,26545.271484375
2015-06-20,262,2015-07-11,19333.1953125,15381.2568359375,23418.3671875,26480.904296875
2015-06-20,262,2015-07-12,23855.978515625,19475.26953125,28142.6953125,31332.544921875
2015-06-20,262,2015-07-13,20966.546875,17032.00390625,25116.87890625,28295.203125
2015-06-20,262,2015-07-14,19032.630859375,15913.9462890625,22561.267578125,25560.029296875
2015-06-20,262,2015-07-15,19160.86328125,16518.73828125,22310.138671875,25065.27734375
2015-06-20,262,2015-07-16,19352.689453125,16945.259765625,22438.31640625,25075.193359375
2015-06-20,262,2015-07-17,20318.8671875,17324.564453125,23998.328125,26702.1953125
2015-06-20,262,2015-07-18,19327.064453125,15399.7216796875,23451.7421875,26664.267578125
2015-06-20,262,2015-07-19,23525.681640625,19142.3203125,27991.71484375,31220.380859375
2015-06-20,262,2015-07-20,20862.634765625,16758.451171875,25204.765625,28324.46484375
2015-06-20,262,2015-07-21,18769.6875,15492.0126953125,22650.099609375,25584.861328125
2015-06-20,262,2015-07-22,18977.9140625,16377.255859375,22344.767578125,25092.224609375
2015-06-20,262,2015-07-23,19232.3828125,16499.357421875,22592.46875,25394.0078125
2015-06-20,262,2015-07-24,20079.27734375,16656.77734375,23933.28125,26941.8203125
2015-06-20,262,2015-07-25,19212.126953125,15083.5,23752.40625,27063.6171875
2015-06-20,262,2015-07-26,23377.1171875,18641.150390625,28166.515625,31651.18359375
2015-06-20,262,2015-07-27,20721.759765625,16400.966796875,25280.66015625,28616.81640625
2015-06-20,262,2015-07-28,18845.861328125,15491.951171875,22767.4140625,25982.341796875
2015-06-20,262,2015-07-29,19154.671875,16526.21484375,22682.9140625,25654.49609375
2015-06-20,262,2015-07-30,19423.044921875,16720.775390625,22861.65625,25940.1328125
2015-06-20,262,2015-07-31,20226.263671875,16997.046875,24250.767578125,27476.171875
