origin,date,store_nbr,family,prediction,q10,q80,q90,quantiles_ordered
2017-07-02,2017-07-02,1,BABY CARE,0.0,0.0,0.0,0.0,True
2017-07-02,2017-07-03,1,BABY CARE,0.0,0.0,0.0,0.0,True
2017-07-02,2017-07-04,1,BABY CARE,0.0,0.0,0.0,0.0,True
2017-07-02,2017-07-05,1,BABY CARE,0.0,0.0,0.0,0.0,True
2017-07-02,2017-07-06,1,BABY CARE,0.0,0.0,0.0,0.0,True
2017-07-02,2017-07-07,1,BABY CARE,0.0,0.0,0.0,0.0,True
2017-07-02,2017-07-08,1,BABY CARE,0.0,0.0,0.0,0.0,True
2017-07-02,2017-07-09,1,BABY CARE,0.0,0.0,0.0,0.0,True
2017-07-02,2017-07-10,1,BABY CARE,0.0,0.0,0.0,0.0,True
2017-07-02,2017-07-11,1,BABY CARE,0.0,0.0,0.0,0.0,True
2017-07-02,2017-07-12,1,BABY CARE,0.0,0.0,0.0,0.0,True
2017-07-02,2017-07-13,1,BABY CARE,0.0,0.0,0.0,0.0,True
2017-07-02,2017-07-14,1,BABY CARE,0.0,0.0,0.0,0.0,True
2017-07-02,2017-07-15,1,BABY CARE,0.0,0.0,0.0,0.0,True
2017-07-02,2017-07-16,1,BABY CARE,0.0,0.0,0.0,0.0,True
2017-07-02,2017-07-02,1,BEVERAGES,1123.04638671875,596.7232666015625,1426.7908935546875,1614.415283203125,True
2017-07-02,2017-07-03,1,BEVERAGES,2352.24609375,1832.60107421875,2669.084716796875,2827.21435546875,True
2017-07-02,2017-07-04,1,BEVERAGES,2339.6552734375,1864.130859375,2621.38330078125,2755.972900390625,True
2017-07-02,2017-07-05,1,BEVERAGES,2492.79052734375,2058.799072265625,2734.045166015625,2873.955322265625,True
2017-07-02,2017-07-06,1,BEVERAGES,2261.947998046875,1854.4779052734375,2497.350830078125,2635.900634765625,True
2017-07-02,2017-07-07,1,BEVERAGES,2463.48193359375,1982.116943359375,2705.501708984375,2848.216064453125,True
2017-07-02,2017-07-08,1,BEVERAGES,2576.928955078125,2045.96875,2863.01220703125,3021.0078125,True
2017-07-02,2017-07-09,1,BEVERAGES,1131.3199462890625,590.0250244140625,1445.2860107421875,1618.56982421875,True
2017-07-02,2017-07-10,1,BEVERAGES,2356.1533203125,1829.6329345703125,2643.35986328125,2815.03564453125,True
2017-07-02,2017-07-11,1,BEVERAGES,2346.1845703125,1858.3800048828125,2596.52099609375,2739.75341796875,True
2017-07-02,2017-07-12,1,BEVERAGES,2475.41650390625,2040.3828125,2698.45703125,2823.608642578125,True
2017-07-02,2017-07-13,1,BEVERAGES,2266.916015625,1818.19482421875,2477.41162109375,2614.5029296875,True
2017-07-02,2017-07-14,1,BEVERAGES,2421.696044921875,1922.767333984375,2657.89306640625,2795.047119140625,True
2017-07-02,2017-07-15,1,BEVERAGES,2549.81494140625,2000.320556640625,2817.388671875,2982.581787109375,True
2017-07-02,2017-07-16,1,BEVERAGES,1130.447265625,568.9344482421875,1445.24609375,1638.1650390625,True
2017-07-02,2017-07-02,1,BOOKS,0.0,0.0,0.5605591535568237,0.8014964461326599,True
2017-07-02,2017-07-03,1,BOOKS,0.0,0.0,0.6313326358795166,0.91236811876297,True
2017-07-02,2017-07-04,1,BOOKS,0.020362764596939087,0.0,0.7080377340316772,1.0064690113067627,True
2017-07-02,2017-07-05,1,BOOKS,0.023782044649124146,0.0,0.7321832180023193,1.0621156692504883,True
2017-07-02,2017-07-06,1,BOOKS,0.013082504272460938,0.0,0.7310726046562195,1.0766880512237549,True
2017-07-02,2017-07-07,1,BOOKS,0.004399716854095459,0.0,0.7262297868728638,1.0820612907409668,True
2017-07-02,2017-07-08,1,BOOKS,0.001346975564956665,0.0,0.7212215662002563,1.093451738357544,True
2017-07-02,2017-07-09,1,BOOKS,0.0,0.0,0.7173060178756714,1.1169910430908203,True
2017-07-02,2017-07-10,1,BOOKS,0.0,0.0,0.7399863600730896,1.1408060789108276,True
2017-07-02,2017-07-11,1,BOOKS,0.009610652923583984,0.0,0.7703853845596313,1.1936464309692383,True
2017-07-02,2017-07-12,1,BOOKS,0.025720864534378052,0.0,0.7990092039108276,1.2174386978149414,True
2017-07-02,2017-07-13,1,BOOKS,0.0,0.0,0.7664097547531128,1.2049586772918701,True
2017-07-02,2017-07-14,1,BOOKS,0.002150923013687134,0.0,0.7652658224105835,1.194897174835205,True
2017-07-02,2017-07-15,1,BOOKS,0.009534239768981934,0.0,0.7810057401657104,1.2151038646697998,True
2017-07-02,2017-07-16,1,BOOKS,0.001295626163482666,0.0,0.7904860973358154,1.2424616813659668,True
2017-07-02,2017-07-02,1,GROCERY I,1386.735107421875,697.5430908203125,1821.1083984375,2095.504638671875,True
2017-07-02,2017-07-03,1,GROCERY I,2698.607421875,2038.2137451171875,3145.59423828125,3376.154296875,True
2017-07-02,2017-07-04,1,GROCERY I,3017.6689453125,2421.174560546875,3392.9951171875,3591.026611328125,True
2017-07-02,2017-07-05,1,GROCERY I,3207.7470703125,2683.8916015625,3522.62158203125,3722.837646484375,True
2017-07-02,2017-07-06,1,GROCERY I,2849.830078125,2348.119140625,3150.14208984375,3356.4462890625,True
2017-07-02,2017-07-07,1,GROCERY I,2984.433349609375,2400.5263671875,3305.45751953125,3505.064453125,True
2017-07-02,2017-07-08,1,GROCERY I,2779.004150390625,2110.46435546875,3168.62451171875,3404.677001953125,True
2017-07-02,2017-07-09,1,GROCERY I,1467.529052734375,761.1234130859375,1880.1773681640625,2142.49072265625,True
2017-07-02,2017-07-10,1,GROCERY I,2757.880615234375,2092.362548828125,3149.75390625,3406.12841796875,True
2017-07-02,2017-07-11,1,GROCERY I,3044.38916015625,2436.971923828125,3383.88232421875,3612.1669921875,True
2017-07-02,2017-07-12,1,GROCERY I,3200.735595703125,2673.04345703125,3510.13916015625,3719.84619140625,True
2017-07-02,2017-07-13,1,GROCERY I,2853.132080078125,2310.164306640625,3156.8193359375,3363.09375,True
2017-07-02,2017-07-14,1,GROCERY I,3002.236328125,2382.99462890625,3341.0888671875,3576.80322265625,True
2017-07-02,2017-07-15,1,GROCERY I,2795.93310546875,2090.68896484375,3184.470458984375,3440.193115234375,True
2017-07-02,2017-07-16,1,GROCERY I,1481.003662109375,750.86474609375,1929.6988525390625,2232.8154296875,True
2017-07-02,2017-07-02,1,HOME APPLIANCES,0.2969704270362854,0.0,1.0212981700897217,1.4383434057235718,True
2017-07-02,2017-07-03,1,HOME APPLIANCES,0.2965015172958374,0.0,1.0643432140350342,1.5177085399627686,True
2017-07-02,2017-07-04,1,HOME APPLIANCES,0.3207855522632599,0.0,1.1319305896759033,1.5950486660003662,True
2017-07-02,2017-07-05,1,HOME APPLIANCES,0.3405737280845642,0.0,1.1584908962249756,1.6570907831192017,True
2017-07-02,2017-07-06,1,HOME APPLIANCES,0.363510400056839,0.0,1.1955852508544922,1.702945590019226,True
2017-07-02,2017-07-07,1,HOME APPLIANCES,0.3780040144920349,0.0,1.2263400554656982,1.7270768880844116,True
2017-07-02,2017-07-08,1,HOME APPLIANCES,0.38181501626968384,0.0,1.2362470626831055,1.7518411874771118,True
2017-07-02,2017-07-09,1,HOME APPLIANCES,0.3681975305080414,0.0,1.215177297592163,1.7443211078643799,True
2017-07-02,2017-07-10,1,HOME APPLIANCES,0.3519158661365509,0.0,1.2190804481506348,1.7330220937728882,True
2017-07-02,2017-07-11,1,HOME APPLIANCES,0.31325799226760864,0.0,1.180464267730713,1.7105144262313843,True
2017-07-02,2017-07-12,1,HOME APPLIANCES,0.3118811845779419,0.0,1.1956640481948853,1.7186532020568848,True
2017-07-02,2017-07-13,1,HOME APPLIANCES,0.31432002782821655,0.0,1.1875935792922974,1.736716628074646,True
2017-07-02,2017-07-14,1,HOME APPLIANCES,0.31518903374671936,0.0,1.1947355270385742,1.7304376363754272,True
2017-07-02,2017-07-15,1,HOME APPLIANCES,0.32930147647857666,0.0,1.2077107429504395,1.7475545406341553,True
2017-07-02,2017-07-16,1,HOME APPLIANCES,0.34013715386390686,0.0,1.2177200317382812,1.771911382675171,True
2017-07-02,2017-07-02,1,LAWN AND GARDEN,10.914734840393066,3.66214656829834,16.767797470092773,20.583887100219727,True
2017-07-02,2017-07-03,1,LAWN AND GARDEN,15.430166244506836,7.939170837402344,21.795875549316406,25.798572540283203,True
2017-07-02,2017-07-04,1,LAWN AND GARDEN,18.779678344726562,10.146263122558594,26.042236328125,30.457416534423828,True
2017-07-02,2017-07-05,1,LAWN AND GARDEN,20.693984985351562,11.209257125854492,28.571277618408203,33.53617858886719,True
2017-07-02,2017-07-06,1,LAWN AND GARDEN,19.675249099731445,9.876489639282227,27.777952194213867,32.810699462890625,True
2017-07-02,2017-07-07,1,LAWN AND GARDEN,22.184175491333008,12.949102401733398,29.841934204101562,34.54210662841797,True
2017-07-02,2017-07-08,1,LAWN AND GARDEN,17.1560001373291,9.039510726928711,24.14407730102539,28.753334045410156,True
2017-07-02,2017-07-09,1,LAWN AND GARDEN,10.371851921081543,2.9936866760253906,16.871797561645508,21.20012092590332,True
2017-07-02,2017-07-10,1,LAWN AND GARDEN,14.886883735656738,7.092857360839844,21.5598201751709,26.02762222290039,True
2017-07-02,2017-07-11,1,LAWN AND GARDEN,18.368135452270508,9.471649169921875,25.597654342651367,30.391189575195312,True
2017-07-02,2017-07-12,1,LAWN AND GARDEN,20.152894973754883,10.335704803466797,28.150243759155273,33.23426818847656,True
2017-07-02,2017-07-13,1,LAWN AND GARDEN,19.210607528686523,9.404303550720215,27.384017944335938,32.52231216430664,True
2017-07-02,2017-07-14,1,LAWN AND GARDEN,21.687105178833008,12.317211151123047,29.399707794189453,34.205116271972656,True
2017-07-02,2017-07-15,1,LAWN AND GARDEN,16.837549209594727,8.732955932617188,23.81044578552246,28.3447265625,True
2017-07-02,2017-07-16,1,LAWN AND GARDEN,10.20949935913086,3.0541858673095703,16.7692928314209,21.273956298828125,True
2017-07-02,2017-07-02,1,"LIQUOR,WINE,BEER",42.573753356933594,15.211830139160156,64.52579498291016,79.45790100097656,True
2017-07-02,2017-07-03,1,"LIQUOR,WINE,BEER",56.412654876708984,34.88101577758789,76.07650756835938,89.87567138671875,True
2017-07-02,2017-07-04,1,"LIQUOR,WINE,BEER",74.69107055664062,50.519962310791016,96.93919372558594,111.1201400756836,True
2017-07-02,2017-07-05,1,"LIQUOR,WINE,BEER",86.05217742919922,53.413238525390625,113.56600952148438,132.291259765625,True
2017-07-02,2017-07-06,1,"LIQUOR,WINE,BEER",94.3792724609375,52.6078987121582,127.15672302246094,148.22283935546875,True
2017-07-02,2017-07-07,1,"LIQUOR,WINE,BEER",137.88165283203125,94.60061645507812,172.5553436279297,193.11489868164062,True
2017-07-02,2017-07-08,1,"LIQUOR,WINE,BEER",131.9872589111328,94.26959991455078,162.45217895507812,183.0435791015625,True
2017-07-02,2017-07-09,1,"LIQUOR,WINE,BEER",42.98219680786133,14.396224975585938,67.33682250976562,85.73989868164062,True
2017-07-02,2017-07-10,1,"LIQUOR,WINE,BEER",54.042884826660156,31.414737701416016,75.22211456298828,90.59486389160156,True
2017-07-02,2017-07-11,1,"LIQUOR,WINE,BEER",76.19908142089844,49.39563751220703,97.79364013671875,115.01321411132812,True
2017-07-02,2017-07-12,1,"LIQUOR,WINE,BEER",86.75773620605469,52.1988525390625,114.97846984863281,133.99234008789062,True
2017-07-02,2017-07-13,1,"LIQUOR,WINE,BEER",96.03448486328125,53.79008865356445,130.64747619628906,152.85699462890625,True
2017-07-02,2017-07-14,1,"LIQUOR,WINE,BEER",138.54779052734375,92.65531158447266,174.8984375,196.86175537109375,True
2017-07-02,2017-07-15,1,"LIQUOR,WINE,BEER",131.09884643554688,91.14157104492188,162.32672119140625,182.703857421875,True
2017-07-02,2017-07-16,1,"LIQUOR,WINE,BEER",44.31610107421875,15.413642883300781,69.19068908691406,87.69459533691406,True
2017-07-02,2017-07-02,1,MAGAZINES,4.532089710235596,1.228311538696289,7.139231204986572,8.832260131835938,True
2017-07-02,2017-07-03,1,MAGAZINES,4.4115800857543945,1.1240496635437012,7.133376121520996,8.918813705444336,True
2017-07-02,2017-07-04,1,MAGAZINES,5.811380386352539,2.4278171062469482,8.717652320861816,10.555997848510742,True
2017-07-02,2017-07-05,1,MAGAZINES,6.431347370147705,2.922985792160034,9.416513442993164,11.435386657714844,True
2017-07-02,2017-07-06,1,MAGAZINES,6.214218616485596,2.545732021331787,9.275689125061035,11.330078125,True
2017-07-02,2017-07-07,1,MAGAZINES,6.462965488433838,2.8796701431274414,9.57537841796875,11.568098068237305,True
2017-07-02,2017-07-08,1,MAGAZINES,6.6270294189453125,3.109100341796875,9.679178237915039,11.777299880981445,True
2017-07-02,2017-07-09,1,MAGAZINES,4.665217876434326,1.324204921722412,7.684835433959961,9.748955726623535,True
2017-07-02,2017-07-10,1,MAGAZINES,4.581575870513916,1.1972780227661133,7.661662578582764,9.730984687805176,True
2017-07-02,2017-07-11,1,MAGAZINES,6.020515441894531,2.4822795391082764,9.094640731811523,11.31009292602539,True
2017-07-02,2017-07-12,1,MAGAZINES,6.543301582336426,2.8113722801208496,9.837507247924805,11.988296508789062,True
2017-07-02,2017-07-13,1,MAGAZINES,6.452105522155762,2.720240592956543,9.774944305419922,12.08456802368164,True
2017-07-02,2017-07-14,1,MAGAZINES,6.5781965255737305,2.8333194255828857,9.98180103302002,12.193327903747559,True
2017-07-02,2017-07-15,1,MAGAZINES,6.669620513916016,3.026614189147949,9.976279258728027,12.241313934326172,True
2017-07-02,2017-07-16,1,MAGAZINES,4.645515441894531,1.0446906089782715,7.86207389831543,10.120174407958984,True
2017-07-02,2017-07-02,5,BABY CARE,0.0086897611618042,0.0,0.4610424339771271,0.718817949295044,True
2017-07-02,2017-07-03,5,BABY CARE,0.001034379005432129,0.0,0.5074416399002075,0.813504159450531,True
2017-07-02,2017-07-04,5,BABY CARE,0.011459752917289734,0.0,0.5600672960281372,0.888965368270874,True
2017-07-02,2017-07-05,5,BABY CARE,0.005574390292167664,0.0,0.5662024021148682,0.9469878673553467,True
2017-07-02,2017-07-06,5,BABY CARE,0.010738208889961243,0.0,0.5972057580947876,0.9894245266914368,True
2017-07-02,2017-07-07,5,BABY CARE,0.00030569732189178467,0.0,0.5984675288200378,1.018264889717102,True
2017-07-02,2017-07-08,5,BABY CARE,0.0,0.0,0.5983445644378662,1.0491642951965332,True
2017-07-02,2017-07-09,5,BABY CARE,0.0,0.0,0.5996342897415161,1.079728364944458,True
2017-07-02,2017-07-10,5,BABY CARE,0.0,0.0,0.6052855253219604,1.0776009559631348,True
2017-07-02,2017-07-11,5,BABY CARE,0.0,0.0,0.6142591834068298,1.1193560361862183,True
2017-07-02,2017-07-12,5,BABY CARE,0.005390644073486328,0.0,0.6385196447372437,1.141310453414917,True
2017-07-02,2017-07-13,5,BABY CARE,0.0,0.0,0.6383579969406128,1.1776366233825684,True
2017-07-02,2017-07-14,5,BABY CARE,0.0,0.0,0.650784969329834,1.191603422164917,True
2017-07-02,2017-07-15,5,BABY CARE,0.00927707552909851,0.0,0.6758290529251099,1.2277019023895264,True
2017-07-02,2017-07-16,5,BABY CARE,0.008946731686592102,0.0,0.6908535361289978,1.2539783716201782,True
2017-07-02,2017-07-02,5,BEVERAGES,2199.200927734375,1902.6943359375,2412.514892578125,2546.37109375,True
2017-07-02,2017-07-03,5,BEVERAGES,1887.5406494140625,1581.1405029296875,2114.994873046875,2256.35302734375,True
2017-07-02,2017-07-04,5,BEVERAGES,1664.3115234375,1389.1466064453125,1886.1009521484375,2034.1365966796875,True
2017-07-02,2017-07-05,5,BEVERAGES,1627.5447998046875,1368.72216796875,1831.7210693359375,1973.04150390625,True
2017-07-02,2017-07-06,5,BEVERAGES,1553.8118896484375,1298.4677734375,1754.5283203125,1907.0972900390625,True
2017-07-02,2017-07-07,5,BEVERAGES,1728.0401611328125,1457.4356689453125,1954.674072265625,2109.221923828125,True
2017-07-02,2017-07-08,5,BEVERAGES,1921.514892578125,1610.6104736328125,2164.3955078125,2328.913330078125,True
2017-07-02,2017-07-09,5,BEVERAGES,2224.849609375,1892.8271484375,2480.7109375,2656.17529296875,True
2017-07-02,2017-07-10,5,BEVERAGES,1902.4842529296875,1574.3201904296875,2153.19482421875,2326.068603515625,True
2017-07-02,2017-07-11,5,BEVERAGES,1679.71044921875,1384.8360595703125,1912.392822265625,2085.31640625,True
2017-07-02,2017-07-12,5,BEVERAGES,1658.4505615234375,1383.386474609375,1872.755859375,2029.1929931640625,True
2017-07-02,2017-07-13,5,BEVERAGES,1580.8594970703125,1326.678466796875,1796.371337890625,1952.75732421875,True
2017-07-02,2017-07-14,5,BEVERAGES,1749.0648193359375,1469.77099609375,1978.6995849609375,2145.83251953125,True
2017-07-02,2017-07-15,5,BEVERAGES,1941.8116455078125,1633.36865234375,2197.27001953125,2380.717529296875,True
2017-07-02,2017-07-16,5,BEVERAGES,2233.146240234375,1893.06884765625,2494.60595703125,2680.046875,True
2017-07-02,2017-07-02,5,BOOKS,0.0,0.0,0.006228432059288025,0.0196848064661026,True
2017-07-02,2017-07-03,5,BOOKS,0.0017015039920806885,0.0,0.009210050106048584,0.01895742118358612,True
2017-07-02,2017-07-04,5,BOOKS,0.0,0.0,0.005179464817047119,0.01985296607017517,True
2017-07-02,2017-07-05,5,BOOKS,0.0008427053689956665,0.0,0.00616435706615448,0.03238336741924286,True
2017-07-02,2017-07-06,5,BOOKS,0.0014051496982574463,0.0,0.009089052677154541,0.028797417879104614,True
2017-07-02,2017-07-07,5,BOOKS,0.0007621347904205322,0.0,0.011756137013435364,0.031153947114944458,True
2017-07-02,2017-07-08,5,BOOKS,0.0,0.0,0.0040755122900009155,0.03374698758125305,True
2017-07-02,2017-07-09,5,BOOKS,0.002749413251876831,0.0,0.00924411416053772,0.051642656326293945,True
2017-07-02,2017-07-10,5,BOOKS,0.002274543046951294,0.0,0.005372136831283569,0.03124399483203888,True
2017-07-02,2017-07-11,5,BOOKS,0.001596018671989441,0.0,0.006420835852622986,0.03441396355628967,True
2017-07-02,2017-07-12,5,BOOKS,0.00020776689052581787,0.0,0.01041044294834137,0.03188985586166382,True
2017-07-02,2017-07-13,5,BOOKS,0.0015217065811157227,0.0,0.004200875759124756,0.055458515882492065,True
2017-07-02,2017-07-14,5,BOOKS,0.0002573728561401367,0.0,0.002179458737373352,0.043177708983421326,True
2017-07-02,2017-07-15,5,BOOKS,0.0012338757514953613,0.0,0.0025854110717773438,0.03765329718589783,True
2017-07-02,2017-07-16,5,BOOKS,0.0014547854661941528,0.0,0.0,0.036431655287742615,True
2017-07-02,2017-07-02,5,GROCERY I,3385.651611328125,2979.456787109375,3675.5009765625,3852.046875,True
2017-07-02,2017-07-03,5,GROCERY I,2959.680419921875,2579.68408203125,3247.11328125,3423.093017578125,True
2017-07-02,2017-07-04,5,GROCERY I,2816.5498046875,2487.46728515625,3079.7412109375,3238.098388671875,True
2017-07-02,2017-07-05,5,GROCERY I,2776.031982421875,2473.9716796875,3010.966796875,3169.6943359375,True
2017-07-02,2017-07-06,5,GROCERY I,2626.582763671875,2312.458984375,2879.104248046875,3042.494384765625,True
2017-07-02,2017-07-07,5,GROCERY I,2930.343994140625,2567.6748046875,3218.47119140625,3400.13818359375,True
2017-07-02,2017-07-08,5,GROCERY I,3256.46240234375,2834.90673828125,3572.977294921875,3775.916015625,True
2017-07-02,2017-07-09,5,GROCERY I,3352.38818359375,2907.435546875,3683.870849609375,3900.13232421875,True
2017-07-02,2017-07-10,5,GROCERY I,2916.803466796875,2507.587646484375,3230.88427734375,3432.43359375,True
2017-07-02,2017-07-11,5,GROCERY I,2731.750732421875,2375.172607421875,3010.420166015625,3206.4013671875,True
2017-07-02,2017-07-12,5,GROCERY I,2709.433837890625,2372.38232421875,2966.9140625,3140.076171875,True
2017-07-02,2017-07-13,5,GROCERY I,2577.291748046875,2238.82177734375,2843.64404296875,3036.8515625,True
2017-07-02,2017-07-14,5,GROCERY I,2914.268798828125,2535.498046875,3217.927734375,3417.95068359375,True
2017-07-02,2017-07-15,5,GROCERY I,3247.4482421875,2811.123779296875,3578.085205078125,3788.132568359375,True
2017-07-02,2017-07-16,5,GROCERY I,3352.501953125,2901.912109375,3692.197021484375,3905.6875,True
2017-07-02,2017-07-02,5,HOME APPLIANCES,0.48331108689308167,0.0,1.4529457092285156,2.041053056716919,True
2017-07-02,2017-07-03,5,HOME APPLIANCES,0.4744613766670227,0.0,1.4910560846328735,2.1168649196624756,True
2017-07-02,2017-07-04,5,HOME APPLIANCES,0.4082901179790497,0.0,1.4534204006195068,2.088696002960205,True
2017-07-02,2017-07-05,5,HOME APPLIANCES,0.3952617645263672,0.0,1.4371743202209473,2.101858615875244,True
2017-07-02,2017-07-06,5,HOME APPLIANCES,0.41299861669540405,0.0,1.4757943153381348,2.149557113647461,True
2017-07-02,2017-07-07,5,HOME APPLIANCES,0.41679704189300537,0.0,1.5171829462051392,2.1869306564331055,True
2017-07-02,2017-07-08,5,HOME APPLIANCES,0.41351065039634705,0.0,1.553459644317627,2.249718189239502,True
2017-07-02,2017-07-09,5,HOME APPLIANCES,0.4602859318256378,0.0,1.5920400619506836,2.310209274291992,True
2017-07-02,2017-07-10,5,HOME APPLIANCES,0.4817938506603241,0.0,1.6239365339279175,2.3208627700805664,True
2017-07-02,2017-07-11,5,HOME APPLIANCES,0.3892718255519867,0.0,1.5141687393188477,2.2150330543518066,True
2017-07-02,2017-07-12,5,HOME APPLIANCES,0.36059996485710144,0.0,1.4831328392028809,2.171323776245117,True
2017-07-02,2017-07-13,5,HOME APPLIANCES,0.39215999841690063,0.0,1.492909550666809,2.205272674560547,True
2017-07-02,2017-07-14,5,HOME APPLIANCES,0.4158801734447479,0.0,1.5267038345336914,2.2500572204589844,True
2017-07-02,2017-07-15,5,HOME APPLIANCES,0.4355695843696594,0.0,1.5664772987365723,2.293985366821289,True
2017-07-02,2017-07-16,5,HOME APPLIANCES,0.4632863402366638,0.0,1.6173779964447021,2.367258071899414,True
2017-07-02,2017-07-02,5,LAWN AND GARDEN,9.841897010803223,3.549014091491699,14.795047760009766,18.134742736816406,True
2017-07-02,2017-07-03,5,LAWN AND GARDEN,6.870050430297852,1.3704967498779297,11.673921585083008,14.835947036743164,True
2017-07-02,2017-07-04,5,LAWN AND GARDEN,7.172955513000488,2.327198028564453,11.7340087890625,14.74344539642334,True
2017-07-02,2017-07-05,5,LAWN AND GARDEN,8.10162353515625,3.520500659942627,12.461414337158203,15.5687255859375,True
2017-07-02,2017-07-06,5,LAWN AND GARDEN,7.551203727722168,2.6674818992614746,12.070319175720215,15.244218826293945,True
2017-07-02,2017-07-07,5,LAWN AND GARDEN,8.68258285522461,3.4007792472839355,13.536767959594727,16.837020874023438,True
2017-07-02,2017-07-08,5,LAWN AND GARDEN,10.98845386505127,5.527814865112305,16.025798797607422,19.44843292236328,True
2017-07-02,2017-07-09,5,LAWN AND GARDEN,9.713079452514648,4.539250373840332,14.569001197814941,18.04079818725586,True
2017-07-02,2017-07-10,5,LAWN AND GARDEN,6.82070255279541,2.0878190994262695,11.369805335998535,14.580574035644531,True
2017-07-02,2017-07-11,5,LAWN AND GARDEN,6.851849555969238,2.444981098175049,10.981823921203613,14.197551727294922,True
2017-07-02,2017-07-12,5,LAWN AND GARDEN,7.723299980163574,3.1450796127319336,11.990704536437988,15.057605743408203,True
2017-07-02,2017-07-13,5,LAWN AND GARDEN,7.257521152496338,2.4747281074523926,11.865797996520996,15.170755386352539,True
2017-07-02,2017-07-14,5,LAWN AND GARDEN,8.524267196655273,2.905834197998047,13.532752990722656,17.098052978515625,True
2017-07-02,2017-07-15,5,LAWN AND GARDEN,10.846855163574219,5.200967311859131,15.930935859680176,19.510513305664062,True
2017-07-02,2017-07-16,5,LAWN AND GARDEN,9.620068550109863,4.0656280517578125,14.591821670532227,18.179189682006836,True
2017-07-02,2017-07-02,5,"LIQUOR,WINE,BEER",49.61590576171875,28.437402725219727,68.09467315673828,80.59536743164062,True
2017-07-02,2017-07-03,5,"LIQUOR,WINE,BEER",30.596832275390625,13.139118194580078,47.51681137084961,60.06298065185547,True
2017-07-02,2017-07-04,5,"LIQUOR,WINE,BEER",32.96719741821289,17.22356414794922,49.82447052001953,61.60657501220703,True
2017-07-02,2017-07-05,5,"LIQUOR,WINE,BEER",36.382041931152344,17.72742462158203,53.96076202392578,67.34172058105469,True
2017-07-02,2017-07-06,5,"LIQUOR,WINE,BEER",46.61604690551758,22.93929100036621,67.37590789794922,82.33634948730469,True
2017-07-02,2017-07-07,5,"LIQUOR,WINE,BEER",75.90817260742188,47.20624542236328,99.65965270996094,115.1851806640625,True
2017-07-02,2017-07-08,5,"LIQUOR,WINE,BEER",99.537109375,69.42608642578125,123.69435119628906,141.43130493164062,True
2017-07-02,2017-07-09,5,"LIQUOR,WINE,BEER",48.876426696777344,22.435569763183594,71.09370422363281,88.65675354003906,True
2017-07-02,2017-07-10,5,"LIQUOR,WINE,BEER",31.310720443725586,9.961593627929688,51.360755920410156,66.19752502441406,True
2017-07-02,2017-07-11,5,"LIQUOR,WINE,BEER",32.35028839111328,12.298675537109375,49.9127082824707,64.53376007080078,True
2017-07-02,2017-07-12,5,"LIQUOR,WINE,BEER",36.866180419921875,15.726524353027344,56.83477783203125,70.90946960449219,True
2017-07-02,2017-07-13,5,"LIQUOR,WINE,BEER",49.865055084228516,23.472871780395508,72.23040771484375,89.7927017211914,True
2017-07-02,2017-07-14,5,"LIQUOR,WINE,BEER",78.23727416992188,47.42960739135742,104.1944351196289,121.61248016357422,True
2017-07-02,2017-07-15,5,"LIQUOR,WINE,BEER",101.46697998046875,68.37248229980469,127.94551086425781,145.48211669921875,True
2017-07-02,2017-07-16,5,"LIQUOR,WINE,BEER",52.0328483581543,22.454631805419922,76.69409942626953,94.4163589477539,True
2017-07-02,2017-07-02,5,MAGAZINES,7.972688674926758,4.091353416442871,11.027070045471191,12.844377517700195,True
2017-07-02,2017-07-03,5,MAGAZINES,6.008606910705566,2.3698878288269043,9.010178565979004,10.84518051147461,True
2017-07-02,2017-07-04,5,MAGAZINES,5.179167747497559,1.9368648529052734,8.10379409790039,9.833141326904297,True
2017-07-02,2017-07-05,5,MAGAZINES,5.262540817260742,2.086052894592285,8.068007469177246,9.819784164428711,True
2017-07-02,2017-07-06,5,MAGAZINES,5.835178375244141,2.484376907348633,8.777169227600098,10.583773612976074,True
2017-07-02,2017-07-07,5,MAGAZINES,6.38398551940918,2.694912910461426,9.63294792175293,11.529293060302734,True
2017-07-02,2017-07-08,5,MAGAZINES,8.503507614135742,4.463825225830078,11.934582710266113,14.01556396484375,True
2017-07-02,2017-07-09,5,MAGAZINES,8.689655303955078,4.671195983886719,12.103363990783691,14.219940185546875,True
2017-07-02,2017-07-10,5,MAGAZINES,6.383415222167969,2.723327159881592,9.608732223510742,11.555710792541504,True
2017-07-02,2017-07-11,5,MAGAZINES,5.357539176940918,2.0870351791381836,8.272024154663086,10.171180725097656,True
2017-07-02,2017-07-12,5,MAGAZINES,5.4949750900268555,2.4074363708496094,8.350613594055176,10.133160591125488,True
2017-07-02,2017-07-13,5,MAGAZINES,5.866991996765137,2.662753105163574,8.797744750976562,10.688512802124023,True
2017-07-02,2017-07-14,5,MAGAZINES,6.520172595977783,3.002322196960449,9.758272171020508,11.73625659942627,True
2017-07-02,2017-07-15,5,MAGAZINES,8.713593482971191,4.77333927154541,12.156817436218262,14.229135513305664,True
2017-07-02,2017-07-16,5,MAGAZINES,8.975221633911133,4.997698783874512,12.438092231750488,14.51300048828125,True
2017-07-02,2017-07-02,12,BABY CARE,0.0,0.0,0.07902181893587112,0.18395060300827026,True
2017-07-02,2017-07-03,12,BABY CARE,0.0,0.0008390694856643677,0.0908440575003624,0.21632632613182068,True
2017-07-02,2017-07-04,12,BABY CARE,0.00813215970993042,0.015429690480232239,0.10549590736627579,0.2491368055343628,True
2017-07-02,2017-07-05,12,BABY CARE,0.006609365344047546,0.013260811567306519,0.10980717837810516,0.2832002639770508,True
2017-07-02,2017-07-06,12,BABY CARE,0.009235426783561707,0.0177166610956192,0.12308476865291595,0.2944263815879822,True
2017-07-02,2017-07-07,12,BABY CARE,0.0060995519161224365,0.012374967336654663,0.12531399726867676,0.31039363145828247,True
2017-07-02,2017-07-08,12,BABY CARE,0.005642756819725037,0.012507140636444092,0.12226254492998123,0.3296387493610382,True
2017-07-02,2017-07-09,12,BABY CARE,0.003295913338661194,0.007397085428237915,0.1263837069272995,0.35193559527397156,True
2017-07-02,2017-07-10,12,BABY CARE,0.004794985055923462,0.010293662548065186,0.1302952766418457,0.3424435257911682,True
2017-07-02,2017-07-11,12,BABY CARE,0.0012163668870925903,0.00987592339515686,0.13218717277050018,0.35647886991500854,True
2017-07-02,2017-07-12,12,BABY CARE,0.0016912519931793213,0.007650047540664673,0.1356949806213379,0.3585090637207031,True
2017-07-02,2017-07-13,12,BABY CARE,0.0009225457906723022,0.0,0.12962669134140015,0.3851911425590515,True
2017-07-02,2017-07-14,12,BABY CARE,0.003750815987586975,0.0006927549839019775,0.13376861810684204,0.3798663318157196,True
2017-07-02,2017-07-15,12,BABY CARE,0.003049716353416443,0.007357433438301086,0.14136376976966858,0.3887745141983032,True
2017-07-02,2017-07-16,12,BABY CARE,0.003227412700653076,0.005419179797172546,0.14223118126392365,0.3982900381088257,True
2017-07-02,2017-07-02,12,BEVERAGES,2146.160400390625,1840.21337890625,2342.5947265625,2457.164306640625,True
2017-07-02,2017-07-03,12,BEVERAGES,1781.5914306640625,1475.61083984375,1981.140380859375,2099.85986328125,True
2017-07-02,2017-07-04,12,BEVERAGES,1651.1328125,1360.4189453125,1848.786865234375,1960.3818359375,True
2017-07-02,2017-07-05,12,BEVERAGES,1602.5518798828125,1325.992919921875,1787.775634765625,1904.716552734375,True
2017-07-02,2017-07-06,12,BEVERAGES,1543.4384765625,1262.668701171875,1732.636962890625,1842.70751953125,True
2017-07-02,2017-07-07,12,BEVERAGES,1630.063232421875,1342.919921875,1830.7686767578125,1947.815185546875,True
2017-07-02,2017-07-08,12,BEVERAGES,2056.719970703125,1745.6846923828125,2270.918701171875,2394.828857421875,True
2017-07-02,2017-07-09,12,BEVERAGES,2171.581298828125,1850.1474609375,2387.029541015625,2521.78955078125,True
2017-07-02,2017-07-10,12,BEVERAGES,1759.2060546875,1441.3546142578125,1976.74365234375,2100.3291015625,True
2017-07-02,2017-07-11,12,BEVERAGES,1615.1734619140625,1313.800048828125,1820.015625,1949.8155517578125,True
2017-07-02,2017-07-12,12,BEVERAGES,1559.6959228515625,1267.2864990234375,1755.214599609375,1874.389892578125,True
2017-07-02,2017-07-13,12,BEVERAGES,1494.83203125,1215.58642578125,1693.6270751953125,1823.31884765625,True
2017-07-02,2017-07-14,12,BEVERAGES,1576.6763916015625,1290.5018310546875,1794.480224609375,1917.392578125,True
2017-07-02,2017-07-15,12,BEVERAGES,2015.6295166015625,1707.88134765625,2237.820556640625,2370.881103515625,True
2017-07-02,2017-07-16,12,BEVERAGES,2136.46142578125,1815.733154296875,2362.989501953125,2496.472412109375,True
2017-07-02,2017-07-02,12,BOOKS,0.0,0.0,0.0,0.0,True
2017-07-02,2017-07-03,12,BOOKS,0.0,0.0,0.0,0.0,True
2017-07-02,2017-07-04,12,BOOKS,0.0,0.0,0.0,0.0,True
2017-07-02,2017-07-05,12,BOOKS,0.0,0.0,0.0,0.0,True
2017-07-02,2017-07-06,12,BOOKS,0.0,0.0,0.0,0.0,True
2017-07-02,2017-07-07,12,BOOKS,0.0,0.0,0.0,0.0,True
2017-07-02,2017-07-08,12,BOOKS,0.0,0.0,0.0,0.0,True
2017-07-02,2017-07-09,12,BOOKS,0.0,0.0,0.0,0.0,True
2017-07-02,2017-07-10,12,BOOKS,0.0,0.0,0.0,0.0,True
2017-07-02,2017-07-11,12,BOOKS,0.0,0.0,0.0,0.0,True
2017-07-02,2017-07-12,12,BOOKS,0.0,0.0,0.0,0.0,True
2017-07-02,2017-07-13,12,BOOKS,0.0,0.0,0.0,0.0,True
2017-07-02,2017-07-14,12,BOOKS,0.0,0.0,0.0,0.0,True
2017-07-02,2017-07-15,12,BOOKS,0.0,0.0,0.0,0.0,True
2017-07-02,2017-07-16,12,BOOKS,0.0,0.0,0.0,0.0,True
2017-07-02,2017-07-02,12,GROCERY I,3550.401123046875,3045.238037109375,3905.77294921875,4114.2958984375,True
2017-07-02,2017-07-03,12,GROCERY I,3460.158203125,2950.4970703125,3830.01220703125,4043.530029296875,True
2017-07-02,2017-07-04,12,GROCERY I,3160.777099609375,2699.5966796875,3518.357421875,3719.5478515625,True
2017-07-02,2017-07-05,12,GROCERY I,3180.83056640625,2771.796630859375,3497.229248046875,3699.872802734375,True
2017-07-02,2017-07-06,12,GROCERY I,2984.441162109375,2596.04443359375,3276.45166015625,3483.348876953125,True
2017-07-02,2017-07-07,12,GROCERY I,2943.13330078125,2546.560546875,3256.50927734375,3451.45458984375,True
2017-07-02,2017-07-08,12,GROCERY I,3494.757080078125,3069.330322265625,3838.27587890625,4064.37109375,True
2017-07-02,2017-07-09,12,GROCERY I,3361.579833984375,2930.446533203125,3735.267578125,3976.69091796875,True
2017-07-02,2017-07-10,12,GROCERY I,3215.5556640625,2790.29736328125,3585.02099609375,3810.79052734375,True
2017-07-02,2017-07-11,12,GROCERY I,2862.7109375,2479.85595703125,3200.892578125,3419.43408203125,True
2017-07-02,2017-07-12,12,GROCERY I,2839.146728515625,2490.666259765625,3145.4111328125,3332.37646484375,True
2017-07-02,2017-07-13,12,GROCERY I,2681.34912109375,2351.727294921875,2968.5390625,3182.333251953125,True
2017-07-02,2017-07-14,12,GROCERY I,2616.523681640625,2267.7568359375,2937.208251953125,3133.422119140625,True
2017-07-02,2017-07-15,12,GROCERY I,3245.96337890625,2851.9306640625,3591.05126953125,3809.61279296875,True
2017-07-02,2017-07-16,12,GROCERY I,3217.072021484375,2802.24755859375,3591.671142578125,3817.63232421875,True
2017-07-02,2017-07-02,12,HOME APPLIANCES,0.0,0.0,0.5764756202697754,0.8339493274688721,True
2017-07-02,2017-07-03,12,HOME APPLIANCES,0.0005988478660583496,0.0,0.6380186080932617,0.9355442523956299,True
2017-07-02,2017-07-04,12,HOME APPLIANCES,0.011154741048812866,0.0,0.6840455532073975,1.0003894567489624,True
2017-07-02,2017-07-05,12,HOME APPLIANCES,0.0,0.0,0.6944518685340881,1.0422290563583374,True
2017-07-02,2017-07-06,12,HOME APPLIANCES,0.005868822336196899,0.0,0.7251138687133789,1.0898176431655884,True
2017-07-02,2017-07-07,12,HOME APPLIANCES,0.0,0.0,0.7392451167106628,1.1188093423843384,True
2017-07-02,2017-07-08,12,HOME APPLIANCES,0.0,0.0,0.7444949150085449,1.1452393531799316,True
2017-07-02,2017-07-09,12,HOME APPLIANCES,0.0,0.0,0.739671528339386,1.1627600193023682,True
2017-07-02,2017-07-10,12,HOME APPLIANCES,0.0,0.0,0.7422302961349487,1.1613171100616455,True
2017-07-02,2017-07-11,12,HOME APPLIANCES,0.0,0.0,0.7452256083488464,1.1806650161743164,True
2017-07-02,2017-07-12,12,HOME APPLIANCES,0.0,0.0,0.7510887384414673,1.1829767227172852,True
2017-07-02,2017-07-13,12,HOME APPLIANCES,0.0,0.0,0.7380764484405518,1.184882402420044,True
2017-07-02,2017-07-14,12,HOME APPLIANCES,0.0,0.0,0.7444209456443787,1.1865670680999756,True
2017-07-02,2017-07-15,12,HOME APPLIANCES,0.0,0.0,0.758526086807251,1.2021191120147705,True
2017-07-02,2017-07-16,12,HOME APPLIANCES,0.0,0.0,0.7719486355781555,1.2290430068969727,True
2017-07-02,2017-07-02,12,LAWN AND GARDEN,0.0,0.0,0.0,0.0,True
2017-07-02,2017-07-03,12,LAWN AND GARDEN,0.0,0.0,0.0,0.0,True
2017-07-02,2017-07-04,12,LAWN AND GARDEN,0.0,0.0,0.0,0.0,True
2017-07-02,2017-07-05,12,LAWN AND GARDEN,0.0,0.0,0.0,0.0,True
2017-07-02,2017-07-06,12,LAWN AND GARDEN,0.0,0.0,0.0,0.0,True
2017-07-02,2017-07-07,12,LAWN AND GARDEN,0.0,0.0,0.0,0.0,True
2017-07-02,2017-07-08,12,LAWN AND GARDEN,0.0,0.0,0.0,0.0,True
2017-07-02,2017-07-09,12,LAWN AND GARDEN,0.0,0.0,0.0,0.0,True
2017-07-02,2017-07-10,12,LAWN AND GARDEN,0.0,0.0,0.0,0.0,True
2017-07-02,2017-07-11,12,LAWN AND GARDEN,0.0,0.0,0.0,0.0,True
2017-07-02,2017-07-12,12,LAWN AND GARDEN,0.0,0.0,0.0,0.0,True
2017-07-02,2017-07-13,12,LAWN AND GARDEN,0.0,0.0,0.0,0.0,True
2017-07-02,2017-07-14,12,LAWN AND GARDEN,0.0,0.0,0.0,0.0,True
2017-07-02,2017-07-15,12,LAWN AND GARDEN,0.0,0.0,0.0,0.0,True
2017-07-02,2017-07-16,12,LAWN AND GARDEN,0.0,0.0,0.0,0.0,True
2017-07-02,2017-07-02,12,"LIQUOR,WINE,BEER",44.777923583984375,20.399002075195312,63.89485168457031,76.56269836425781,True
2017-07-02,2017-07-03,12,"LIQUOR,WINE,BEER",20.55152702331543,3.145597457885742,36.819217681884766,48.369850158691406,True
2017-07-02,2017-07-04,12,"LIQUOR,WINE,BEER",35.16590881347656,20.566768646240234,50.63636779785156,60.81277084350586,True
2017-07-02,2017-07-05,12,"LIQUOR,WINE,BEER",32.66691589355469,14.626701354980469,49.71731185913086,62.516502380371094,True
2017-07-02,2017-07-06,12,"LIQUOR,WINE,BEER",43.222450256347656,17.98654556274414,64.64106750488281,79.12590026855469,True
2017-07-02,2017-07-07,12,"LIQUOR,WINE,BEER",69.01409149169922,38.2379264831543,94.4412841796875,110.24105834960938,True
2017-07-02,2017-07-08,12,"LIQUOR,WINE,BEER",93.657470703125,61.71104049682617,119.12512969970703,136.26348876953125,True
2017-07-02,2017-07-09,12,"LIQUOR,WINE,BEER",44.13725280761719,18.729902267456055,66.299072265625,82.35871887207031,True
2017-07-02,2017-07-10,12,"LIQUOR,WINE,BEER",22.64084243774414,4.430030822753906,40.86394500732422,52.91886901855469,True
2017-07-02,2017-07-11,12,"LIQUOR,WINE,BEER",36.1396484375,20.080726623535156,51.4189453125,63.62779235839844,True
2017-07-02,2017-07-12,12,"LIQUOR,WINE,BEER",32.34934616088867,12.579179763793945,50.130279541015625,61.98869323730469,True
2017-07-02,2017-07-13,12,"LIQUOR,WINE,BEER",42.01039123535156,14.708976745605469,64.38844299316406,80.73649597167969,True
2017-07-02,2017-07-14,12,"LIQUOR,WINE,BEER",67.67485809326172,35.53761291503906,95.15316772460938,110.9264907836914,True
2017-07-02,2017-07-15,12,"LIQUOR,WINE,BEER",91.99290466308594,59.12028884887695,118.72627258300781,135.42050170898438,True
2017-07-02,2017-07-16,12,"LIQUOR,WINE,BEER",44.02444839477539,17.185134887695312,67.26618957519531,82.13189697265625,True
2017-07-02,2017-07-02,12,MAGAZINES,0.9246973991394043,0.0,1.982954502105713,2.681548595428467,True
2017-07-02,2017-07-03,12,MAGAZINES,1.0318225622177124,0.0,2.149293899536133,2.8912644386291504,True
2017-07-02,2017-07-04,12,MAGAZINES,1.020992636680603,0.0,2.221904754638672,2.980881690979004,True
2017-07-02,2017-07-05,12,MAGAZINES,1.052043080329895,0.0,2.2723329067230225,3.0882577896118164,True
2017-07-02,2017-07-06,12,MAGAZINES,1.0463634729385376,0.0,2.2923221588134766,3.0934977531433105,True
2017-07-02,2017-07-07,12,MAGAZINES,1.0579644441604614,0.0,2.2848219871520996,3.085686683654785,True
2017-07-02,2017-07-08,12,MAGAZINES,1.0306094884872437,0.0,2.2694780826568604,3.0873868465423584,True
2017-07-02,2017-07-09,12,MAGAZINES,1.0397412776947021,0.0,2.2742440700531006,3.1049892902374268,True
2017-07-02,2017-07-10,12,MAGAZINES,1.0795130729675293,0.0,2.3158888816833496,3.1359806060791016,True
2017-07-02,2017-07-11,12,MAGAZINES,1.0686955451965332,0.0,2.2962253093719482,3.137820243835449,True
2017-07-02,2017-07-12,12,MAGAZINES,1.0615493059158325,0.0,2.299205780029297,3.1460838317871094,True
2017-07-02,2017-07-13,12,MAGAZINES,1.0906460285186768,0.0,2.32269024848938,3.168729782104492,True
2017-07-02,2017-07-14,12,MAGAZINES,1.0835057497024536,0.0,2.3167004585266113,3.1582040786743164,True
2017-07-02,2017-07-15,12,MAGAZINES,1.0533318519592285,0.0,2.2761316299438477,3.114874839782715,True
2017-07-02,2017-07-16,12,MAGAZINES,1.0636307001113892,0.0,2.2763516902923584,3.136183500289917,True
2017-07-02,2017-07-02,15,BABY CARE,1.2634302377700806,0.0,2.4671239852905273,3.308652639389038,True
2017-07-02,2017-07-03,15,BABY CARE,1.0834769010543823,0.0,2.3291921615600586,3.2054905891418457,True
2017-07-02,2017-07-04,15,BABY CARE,0.9575698375701904,0.0,2.2094569206237793,3.05997896194458,True
2017-07-02,2017-07-05,15,BABY CARE,0.931789755821228,0.0,2.1557469367980957,3.0563511848449707,True
2017-07-02,2017-07-06,15,BABY CARE,0.9679988622665405,0.0,2.23915696144104,3.148265838623047,True
2017-07-02,2017-07-07,15,BABY CARE,1.0573406219482422,0.0,2.4040069580078125,3.3469228744506836,True
2017-07-02,2017-07-08,15,BABY CARE,1.136688470840454,0.0,2.5519638061523438,3.5322375297546387,True
2017-07-02,2017-07-09,15,BABY CARE,1.1213966608047485,0.0,2.5430076122283936,3.554103136062622,True
2017-07-02,2017-07-10,15,BABY CARE,1.0264074802398682,0.0,2.412114143371582,3.3783724308013916,True
2017-07-02,2017-07-11,15,BABY CARE,0.8841544985771179,0.0,2.1853349208831787,3.1430506706237793,True
2017-07-02,2017-07-12,15,BABY CARE,0.8783773183822632,0.0,2.1662673950195312,3.095834255218506,True
2017-07-02,2017-07-13,15,BABY CARE,0.9310107231140137,0.0,2.2249667644500732,3.194941997528076,True
2017-07-02,2017-07-14,15,BABY CARE,1.0288259983062744,0.0,2.384824514389038,3.3686108589172363,True
2017-07-02,2017-07-15,15,BABY CARE,1.1238244771957397,0.0,2.536938190460205,3.547067880630493,True
2017-07-02,2017-07-16,15,BABY CARE,1.096409797668457,0.0,2.5219194889068604,3.5509426593780518,True
2017-07-02,2017-07-02,15,BEVERAGES,1672.021484375,1399.95751953125,1874.50634765625,2009.64453125,True
2017-07-02,2017-07-03,15,BEVERAGES,1682.5849609375,1400.8134765625,1905.76123046875,2051.12255859375,True
2017-07-02,2017-07-04,15,BEVERAGES,1633.2359619140625,1353.4755859375,1867.2491455078125,2015.632080078125,True
2017-07-02,2017-07-05,15,BEVERAGES,1585.31298828125,1312.18310546875,1813.9205322265625,1975.119384765625,True
2017-07-02,2017-07-06,15,BEVERAGES,1472.4520263671875,1206.787109375,1704.09716796875,1861.919189453125,True
2017-07-02,2017-07-07,15,BEVERAGES,1463.0245361328125,1194.2735595703125,1697.780029296875,1861.6708984375,True
2017-07-02,2017-07-08,15,BEVERAGES,1621.861572265625,1343.794189453125,1866.3717041015625,2035.00439453125,True
2017-07-02,2017-07-09,15,BEVERAGES,1626.9534912109375,1338.438232421875,1879.7935791015625,2055.653076171875,True
2017-07-02,2017-07-10,15,BEVERAGES,1656.2210693359375,1359.8048095703125,1915.5909423828125,2089.29345703125,True
2017-07-02,2017-07-11,15,BEVERAGES,1622.135498046875,1325.0755615234375,1874.3603515625,2054.40625,True
2017-07-02,2017-07-12,15,BEVERAGES,1579.3031005859375,1287.2880859375,1827.5,2003.686767578125,True
2017-07-02,2017-07-13,15,BEVERAGES,1481.7353515625,1200.3616943359375,1728.820556640625,1912.661376953125,True
2017-07-02,2017-07-14,15,BEVERAGES,1470.5853271484375,1192.235595703125,1724.179443359375,1893.76318359375,True
2017-07-02,2017-07-15,15,BEVERAGES,1622.3236083984375,1323.2896728515625,1882.8516845703125,2067.07080078125,True
2017-07-02,2017-07-16,15,BEVERAGES,1628.4755859375,1319.633056640625,1901.5908203125,2090.0703125,True
2017-07-02,2017-07-02,15,BOOKS,0.0,0.0,0.0,0.0,True
2017-07-02,2017-07-03,15,BOOKS,0.0,0.0,0.0,0.0,True
2017-07-02,2017-07-04,15,BOOKS,0.0,0.0,0.0,0.0,True
2017-07-02,2017-07-05,15,BOOKS,0.0,0.0,0.0,0.0,True
2017-07-02,2017-07-06,15,BOOKS,0.0,0.0,0.0,0.0,True
2017-07-02,2017-07-07,15,BOOKS,0.0,0.0,0.0,0.0,True
2017-07-02,2017-07-08,15,BOOKS,0.0,0.0,0.0,0.0,True
2017-07-02,2017-07-09,15,BOOKS,0.0,0.0,0.0,0.0,True
2017-07-02,2017-07-10,15,BOOKS,0.0,0.0,0.0,0.0,True
2017-07-02,2017-07-11,15,BOOKS,0.0,0.0,0.0,0.0,True
2017-07-02,2017-07-12,15,BOOKS,0.0,0.0,0.0,0.0,True
2017-07-02,2017-07-13,15,BOOKS,0.0,0.0,0.0,0.0,True
2017-07-02,2017-07-14,15,BOOKS,0.0,0.0,0.0,0.0,True
2017-07-02,2017-07-15,15,BOOKS,0.0,0.0,0.0,0.0,True
2017-07-02,2017-07-16,15,BOOKS,0.0,0.0,0.0,0.0,True
2017-07-02,2017-07-02,15,GROCERY I,2855.120361328125,2376.597900390625,3155.20751953125,3317.389404296875,True
2017-07-02,2017-07-03,15,GROCERY I,3243.980224609375,2718.62646484375,3565.55859375,3732.81103515625,True
2017-07-02,2017-07-04,15,GROCERY I,3127.577880859375,2574.3408203125,3462.477783203125,3629.388427734375,True
2017-07-02,2017-07-05,15,GROCERY I,3023.854736328125,2473.287353515625,3366.6806640625,3550.531982421875,True
2017-07-02,2017-07-06,15,GROCERY I,2682.933349609375,2136.97509765625,3029.876220703125,3210.700439453125,True
2017-07-02,2017-07-07,15,GROCERY I,2524.425537109375,1971.6636962890625,2866.47802734375,3056.99658203125,True
2017-07-02,2017-07-08,15,GROCERY I,3074.48095703125,2514.060302734375,3417.2060546875,3603.1484375,True
2017-07-02,2017-07-09,15,GROCERY I,2804.284912109375,2235.635498046875,3162.162841796875,3353.2646484375,True
2017-07-02,2017-07-10,15,GROCERY I,3166.291748046875,2593.65234375,3534.973876953125,3722.65234375,True
2017-07-02,2017-07-11,15,GROCERY I,3052.14208984375,2474.853271484375,3433.6083984375,3622.84375,True
2017-07-02,2017-07-12,15,GROCERY I,2936.289794921875,2363.069091796875,3306.185302734375,3502.462158203125,True
2017-07-02,2017-07-13,15,GROCERY I,2651.56884765625,2084.408203125,3014.135498046875,3215.846923828125,True
2017-07-02,2017-07-14,15,GROCERY I,2470.24267578125,1904.4345703125,2826.437255859375,3019.81396484375,True
2017-07-02,2017-07-15,15,GROCERY I,3031.23583984375,2447.1650390625,3381.412109375,3576.940185546875,True
2017-07-02,2017-07-16,15,GROCERY I,2800.153076171875,2228.214111328125,3164.4169921875,3371.0771484375,True
2017-07-02,2017-07-02,15,HOME APPLIANCES,0.0007861331105232239,0.0,0.06641837954521179,0.15403547883033752,True
2017-07-02,2017-07-03,15,HOME APPLIANCES,0.0,0.0,0.0749533474445343,0.18223682045936584,True
2017-07-02,2017-07-04,15,HOME APPLIANCES,0.0032158568501472473,0.0040959566831588745,0.08431965857744217,0.2060495913028717,True
2017-07-02,2017-07-05,15,HOME APPLIANCES,0.0005260929465293884,0.0,0.08662211149930954,0.231706902384758,True
2017-07-02,2017-07-06,15,HOME APPLIANCES,0.0007842406630516052,0.005884669721126556,0.09222644567489624,0.24050220847129822,True
2017-07-02,2017-07-07,15,HOME APPLIANCES,0.0014686137437820435,0.006101205945014954,0.09619762003421783,0.25456082820892334,True
2017-07-02,2017-07-08,15,HOME APPLIANCES,0.0022357553243637085,0.004110462963581085,0.09406126290559769,0.2684149146080017,True
2017-07-02,2017-07-09,15,HOME APPLIANCES,0.001298852264881134,0.003635026514530182,0.09587938338518143,0.28336820006370544,True
2017-07-02,2017-07-10,15,HOME APPLIANCES,0.0011841654777526855,0.009339369833469391,0.09690346568822861,0.27569353580474854,True
2017-07-02,2017-07-11,15,HOME APPLIANCES,0.0,0.008722960948944092,0.09470221400260925,0.2833358347415924,True
2017-07-02,2017-07-12,15,HOME APPLIANCES,0.0,0.010403826832771301,0.09682153910398483,0.2829073369503021,True
2017-07-02,2017-07-13,15,HOME APPLIANCES,0.0,0.0005037784576416016,0.09442583471536636,0.3049696683883667,True
2017-07-02,2017-07-14,15,HOME APPLIANCES,0.000958569347858429,0.010395139455795288,0.09987007826566696,0.3034232556819916,True
2017-07-02,2017-07-15,15,HOME APPLIANCES,0.0026942119002342224,0.011087268590927124,0.1043340414762497,0.30733776092529297,True
2017-07-02,2017-07-16,15,HOME APPLIANCES,0.00045214593410491943,0.009959965944290161,0.10531960427761078,0.31294000148773193,True
2017-07-02,2017-07-02,15,LAWN AND GARDEN,0.0,0.0,0.0,0.0,True
2017-07-02,2017-07-03,15,LAWN AND GARDEN,0.0,0.0,0.0,0.0,True
2017-07-02,2017-07-04,15,LAWN AND GARDEN,0.0,0.0,0.0,0.0,True
2017-07-02,2017-07-05,15,LAWN AND GARDEN,0.0,0.0,0.0,0.0,True
2017-07-02,2017-07-06,15,LAWN AND GARDEN,0.0,0.0,0.0,0.0,True
2017-07-02,2017-07-07,15,LAWN AND GARDEN,0.0,0.0,0.0,0.0,True
2017-07-02,2017-07-08,15,LAWN AND GARDEN,0.0,0.0,0.0,0.0,True
2017-07-02,2017-07-09,15,LAWN AND GARDEN,0.0,0.0,0.0,0.0,True
2017-07-02,2017-07-10,15,LAWN AND GARDEN,0.0,0.0,0.0,0.0,True
2017-07-02,2017-07-11,15,LAWN AND GARDEN,0.0,0.0,0.0,0.0,True
2017-07-02,2017-07-12,15,LAWN AND GARDEN,0.0,0.0,0.0,0.0,True
2017-07-02,2017-07-13,15,LAWN AND GARDEN,0.0,0.0,0.0,0.0,True
2017-07-02,2017-07-14,15,LAWN AND GARDEN,0.0,0.0,0.0,0.0,True
2017-07-02,2017-07-15,15,LAWN AND GARDEN,0.0,0.0,0.0,0.0,True
2017-07-02,2017-07-16,15,LAWN AND GARDEN,0.0,0.0,0.0,0.0,True
2017-07-02,2017-07-02,15,"LIQUOR,WINE,BEER",11.763731956481934,2.9030284881591797,19.190752029418945,24.46273422241211,True
2017-07-02,2017-07-03,15,"LIQUOR,WINE,BEER",10.862058639526367,4.033092498779297,17.393035888671875,22.217269897460938,True
2017-07-02,2017-07-04,15,"LIQUOR,WINE,BEER",11.047950744628906,5.024331092834473,17.50737190246582,22.036245346069336,True
2017-07-02,2017-07-05,15,"LIQUOR,WINE,BEER",12.438509941101074,4.749372482299805,19.715517044067383,25.500003814697266,True
2017-07-02,2017-07-06,15,"LIQUOR,WINE,BEER",16.6778564453125,5.965069770812988,25.848886489868164,32.345821380615234,True
2017-07-02,2017-07-07,15,"LIQUOR,WINE,BEER",30.329952239990234,17.179439544677734,41.09687423706055,47.97467041015625,True
2017-07-02,2017-07-08,15,"LIQUOR,WINE,BEER",35.83346939086914,22.64018440246582,46.89708709716797,54.440025329589844,True
2017-07-02,2017-07-09,15,"LIQUOR,WINE,BEER",14.049857139587402,2.9234085083007812,23.908754348754883,31.34912872314453,True
2017-07-02,2017-07-10,15,"LIQUOR,WINE,BEER",11.525927543640137,2.830780029296875,19.571260452270508,25.527042388916016,True
2017-07-02,2017-07-11,15,"LIQUOR,WINE,BEER",12.011930465698242,4.3100433349609375,19.022117614746094,24.84262466430664,True
2017-07-02,2017-07-12,15,"LIQUOR,WINE,BEER",12.691736221313477,4.220348358154297,20.655155181884766,26.46835708618164,True
2017-07-02,2017-07-13,15,"LIQUOR,WINE,BEER",17.007585525512695,5.879651069641113,26.5511531829834,33.580074310302734,True
2017-07-02,2017-07-14,15,"LIQUOR,WINE,BEER",30.94780731201172,17.702848434448242,41.98567199707031,48.921669006347656,True
2017-07-02,2017-07-15,15,"LIQUOR,WINE,BEER",36.162384033203125,22.919315338134766,47.145790100097656,54.42006301879883,True
2017-07-02,2017-07-16,15,"LIQUOR,WINE,BEER",14.178600311279297,3.204944610595703,23.93697738647461,30.63333511352539,True
2017-07-02,2017-07-02,15,MAGAZINES,1.516133427619934,0.0,2.80793833732605,3.647247791290283,True
2017-07-02,2017-07-03,15,MAGAZINES,1.7512327432632446,0.10027790069580078,3.1364498138427734,4.019444465637207,True
2017-07-02,2017-07-04,15,MAGAZINES,1.7387233972549438,0.09910476207733154,3.1685516834259033,4.050076007843018,True
2017-07-02,2017-07-05,15,MAGAZINES,1.5299731492996216,0.0,2.9274587631225586,3.8363771438598633,True
2017-07-02,2017-07-06,15,MAGAZINES,1.3780722618103027,0.0,2.7538185119628906,3.63150691986084,True
2017-07-02,2017-07-07,15,MAGAZINES,1.5066784620285034,0.02212047576904297,2.875570774078369,3.7529208660125732,True
2017-07-02,2017-07-08,15,MAGAZINES,1.5540885925292969,0.056908369064331055,2.9673891067504883,3.8665759563446045,True
2017-07-02,2017-07-09,15,MAGAZINES,1.5370733737945557,0.0,3.0081944465637207,3.9447860717773438,True
2017-07-02,2017-07-10,15,MAGAZINES,1.7205700874328613,0.10664832592010498,3.2124524116516113,4.170492172241211,True
2017-07-02,2017-07-11,15,MAGAZINES,1.6818478107452393,0.059079766273498535,3.1499135494232178,4.121955871582031,True
2017-07-02,2017-07-12,15,MAGAZINES,1.4633759260177612,0.0,2.9132795333862305,3.8742668628692627,True
2017-07-02,2017-07-13,15,MAGAZINES,1.3500940799713135,0.0,2.747894763946533,3.690006971359253,True
2017-07-02,2017-07-14,15,MAGAZINES,1.462701678276062,0.0,2.8453590869903564,3.765660047531128,True
2017-07-02,2017-07-15,15,MAGAZINES,1.5589879751205444,0.06134307384490967,2.966470718383789,3.9302594661712646,True
2017-07-02,2017-07-16,15,MAGAZINES,1.5812593698501587,0.0233156681060791,3.0417752265930176,4.032906532287598,True
2017-07-02,2017-07-02,19,BABY CARE,0.0,0.0,0.0019590333104133606,0.007674068212509155,True
2017-07-02,2017-07-03,19,BABY CARE,0.0,0.0,0.002452157437801361,0.005559444427490234,True
2017-07-02,2017-07-04,19,BABY CARE,0.0,0.0,0.0,0.006739161908626556,True
2017-07-02,2017-07-05,19,BABY CARE,0.0001550242304801941,0.0,0.0009865239262580872,0.017047151923179626,True
2017-07-02,2017-07-06,19,BABY CARE,0.0,0.0,0.0021185502409934998,0.011212959885597229,True
2017-07-02,2017-07-07,19,BABY CARE,0.0,0.0,0.004385031759738922,0.011086374521255493,True
2017-07-02,2017-07-08,19,BABY CARE,0.0,0.0,0.0,0.013648532330989838,True
2017-07-02,2017-07-09,19,BABY CARE,0.0,0.0,0.0016741380095481873,0.02697908878326416,True
2017-07-02,2017-07-10,19,BABY CARE,0.00047495216131210327,0.0,0.0018968433141708374,0.01034410297870636,True
2017-07-02,2017-07-11,19,BABY CARE,0.0,0.0,0.005912944674491882,0.012011334300041199,True
2017-07-02,2017-07-12,19,BABY CARE,0.00026144832372665405,0.0,0.01149066537618637,0.01238444447517395,True
2017-07-02,2017-07-13,19,BABY CARE,0.0,0.0,0.003255695104598999,0.02866390347480774,True
2017-07-02,2017-07-14,19,BABY CARE,0.0,0.0,0.0012909770011901855,0.01783788949251175,True
2017-07-02,2017-07-15,19,BABY CARE,0.0004027038812637329,0.0,0.0022327154874801636,0.011156849563121796,True
2017-07-02,2017-07-16,19,BABY CARE,0.00028780847787857056,0.0,0.0,0.007569238543510437,True
2017-07-02,2017-07-02,19,BEVERAGES,2896.51318359375,2426.635009765625,3242.9052734375,3445.83984375,True
2017-07-02,2017-07-03,19,BEVERAGES,2434.20166015625,2027.9844970703125,2766.8251953125,2969.31396484375,True
2017-07-02,2017-07-04,19,BEVERAGES,2167.78759765625,1793.222900390625,2478.78857421875,2647.801025390625,True
2017-07-02,2017-07-05,19,BEVERAGES,2058.60888671875,1694.434326171875,2348.5029296875,2544.499755859375,True
2017-07-02,2017-07-06,19,BEVERAGES,1949.61865234375,1567.864013671875,2271.46240234375,2483.502685546875,True
2017-07-02,2017-07-07,19,BEVERAGES,2286.33447265625,1856.0521240234375,2647.765625,2878.0771484375,True
2017-07-02,2017-07-08,19,BEVERAGES,3695.10205078125,3202.2802734375,4074.838623046875,4334.9521484375,True
2017-07-02,2017-07-09,19,BEVERAGES,2748.51220703125,2278.16064453125,3126.858154296875,3387.2080078125,True
2017-07-02,2017-07-10,19,BEVERAGES,2267.240966796875,1847.6622314453125,2631.42138671875,2867.438720703125,True
2017-07-02,2017-07-11,19,BEVERAGES,2052.190185546875,1671.3665771484375,2374.064697265625,2611.531982421875,True
2017-07-02,2017-07-12,19,BEVERAGES,1990.0423583984375,1618.188720703125,2309.688720703125,2530.38232421875,True
2017-07-02,2017-07-13,19,BEVERAGES,1888.31591796875,1494.703857421875,2232.874755859375,2475.04248046875,True
2017-07-02,2017-07-14,19,BEVERAGES,2192.27490234375,1753.6649169921875,2595.8671875,2834.2294921875,True
2017-07-02,2017-07-15,19,BEVERAGES,3643.6875,3152.79052734375,4036.6552734375,4288.9990234375,True
2017-07-02,2017-07-16,19,BEVERAGES,2703.60400390625,2204.341064453125,3094.14794921875,3365.34716796875,True
2017-07-02,2017-07-02,19,BOOKS,0.0,0.0,0.0,0.0,True
2017-07-02,2017-07-03,19,BOOKS,0.0,0.0,0.0,0.0,True
2017-07-02,2017-07-04,19,BOOKS,0.0,0.0,0.0,0.0,True
2017-07-02,2017-07-05,19,BOOKS,0.0,0.0,0.0,0.0,True
2017-07-02,2017-07-06,19,BOOKS,0.0,0.0,0.0,0.0,True
2017-07-02,2017-07-07,19,BOOKS,0.0,0.0,0.0,0.0,True
2017-07-02,2017-07-08,19,BOOKS,0.0,0.0,0.0,0.0,True
2017-07-02,2017-07-09,19,BOOKS,0.0,0.0,0.0,0.0,True
2017-07-02,2017-07-10,19,BOOKS,0.0,0.0,0.0,0.0,True
2017-07-02,2017-07-11,19,BOOKS,0.0,0.0,0.0,0.0,True
2017-07-02,2017-07-12,19,BOOKS,0.0,0.0,0.0,0.0,True
2017-07-02,2017-07-13,19,BOOKS,0.0,0.0,0.0,0.0,True
2017-07-02,2017-07-14,19,BOOKS,0.0,0.0,0.0,0.0,True
2017-07-02,2017-07-15,19,BOOKS,0.0,0.0,0.0,0.0,True
2017-07-02,2017-07-16,19,BOOKS,0.0,0.0,0.0,0.0,True
2017-07-02,2017-07-02,19,GROCERY I,4028.189453125,3417.28271484375,4434.970703125,4694.77783203125,True
2017-07-02,2017-07-03,19,GROCERY I,3824.14453125,3315.29345703125,4199.47705078125,4448.5859375,True
2017-07-02,2017-07-04,19,GROCERY I,3331.204833984375,2882.96337890625,3638.221435546875,3836.759765625,True
2017-07-02,2017-07-05,19,GROCERY I,2953.26171875,2529.283447265625,3244.202392578125,3446.931396484375,True
2017-07-02,2017-07-06,19,GROCERY I,2688.488525390625,2257.2705078125,3017.839599609375,3252.7978515625,True
2017-07-02,2017-07-07,19,GROCERY I,3051.283935546875,2520.19921875,3431.4384765625,3680.347900390625,True
2017-07-02,2017-07-08,19,GROCERY I,5228.5654296875,4600.5908203125,5623.4013671875,5888.4521484375,True
2017-07-02,2017-07-09,19,GROCERY I,3552.593017578125,2949.92822265625,3932.748291015625,4194.7177734375,True
2017-07-02,2017-07-10,19,GROCERY I,3428.01806640625,2962.53955078125,3769.58935546875,4029.19970703125,True
2017-07-02,2017-07-11,19,GROCERY I,3118.293212890625,2714.5322265625,3380.43017578125,3614.2841796875,True
2017-07-02,2017-07-12,19,GROCERY I,2819.825439453125,2474.580078125,3102.41015625,3304.730712890625,True
2017-07-02,2017-07-13,19,GROCERY I,2599.186279296875,2174.043701171875,2896.680908203125,3123.301513671875,True
2017-07-02,2017-07-14,19,GROCERY I,2967.846923828125,2450.1005859375,3344.665283203125,3590.408203125,True
2017-07-02,2017-07-15,19,GROCERY I,5180.576171875,4567.77392578125,5564.212890625,5824.34716796875,True
2017-07-02,2017-07-16,19,GROCERY I,3565.28369140625,2977.943603515625,3957.42578125,4257.51513671875,True
2017-07-02,2017-07-02,19,HOME APPLIANCES,0.017180949449539185,0.0,0.6591679453849792,0.9117782711982727,True
2017-07-02,2017-07-03,19,HOME APPLIANCES,0.0,0.0,0.67769455909729,0.9570268988609314,True
2017-07-02,2017-07-04,19,HOME APPLIANCES,0.0,0.0,0.6896851062774658,0.9751969575881958,True
2017-07-02,2017-07-05,19,HOME APPLIANCES,0.0,0.0,0.687640905380249,0.9910478591918945,True
2017-07-02,2017-07-06,19,HOME APPLIANCES,0.00028452277183532715,0.0,0.7152355909347534,1.0313503742218018,True
2017-07-02,2017-07-07,19,HOME APPLIANCES,0.002543240785598755,0.0,0.7316374778747559,1.0605573654174805,True
2017-07-02,2017-07-08,19,HOME APPLIANCES,0.009106606245040894,0.0,0.7412986755371094,1.087551474571228,True
2017-07-02,2017-07-09,19,HOME APPLIANCES,0.009966909885406494,0.0,0.7394601106643677,1.1043909788131714,True
2017-07-02,2017-07-10,19,HOME APPLIANCES,0.00399664044380188,0.0,0.7331733703613281,1.085975170135498,True
2017-07-02,2017-07-11,19,HOME APPLIANCES,0.0,0.0,0.714979350566864,1.0729241371154785,True
2017-07-02,2017-07-12,19,HOME APPLIANCES,0.0,0.0,0.7242540121078491,1.0732066631317139,True
2017-07-02,2017-07-13,19,HOME APPLIANCES,0.0,0.0,0.7253155708312988,1.092407464981079,True
2017-07-02,2017-07-14,19,HOME APPLIANCES,0.0,0.0,0.7409634590148926,1.111569881439209,True
2017-07-02,2017-07-15,19,HOME APPLIANCES,0.00856676697731018,0.0,0.7665702700614929,1.1370809078216553,True
2017-07-02,2017-07-16,19,HOME APPLIANCES,0.0,0.0,0.7699344754219055,1.1539167165756226,True
2017-07-02,2017-07-02,19,LAWN AND GARDEN,0.0,0.0,0.0,0.0,True
2017-07-02,2017-07-03,19,LAWN AND GARDEN,0.0,0.0,0.0,0.0,True
2017-07-02,2017-07-04,19,LAWN AND GARDEN,0.0,0.0,0.0,0.0,True
2017-07-02,2017-07-05,19,LAWN AND GARDEN,0.0,0.0,0.0,0.0,True
2017-07-02,2017-07-06,19,LAWN AND GARDEN,0.0,0.0,0.0,0.0,True
2017-07-02,2017-07-07,19,LAWN AND GARDEN,0.0,0.0,0.0,0.0,True
2017-07-02,2017-07-08,19,LAWN AND GARDEN,0.0,0.0,0.0,0.0,True
2017-07-02,2017-07-09,19,LAWN AND GARDEN,0.0,0.0,0.0,0.0,True
2017-07-02,2017-07-10,19,LAWN AND GARDEN,0.0,0.0,0.0,0.0,True
2017-07-02,2017-07-11,19,LAWN AND GARDEN,0.0,0.0,0.0,0.0,True
2017-07-02,2017-07-12,19,LAWN AND GARDEN,0.0,0.0,0.0,0.0,True
2017-07-02,2017-07-13,19,LAWN AND GARDEN,0.0,0.0,0.0,0.0,True
2017-07-02,2017-07-14,19,LAWN AND GARDEN,0.0,0.0,0.0,0.0,True
2017-07-02,2017-07-15,19,LAWN AND GARDEN,0.0,0.0,0.0,0.0,True
2017-07-02,2017-07-16,19,LAWN AND GARDEN,0.0,0.0,0.0,0.0,True
2017-07-02,2017-07-02,19,"LIQUOR,WINE,BEER",22.289043426513672,7.509403228759766,35.41914749145508,45.15699005126953,True
2017-07-02,2017-07-03,19,"LIQUOR,WINE,BEER",8.215210914611816,0.0,18.609203338623047,27.051210403442383,True
2017-07-02,2017-07-04,19,"LIQUOR,WINE,BEER",13.105164527893066,8.572543144226074,22.141433715820312,29.42041015625,True
2017-07-02,2017-07-05,19,"LIQUOR,WINE,BEER",12.915421485900879,6.321002006530762,22.893491744995117,32.08942794799805,True
2017-07-02,2017-07-06,19,"LIQUOR,WINE,BEER",17.196033477783203,5.065673828125,31.192989349365234,42.14793395996094,True
2017-07-02,2017-07-07,19,"LIQUOR,WINE,BEER",30.69476318359375,13.16016674041748,48.820274353027344,61.37525939941406,True
2017-07-02,2017-07-08,19,"LIQUOR,WINE,BEER",45.87562561035156,26.08759880065918,64.98978424072266,79.37777709960938,True
2017-07-02,2017-07-09,19,"LIQUOR,WINE,BEER",24.052255630493164,8.549531936645508,40.53399658203125,54.30133819580078,True
2017-07-02,2017-07-10,19,"LIQUOR,WINE,BEER",9.455472946166992,0.23645591735839844,22.70109748840332,33.393009185791016,True
2017-07-02,2017-07-11,19,"LIQUOR,WINE,BEER",11.78747272491455,5.680428504943848,21.902793884277344,32.148685455322266,True
2017-07-02,2017-07-12,19,"LIQUOR,WINE,BEER",11.644207954406738,3.7797164916992188,23.34040069580078,33.11967468261719,True
2017-07-02,2017-07-13,19,"LIQUOR,WINE,BEER",16.699203491210938,3.0096054077148438,32.339412689208984,45.34257888793945,True
2017-07-02,2017-07-14,19,"LIQUOR,WINE,BEER",30.99591827392578,12.072998046875,51.02554702758789,65.07841491699219,True
2017-07-02,2017-07-15,19,"LIQUOR,WINE,BEER",45.091068267822266,24.638385772705078,65.67333984375,80.04525756835938,True
2017-07-02,2017-07-16,19,"LIQUOR,WINE,BEER",24.15915298461914,7.973202705383301,42.13938903808594,55.288246154785156,True
2017-07-02,2017-07-02,19,MAGAZINES,2.1221227645874023,0.25881731510162354,3.5872063636779785,4.503155708312988,True
2017-07-02,2017-07-03,19,MAGAZINES,1.914639949798584,0.19530630111694336,3.3625717163085938,4.265460968017578,True
2017-07-02,2017-07-04,19,MAGAZINES,1.597519874572754,0.02383899688720703,3.0044140815734863,3.868359327316284,True
2017-07-02,2017-07-05,19,MAGAZINES,1.710823655128479,0.17842113971710205,3.074676990509033,3.9774837493896484,True
2017-07-02,2017-07-06,19,MAGAZINES,1.5466034412384033,0.0,2.97735857963562,3.8937814235687256,True
2017-07-02,2017-07-07,19,MAGAZINES,2.2251126766204834,0.43952488899230957,3.7512760162353516,4.706664085388184,True
2017-07-02,2017-07-08,19,MAGAZINES,2.877735137939453,0.9968109130859375,4.494255542755127,5.514504432678223,True
2017-07-02,2017-07-09,19,MAGAZINES,2.309378147125244,0.45599615573883057,3.908867835998535,4.944701194763184,True
2017-07-02,2017-07-10,19,MAGAZINES,1.9743269681930542,0.2563129663467407,3.5089359283447266,4.46449089050293,True
2017-07-02,2017-07-11,19,MAGAZINES,1.608088731765747,0.014147520065307617,3.029090404510498,3.977140188217163,True
2017-07-02,2017-07-12,19,MAGAZINES,1.7558432817459106,0.20482683181762695,3.1761417388916016,4.0923566818237305,True
2017-07-02,2017-07-13,19,MAGAZINES,1.6307164430618286,0.018171072006225586,3.0670719146728516,4.045575141906738,True
2017-07-02,2017-07-14,19,MAGAZINES,2.241931200027466,0.4888420104980469,3.8060436248779297,4.778282642364502,True
2017-07-02,2017-07-15,19,MAGAZINES,2.89129900932312,1.0218946933746338,4.518933296203613,5.557102680206299,True
2017-07-02,2017-07-16,19,MAGAZINES,2.319188356399536,0.47181808948516846,3.9459476470947266,4.99198055267334,True
2017-07-02,2017-07-02,23,BABY CARE,0.0,0.0,0.0,0.0,True
2017-07-02,2017-07-03,23,BABY CARE,0.0,0.0,0.0,0.0,True
2017-07-02,2017-07-04,23,BABY CARE,0.0,0.0,0.0,0.0,True
2017-07-02,2017-07-05,23,BABY CARE,0.0,0.0,0.0,0.0,True
2017-07-02,2017-07-06,23,BABY CARE,0.0,0.0,0.0,0.0,True
2017-07-02,2017-07-07,23,BABY CARE,0.0,0.0,0.0,0.0,True
2017-07-02,2017-07-08,23,BABY CARE,0.0,0.0,0.0,0.0,True
2017-07-02,2017-07-09,23,BABY CARE,0.0,0.0,0.0,0.0,True
2017-07-02,2017-07-10,23,BABY CARE,0.0,0.0,0.0,0.0,True
2017-07-02,2017-07-11,23,BABY CARE,0.0,0.0,0.0,0.0,True
2017-07-02,2017-07-12,23,BABY CARE,0.0,0.0,0.0,0.0,True
2017-07-02,2017-07-13,23,BABY CARE,0.0,0.0,0.0,0.0,True
2017-07-02,2017-07-14,23,BABY CARE,0.0,0.0,0.0,0.0,True
2017-07-02,2017-07-15,23,BABY CARE,0.0,0.0,0.0,0.0,True
2017-07-02,2017-07-16,23,BABY CARE,0.0,0.0,0.0,0.0,True
2017-07-02,2017-07-02,23,BEVERAGES,2035.876953125,1732.533203125,2226.0869140625,2334.129638671875,True
2017-07-02,2017-07-03,23,BEVERAGES,1660.7694091796875,1361.336181640625,1853.452392578125,1961.0003662109375,True
2017-07-02,2017-07-04,23,BEVERAGES,1522.904541015625,1248.332763671875,1706.9735107421875,1808.547119140625,True
2017-07-02,2017-07-05,23,BEVERAGES,1507.130859375,1252.3074951171875,1671.134765625,1767.515869140625,True
2017-07-02,2017-07-06,23,BEVERAGES,1390.3675537109375,1145.876220703125,1552.056884765625,1651.3011474609375,True
2017-07-02,2017-07-07,23,BEVERAGES,1487.79541015625,1239.662109375,1659.6688232421875,1766.6646728515625,True
2017-07-02,2017-07-08,23,BEVERAGES,1854.6190185546875,1574.1217041015625,2041.262939453125,2156.36669921875,True
2017-07-02,2017-07-09,23,BEVERAGES,2029.3101806640625,1740.984375,2222.91845703125,2348.4638671875,True
2017-07-02,2017-07-10,23,BEVERAGES,1658.665283203125,1374.225830078125,1855.6793212890625,1974.9830322265625,True
2017-07-02,2017-07-11,23,BEVERAGES,1533.4324951171875,1266.331298828125,1709.436279296875,1830.6964111328125,True
2017-07-02,2017-07-12,23,BEVERAGES,1538.7291259765625,1285.197509765625,1700.420654296875,1803.327392578125,True
2017-07-02,2017-07-13,23,BEVERAGES,1398.331787109375,1162.9783935546875,1557.700927734375,1674.593994140625,True
2017-07-02,2017-07-14,23,BEVERAGES,1486.511474609375,1240.8585205078125,1662.8582763671875,1780.39990234375,True
2017-07-02,2017-07-15,23,BEVERAGES,1859.3408203125,1588.3153076171875,2046.077392578125,2171.533935546875,True
2017-07-02,2017-07-16,23,BEVERAGES,2027.8253173828125,1729.299560546875,2220.593994140625,2347.954345703125,True
2017-07-02,2017-07-02,23,BOOKS,0.0,0.0,0.00011630356311798096,0.0033742934465408325,True
2017-07-02,2017-07-03,23,BOOKS,0.0,0.0,0.00104445219039917,0.0037034936249256134,True
2017-07-02,2017-07-04,23,BOOKS,0.0,0.0,0.0017578080296516418,0.006697017699480057,True
2017-07-02,2017-07-05,23,BOOKS,0.00033180415630340576,0.0,0.0018429085612297058,0.012164564803242683,True
2017-07-02,2017-07-06,23,BOOKS,0.0005809217691421509,0.0,0.00212860107421875,0.00923241674900055,True
2017-07-02,2017-07-07,23,BOOKS,0.0,0.0,0.002897411584854126,0.010464617982506752,True
2017-07-02,2017-07-08,23,BOOKS,0.00023915618658065796,0.0,0.00119747593998909,0.012561745941638947,True
2017-07-02,2017-07-09,23,BOOKS,0.0,0.0,0.0017832107841968536,0.01852169819176197,True
2017-07-02,2017-07-10,23,BOOKS,0.0,0.0,0.002337612211704254,0.009904727339744568,True
2017-07-02,2017-07-11,23,BOOKS,0.0,0.0,0.0026993080973625183,0.011098843067884445,True
2017-07-02,2017-07-12,23,BOOKS,0.00077814981341362,0.0,0.005788452923297882,0.01016540639102459,True
2017-07-02,2017-07-13,23,BOOKS,0.0005396716296672821,0.0,0.0025155432522296906,0.01962946355342865,True
2017-07-02,2017-07-14,23,BOOKS,0.0,0.0,0.001757606863975525,0.01574900560081005,True
2017-07-02,2017-07-15,23,BOOKS,0.0003440156579017639,0.0,0.0030090846121311188,0.014177799224853516,True
2017-07-02,2017-07-16,23,BOOKS,0.0005595572292804718,0.0,0.0019736401736736298,0.011097783222794533,True
2017-07-02,2017-07-02,23,GROCERY I,2565.291259765625,2219.25,2817.41259765625,2972.969482421875,True
2017-07-02,2017-07-03,23,GROCERY I,2295.70068359375,1953.0029296875,2555.1064453125,2715.44775390625,True
2017-07-02,2017-07-04,23,GROCERY I,2157.1220703125,1834.9449462890625,2414.213134765625,2569.73046875,True
2017-07-02,2017-07-05,23,GROCERY I,2178.15185546875,1869.9573974609375,2420.918701171875,2576.34814453125,True
2017-07-02,2017-07-06,23,GROCERY I,2080.065673828125,1771.77392578125,2330.43505859375,2486.63232421875,True
2017-07-02,2017-07-07,23,GROCERY I,2164.19384765625,1839.86572265625,2422.39111328125,2589.381103515625,True
2017-07-02,2017-07-08,23,GROCERY I,2397.754150390625,2050.903564453125,2674.28271484375,2847.224609375,True
2017-07-02,2017-07-09,23,GROCERY I,2536.372802734375,2177.078125,2820.182373046875,2999.8583984375,True
2017-07-02,2017-07-10,23,GROCERY I,2287.15380859375,1936.06103515625,2567.928955078125,2743.93408203125,True
2017-07-02,2017-07-11,23,GROCERY I,2162.842529296875,1832.0943603515625,2428.3994140625,2601.6484375,True
2017-07-02,2017-07-12,23,GROCERY I,2197.2900390625,1870.7904052734375,2452.34375,2614.424560546875,True
2017-07-02,2017-07-13,23,GROCERY I,2079.153564453125,1761.91357421875,2334.25146484375,2507.287841796875,True
2017-07-02,2017-07-14,23,GROCERY I,2160.363037109375,1835.6553955078125,2433.423828125,2606.083740234375,True
2017-07-02,2017-07-15,23,GROCERY I,2405.6728515625,2054.682373046875,2683.300048828125,2864.0078125,True
2017-07-02,2017-07-16,23,GROCERY I,2540.50830078125,2171.626953125,2825.182861328125,3003.94775390625,True
2017-07-02,2017-07-02,23,HOME APPLIANCES,0.0043312013149261475,0.0,0.32630273699760437,0.5376154184341431,True
2017-07-02,2017-07-03,23,HOME APPLIANCES,0.0,0.0,0.34357839822769165,0.5909274220466614,True
2017-07-02,2017-07-04,23,HOME APPLIANCES,0.0010200440883636475,0.0,0.37735119462013245,0.6431586146354675,True
2017-07-02,2017-07-05,23,HOME APPLIANCES,0.0010756105184555054,0.0,0.38930729031562805,0.692215085029602,True
2017-07-02,2017-07-06,23,HOME APPLIANCES,0.005511000752449036,0.0,0.42156803607940674,0.7351577281951904,True
2017-07-02,2017-07-07,23,HOME APPLIANCES,0.0034364908933639526,0.0,0.43234023451805115,0.7669802308082581,True
2017-07-02,2017-07-08,23,HOME APPLIANCES,0.0024444609880447388,0.0,0.4389657974243164,0.7929368615150452,True
2017-07-02,2017-07-09,23,HOME APPLIANCES,0.0,0.0,0.4401687979698181,0.818626880645752,True
2017-07-02,2017-07-10,23,HOME APPLIANCES,0.0,0.0,0.4462796747684479,0.8210935592651367,True
2017-07-02,2017-07-11,23,HOME APPLIANCES,0.0032023340463638306,0.0,0.46074751019477844,0.8521527051925659,True
2017-07-02,2017-07-12,23,HOME APPLIANCES,0.0021058619022369385,0.0,0.4694580137729645,0.8606888055801392,True
2017-07-02,2017-07-13,23,HOME APPLIANCES,0.002188250422477722,0.0,0.4751153588294983,0.8880243897438049,True
2017-07-02,2017-07-14,23,HOME APPLIANCES,0.0,0.0,0.48146799206733704,0.8928643465042114,True
2017-07-02,2017-07-15,23,HOME APPLIANCES,0.004569023847579956,0.0,0.4978068768978119,0.9162865281105042,True
2017-07-02,2017-07-16,23,HOME APPLIANCES,0.00032788515090942383,0.0,0.5112087726593018,0.9415580630302429,True
2017-07-02,2017-07-02,23,LAWN AND GARDEN,1.9520542621612549,0.0,4.031576633453369,5.675858497619629,True
2017-07-02,2017-07-03,23,LAWN AND GARDEN,1.360456943511963,0.0,3.348585844039917,4.8281474113464355,True
2017-07-02,2017-07-04,23,LAWN AND GARDEN,1.3196313381195068,0.0,3.1488566398620605,4.561090469360352,True
2017-07-02,2017-07-05,23,LAWN AND GARDEN,1.55967116355896,0.328319787979126,3.307314395904541,4.8596696853637695,True
2017-07-02,2017-07-06,23,LAWN AND GARDEN,1.4853838682174683,0.0279390811920166,3.355905532836914,4.9279985427856445,True
2017-07-02,2017-07-07,23,LAWN AND GARDEN,2.1863815784454346,0.3887643814086914,4.306718349456787,5.998476982116699,True
2017-07-02,2017-07-08,23,LAWN AND GARDEN,2.5472118854522705,0.6635618209838867,4.789284706115723,6.526309967041016,True
2017-07-02,2017-07-09,23,LAWN AND GARDEN,2.111732006072998,0.4153881072998047,4.237161636352539,6.10169792175293,True
2017-07-02,2017-07-10,23,LAWN AND GARDEN,1.3025996685028076,0.0,3.197970151901245,4.791532516479492,True
2017-07-02,2017-07-11,23,LAWN AND GARDEN,1.180159091949463,0.07971739768981934,2.8283603191375732,4.377835273742676,True
2017-07-02,2017-07-12,23,LAWN AND GARDEN,1.3269965648651123,0.11265206336975098,3.06191349029541,4.500777244567871,True
2017-07-02,2017-07-13,23,LAWN AND GARDEN,1.234877109527588,0.0,3.163236618041992,4.873910903930664,True
2017-07-02,2017-07-14,23,LAWN AND GARDEN,1.9743082523345947,0.0,4.1062822341918945,5.974388599395752,True
2017-07-02,2017-07-15,23,LAWN AND GARDEN,2.384617805480957,0.4445042610168457,4.648253917694092,6.531991481781006,True
2017-07-02,2017-07-16,23,LAWN AND GARDEN,1.9367257356643677,0.04580426216125488,4.087433815002441,5.96550178527832,True
2017-07-02,2017-07-02,23,"LIQUOR,WINE,BEER",39.15650939941406,18.66791534423828,57.578041076660156,71.76040649414062,True
2017-07-02,2017-07-03,23,"LIQUOR,WINE,BEER",23.20394515991211,13.846023559570312,36.26386260986328,47.041751861572266,True
2017-07-02,2017-07-04,23,"LIQUOR,WINE,BEER",26.289926528930664,22.019573211669922,36.13129425048828,45.095703125,True
2017-07-02,2017-07-05,23,"LIQUOR,WINE,BEER",33.654998779296875,24.3298282623291,45.764434814453125,58.14741134643555,True
2017-07-02,2017-07-06,23,"LIQUOR,WINE,BEER",41.890777587890625,22.30552864074707,60.633575439453125,76.60223388671875,True
2017-07-02,2017-07-07,23,"LIQUOR,WINE,BEER",75.9070053100586,46.40081787109375,101.62625122070312,119.44808959960938,True
2017-07-02,2017-07-08,23,"LIQUOR,WINE,BEER",117.51185607910156,85.21317291259766,143.91354370117188,164.56683349609375,True
2017-07-02,2017-07-09,23,"LIQUOR,WINE,BEER",38.31792449951172,14.60137939453125,60.14884567260742,78.85809326171875,True
2017-07-02,2017-07-10,23,"LIQUOR,WINE,BEER",22.390409469604492,9.430122375488281,38.04130554199219,51.75858688354492,True
2017-07-02,2017-07-11,23,"LIQUOR,WINE,BEER",26.854948043823242,18.389476776123047,37.27592468261719,50.33620834350586,True
2017-07-02,2017-07-12,23,"LIQUOR,WINE,BEER",31.05021858215332,18.523380279541016,45.12253189086914,57.728580474853516,True
2017-07-02,2017-07-13,23,"LIQUOR,WINE,BEER",41.219085693359375,18.282032012939453,63.54426193237305,81.23126220703125,True
2017-07-02,2017-07-14,23,"LIQUOR,WINE,BEER",76.53213500976562,43.293190002441406,104.80775451660156,125.64636993408203,True
2017-07-02,2017-07-15,23,"LIQUOR,WINE,BEER",117.38612365722656,82.24205017089844,146.2919921875,166.7647247314453,True
2017-07-02,2017-07-16,23,"LIQUOR,WINE,BEER",40.22198486328125,12.953643798828125,64.474609375,83.13349914550781,True
2017-07-02,2017-07-02,23,MAGAZINES,3.878875494003296,1.1364045143127441,5.962944030761719,7.257456302642822,True
2017-07-02,2017-07-03,23,MAGAZINES,3.6018152236938477,0.8736362457275391,5.75800895690918,7.0907487869262695,True
2017-07-02,2017-07-04,23,MAGAZINES,3.4812989234924316,0.8617618083953857,5.664961814880371,6.946086883544922,True
2017-07-02,2017-07-05,23,MAGAZINES,3.317091464996338,0.7695703506469727,5.434755325317383,6.757300853729248,True
2017-07-02,2017-07-06,23,MAGAZINES,2.8379178047180176,0.33052873611450195,4.9643473625183105,6.279900550842285,True
2017-07-02,2017-07-07,23,MAGAZINES,3.1557888984680176,0.5733110904693604,5.362934589385986,6.702561855316162,True
2017-07-02,2017-07-08,23,MAGAZINES,3.9076316356658936,1.1897468566894531,6.209449291229248,7.615520477294922,True
2017-07-02,2017-07-09,23,MAGAZINES,4.190996170043945,1.4192759990692139,6.553293228149414,7.996870517730713,True
2017-07-02,2017-07-10,23,MAGAZINES,3.7721095085144043,1.0136644840240479,6.14421272277832,7.567292213439941,True
2017-07-02,2017-07-11,23,MAGAZINES,3.6281003952026367,0.9452807903289795,5.872783660888672,7.322644233703613,True
2017-07-02,2017-07-12,23,MAGAZINES,3.450387477874756,0.8447296619415283,5.6369476318359375,7.034154891967773,True
2017-07-02,2017-07-13,23,MAGAZINES,2.9749674797058105,0.43714380264282227,5.1488356590271,6.578771591186523,True
2017-07-02,2017-07-14,23,MAGAZINES,3.275282621383667,0.6927871704101562,5.503592014312744,6.885468006134033,True
2017-07-02,2017-07-15,23,MAGAZINES,4.008522987365723,1.2655107975006104,6.330741882324219,7.82589864730835,True
2017-07-02,2017-07-16,23,MAGAZINES,4.284908294677734,1.4446825981140137,6.671306610107422,8.16313362121582,True
2017-07-02,2017-07-02,24,BABY CARE,0.0,0.00480286031961441,0.03175117075443268,0.08674512058496475,True
2017-07-02,2017-07-03,24,BABY CARE,0.00022954493761062622,0.007920891046524048,0.03721976280212402,0.10678210854530334,True
2017-07-02,2017-07-04,24,BABY CARE,0.002944573760032654,0.01357840746641159,0.0405469574034214,0.12537983059883118,True
2017-07-02,2017-07-05,24,BABY CARE,0.00363294780254364,0.009317539632320404,0.04371679574251175,0.15562038123607635,True
2017-07-02,2017-07-06,24,BABY CARE,0.0023061856627464294,0.014042578637599945,0.04768609628081322,0.1560882031917572,True
2017-07-02,2017-07-07,24,BABY CARE,0.0043476298451423645,0.013783171772956848,0.05505504459142685,0.1726970374584198,True
2017-07-02,2017-07-08,24,BABY CARE,0.0018545165657997131,0.006241783499717712,0.0491911917924881,0.18682752549648285,True
2017-07-02,2017-07-09,24,BABY CARE,0.002825908362865448,0.0042424276471138,0.055664822459220886,0.21018153429031372,True
2017-07-02,2017-07-10,24,BABY CARE,0.002003110945224762,0.007191330194473267,0.05832448974251747,0.19323603808879852,True
2017-07-02,2017-07-11,24,BABY CARE,0.0008994340896606445,0.0061424896121025085,0.06022460386157036,0.20434629917144775,True
2017-07-02,2017-07-12,24,BABY CARE,0.0,0.006139539182186127,0.06048077344894409,0.20126888155937195,True
2017-07-02,2017-07-13,24,BABY CARE,0.00016927719116210938,0.0,0.0578426867723465,0.23627673089504242,True
2017-07-02,2017-07-14,24,BABY CARE,0.0,0.0,0.06023620441555977,0.22360992431640625,True
2017-07-02,2017-07-15,24,BABY CARE,0.0,0.0015259012579917908,0.06852013617753983,0.2327781319618225,True
2017-07-02,2017-07-16,24,BABY CARE,0.0,0.002512723207473755,0.06795123219490051,0.23662126064300537,True
2017-07-02,2017-07-02,24,BEVERAGES,3942.596435546875,3250.9443359375,4397.80810546875,4678.3125,True
2017-07-02,2017-07-03,24,BEVERAGES,3666.620849609375,3009.499755859375,4123.0029296875,4382.2392578125,True
2017-07-02,2017-07-04,24,BEVERAGES,3391.05224609375,2772.01318359375,3833.51123046875,4070.720947265625,True
2017-07-02,2017-07-05,24,BEVERAGES,3808.615478515625,3188.927490234375,4239.2060546875,4493.658203125,True
2017-07-02,2017-07-06,24,BEVERAGES,3114.416015625,2474.817626953125,3567.912353515625,3839.62890625,True
2017-07-02,2017-07-07,24,BEVERAGES,3950.686279296875,3250.0888671875,4437.16015625,4714.048828125,True
2017-07-02,2017-07-08,24,BEVERAGES,4602.314453125,3863.832763671875,5117.3876953125,5407.24169921875,True
2017-07-02,2017-07-09,24,BEVERAGES,3962.09423828125,3269.408447265625,4477.1533203125,4781.46533203125,True
2017-07-02,2017-07-10,24,BEVERAGES,3614.7744140625,2951.087158203125,4102.83642578125,4367.951171875,True
2017-07-02,2017-07-11,24,BEVERAGES,3346.904052734375,2708.95703125,3797.093505859375,4062.978271484375,True
2017-07-02,2017-07-12,24,BEVERAGES,3801.935546875,3143.526611328125,4240.9228515625,4484.56591796875,True
2017-07-02,2017-07-13,24,BEVERAGES,3128.136962890625,2459.87646484375,3596.181884765625,3882.7099609375,True
2017-07-02,2017-07-14,24,BEVERAGES,3943.517822265625,3218.599609375,4448.00146484375,4712.4501953125,True
2017-07-02,2017-07-15,24,BEVERAGES,4593.4609375,3829.260986328125,5105.7119140625,5399.490234375,True
2017-07-02,2017-07-16,24,BEVERAGES,3936.00390625,3196.373291015625,4446.27392578125,4737.13525390625,True
2017-07-02,2017-07-02,24,BOOKS,0.052827268838882446,0.0,0.807373046875,1.1321390867233276,True
2017-07-02,2017-07-03,24,BOOKS,0.015378504991531372,0.0,0.8248875141143799,1.1830167770385742,True
2017-07-02,2017-07-04,24,BOOKS,0.004189163446426392,0.0,0.849480390548706,1.222061276435852,True
2017-07-02,2017-07-05,24,BOOKS,0.006205320358276367,0.0,0.8683690428733826,1.2710788249969482,True
2017-07-02,2017-07-06,24,BOOKS,0.021831274032592773,0.0,0.8966600298881531,1.319725513458252,True
2017-07-02,2017-07-07,24,BOOKS,0.03565439581871033,0.0,0.9178395867347717,1.3456730842590332,True
2017-07-02,2017-07-08,24,BOOKS,0.013465911149978638,0.0,0.8928178548812866,1.3392224311828613,True
2017-07-02,2017-07-09,24,BOOKS,0.0,0.0,0.8580143451690674,1.311305284500122,True
2017-07-02,2017-07-10,24,BOOKS,0.0,0.0,0.8673546314239502,1.3185398578643799,True
2017-07-02,2017-07-11,24,BOOKS,0.0,0.0,0.8758223652839661,1.3360905647277832,True
2017-07-02,2017-07-12,24,BOOKS,0.0,0.0,0.894798994064331,1.3532947301864624,True
2017-07-02,2017-07-13,24,BOOKS,0.00648227334022522,0.0,0.9042975306510925,1.3756431341171265,True
2017-07-02,2017-07-14,24,BOOKS,0.02145630121231079,0.0,0.9205430150032043,1.3907767534255981,True
2017-07-02,2017-07-15,24,BOOKS,0.007906466722488403,0.0,0.9050710797309875,1.3775426149368286,True
2017-07-02,2017-07-16,24,BOOKS,0.0,0.0,0.8980981111526489,1.3777484893798828,True
2017-07-02,2017-07-02,24,GROCERY I,4151.7646484375,3551.734619140625,4586.3623046875,4871.12841796875,True
2017-07-02,2017-07-03,24,GROCERY I,4053.1396484375,3517.688232421875,4479.224609375,4746.0341796875,True
2017-07-02,2017-07-04,24,GROCERY I,3961.12890625,3435.020263671875,4387.95751953125,4649.50341796875,True
2017-07-02,2017-07-05,24,GROCERY I,4294.5478515625,3726.422607421875,4743.74853515625,5035.17822265625,True
2017-07-02,2017-07-06,24,GROCERY I,3851.697509765625,3207.418212890625,4358.28515625,4695.21337890625,True
2017-07-02,2017-07-07,24,GROCERY I,4649.42626953125,3948.028076171875,5195.90478515625,5534.86767578125,True
2017-07-02,2017-07-08,24,GROCERY I,5249.49609375,4526.82470703125,5800.455078125,6148.1611328125,True
2017-07-02,2017-07-09,24,GROCERY I,4161.5302734375,3522.95166015625,4677.71240234375,5016.0234375,True
2017-07-02,2017-07-10,24,GROCERY I,4022.650634765625,3454.7392578125,4488.15673828125,4797.44384765625,True
2017-07-02,2017-07-11,24,GROCERY I,3922.85693359375,3371.194580078125,4354.71533203125,4658.4052734375,True
2017-07-02,2017-07-12,24,GROCERY I,4226.8271484375,3626.171142578125,4690.5888671875,4993.35791015625,True
2017-07-02,2017-07-13,24,GROCERY I,3806.82275390625,3153.6455078125,4323.2177734375,4663.14990234375,True
2017-07-02,2017-07-14,24,GROCERY I,4605.66455078125,3882.57373046875,5171.34716796875,5507.365234375,True
2017-07-02,2017-07-15,24,GROCERY I,5201.9462890625,4477.4638671875,5741.9443359375,6082.42236328125,True
2017-07-02,2017-07-16,24,GROCERY I,4075.26416015625,3418.99560546875,4578.4755859375,4911.64697265625,True
2017-07-02,2017-07-02,24,HOME APPLIANCES,0.00616803765296936,0.0,0.7322150468826294,1.0030345916748047,True
2017-07-02,2017-07-03,24,HOME APPLIANCES,0.0,0.0,0.7681965827941895,1.0652672052383423,True
2017-07-02,2017-07-04,24,HOME APPLIANCES,0.0,0.0,0.7993959188461304,1.0999479293823242,True
2017-07-02,2017-07-05,24,HOME APPLIANCES,0.0,0.0,0.8024307489395142,1.1233304738998413,True
2017-07-02,2017-07-06,24,HOME APPLIANCES,0.0,0.0,0.8220824003219604,1.152966022491455,True
2017-07-02,2017-07-07,24,HOME APPLIANCES,0.00875622034072876,0.0,0.8457777500152588,1.1778501272201538,True
2017-07-02,2017-07-08,24,HOME APPLIANCES,0.006062984466552734,0.0,0.8434090614318848,1.1875011920928955,True
2017-07-02,2017-07-09,24,HOME APPLIANCES,0.0,0.0,0.8156589865684509,1.17021644115448,True
2017-07-02,2017-07-10,24,HOME APPLIANCES,0.0,0.0,0.8292032480239868,1.174573302268982,True
2017-07-02,2017-07-11,24,HOME APPLIANCES,0.0,0.0,0.8267534971237183,1.1800812482833862,True
2017-07-02,2017-07-12,24,HOME APPLIANCES,0.0,0.0,0.8401081562042236,1.19154953956604,True
2017-07-02,2017-07-13,24,HOME APPLIANCES,0.0,0.0,0.8441919088363647,1.2169151306152344,True
2017-07-02,2017-07-14,24,HOME APPLIANCES,0.008182227611541748,0.0,0.8604893684387207,1.2270903587341309,True
2017-07-02,2017-07-15,24,HOME APPLIANCES,0.015488237142562866,0.0,0.8752870559692383,1.2445650100708008,True
2017-07-02,2017-07-16,24,HOME APPLIANCES,0.015453845262527466,0.0,0.8914349675178528,1.2653772830963135,True
2017-07-02,2017-07-02,24,LAWN AND GARDEN,30.51119613647461,16.829038619995117,41.04270553588867,48.083946228027344,True
2017-07-02,2017-07-03,24,LAWN AND GARDEN,29.392040252685547,16.906137466430664,39.888973236083984,46.876808166503906,True
2017-07-02,2017-07-04,24,LAWN AND GARDEN,38.8330192565918,25.5896053314209,50.38136291503906,57.769081115722656,True
2017-07-02,2017-07-05,24,LAWN AND GARDEN,44.95415496826172,29.478559494018555,57.868499755859375,66.34808349609375,True
2017-07-02,2017-07-06,24,LAWN AND GARDEN,39.331443786621094,21.635051727294922,53.55534362792969,62.85588455200195,True
2017-07-02,2017-07-07,24,LAWN AND GARDEN,52.544212341308594,34.5450325012207,67.21829986572266,76.25813293457031,True
2017-07-02,2017-07-08,24,LAWN AND GARDEN,51.555118560791016,34.73981857299805,65.20818328857422,74.19877624511719,True
2017-07-02,2017-07-09,24,LAWN AND GARDEN,31.110755920410156,16.84800910949707,43.22742462158203,51.637149810791016,True
2017-07-02,2017-07-10,24,LAWN AND GARDEN,29.367910385131836,16.199417114257812,40.53605651855469,48.67013931274414,True
2017-07-02,2017-07-11,24,LAWN AND GARDEN,37.99551773071289,23.722034454345703,49.62812042236328,58.024147033691406,True
2017-07-02,2017-07-12,24,LAWN AND GARDEN,43.639381408691406,27.072818756103516,57.20347595214844,66.09576416015625,True
2017-07-02,2017-07-13,24,LAWN AND GARDEN,38.704017639160156,20.569358825683594,53.950096130371094,63.77153778076172,True
2017-07-02,2017-07-14,24,LAWN AND GARDEN,52.25721740722656,32.98792266845703,67.81591796875,77.73056030273438,True
2017-07-02,2017-07-15,24,LAWN AND GARDEN,50.925384521484375,33.118133544921875,65.25676727294922,74.53343963623047,True
2017-07-02,2017-07-16,24,LAWN AND GARDEN,30.625131607055664,15.657148361206055,43.33462142944336,52.047340393066406,True
2017-07-02,2017-07-02,24,"LIQUOR,WINE,BEER",70.00211334228516,40.88064956665039,92.093505859375,106.56901550292969,True
2017-07-02,2017-07-03,24,"LIQUOR,WINE,BEER",56.517757415771484,34.99751281738281,74.86262512207031,87.99758911132812,True
2017-07-02,2017-07-04,24,"LIQUOR,WINE,BEER",68.10177612304688,50.01160430908203,85.53914642333984,97.28160858154297,True
2017-07-02,2017-07-05,24,"LIQUOR,WINE,BEER",76.91264343261719,55.09325408935547,95.11185455322266,109.11888122558594,True
2017-07-02,2017-07-06,24,"LIQUOR,WINE,BEER",88.22068786621094,59.369972229003906,111.22332763671875,127.11651611328125,True
2017-07-02,2017-07-07,24,"LIQUOR,WINE,BEER",148.42149353027344,112.9008560180664,174.0448760986328,191.4014129638672,True
2017-07-02,2017-07-08,24,"LIQUOR,WINE,BEER",170.47796630859375,133.7880096435547,196.06521606445312,215.02268981933594,True
2017-07-02,2017-07-09,24,"LIQUOR,WINE,BEER",70.93206024169922,41.62386703491211,94.254150390625,113.40564727783203,True
2017-07-02,2017-07-10,24,"LIQUOR,WINE,BEER",56.57734680175781,34.05015182495117,76.16179656982422,91.0279312133789,True
2017-07-02,2017-07-11,24,"LIQUOR,WINE,BEER",70.13629913330078,49.583229064941406,86.3346176147461,100.99730682373047,True
2017-07-02,2017-07-12,24,"LIQUOR,WINE,BEER",79.4994125366211,56.50962829589844,98.82839965820312,112.77505493164062,True
2017-07-02,2017-07-13,24,"LIQUOR,WINE,BEER",91.16646575927734,62.04405975341797,114.3199234008789,133.06024169921875,True
2017-07-02,2017-07-14,24,"LIQUOR,WINE,BEER",154.568359375,117.80552673339844,181.92544555664062,200.39187622070312,True
2017-07-02,2017-07-15,24,"LIQUOR,WINE,BEER",175.64437866210938,138.966552734375,202.9838409423828,221.35169982910156,True
2017-07-02,2017-07-16,24,"LIQUOR,WINE,BEER",74.90126037597656,43.60181427001953,98.23179626464844,116.25373840332031,True
2017-07-02,2017-07-02,24,MAGAZINES,9.930529594421387,4.740159034729004,14.040761947631836,16.59996795654297,True
2017-07-02,2017-07-03,24,MAGAZINES,9.641124725341797,4.716641902923584,13.745898246765137,16.331573486328125,True
2017-07-02,2017-07-04,24,MAGAZINES,9.319026947021484,4.54461145401001,13.520689964294434,16.096847534179688,True
2017-07-02,2017-07-05,24,MAGAZINES,9.772012710571289,4.796566486358643,14.037673950195312,16.856578826904297,True
2017-07-02,2017-07-06,24,MAGAZINES,10.74227523803711,5.295700550079346,15.34100341796875,18.294639587402344,True
2017-07-02,2017-07-07,24,MAGAZINES,12.420280456542969,6.589315891265869,17.269399642944336,20.28643798828125,True
2017-07-02,2017-07-08,24,MAGAZINES,13.625121116638184,7.780843734741211,18.5673770904541,21.72470474243164,True
2017-07-02,2017-07-09,24,MAGAZINES,11.070940017700195,5.571695327758789,15.799867630004883,18.9505558013916,True
2017-07-02,2017-07-10,24,MAGAZINES,10.016237258911133,4.8743510246276855,14.559953689575195,17.533554077148438,True
2017-07-02,2017-07-11,24,MAGAZINES,9.498887062072754,4.479245185852051,13.838683128356934,16.832555770874023,True
2017-07-02,2017-07-12,24,MAGAZINES,9.722020149230957,4.581554889678955,14.251245498657227,17.245906829833984,True
2017-07-02,2017-07-13,24,MAGAZINES,10.933358192443848,5.528390884399414,15.604944229125977,18.81591796875,True
2017-07-02,2017-07-14,24,MAGAZINES,12.491558074951172,6.697319030761719,17.47818946838379,20.663589477539062,True
2017-07-02,2017-07-15,24,MAGAZINES,13.560397148132324,7.699069499969482,18.548267364501953,21.82767105102539,True
2017-07-02,2017-07-16,24,MAGAZINES,10.910624504089355,5.338821887969971,15.720529556274414,18.899423599243164,True
2017-07-02,2017-07-02,37,BABY CARE,0.0,0.0,0.0019435510039329529,0.007353037595748901,True
2017-07-02,2017-07-03,37,BABY CARE,0.00034308433532714844,0.0,0.0029346197843551636,0.005192577838897705,True
2017-07-02,2017-07-04,37,BABY CARE,0.00028268247842788696,0.0,0.0023523420095443726,0.007039658725261688,True
2017-07-02,2017-07-05,37,BABY CARE,3.151595592498779e-05,0.0,0.00046628713607788086,0.014014702290296555,True
2017-07-02,2017-07-06,37,BABY CARE,0.0,0.0,0.0011209696531295776,0.009162232279777527,True
2017-07-02,2017-07-07,37,BABY CARE,0.0,0.0,0.001242212951183319,0.008168261498212814,True
2017-07-02,2017-07-08,37,BABY CARE,0.0,0.0,0.0,0.011678207665681839,True
2017-07-02,2017-07-09,37,BABY CARE,0.0,0.0,0.0009934455156326294,0.021387852728366852,True
2017-07-02,2017-07-10,37,BABY CARE,0.0,0.0,0.0009454339742660522,0.007647305727005005,True
2017-07-02,2017-07-11,37,BABY CARE,6.765127182006836e-05,0.0,0.0002959445118904114,0.009994059801101685,True
2017-07-02,2017-07-12,37,BABY CARE,0.0,0.0,0.0017463788390159607,0.00673404335975647,True
2017-07-02,2017-07-13,37,BABY CARE,0.00024668872356414795,0.0,0.0,0.021322257816791534,True
2017-07-02,2017-07-14,37,BABY CARE,0.0,0.0,0.0,0.015527796000242233,True
2017-07-02,2017-07-15,37,BABY CARE,2.4020671844482422e-05,0.0,0.0010061115026474,0.015271555632352829,True
2017-07-02,2017-07-16,37,BABY CARE,0.00019448250532150269,0.0,0.0,0.011333923786878586,True
2017-07-02,2017-07-02,37,BEVERAGES,3102.4951171875,2597.782958984375,3478.833251953125,3719.8505859375,True
2017-07-02,2017-07-03,37,BEVERAGES,2776.751708984375,2284.63037109375,3161.6591796875,3410.85302734375,True
2017-07-02,2017-07-04,37,BEVERAGES,2656.765869140625,2187.973388671875,3051.22802734375,3286.316162109375,True
2017-07-02,2017-07-05,37,BEVERAGES,2869.00537109375,2401.732666015625,3248.69677734375,3500.33984375,True
2017-07-02,2017-07-06,37,BEVERAGES,2489.528564453125,2019.0029296875,2891.304443359375,3149.42041015625,True
2017-07-02,2017-07-07,37,BEVERAGES,2840.971923828125,2335.938232421875,3252.610107421875,3530.546630859375,True
2017-07-02,2017-07-08,37,BEVERAGES,3548.827880859375,3019.17333984375,3971.2041015625,4250.322265625,True
2017-07-02,2017-07-09,37,BEVERAGES,3028.795654296875,2524.878173828125,3457.46728515625,3745.408447265625,True
2017-07-02,2017-07-10,37,BEVERAGES,2757.498779296875,2268.9228515625,3167.521484375,3443.74609375,True
2017-07-02,2017-07-11,37,BEVERAGES,2624.98876953125,2147.654296875,3018.085205078125,3291.9833984375,True
2017-07-02,2017-07-12,37,BEVERAGES,2838.576416015625,2345.088134765625,3226.37890625,3483.166259765625,True
2017-07-02,2017-07-13,37,BEVERAGES,2480.25244140625,2004.287841796875,2884.813720703125,3171.39599609375,True
2017-07-02,2017-07-14,37,BEVERAGES,2835.645263671875,2336.4560546875,3266.18408203125,3546.688720703125,True
2017-07-02,2017-07-15,37,BEVERAGES,3575.511474609375,3032.621826171875,3999.419189453125,4285.87841796875,True
2017-07-02,2017-07-16,37,BEVERAGES,3052.825439453125,2514.608154296875,3473.1650390625,3761.900634765625,True
2017-07-02,2017-07-02,37,BOOKS,0.0,0.0021636486053466797,0.0009385347366333008,0.03778381645679474,False
2017-07-02,2017-07-03,37,BOOKS,0.001104101538658142,0.005116745829582214,0.009756147861480713,0.04842366278171539,True
2017-07-02,2017-07-04,37,BOOKS,0.004538089036941528,0.011890515685081482,0.020244017243385315,0.07072906941175461,True
2017-07-02,2017-07-05,37,BOOKS,0.002520337700843811,0.011365190148353577,0.023008450865745544,0.09528888761997223,True
2017-07-02,2017-07-06,37,BOOKS,0.005540370941162109,0.01038864254951477,0.03074890375137329,0.10869169235229492,True
2017-07-02,2017-07-07,37,BOOKS,0.0025816112756729126,0.011868879199028015,0.03225038945674896,0.12045520544052124,True
2017-07-02,2017-07-08,37,BOOKS,0.0,0.006940767168998718,0.03268793225288391,0.1342540830373764,True
2017-07-02,2017-07-09,37,BOOKS,0.0020885318517684937,0.011794060468673706,0.0393008291721344,0.15608304738998413,True
2017-07-02,2017-07-10,37,BOOKS,0.0012812763452529907,0.00754760205745697,0.041715726256370544,0.15981411933898926,True
2017-07-02,2017-07-11,37,BOOKS,5.4776668548583984e-05,0.00977759063243866,0.04445299506187439,0.17794185876846313,True
2017-07-02,2017-07-12,37,BOOKS,0.0010551810264587402,0.005609750747680664,0.0520930141210556,0.18642526865005493,True
2017-07-02,2017-07-13,37,BOOKS,0.0014726817607879639,0.005242973566055298,0.05541135370731354,0.2105686068534851,True
2017-07-02,2017-07-14,37,BOOKS,0.0005900710821151733,0.000908970832824707,0.06202787160873413,0.22715824842453003,True
2017-07-02,2017-07-15,37,BOOKS,0.0,0.005261272192001343,0.06659723818302155,0.2347426414489746,True
2017-07-02,2017-07-16,37,BOOKS,0.00016862154006958008,0.002032235264778137,0.07197169959545135,0.2519652843475342,True
2017-07-02,2017-07-02,37,GROCERY I,3650.97802734375,3260.56494140625,3913.784912109375,4070.212158203125,True
2017-07-02,2017-07-03,37,GROCERY I,3776.454833984375,3386.048828125,4059.323486328125,4227.943359375,True
2017-07-02,2017-07-04,37,GROCERY I,3565.4072265625,3160.865478515625,3870.5009765625,4029.20263671875,True
2017-07-02,2017-07-05,37,GROCERY I,3868.78759765625,3451.248779296875,4163.55908203125,4352.0419921875,True
2017-07-02,2017-07-06,37,GROCERY I,3465.26123046875,3025.386474609375,3782.461669921875,3973.2080078125,True
2017-07-02,2017-07-07,37,GROCERY I,3685.154541015625,3224.78271484375,4004.54443359375,4198.1259765625,True
2017-07-02,2017-07-08,37,GROCERY I,4322.7412109375,3853.4306640625,4657.9443359375,4873.2919921875,True
2017-07-02,2017-07-09,37,GROCERY I,3513.8935546875,3074.49072265625,3867.5810546875,4098.74755859375,True
2017-07-02,2017-07-10,37,GROCERY I,3640.15673828125,3188.125732421875,3991.3759765625,4197.234375,True
2017-07-02,2017-07-11,37,GROCERY I,3409.60595703125,2963.12255859375,3754.706787109375,3949.110595703125,True
2017-07-02,2017-07-12,37,GROCERY I,3653.48193359375,3186.65966796875,3989.872314453125,4187.3974609375,True
2017-07-02,2017-07-13,37,GROCERY I,3228.40234375,2759.609619140625,3568.76708984375,3801.814453125,True
2017-07-02,2017-07-14,37,GROCERY I,3426.17578125,2942.161376953125,3789.67138671875,3996.0380859375,True
2017-07-02,2017-07-15,37,GROCERY I,4145.47265625,3649.30078125,4510.107421875,4731.33984375,True
2017-07-02,2017-07-16,37,GROCERY I,3403.914306640625,2915.095947265625,3767.183837890625,4003.64697265625,True
2017-07-02,2017-07-02,37,HOME APPLIANCES,0.0019235312938690186,0.0,0.7387332916259766,1.0207664966583252,True
2017-07-02,2017-07-03,37,HOME APPLIANCES,0.01645389199256897,0.0,0.8078546524047852,1.1242165565490723,True
2017-07-02,2017-07-04,37,HOME APPLIANCES,0.02428784966468811,0.0,0.8492903709411621,1.1695353984832764,True
2017-07-02,2017-07-05,37,HOME APPLIANCES,0.004356294870376587,0.0,0.8434644341468811,1.1825737953186035,True
2017-07-02,2017-07-06,37,HOME APPLIANCES,0.005149751901626587,0.0,0.8489968776702881,1.1955828666687012,True
2017-07-02,2017-07-07,37,HOME APPLIANCES,0.0,0.0,0.8487290143966675,1.1936331987380981,True
2017-07-02,2017-07-08,37,HOME APPLIANCES,0.0,0.0,0.8507505655288696,1.2059327363967896,True
2017-07-02,2017-07-09,37,HOME APPLIANCES,0.0,0.0,0.8410234451293945,1.2075597047805786,True
2017-07-02,2017-07-10,37,HOME APPLIANCES,0.0,0.0,0.8653675317764282,1.2264220714569092,True
2017-07-02,2017-07-11,37,HOME APPLIANCES,0.00441315770149231,0.0,0.8791843056678772,1.247177004814148,True
2017-07-02,2017-07-12,37,HOME APPLIANCES,0.0029283463954925537,0.0,0.8863009214401245,1.2517478466033936,True
2017-07-02,2017-07-13,37,HOME APPLIANCES,0.0,0.0,0.858794093132019,1.2396005392074585,True
2017-07-02,2017-07-14,37,HOME APPLIANCES,0.0,0.0,0.8588201999664307,1.2304617166519165,True
2017-07-02,2017-07-15,37,HOME APPLIANCES,0.003173351287841797,0.0,0.8707844018936157,1.2425954341888428,True
2017-07-02,2017-07-16,37,HOME APPLIANCES,0.0,0.0,0.8750280737876892,1.2612831592559814,True
2017-07-02,2017-07-02,37,LAWN AND GARDEN,24.4410400390625,12.809342384338379,32.87895202636719,38.09596633911133,True
2017-07-02,2017-07-03,37,LAWN AND GARDEN,27.245403289794922,15.003998756408691,36.537960052490234,42.11578369140625,True
2017-07-02,2017-07-04,37,LAWN AND GARDEN,31.069103240966797,18.014522552490234,40.95817565917969,46.766082763671875,True
2017-07-02,2017-07-05,37,LAWN AND GARDEN,32.946807861328125,19.745052337646484,42.99400329589844,49.069122314453125,True
2017-07-02,2017-07-06,37,LAWN AND GARDEN,27.336841583251953,14.37335205078125,37.351531982421875,43.30455780029297,True
2017-07-02,2017-07-07,37,LAWN AND GARDEN,27.232187271118164,14.766310691833496,36.85729217529297,42.76911926269531,True
2017-07-02,2017-07-08,37,LAWN AND GARDEN,27.246868133544922,15.163113594055176,36.64734649658203,42.33716583251953,True
2017-07-02,2017-07-09,37,LAWN AND GARDEN,23.785654067993164,11.652030944824219,33.248497009277344,39.05134201049805,True
2017-07-02,2017-07-10,37,LAWN AND GARDEN,26.59466552734375,13.872687339782715,36.347679138183594,42.41775894165039,True
2017-07-02,2017-07-11,37,LAWN AND GARDEN,30.188276290893555,16.69718360900879,40.25459289550781,46.5307502746582,True
2017-07-02,2017-07-12,37,LAWN AND GARDEN,31.943031311035156,18.067733764648438,42.28814697265625,48.63325500488281,True
2017-07-02,2017-07-13,37,LAWN AND GARDEN,26.938749313354492,13.699688911437988,37.12916946411133,43.47187805175781,True
2017-07-02,2017-07-14,37,LAWN AND GARDEN,27.146526336669922,14.340224266052246,36.987892150878906,43.13056564331055,True
2017-07-02,2017-07-15,37,LAWN AND GARDEN,27.017059326171875,14.356614112854004,36.47886276245117,42.589805603027344,True
2017-07-02,2017-07-16,37,LAWN AND GARDEN,23.758695602416992,11.369626998901367,33.3181266784668,39.61914825439453,True
2017-07-02,2017-07-02,37,"LIQUOR,WINE,BEER",68.1729507446289,43.403602600097656,86.68473815917969,99.7238998413086,True
2017-07-02,2017-07-03,37,"LIQUOR,WINE,BEER",66.45977020263672,47.521236419677734,83.99105072021484,94.74740600585938,True
2017-07-02,2017-07-04,37,"LIQUOR,WINE,BEER",71.17874908447266,52.67566680908203,87.54059600830078,97.3893051147461,True
2017-07-02,2017-07-05,37,"LIQUOR,WINE,BEER",76.84624481201172,56.13517379760742,93.40023040771484,105.46520233154297,True
2017-07-02,2017-07-06,37,"LIQUOR,WINE,BEER",90.7867431640625,65.74993133544922,110.50015258789062,124.15583038330078,True
2017-07-02,2017-07-07,37,"LIQUOR,WINE,BEER",162.11880493164062,132.13607788085938,182.88525390625,195.80001831054688,True
2017-07-02,2017-07-08,37,"LIQUOR,WINE,BEER",175.99185180664062,146.03167724609375,196.87420654296875,211.69287109375,True
2017-07-02,2017-07-09,37,"LIQUOR,WINE,BEER",68.71808624267578,42.3736457824707,87.61125183105469,102.18408203125,True
2017-07-02,2017-07-10,37,"LIQUOR,WINE,BEER",66.14188385009766,44.38328170776367,82.42890930175781,95.37166595458984,True
2017-07-02,2017-07-11,37,"LIQUOR,WINE,BEER",72.76544952392578,50.69534683227539,87.54452514648438,100.01333618164062,True
2017-07-02,2017-07-12,37,"LIQUOR,WINE,BEER",74.87434387207031,51.429473876953125,92.42648315429688,104.69786834716797,True
2017-07-02,2017-07-13,37,"LIQUOR,WINE,BEER",88.23638916015625,60.24525451660156,107.73411560058594,122.32231903076172,True
2017-07-02,2017-07-14,37,"LIQUOR,WINE,BEER",159.3895263671875,126.57610321044922,182.3535919189453,196.17074584960938,True
2017-07-02,2017-07-15,37,"LIQUOR,WINE,BEER",172.40248107910156,140.10494995117188,194.35769653320312,209.14500427246094,True
2017-07-02,2017-07-16,37,"LIQUOR,WINE,BEER",69.6323013305664,41.93681335449219,90.2195053100586,106.05293273925781,True
2017-07-02,2017-07-02,37,MAGAZINES,6.026272773742676,1.9990863800048828,9.252678871154785,11.32005500793457,True
2017-07-02,2017-07-03,37,MAGAZINES,6.241570472717285,2.1134042739868164,9.676491737365723,11.859039306640625,True
2017-07-02,2017-07-04,37,MAGAZINES,6.339120388031006,2.1779088973999023,9.953417778015137,12.155449867248535,True
2017-07-02,2017-07-05,37,MAGAZINES,6.466413497924805,2.2437591552734375,10.116134643554688,12.460016250610352,True
2017-07-02,2017-07-06,37,MAGAZINES,6.7154927253723145,2.4007177352905273,10.461628913879395,12.834280014038086,True
2017-07-02,2017-07-07,37,MAGAZINES,7.00277853012085,2.543132781982422,10.861095428466797,13.272927284240723,True
2017-07-02,2017-07-08,37,MAGAZINES,7.255568027496338,2.7654547691345215,11.229179382324219,13.713640213012695,True
2017-07-02,2017-07-09,37,MAGAZINES,7.137261867523193,2.677736759185791,11.15943431854248,13.69123363494873,True
2017-07-02,2017-07-10,37,MAGAZINES,6.989535331726074,2.4551734924316406,10.996356010437012,13.51218032836914,True
2017-07-02,2017-07-11,37,MAGAZINES,6.894833564758301,2.3726744651794434,10.804367065429688,13.395919799804688,True
2017-07-02,2017-07-12,37,MAGAZINES,6.887576103210449,2.3352065086364746,10.8789644241333,13.404315948486328,True
2017-07-02,2017-07-13,37,MAGAZINES,6.990644931793213,2.464906692504883,10.961797714233398,13.590234756469727,True
2017-07-02,2017-07-14,37,MAGAZINES,7.097383499145508,2.4869489669799805,11.143301010131836,13.696266174316406,True
2017-07-02,2017-07-15,37,MAGAZINES,7.269477844238281,2.567932605743408,11.361974716186523,14.036575317382812,True
2017-07-02,2017-07-16,37,MAGAZINES,7.106644153594971,2.3905043601989746,11.19859790802002,13.896480560302734,True
2017-07-02,2017-07-02,40,BABY CARE,0.0,0.0,0.2878313958644867,0.5325706005096436,True
2017-07-02,2017-07-03,40,BABY CARE,0.0,0.0,0.3475717306137085,0.6514903903007507,True
2017-07-02,2017-07-04,40,BABY CARE,0.016927912831306458,0.0,0.4147566854953766,0.753777027130127,True
2017-07-02,2017-07-05,40,BABY CARE,0.00795881450176239,0.0,0.42989489436149597,0.8416124582290649,True
2017-07-02,2017-07-06,40,BABY CARE,0.010895326733589172,0.0,0.46253252029418945,0.8942276239395142,True
2017-07-02,2017-07-07,40,BABY CARE,0.0,0.0,0.4783494174480438,0.9450797438621521,True
2017-07-02,2017-07-08,40,BABY CARE,0.0004419982433319092,0.0,0.4898643493652344,1.0035743713378906,True
2017-07-02,2017-07-09,40,BABY CARE,0.002918824553489685,0.0,0.501873791217804,1.0565690994262695,True
2017-07-02,2017-07-10,40,BABY CARE,0.008868634700775146,0.0,0.5232812166213989,1.055854082107544,True
2017-07-02,2017-07-11,40,BABY CARE,0.0030861347913742065,0.0,0.519966721534729,1.0960193872451782,True
2017-07-02,2017-07-12,40,BABY CARE,0.010459676384925842,0.0,0.5416287183761597,1.1179203987121582,True
2017-07-02,2017-07-13,40,BABY CARE,0.011518746614456177,0.0,0.543903648853302,1.1882007122039795,True
2017-07-02,2017-07-14,40,BABY CARE,0.009633302688598633,0.0,0.5643981099128723,1.1831541061401367,True
2017-07-02,2017-07-15,40,BABY CARE,0.014811903238296509,0.0,0.583512008190155,1.2194476127624512,True
2017-07-02,2017-07-16,40,BABY CARE,0.01812957227230072,0.0,0.5989624261856079,1.252192735671997,True
2017-07-02,2017-07-02,40,BEVERAGES,3798.72265625,3015.3125,4469.8232421875,4941.3603515625,True
2017-07-02,2017-07-03,40,BEVERAGES,3549.972900390625,2833.85107421875,4234.3076171875,4711.34765625,True
2017-07-02,2017-07-04,40,BEVERAGES,3358.731689453125,2771.837890625,3998.59521484375,4438.43115234375,True
2017-07-02,2017-07-05,40,BEVERAGES,3209.45751953125,2717.220458984375,3784.022705078125,4230.44677734375,True
2017-07-02,2017-07-06,40,BEVERAGES,2772.99609375,2304.88525390625,3342.71923828125,3777.51416015625,True
2017-07-02,2017-07-07,40,BEVERAGES,3197.185546875,2636.796630859375,3817.430908203125,4282.705078125,True
2017-07-02,2017-07-08,40,BEVERAGES,3828.349853515625,3153.73193359375,4504.14111328125,5026.42529296875,True
2017-07-02,2017-07-09,40,BEVERAGES,3668.28955078125,2944.765869140625,4395.34619140625,4936.794921875,True
2017-07-02,2017-07-10,40,BEVERAGES,3494.744384765625,2817.740234375,4198.89453125,4709.12646484375,True
2017-07-02,2017-07-11,40,BEVERAGES,3329.962890625,2744.1123046875,3937.969970703125,4439.4755859375,True
2017-07-02,2017-07-12,40,BEVERAGES,3194.484619140625,2683.740966796875,3748.4970703125,4203.70068359375,True
2017-07-02,2017-07-13,40,BEVERAGES,2785.098876953125,2303.4541015625,3340.262451171875,3824.36474609375,True
2017-07-02,2017-07-14,40,BEVERAGES,3162.398681640625,2600.265869140625,3783.175537109375,4251.455078125,True
2017-07-02,2017-07-15,40,BEVERAGES,3789.926513671875,3097.684326171875,4477.5849609375,5008.984375,True
2017-07-02,2017-07-16,40,BEVERAGES,3642.792724609375,2890.2919921875,4388.13232421875,4938.263671875,True
2017-07-02,2017-07-02,40,BOOKS,0.0,0.0,0.0,0.0,True
2017-07-02,2017-07-03,40,BOOKS,0.0,0.0,0.0,0.0,True
2017-07-02,2017-07-04,40,BOOKS,0.0,0.0,0.0,0.0,True
2017-07-02,2017-07-05,40,BOOKS,0.0,0.0,0.0,0.0,True
2017-07-02,2017-07-06,40,BOOKS,0.0,0.0,0.0,0.0,True
2017-07-02,2017-07-07,40,BOOKS,0.0,0.0,0.0,0.0,True
2017-07-02,2017-07-08,40,BOOKS,0.0,0.0,0.0,0.0,True
2017-07-02,2017-07-09,40,BOOKS,0.0,0.0,0.0,0.0,True
2017-07-02,2017-07-10,40,BOOKS,0.0,0.0,0.0,0.0,True
2017-07-02,2017-07-11,40,BOOKS,0.0,0.0,0.0,0.0,True
2017-07-02,2017-07-12,40,BOOKS,0.0,0.0,0.0,0.0,True
2017-07-02,2017-07-13,40,BOOKS,0.0,0.0,0.0,0.0,True
2017-07-02,2017-07-14,40,BOOKS,0.0,0.0,0.0,0.0,True
2017-07-02,2017-07-15,40,BOOKS,0.0,0.0,0.0,0.0,True
2017-07-02,2017-07-16,40,BOOKS,0.0,0.0,0.0,0.0,True
2017-07-02,2017-07-02,40,GROCERY I,5775.1611328125,4741.435546875,6578.18408203125,7132.29833984375,True
2017-07-02,2017-07-03,40,GROCERY I,5795.76513671875,4816.21484375,6635.96435546875,7195.0302734375,True
2017-07-02,2017-07-04,40,GROCERY I,5246.35986328125,4330.72216796875,6053.4150390625,6571.51416015625,True
2017-07-02,2017-07-05,40,GROCERY I,5001.03759765625,4156.01513671875,5759.23681640625,6326.35888671875,True
2017-07-02,2017-07-06,40,GROCERY I,4235.8291015625,3406.6103515625,5028.6533203125,5582.97021484375,True
2017-07-02,2017-07-07,40,GROCERY I,4697.04541015625,3761.7490234375,5521.93994140625,6105.7646484375,True
2017-07-02,2017-07-08,40,GROCERY I,6486.154296875,5467.474609375,7363.6708984375,7998.275390625,True
2017-07-02,2017-07-09,40,GROCERY I,5658.458984375,4625.51220703125,6571.7880859375,7222.20703125,True
2017-07-02,2017-07-10,40,GROCERY I,5737.53076171875,4735.1591796875,6618.26318359375,7236.3232421875,True
2017-07-02,2017-07-11,40,GROCERY I,5202.9072265625,4272.8798828125,6014.67919921875,6614.5810546875,True
2017-07-02,2017-07-12,40,GROCERY I,4916.86865234375,4026.1171875,5679.8720703125,6245.546875,True
2017-07-02,2017-07-13,40,GROCERY I,4188.7626953125,3300.64990234375,4966.7265625,5563.00146484375,True
2017-07-02,2017-07-14,40,GROCERY I,4651.91455078125,3696.731689453125,5494.49267578125,6080.693359375,True
2017-07-02,2017-07-15,40,GROCERY I,6460.55078125,5380.60400390625,7341.583984375,7987.1044921875,True
2017-07-02,2017-07-16,40,GROCERY I,5577.0908203125,4460.55908203125,6488.6640625,7149.0791015625,True
2017-07-02,2017-07-02,40,HOME APPLIANCES,0.08900558948516846,0.0,0.5733973979949951,0.8513462543487549,True
2017-07-02,2017-07-03,40,HOME APPLIANCES,0.02608552575111389,0.0,0.5505495071411133,0.8659025430679321,True
2017-07-02,2017-07-04,40,HOME APPLIANCES,0.015414252877235413,0.0,0.5602107048034668,0.8887515664100647,True
2017-07-02,2017-07-05,40,HOME APPLIANCES,0.0013189762830734253,0.0,0.5500131845474243,0.909920871257782,True
2017-07-02,2017-07-06,40,HOME APPLIANCES,0.00989300012588501,0.0,0.5731250047683716,0.941688060760498,True
2017-07-02,2017-07-07,40,HOME APPLIANCES,0.005257546901702881,0.0,0.578473687171936,0.9620551466941833,True
2017-07-02,2017-07-08,40,HOME APPLIANCES,0.011766910552978516,0.0,0.5858967304229736,0.9885404109954834,True
2017-07-02,2017-07-09,40,HOME APPLIANCES,0.0059729814529418945,0.0,0.5762169361114502,0.9986523985862732,True
2017-07-02,2017-07-10,40,HOME APPLIANCES,0.006580457091331482,0.0,0.5796178579330444,0.993910551071167,True
2017-07-02,2017-07-11,40,HOME APPLIANCES,0.011405199766159058,0.0,0.5792603492736816,1.0121691226959229,True
2017-07-02,2017-07-12,40,HOME APPLIANCES,0.010941922664642334,0.0,0.5836646556854248,1.0089528560638428,True
2017-07-02,2017-07-13,40,HOME APPLIANCES,0.007071971893310547,0.0,0.5768448114395142,1.0255887508392334,True
2017-07-02,2017-07-14,40,HOME APPLIANCES,0.015013173222541809,0.0,0.593399167060852,1.031754732131958,True
2017-07-02,2017-07-15,40,HOME APPLIANCES,0.02269381284713745,0.0,0.6053217649459839,1.0500028133392334,True
2017-07-02,2017-07-16,40,HOME APPLIANCES,0.016652926802635193,0.0,0.6081482172012329,1.06748366355896,True
2017-07-02,2017-07-02,40,LAWN AND GARDEN,0.004661522805690765,0.0,0.14752736687660217,0.27852773666381836,True
2017-07-02,2017-07-03,40,LAWN AND GARDEN,0.0,0.0,0.14558124542236328,0.2991907596588135,True
2017-07-02,2017-07-04,40,LAWN AND GARDEN,0.0,0.0,0.1555885523557663,0.3240889310836792,True
2017-07-02,2017-07-05,40,LAWN AND GARDEN,0.0,0.0,0.15547418594360352,0.3472714424133301,True
2017-07-02,2017-07-06,40,LAWN AND GARDEN,0.0,0.0,0.1665041446685791,0.36287349462509155,True
2017-07-02,2017-07-07,40,LAWN AND GARDEN,0.0,0.0,0.16928081214427948,0.3763562738895416,True
2017-07-02,2017-07-08,40,LAWN AND GARDEN,0.0012786835432052612,0.0,0.1705702245235443,0.39449188113212585,True
2017-07-02,2017-07-09,40,LAWN AND GARDEN,0.0,0.0,0.17146949470043182,0.4087649881839752,True
2017-07-02,2017-07-10,40,LAWN AND GARDEN,0.002780415117740631,0.0,0.1752844601869583,0.40955597162246704,True
2017-07-02,2017-07-11,40,LAWN AND GARDEN,0.0011866912245750427,0.0,0.17620888352394104,0.4216206967830658,True
2017-07-02,2017-07-12,40,LAWN AND GARDEN,0.005353391170501709,0.005132019519805908,0.18511539697647095,0.4288819432258606,True
2017-07-02,2017-07-13,40,LAWN AND GARDEN,0.003391467034816742,0.0,0.18053756654262543,0.44832879304885864,True
2017-07-02,2017-07-14,40,LAWN AND GARDEN,0.0020137354731559753,0.0032892003655433655,0.18418945372104645,0.44468581676483154,True
2017-07-02,2017-07-15,40,LAWN AND GARDEN,0.0027782022953033447,0.00032719969749450684,0.1858813464641571,0.45039525628089905,True
2017-07-02,2017-07-16,40,LAWN AND GARDEN,0.0006662309169769287,0.0,0.18681395053863525,0.4600561261177063,True
2017-07-02,2017-07-02,40,"LIQUOR,WINE,BEER",33.50163269042969,3.388805389404297,64.17833709716797,88.36603546142578,True
2017-07-02,2017-07-03,40,"LIQUOR,WINE,BEER",24.01758575439453,8.758174896240234,47.32774353027344,68.415283203125,True
2017-07-02,2017-07-04,40,"LIQUOR,WINE,BEER",26.77579116821289,17.89285659790039,49.29154586791992,68.94104766845703,True
2017-07-02,2017-07-05,40,"LIQUOR,WINE,BEER",24.033966064453125,6.314704895019531,51.93662643432617,79.30907440185547,True
2017-07-02,2017-07-06,40,"LIQUOR,WINE,BEER",29.349533081054688,0.0,67.3777084350586,97.654052734375,True
2017-07-02,2017-07-07,40,"LIQUOR,WINE,BEER",72.6043472290039,28.8831787109375,118.874755859375,152.41647338867188,True
2017-07-02,2017-07-08,40,"LIQUOR,WINE,BEER",104.37748718261719,61.17393493652344,148.47071838378906,186.37588500976562,True
2017-07-02,2017-07-09,40,"LIQUOR,WINE,BEER",37.39524841308594,7.903163909912109,73.61555480957031,108.8338623046875,True
2017-07-02,2017-07-10,40,"LIQUOR,WINE,BEER",21.195449829101562,5.9313507080078125,48.993690490722656,75.0267333984375,True
2017-07-02,2017-07-11,40,"LIQUOR,WINE,BEER",22.738338470458984,10.527774810791016,45.81683349609375,73.7200698852539,True
2017-07-02,2017-07-12,40,"LIQUOR,WINE,BEER",20.999534606933594,1.7080802917480469,51.78329086303711,80.84782409667969,True
2017-07-02,2017-07-13,40,"LIQUOR,WINE,BEER",27.67385482788086,0.0,69.63616180419922,107.60404968261719,True
2017-07-02,2017-07-14,40,"LIQUOR,WINE,BEER",69.08163452148438,21.811809539794922,119.09392547607422,157.84402465820312,True
2017-07-02,2017-07-15,40,"LIQUOR,WINE,BEER",100.21638488769531,55.376930236816406,149.50537109375,188.47662353515625,True
2017-07-02,2017-07-16,40,"LIQUOR,WINE,BEER",34.743858337402344,4.065654754638672,75.72880554199219,111.90528106689453,True
2017-07-02,2017-07-02,40,MAGAZINES,1.9348074197769165,0.06908261775970459,3.4188499450683594,4.410660743713379,True
2017-07-02,2017-07-03,40,MAGAZINES,1.7348331212997437,0.0,3.29957914352417,4.328054428100586,True
2017-07-02,2017-07-04,40,MAGAZINES,1.6221736669540405,0.0,3.2442493438720703,4.2567596435546875,True
2017-07-02,2017-07-05,40,MAGAZINES,1.6429154872894287,0.0,3.255368232727051,4.330087661743164,True
2017-07-02,2017-07-06,40,MAGAZINES,1.622207760810852,0.0,3.2646780014038086,4.316473007202148,True
2017-07-02,2017-07-07,40,MAGAZINES,1.6626949310302734,0.0,3.3259143829345703,4.3889241218566895,True
2017-07-02,2017-07-08,40,MAGAZINES,1.7756870985031128,0.0,3.461294412612915,4.543457984924316,True
2017-07-02,2017-07-09,40,MAGAZINES,1.7988311052322388,0.04268503189086914,3.491851806640625,4.584663391113281,True
2017-07-02,2017-07-10,40,MAGAZINES,1.684034824371338,0.0,3.345921039581299,4.417201042175293,True
2017-07-02,2017-07-11,40,MAGAZINES,1.6027277708053589,0.0,3.2235562801361084,4.304476737976074,True
2017-07-02,2017-07-12,40,MAGAZINES,1.6382999420166016,0.0,3.2667794227600098,4.337355613708496,True
2017-07-02,2017-07-13,40,MAGAZINES,1.646498680114746,0.0,3.2847771644592285,4.376391887664795,True
2017-07-02,2017-07-14,40,MAGAZINES,1.6504091024398804,0.0,3.3238837718963623,4.399227142333984,True
2017-07-02,2017-07-15,40,MAGAZINES,1.7396472692489624,0.0,3.422476053237915,4.532326698303223,True
2017-07-02,2017-07-16,40,MAGAZINES,1.7804105281829834,0.025307536125183105,3.467740058898926,4.579555988311768,True
2017-07-02,2017-07-02,52,BABY CARE,0.0,0.0,0.0,0.0,True
2017-07-02,2017-07-03,52,BABY CARE,0.0,0.0,0.0,0.0,True
2017-07-02,2017-07-04,52,BABY CARE,0.0,0.0,0.0,0.0,True
2017-07-02,2017-07-05,52,BABY CARE,0.0,0.0,0.0,0.0,True
2017-07-02,2017-07-06,52,BABY CARE,0.0,0.0,0.0,0.0,True
2017-07-02,2017-07-07,52,BABY CARE,0.0,0.0,0.0,0.0,True
2017-07-02,2017-07-08,52,BABY CARE,0.0,0.0,0.0,0.0,True
2017-07-02,2017-07-09,52,BABY CARE,0.0,0.0,0.0,0.0,True
2017-07-02,2017-07-10,52,BABY CARE,0.0,0.0,0.0,0.0,True
2017-07-02,2017-07-11,52,BABY CARE,0.0,0.0,0.0,0.0,True
2017-07-02,2017-07-12,52,BABY CARE,0.0,0.0,0.0,0.0,True
2017-07-02,2017-07-13,52,BABY CARE,0.0,0.0,0.0,0.0,True
2017-07-02,2017-07-14,52,BABY CARE,0.0,0.0,0.0,0.0,True
2017-07-02,2017-07-15,52,BABY CARE,0.0,0.0,0.0,0.0,True
2017-07-02,2017-07-16,52,BABY CARE,0.0,0.0,0.0,0.0,True
2017-07-02,2017-07-02,52,BEVERAGES,5437.537109375,3990.544189453125,6439.79833984375,7093.72900390625,True
2017-07-02,2017-07-03,52,BEVERAGES,4047.6162109375,2824.11181640625,5006.0478515625,5611.52734375,True
2017-07-02,2017-07-04,52,BEVERAGES,3471.298828125,2541.9697265625,4251.47314453125,4753.0859375,True
2017-07-02,2017-07-05,52,BEVERAGES,3506.312744140625,2729.346923828125,4144.2294921875,4623.7080078125,True
2017-07-02,2017-07-06,52,BEVERAGES,3359.4794921875,2573.56298828125,4067.896728515625,4554.96875,True
2017-07-02,2017-07-07,52,BEVERAGES,4086.54638671875,3046.345703125,4962.4580078125,5531.564453125,True
2017-07-02,2017-07-08,52,BEVERAGES,5163.3115234375,3899.796875,6190.193359375,6837.42822265625,True
2017-07-02,2017-07-09,52,BEVERAGES,5165.14697265625,3883.251708984375,6204.912109375,6898.8955078125,True
2017-07-02,2017-07-10,52,BEVERAGES,3947.18994140625,2876.185546875,4845.8779296875,5465.91748046875,True
2017-07-02,2017-07-11,52,BEVERAGES,3479.30908203125,2656.96826171875,4181.8564453125,4726.50341796875,True
2017-07-02,2017-07-12,52,BEVERAGES,3537.0595703125,2823.6396484375,4155.7646484375,4633.9619140625,True
2017-07-02,2017-07-13,52,BEVERAGES,3294.81201171875,2445.024658203125,3972.290771484375,4530.47265625,True
2017-07-02,2017-07-14,52,BEVERAGES,4024.869384765625,2928.818359375,4887.78466796875,5521.2978515625,True
2017-07-02,2017-07-15,52,BEVERAGES,5093.1787109375,3710.62646484375,6126.7197265625,6770.98193359375,True
2017-07-02,2017-07-16,52,BEVERAGES,5183.96875,3705.23046875,6231.9111328125,6929.3662109375,True
2017-07-02,2017-07-02,52,BOOKS,0.0,0.0,0.0,0.0,True
2017-07-02,2017-07-03,52,BOOKS,0.0,0.0,0.0,0.0,True
2017-07-02,2017-07-04,52,BOOKS,0.0,0.0,0.0,0.0,True
2017-07-02,2017-07-05,52,BOOKS,0.0,0.0,0.0,0.0,True
2017-07-02,2017-07-06,52,BOOKS,0.0,0.0,0.0,0.0,True
2017-07-02,2017-07-07,52,BOOKS,0.0,0.0,0.0,0.0,True
2017-07-02,2017-07-08,52,BOOKS,0.0,0.0,0.0,0.0,True
2017-07-02,2017-07-09,52,BOOKS,0.0,0.0,0.0,0.0,True
2017-07-02,2017-07-10,52,BOOKS,0.0,0.0,0.0,0.0,True
2017-07-02,2017-07-11,52,BOOKS,0.0,0.0,0.0,0.0,True
2017-07-02,2017-07-12,52,BOOKS,0.0,0.0,0.0,0.0,True
2017-07-02,2017-07-13,52,BOOKS,0.0,0.0,0.0,0.0,True
2017-07-02,2017-07-14,52,BOOKS,0.0,0.0,0.0,0.0,True
2017-07-02,2017-07-15,52,BOOKS,0.0,0.0,0.0,0.0,True
2017-07-02,2017-07-16,52,BOOKS,0.0,0.0,0.0,0.0,True
2017-07-02,2017-07-02,52,GROCERY I,7401.7529296875,5387.20947265625,8820.1796875,9723.146484375,True
2017-07-02,2017-07-03,52,GROCERY I,5354.9208984375,3692.970458984375,6673.634765625,7509.1396484375,True
2017-07-02,2017-07-04,52,GROCERY I,4483.07958984375,3272.499267578125,5548.49755859375,6227.70703125,True
2017-07-02,2017-07-05,52,GROCERY I,4681.7001953125,3688.726318359375,5534.48828125,6204.20947265625,True
2017-07-02,2017-07-06,52,GROCERY I,4561.2275390625,3517.40087890625,5517.5615234375,6195.96728515625,True
2017-07-02,2017-07-07,52,GROCERY I,5528.3955078125,4119.419921875,6738.435546875,7547.4716796875,True
2017-07-02,2017-07-08,52,GROCERY I,7289.779296875,5570.23779296875,8733.759765625,9671.376953125,True
2017-07-02,2017-07-09,52,GROCERY I,7147.09912109375,5419.30224609375,8603.455078125,9619.48828125,True
2017-07-02,2017-07-10,52,GROCERY I,5315.14697265625,3887.1689453125,6573.8115234375,7430.65478515625,True
2017-07-02,2017-07-11,52,GROCERY I,4539.953125,3485.144775390625,5503.5908203125,6267.748046875,True
2017-07-02,2017-07-12,52,GROCERY I,4803.23388671875,3880.6220703125,5651.955078125,6329.271484375,True
2017-07-02,2017-07-13,52,GROCERY I,4544.83154296875,3416.061767578125,5482.6181640625,6306.4775390625,True
2017-07-02,2017-07-14,52,GROCERY I,5528.9384765625,4037.186767578125,6747.7216796875,7657.642578125,True
2017-07-02,2017-07-15,52,GROCERY I,7220.88232421875,5327.3037109375,8681.130859375,9626.869140625,True
2017-07-02,2017-07-16,52,GROCERY I,7216.9599609375,5184.6708984375,8689.68359375,9707.55078125,True
2017-07-02,2017-07-02,52,HOME APPLIANCES,0.9614041447639465,0.0,1.814797282218933,2.4079575538635254,True
2017-07-02,2017-07-03,52,HOME APPLIANCES,0.8835744261741638,0.0,1.770256519317627,2.409233570098877,True
2017-07-02,2017-07-04,52,HOME APPLIANCES,0.8533037304878235,0.0,1.7890923023223877,2.421719789505005,True
2017-07-02,2017-07-05,52,HOME APPLIANCES,0.8855518102645874,0.0,1.8263522386550903,2.523066520690918,True
2017-07-02,2017-07-06,52,HOME APPLIANCES,0.8686455488204956,0.0,1.8413221836090088,2.5419094562530518,True
2017-07-02,2017-07-07,52,HOME APPLIANCES,0.887872576713562,0.0,1.8897143602371216,2.5890073776245117,True
2017-07-02,2017-07-08,52,HOME APPLIANCES,0.9375372529029846,0.0,1.964845895767212,2.6928224563598633,True
2017-07-02,2017-07-09,52,HOME APPLIANCES,0.9048300981521606,0.0,1.925594687461853,2.677873134613037,True
2017-07-02,2017-07-10,52,HOME APPLIANCES,0.8356289267539978,0.0,1.856473445892334,2.5649352073669434,True
2017-07-02,2017-07-11,52,HOME APPLIANCES,0.8031026721000671,0.0,1.8032851219177246,2.5255675315856934,True
2017-07-02,2017-07-12,52,HOME APPLIANCES,0.8397162556648254,0.0,1.8423672914505005,2.567931652069092,True
2017-07-02,2017-07-13,52,HOME APPLIANCES,0.8820381760597229,0.0,1.8926602602005005,2.6564443111419678,True
2017-07-02,2017-07-14,52,HOME APPLIANCES,0.9052861332893372,0.0,1.9479317665100098,2.6825172901153564,True
2017-07-02,2017-07-15,52,HOME APPLIANCES,0.9235312938690186,0.0,1.9653921127319336,2.7183403968811035,True
2017-07-02,2017-07-16,52,HOME APPLIANCES,0.9123872518539429,0.0,1.9506304264068604,2.705228805541992,True
2017-07-02,2017-07-02,52,LAWN AND GARDEN,64.88642120361328,39.527896881103516,87.88145446777344,106.85050201416016,True
2017-07-02,2017-07-03,52,LAWN AND GARDEN,38.77570724487305,21.826587677001953,59.086395263671875,78.19447326660156,True
2017-07-02,2017-07-04,52,LAWN AND GARDEN,37.76012420654297,22.827547073364258,59.96186065673828,79.25592803955078,True
2017-07-02,2017-07-05,52,LAWN AND GARDEN,53.8033447265625,31.88572883605957,78.918701171875,103.38394165039062,True
2017-07-02,2017-07-06,52,LAWN AND GARDEN,58.133628845214844,28.433244705200195,89.26481628417969,115.92562103271484,True
2017-07-02,2017-07-07,52,LAWN AND GARDEN,64.54437255859375,30.14813232421875,100.10467529296875,128.2279052734375,True
2017-07-02,2017-07-08,52,LAWN AND GARDEN,73.33906555175781,41.00737380981445,107.23248291015625,137.2664337158203,True
2017-07-02,2017-07-09,52,LAWN AND GARDEN,56.94335174560547,32.641151428222656,85.33261108398438,113.78587341308594,True
2017-07-02,2017-07-10,52,LAWN AND GARDEN,35.77313995361328,18.3697566986084,61.204063415527344,84.94317626953125,True
2017-07-02,2017-07-11,52,LAWN AND GARDEN,35.412750244140625,17.40877342224121,59.332401275634766,85.02095031738281,True
2017-07-02,2017-07-12,52,LAWN AND GARDEN,50.5881233215332,24.815670013427734,79.6003646850586,105.86980438232422,True
2017-07-02,2017-07-13,52,LAWN AND GARDEN,54.369625091552734,20.09981346130371,90.13583374023438,122.00312805175781,True
2017-07-02,2017-07-14,52,LAWN AND GARDEN,63.73802947998047,24.48823356628418,104.3067626953125,138.13400268554688,True
2017-07-02,2017-07-15,52,LAWN AND GARDEN,72.45108032226562,35.47930145263672,110.67597961425781,143.89956665039062,True
2017-07-02,2017-07-16,52,LAWN AND GARDEN,55.16692352294922,26.302745819091797,87.74608612060547,118.54090881347656,True
2017-07-02,2017-07-02,52,"LIQUOR,WINE,BEER",155.26585388183594,87.18463897705078,210.2816162109375,250.29620361328125,True
2017-07-02,2017-07-03,52,"LIQUOR,WINE,BEER",126.93708038330078,85.38556671142578,169.8582763671875,203.42129516601562,True
2017-07-02,2017-07-04,52,"LIQUOR,WINE,BEER",126.24589538574219,97.92317199707031,161.7658233642578,190.22247314453125,True
2017-07-02,2017-07-05,52,"LIQUOR,WINE,BEER",132.61289978027344,91.2276840209961,173.41004943847656,210.14453125,True
2017-07-02,2017-07-06,52,"LIQUOR,WINE,BEER",171.9634552001953,104.38299560546875,229.7513427734375,272.1459045410156,True
2017-07-02,2017-07-07,52,"LIQUOR,WINE,BEER",258.0322265625,167.1060028076172,331.6961669921875,379.9075622558594,True
2017-07-02,2017-07-08,52,"LIQUOR,WINE,BEER",294.2352600097656,200.24899291992188,370.00177001953125,421.94293212890625,True
2017-07-02,2017-07-09,52,"LIQUOR,WINE,BEER",157.38827514648438,84.87960815429688,216.73590087890625,264.7422180175781,True
2017-07-02,2017-07-10,52,"LIQUOR,WINE,BEER",126.34669494628906,80.95938110351562,168.28599548339844,201.849609375,True
2017-07-02,2017-07-11,52,"LIQUOR,WINE,BEER",128.6573486328125,95.06536102294922,159.08836364746094,192.4622344970703,True
2017-07-02,2017-07-12,52,"LIQUOR,WINE,BEER",133.7998046875,89.73120880126953,173.56021118164062,206.23001098632812,True
2017-07-02,2017-07-13,52,"LIQUOR,WINE,BEER",176.23895263671875,98.38491821289062,233.63389587402344,281.1173400878906,True
2017-07-02,2017-07-14,52,"LIQUOR,WINE,BEER",267.201171875,167.578857421875,342.3595275878906,391.686279296875,True
2017-07-02,2017-07-15,52,"LIQUOR,WINE,BEER",294.40625,188.87261962890625,371.0719299316406,420.5352478027344,True
2017-07-02,2017-07-16,52,"LIQUOR,WINE,BEER",164.2101287841797,81.46997833251953,228.60940551757812,273.93487548828125,True
2017-07-02,2017-07-02,52,MAGAZINES,9.532752990722656,5.175765037536621,13.08618450164795,15.517867088317871,True
2017-07-02,2017-07-03,52,MAGAZINES,7.3010759353637695,3.5157549381256104,10.853886604309082,13.29349136352539,True
2017-07-02,2017-07-04,52,MAGAZINES,6.47567892074585,3.204772472381592,9.875178337097168,12.166244506835938,True
2017-07-02,2017-07-05,52,MAGAZINES,6.399072647094727,3.22430419921875,9.725605010986328,12.142041206359863,True
2017-07-02,2017-07-06,52,MAGAZINES,6.932089328765869,3.3999948501586914,10.453640937805176,12.956178665161133,True
2017-07-02,2017-07-07,52,MAGAZINES,8.216721534729004,4.253996849060059,12.14008903503418,14.811471939086914,True
2017-07-02,2017-07-08,52,MAGAZINES,9.775463104248047,5.520498752593994,13.935199737548828,16.831613540649414,True
2017-07-02,2017-07-09,52,MAGAZINES,8.930147171020508,4.876805305480957,12.994205474853516,15.949516296386719,True
2017-07-02,2017-07-10,52,MAGAZINES,7.0926971435546875,3.5146048069000244,10.982325553894043,13.636909484863281,True
2017-07-02,2017-07-11,52,MAGAZINES,6.265169620513916,3.12459659576416,9.786554336547852,12.457550048828125,True
2017-07-02,2017-07-12,52,MAGAZINES,6.362600803375244,3.06502366065979,9.915130615234375,12.499917030334473,True
2017-07-02,2017-07-13,52,MAGAZINES,7.012698650360107,3.2515907287597656,10.765347480773926,13.622366905212402,True
2017-07-02,2017-07-14,52,MAGAZINES,8.177099227905273,3.9017434120178223,12.368915557861328,15.324943542480469,True
2017-07-02,2017-07-15,52,MAGAZINES,9.61064624786377,4.847339630126953,14.080709457397461,17.12309455871582,True
2017-07-02,2017-07-16,52,MAGAZINES,8.875779151916504,4.136889457702637,13.27322769165039,16.3294677734375,True
2017-07-17,2017-07-17,1,BABY CARE,0.0,0.0,0.0,0.0,True
2017-07-17,2017-07-18,1,BABY CARE,0.0,0.0,0.0,0.0,True
2017-07-17,2017-07-19,1,BABY CARE,0.0,0.0,0.0,0.0,True
2017-07-17,2017-07-20,1,BABY CARE,0.0,0.0,0.0,0.0,True
2017-07-17,2017-07-21,1,BABY CARE,0.0,0.0,0.0,0.0,True
2017-07-17,2017-07-22,1,BABY CARE,0.0,0.0,0.0,0.0,True
2017-07-17,2017-07-23,1,BABY CARE,0.0,0.0,0.0,0.0,True
2017-07-17,2017-07-24,1,BABY CARE,0.0,0.0,0.0,0.0,True
2017-07-17,2017-07-25,1,BABY CARE,0.0,0.0,0.0,0.0,True
2017-07-17,2017-07-26,1,BABY CARE,0.0,0.0,0.0,0.0,True
2017-07-17,2017-07-27,1,BABY CARE,0.0,0.0,0.0,0.0,True
2017-07-17,2017-07-28,1,BABY CARE,0.0,0.0,0.0,0.0,True
2017-07-17,2017-07-29,1,BABY CARE,0.0,0.0,0.0,0.0,True
2017-07-17,2017-07-30,1,BABY CARE,0.0,0.0,0.0,0.0,True
2017-07-17,2017-07-31,1,BABY CARE,0.0,0.0,0.0,0.0,True
2017-07-17,2017-07-17,1,BEVERAGES,2310.522705078125,1881.2554931640625,2542.666259765625,2677.99365234375,True
2017-07-17,2017-07-18,1,BEVERAGES,2371.167236328125,1946.085693359375,2578.828125,2678.112548828125,True
2017-07-17,2017-07-19,1,BEVERAGES,2476.96484375,2097.813720703125,2667.738037109375,2755.66845703125,True
2017-07-17,2017-07-20,1,BEVERAGES,2214.203857421875,1811.015869140625,2396.377685546875,2508.49853515625,True
2017-07-17,2017-07-21,1,BEVERAGES,2397.54736328125,1961.691650390625,2613.1494140625,2721.526611328125,True
2017-07-17,2017-07-22,1,BEVERAGES,2542.123779296875,2037.6265869140625,2793.951171875,2927.1171875,True
2017-07-17,2017-07-23,1,BEVERAGES,1165.949951171875,638.6732177734375,1436.24560546875,1585.385009765625,True
2017-07-17,2017-07-24,1,BEVERAGES,2253.78955078125,1738.7423095703125,2516.21875,2645.890625,True
2017-07-17,2017-07-25,1,BEVERAGES,2305.7978515625,1833.458740234375,2525.277099609375,2647.5029296875,True
2017-07-17,2017-07-26,1,BEVERAGES,2403.4326171875,1963.1007080078125,2600.863525390625,2710.33642578125,True
2017-07-17,2017-07-27,1,BEVERAGES,2172.60546875,1738.8114013671875,2376.2666015625,2471.369873046875,True
2017-07-17,2017-07-28,1,BEVERAGES,2366.173583984375,1880.5867919921875,2580.82666015625,2709.896240234375,True
2017-07-17,2017-07-29,1,BEVERAGES,2446.64208984375,1899.7877197265625,2696.38134765625,2834.518798828125,True
2017-07-17,2017-07-30,1,BEVERAGES,1113.757080078125,562.1544189453125,1398.0712890625,1562.5693359375,True
2017-07-17,2017-07-31,1,BEVERAGES,2244.490478515625,1677.229248046875,2516.388916015625,2669.705078125,True
2017-07-17,2017-07-17,1,BOOKS,0.0,0.0,0.7259094715118408,1.007506012916565,True
2017-07-17,2017-07-18,1,BOOKS,0.0,0.0,0.7901244163513184,1.1084120273590088,True
2017-07-17,2017-07-19,1,BOOKS,0.003320157527923584,0.0,0.8354988098144531,1.1652028560638428,True
2017-07-17,2017-07-20,1,BOOKS,0.0,0.0,0.8365620374679565,1.1894464492797852,True
2017-07-17,2017-07-21,1,BOOKS,0.0019830167293548584,0.0,0.8483192920684814,1.2085447311401367,True
2017-07-17,2017-07-22,1,BOOKS,0.0,0.0,0.8486236333847046,1.214081048965454,True
2017-07-17,2017-07-23,1,BOOKS,0.0038514435291290283,0.0,0.8541580438613892,1.2398738861083984,True
2017-07-17,2017-07-24,1,BOOKS,0.0,0.0,0.8570191264152527,1.2574231624603271,True
2017-07-17,2017-07-25,1,BOOKS,0.006509989500045776,0.0,0.8721687197685242,1.2720426321029663,True
2017-07-17,2017-07-26,1,BOOKS,0.009283721446990967,0.0,0.8764122128486633,1.2886505126953125,True
2017-07-17,2017-07-27,1,BOOKS,0.001538693904876709,0.0,0.8725003600120544,1.2801768779754639,True
2017-07-17,2017-07-28,1,BOOKS,0.0,0.0,0.8388158082962036,1.2594484090805054,True
2017-07-17,2017-07-29,1,BOOKS,0.0,0.0,0.8354209065437317,1.2455557584762573,True
2017-07-17,2017-07-30,1,BOOKS,0.0,0.0,0.8515324592590332,1.2656493186950684,True
2017-07-17,2017-07-31,1,BOOKS,0.0,0.0,0.8761579394340515,1.3090333938598633,True
2017-07-17,2017-07-17,1,GROCERY I,2697.101318359375,2118.817626953125,3043.37841796875,3245.7236328125,True
2017-07-17,2017-07-18,1,GROCERY I,2869.8916015625,2302.7470703125,3195.99462890625,3364.884765625,True
2017-07-17,2017-07-19,1,GROCERY I,3256.972900390625,2730.593017578125,3557.29248046875,3714.7109375,True
2017-07-17,2017-07-20,1,GROCERY I,2716.294921875,2190.91943359375,3018.52685546875,3202.75439453125,True
2017-07-17,2017-07-21,1,GROCERY I,2864.634765625,2284.4736328125,3181.377197265625,3363.62109375,True
2017-07-17,2017-07-22,1,GROCERY I,2692.368896484375,2053.459716796875,3050.65576171875,3256.52880859375,True
2017-07-17,2017-07-23,1,GROCERY I,1160.56298828125,497.1173095703125,1553.7757568359375,1781.216796875,True
2017-07-17,2017-07-24,1,GROCERY I,2633.0224609375,1965.4107666015625,3003.67431640625,3215.597900390625,True
2017-07-17,2017-07-25,1,GROCERY I,2854.2802734375,2228.60009765625,3200.22802734375,3405.994140625,True
2017-07-17,2017-07-26,1,GROCERY I,3181.176025390625,2599.532958984375,3506.826171875,3704.746337890625,True
2017-07-17,2017-07-27,1,GROCERY I,2685.625732421875,2120.83154296875,3012.17822265625,3205.6328125,True
2017-07-17,2017-07-28,1,GROCERY I,2820.236572265625,2194.15625,3159.52392578125,3371.7216796875,True
2017-07-17,2017-07-29,1,GROCERY I,2654.3125,1962.4847412109375,3021.09765625,3261.19677734375,True
2017-07-17,2017-07-30,1,GROCERY I,1113.4093017578125,421.436767578125,1518.998291015625,1773.285888671875,True
2017-07-17,2017-07-31,1,GROCERY I,2610.05126953125,1906.408935546875,3014.76806640625,3270.26123046875,True
2017-07-17,2017-07-17,1,HOME APPLIANCES,0.019481748342514038,0.0,0.7797073721885681,1.1213552951812744,True
2017-07-17,2017-07-18,1,HOME APPLIANCES,0.04469826817512512,0.0,0.8585171103477478,1.232928991317749,True
2017-07-17,2017-07-19,1,HOME APPLIANCES,0.06996524333953857,0.0,0.9201146364212036,1.3047484159469604,True
2017-07-17,2017-07-20,1,HOME APPLIANCES,0.05667847394943237,0.0,0.9200395345687866,1.3305463790893555,True
2017-07-17,2017-07-21,1,HOME APPLIANCES,0.058875977993011475,0.0,0.9317644238471985,1.3484315872192383,True
2017-07-17,2017-07-22,1,HOME APPLIANCES,0.06485316157341003,0.0,0.9479259252548218,1.3636826276779175,True
2017-07-17,2017-07-23,1,HOME APPLIANCES,0.06396540999412537,0.0,0.9451847672462463,1.3728113174438477,True
2017-07-17,2017-07-24,1,HOME APPLIANCES,0.05331268906593323,0.0,0.9335299730300903,1.3725347518920898,True
2017-07-17,2017-07-25,1,HOME APPLIANCES,0.06181776523590088,0.0,0.9620105624198914,1.3916515111923218,True
2017-07-17,2017-07-26,1,HOME APPLIANCES,0.051373422145843506,0.0,0.9567151069641113,1.3989677429199219,True
2017-07-17,2017-07-27,1,HOME APPLIANCES,0.05726245045661926,0.0,0.9805635213851929,1.4192609786987305,True
2017-07-17,2017-07-28,1,HOME APPLIANCES,0.05088368058204651,0.0,0.9625610113143921,1.4193127155303955,True
2017-07-17,2017-07-29,1,HOME APPLIANCES,0.05903461575508118,0.0,0.9622564315795898,1.4133169651031494,True
2017-07-17,2017-07-30,1,HOME APPLIANCES,0.06378468871116638,0.0,0.9705239534378052,1.4220712184906006,True
2017-07-17,2017-07-31,1,HOME APPLIANCES,0.06845369935035706,0.0,0.9843254089355469,1.4470196962356567,True
2017-07-17,2017-07-17,1,LAWN AND GARDEN,16.02443504333496,6.668000221252441,23.100202560424805,27.518966674804688,True
2017-07-17,2017-07-18,1,LAWN AND GARDEN,19.881710052490234,9.919389724731445,27.51926040649414,32.231605529785156,True
2017-07-17,2017-07-19,1,LAWN AND GARDEN,22.772716522216797,12.255117416381836,30.95587921142578,36.02391052246094,True
2017-07-17,2017-07-20,1,LAWN AND GARDEN,20.683258056640625,10.172446250915527,28.946739196777344,34.254581451416016,True
2017-07-17,2017-07-21,1,LAWN AND GARDEN,22.596174240112305,12.406590461730957,30.667789459228516,35.755126953125,True
2017-07-17,2017-07-22,1,LAWN AND GARDEN,18.090938568115234,8.62106990814209,25.871463775634766,30.805030822753906,True
2017-07-17,2017-07-23,1,LAWN AND GARDEN,11.611499786376953,2.6544904708862305,19.183053970336914,24.190553665161133,True
2017-07-17,2017-07-24,1,LAWN AND GARDEN,16.174083709716797,7.083037376403809,23.889793395996094,28.808887481689453,True
2017-07-17,2017-07-25,1,LAWN AND GARDEN,19.72332191467285,9.887304306030273,27.773395538330078,33.03941345214844,True
2017-07-17,2017-07-26,1,LAWN AND GARDEN,22.68045425415039,12.273117065429688,31.074806213378906,36.72874450683594,True
2017-07-17,2017-07-27,1,LAWN AND GARDEN,20.383724212646484,9.827730178833008,29.112367630004883,34.776878356933594,True
2017-07-17,2017-07-28,1,LAWN AND GARDEN,22.076923370361328,11.884180068969727,30.437610626220703,35.9443359375,True
2017-07-17,2017-07-29,1,LAWN AND GARDEN,17.798452377319336,8.137237548828125,25.680233001708984,31.002328872680664,True
2017-07-17,2017-07-30,1,LAWN AND GARDEN,11.54343032836914,2.574822425842285,19.235910415649414,24.70262908935547,True
2017-07-17,2017-07-31,1,LAWN AND GARDEN,16.018238067626953,6.825106620788574,23.87910270690918,29.37278938293457,True
2017-07-17,2017-07-17,1,"LIQUOR,WINE,BEER",56.36615753173828,42.99523162841797,70.0142822265625,79.7661361694336,True
2017-07-17,2017-07-18,1,"LIQUOR,WINE,BEER",73.00464630126953,58.61116027832031,87.10818481445312,98.45452880859375,True
2017-07-17,2017-07-19,1,"LIQUOR,WINE,BEER",88.89369201660156,67.79415893554688,109.29456329345703,123.06266021728516,True
2017-07-17,2017-07-20,1,"LIQUOR,WINE,BEER",88.98289489746094,60.48016357421875,113.83338928222656,132.7598114013672,True
2017-07-17,2017-07-21,1,"LIQUOR,WINE,BEER",129.12930297851562,96.16688537597656,156.5959930419922,175.5770263671875,True
2017-07-17,2017-07-22,1,"LIQUOR,WINE,BEER",126.24562072753906,98.68609619140625,151.4553985595703,168.9089813232422,True
2017-07-17,2017-07-23,1,"LIQUOR,WINE,BEER",45.95222854614258,28.204471588134766,66.3990478515625,82.91505432128906,True
2017-07-17,2017-07-24,1,"LIQUOR,WINE,BEER",57.18268585205078,45.30361557006836,73.31659698486328,87.51976013183594,True
2017-07-17,2017-07-25,1,"LIQUOR,WINE,BEER",71.17913818359375,58.04226303100586,88.08031463623047,102.9969711303711,True
2017-07-17,2017-07-26,1,"LIQUOR,WINE,BEER",85.27919006347656,64.80992126464844,107.2221908569336,125.15824890136719,True
2017-07-17,2017-07-27,1,"LIQUOR,WINE,BEER",85.05006408691406,57.58806610107422,112.7933578491211,133.49180603027344,True
2017-07-17,2017-07-28,1,"LIQUOR,WINE,BEER",127.78215026855469,96.09846496582031,156.39462280273438,177.36257934570312,True
2017-07-17,2017-07-29,1,"LIQUOR,WINE,BEER",125.32745361328125,96.72917938232422,151.83538818359375,170.9054718017578,True
2017-07-17,2017-07-30,1,"LIQUOR,WINE,BEER",42.57035827636719,23.880611419677734,63.837982177734375,81.56505584716797,True
2017-07-17,2017-07-31,1,"LIQUOR,WINE,BEER",53.559051513671875,40.203163146972656,70.50135803222656,87.04109954833984,True
2017-07-17,2017-07-17,1,MAGAZINES,2.891235589981079,0.0,5.917237758636475,7.879779815673828,True
2017-07-17,2017-07-18,1,MAGAZINES,4.621947288513184,0.4363250732421875,7.944361686706543,10.05971622467041,True
2017-07-17,2017-07-19,1,MAGAZINES,5.407348155975342,0.8786649703979492,9.075149536132812,11.353513717651367,True
2017-07-17,2017-07-20,1,MAGAZINES,5.454343318939209,0.7069811820983887,9.243368148803711,11.70788860321045,True
2017-07-17,2017-07-21,1,MAGAZINES,5.499210357666016,0.8344893455505371,9.294207572937012,11.702550888061523,True
2017-07-17,2017-07-22,1,MAGAZINES,5.175381183624268,0.7202515602111816,8.829976081848145,11.154172897338867,True
2017-07-17,2017-07-23,1,MAGAZINES,3.401463508605957,0.0,6.972836971282959,9.291165351867676,True
2017-07-17,2017-07-24,1,MAGAZINES,3.681509494781494,0.0,7.252753734588623,9.598040580749512,True
2017-07-17,2017-07-25,1,MAGAZINES,5.050995826721191,0.6777563095092773,8.782852172851562,11.196876525878906,True
2017-07-17,2017-07-26,1,MAGAZINES,5.7620649337768555,1.0828871726989746,9.65943717956543,12.20705795288086,True
2017-07-17,2017-07-27,1,MAGAZINES,5.5038042068481445,0.6547298431396484,9.523689270019531,12.14692497253418,True
2017-07-17,2017-07-28,1,MAGAZINES,5.384657859802246,0.6587533950805664,9.360526084899902,11.973430633544922,True
2017-07-17,2017-07-29,1,MAGAZINES,5.0684895515441895,0.5932345390319824,8.866657257080078,11.289243698120117,True
2017-07-17,2017-07-30,1,MAGAZINES,3.3758225440979004,0.0,7.0485758781433105,9.57457447052002,True
2017-07-17,2017-07-31,1,MAGAZINES,3.573823928833008,0.0,7.2326579093933105,9.756857872009277,True
2017-07-17,2017-07-17,5,BABY CARE,0.0,0.0,0.1653815358877182,0.3186954855918884,True
2017-07-17,2017-07-18,5,BABY CARE,0.0,0.0,0.20577169954776764,0.3988683819770813,True
2017-07-17,2017-07-19,5,BABY CARE,0.0032997727394104004,0.0,0.26852384209632874,0.4906221926212311,True
2017-07-17,2017-07-20,5,BABY CARE,0.0008599311113357544,0.0,0.2942894399166107,0.5639811754226685,True
2017-07-17,2017-07-21,5,BABY CARE,0.009826123714447021,0.0,0.33641499280929565,0.6225903034210205,True
2017-07-17,2017-07-22,5,BABY CARE,0.010205566883087158,0.0,0.35748788714408875,0.67534339427948,True
2017-07-17,2017-07-23,5,BABY CARE,0.012927979230880737,0.0,0.3706902265548706,0.7157613039016724,True
2017-07-17,2017-07-24,5,BABY CARE,0.014290660619735718,0.0,0.3859807252883911,0.7555416822433472,True
2017-07-17,2017-07-25,5,BABY CARE,0.013475671410560608,0.0,0.38967376947402954,0.7518994212150574,True
2017-07-17,2017-07-26,5,BABY CARE,0.008505076169967651,0.0,0.38351643085479736,0.7664784789085388,True
2017-07-17,2017-07-27,5,BABY CARE,0.01527056097984314,0.0,0.39662614464759827,0.7750111818313599,True
2017-07-17,2017-07-28,5,BABY CARE,0.009320750832557678,0.0,0.3865298330783844,0.7908257842063904,True
2017-07-17,2017-07-29,5,BABY CARE,0.007962003350257874,0.0,0.3864920735359192,0.7912855744361877,True
2017-07-17,2017-07-30,5,BABY CARE,0.012360528111457825,0.0,0.3903765380382538,0.800851047039032,True
2017-07-17,2017-07-31,5,BABY CARE,0.006990835070610046,0.0,0.38759806752204895,0.8010361790657043,True
2017-07-17,2017-07-17,5,BEVERAGES,1984.735107421875,1677.922119140625,2211.36376953125,2346.4375,True
2017-07-17,2017-07-18,5,BEVERAGES,1704.9591064453125,1450.254638671875,1913.82763671875,2046.38720703125,True
2017-07-17,2017-07-19,5,BEVERAGES,1710.6156005859375,1492.3385009765625,1904.5003662109375,2018.8143310546875,True
2017-07-17,2017-07-20,5,BEVERAGES,1614.366943359375,1395.58642578125,1796.5224609375,1928.337646484375,True
2017-07-17,2017-07-21,5,BEVERAGES,1798.456298828125,1545.00439453125,2007.4462890625,2160.803955078125,True
2017-07-17,2017-07-22,5,BEVERAGES,2019.1619873046875,1717.0006103515625,2266.880615234375,2426.843994140625,True
2017-07-17,2017-07-23,5,BEVERAGES,2328.908935546875,2002.3349609375,2591.376708984375,2771.165283203125,True
2017-07-17,2017-07-24,5,BEVERAGES,1951.1710205078125,1639.4659423828125,2208.582275390625,2395.0078125,True
2017-07-17,2017-07-25,5,BEVERAGES,1666.5264892578125,1400.11962890625,1897.523681640625,2056.129638671875,True
2017-07-17,2017-07-26,5,BEVERAGES,1670.0172119140625,1432.4530029296875,1865.620361328125,2020.839599609375,True
2017-07-17,2017-07-27,5,BEVERAGES,1559.773681640625,1324.67822265625,1760.693115234375,1906.0301513671875,True
2017-07-17,2017-07-28,5,BEVERAGES,1762.4473876953125,1499.042724609375,1983.8382568359375,2156.63134765625,True
2017-07-17,2017-07-29,5,BEVERAGES,1990.5047607421875,1682.74462890625,2262.345703125,2425.39013671875,True
2017-07-17,2017-07-30,5,BEVERAGES,2338.8544921875,1996.363525390625,2624.642578125,2799.97802734375,True
2017-07-17,2017-07-31,5,BEVERAGES,1992.7613525390625,1667.9739990234375,2267.5166015625,2443.27001953125,True
2017-07-17,2017-07-17,5,BOOKS,0.0,0.0,0.00121229887008667,0.00897981971502304,True
2017-07-17,2017-07-18,5,BOOKS,0.0,0.0,0.004347071051597595,0.00884142518043518,True
2017-07-17,2017-07-19,5,BOOKS,0.0,0.0,0.003953456878662109,0.011160895228385925,True
2017-07-17,2017-07-20,5,BOOKS,0.00040195882320404053,0.0,0.0033563971519470215,0.01877516508102417,True
2017-07-17,2017-07-21,5,BOOKS,0.0,0.0,0.0028119832277297974,0.01400749385356903,True
2017-07-17,2017-07-22,5,BOOKS,0.0,0.0,0.0045570433139801025,0.013500593602657318,True
2017-07-17,2017-07-23,5,BOOKS,0.0,0.0,0.0008002519607543945,0.016261152923107147,True
2017-07-17,2017-07-24,5,BOOKS,0.0006315261125564575,0.0,0.0044694095849990845,0.028564080595970154,True
2017-07-17,2017-07-25,5,BOOKS,0.0013098269701004028,0.0,0.003963366150856018,0.01655857264995575,True
2017-07-17,2017-07-26,5,BOOKS,0.0002827644348144531,0.0,0.003967210650444031,0.0183984637260437,True
2017-07-17,2017-07-27,5,BOOKS,0.00025679171085357666,0.0,0.007637381553649902,0.01703813672065735,True
2017-07-17,2017-07-28,5,BOOKS,0.0008319169282913208,0.0,0.0024337172508239746,0.03052787482738495,True
2017-07-17,2017-07-29,5,BOOKS,9.40561294555664e-05,0.0,0.0013744831085205078,0.024091102182865143,True
2017-07-17,2017-07-30,5,BOOKS,0.00021566450595855713,0.0,0.0008445233106613159,0.019282706081867218,True
2017-07-17,2017-07-31,5,BOOKS,0.0008666515350341797,0.0,0.0,0.0186418816447258,True
2017-07-17,2017-07-17,5,GROCERY I,3041.555908203125,2673.86083984375,3318.06201171875,3491.6455078125,True
2017-07-17,2017-07-18,5,GROCERY I,2791.0068359375,2461.432861328125,3050.18896484375,3233.217529296875,True
2017-07-17,2017-07-19,5,GROCERY I,2820.0068359375,2504.06103515625,3082.150146484375,3252.578125,True
2017-07-17,2017-07-20,5,GROCERY I,2638.759521484375,2298.00634765625,2913.12646484375,3115.43505859375,True
2017-07-17,2017-07-21,5,GROCERY I,2924.37646484375,2515.7216796875,3242.578125,3471.457275390625,True
2017-07-17,2017-07-22,5,GROCERY I,3209.22314453125,2744.220458984375,3584.302001953125,3815.749267578125,True
2017-07-17,2017-07-23,5,GROCERY I,3378.530029296875,2879.68408203125,3776.501708984375,4046.736328125,True
2017-07-17,2017-07-24,5,GROCERY I,2985.771240234375,2518.403076171875,3376.388427734375,3645.66552734375,True
2017-07-17,2017-07-25,5,GROCERY I,2744.9326171875,2329.916259765625,3118.19580078125,3350.783203125,True
2017-07-17,2017-07-26,5,GROCERY I,2752.66455078125,2372.245361328125,3081.795166015625,3316.4306640625,True
2017-07-17,2017-07-27,5,GROCERY I,2567.435791015625,2180.003173828125,2917.42041015625,3145.60986328125,True
2017-07-17,2017-07-28,5,GROCERY I,2896.87353515625,2447.55322265625,3272.0029296875,3541.64013671875,True
2017-07-17,2017-07-29,5,GROCERY I,3242.92578125,2731.796142578125,3672.55029296875,3933.2060546875,True
2017-07-17,2017-07-30,5,GROCERY I,3474.29345703125,2939.76171875,3920.70751953125,4187.22216796875,True
2017-07-17,2017-07-31,5,GROCERY I,3145.399169921875,2650.13330078125,3573.725830078125,3829.666015625,True
2017-07-17,2017-07-17,5,HOME APPLIANCES,0.232406884431839,0.0,1.1867932081222534,1.7159122228622437,True
2017-07-17,2017-07-18,5,HOME APPLIANCES,0.18811309337615967,0.0,1.1922941207885742,1.7658449411392212,True
2017-07-17,2017-07-19,5,HOME APPLIANCES,0.1771354079246521,0.0,1.219727873802185,1.8031861782073975,True
2017-07-17,2017-07-20,5,HOME APPLIANCES,0.18145877122879028,0.0,1.230961561203003,1.8661925792694092,True
2017-07-17,2017-07-21,5,HOME APPLIANCES,0.22416400909423828,0.0,1.3019092082977295,1.953303337097168,True
2017-07-17,2017-07-22,5,HOME APPLIANCES,0.24268686771392822,0.0,1.363165020942688,2.0192484855651855,True
2017-07-17,2017-07-23,5,HOME APPLIANCES,0.25493577122688293,0.0,1.3934661149978638,2.0782337188720703,True
2017-07-17,2017-07-24,5,HOME APPLIANCES,0.2659444510936737,0.0,1.3972967863082886,2.09917950630188,True
2017-07-17,2017-07-25,5,HOME APPLIANCES,0.23444822430610657,0.0,1.384643793106079,2.056764841079712,True
2017-07-17,2017-07-26,5,HOME APPLIANCES,0.20221728086471558,0.0,1.3313586711883545,2.019756317138672,True
2017-07-17,2017-07-27,5,HOME APPLIANCES,0.19940894842147827,0.0,1.3510572910308838,2.0221357345581055,True
2017-07-17,2017-07-28,5,HOME APPLIANCES,0.20674550533294678,0.0,1.3534530401229858,2.0622334480285645,True
2017-07-17,2017-07-29,5,HOME APPLIANCES,0.2147519290447235,0.0,1.3789663314819336,2.091390609741211,True
2017-07-17,2017-07-30,5,HOME APPLIANCES,0.2341398298740387,0.0,1.402843713760376,2.113801956176758,True
2017-07-17,2017-07-31,5,HOME APPLIANCES,0.2344023585319519,0.0,1.3985885381698608,2.1223177909851074,True
2017-07-17,2017-07-17,5,LAWN AND GARDEN,8.48839282989502,2.9648990631103516,12.958341598510742,16.117197036743164,True
2017-07-17,2017-07-18,5,LAWN AND GARDEN,8.464187622070312,3.199708938598633,13.128463745117188,16.23456573486328,True
2017-07-17,2017-07-19,5,LAWN AND GARDEN,8.623693466186523,3.44415283203125,13.380115509033203,16.618999481201172,True
2017-07-17,2017-07-20,5,LAWN AND GARDEN,8.702982902526855,3.6154098510742188,13.457763671875,16.76287269592285,True
2017-07-17,2017-07-21,5,LAWN AND GARDEN,9.030455589294434,3.7977476119995117,13.81089973449707,17.19202423095703,True
2017-07-17,2017-07-22,5,LAWN AND GARDEN,9.261638641357422,4.021493911743164,14.073097229003906,17.48035430908203,True
2017-07-17,2017-07-23,5,LAWN AND GARDEN,8.866522789001465,3.7089457511901855,13.65101432800293,17.086435317993164,True
2017-07-17,2017-07-24,5,LAWN AND GARDEN,8.602537155151367,3.579158306121826,13.337608337402344,16.79631233215332,True
2017-07-17,2017-07-25,5,LAWN AND GARDEN,8.47392463684082,3.5106630325317383,13.098749160766602,16.680034637451172,True
2017-07-17,2017-07-26,5,LAWN AND GARDEN,8.632739067077637,3.6625633239746094,13.236029624938965,16.835798263549805,True
2017-07-17,2017-07-27,5,LAWN AND GARDEN,8.730875015258789,3.667926788330078,13.604368209838867,17.21062469482422,True
2017-07-17,2017-07-28,5,LAWN AND GARDEN,8.820985794067383,3.701845645904541,13.743463516235352,17.329498291015625,True
2017-07-17,2017-07-29,5,LAWN AND GARDEN,9.099026679992676,3.7300448417663574,13.974559783935547,17.872610092163086,True
2017-07-17,2017-07-30,5,LAWN AND GARDEN,8.783717155456543,3.667670726776123,13.61290168762207,17.462677001953125,True
2017-07-17,2017-07-31,5,LAWN AND GARDEN,8.403548240661621,3.2947440147399902,13.217577934265137,17.065200805664062,True
2017-07-17,2017-07-17,5,"LIQUOR,WINE,BEER",38.27973175048828,22.109466552734375,52.356632232666016,62.41162872314453,True
2017-07-17,2017-07-18,5,"LIQUOR,WINE,BEER",38.73543930053711,24.83719253540039,51.97888946533203,61.48075485229492,True
2017-07-17,2017-07-19,5,"LIQUOR,WINE,BEER",42.91944885253906,27.683446884155273,58.196083068847656,69.05661010742188,True
2017-07-17,2017-07-20,5,"LIQUOR,WINE,BEER",52.40611267089844,31.577058792114258,70.35365295410156,83.56084442138672,True
2017-07-17,2017-07-21,5,"LIQUOR,WINE,BEER",80.7329330444336,54.503753662109375,102.07998657226562,117.07670593261719,True
2017-07-17,2017-07-22,5,"LIQUOR,WINE,BEER",107.81641387939453,80.91923522949219,129.93060302734375,143.59262084960938,True
2017-07-17,2017-07-23,5,"LIQUOR,WINE,BEER",57.4002571105957,33.044715881347656,77.9534683227539,92.7345199584961,True
2017-07-17,2017-07-24,5,"LIQUOR,WINE,BEER",42.339378356933594,22.790178298950195,58.83418273925781,72.61906433105469,True
2017-07-17,2017-07-25,5,"LIQUOR,WINE,BEER",41.705352783203125,24.986801147460938,57.17662811279297,69.48295593261719,True
2017-07-17,2017-07-26,5,"LIQUOR,WINE,BEER",45.141075134277344,26.516666412353516,61.18204879760742,74.55182647705078,True
2017-07-17,2017-07-27,5,"LIQUOR,WINE,BEER",54.89606475830078,32.09959411621094,74.90510559082031,90.15879821777344,True
2017-07-17,2017-07-28,5,"LIQUOR,WINE,BEER",83.04661560058594,55.472877502441406,106.12004089355469,122.64234924316406,True
2017-07-17,2017-07-29,5,"LIQUOR,WINE,BEER",108.44729614257812,79.40266418457031,132.3079833984375,148.6956787109375,True
2017-07-17,2017-07-30,5,"LIQUOR,WINE,BEER",59.064144134521484,33.89175033569336,80.78997039794922,97.14320373535156,True
2017-07-17,2017-07-31,5,"LIQUOR,WINE,BEER",42.76866149902344,22.34080696105957,61.03706359863281,75.66590118408203,True
2017-07-17,2017-07-17,5,MAGAZINES,7.184223175048828,3.4447543621063232,10.15070629119873,11.966687202453613,True
2017-07-17,2017-07-18,5,MAGAZINES,6.338889122009277,2.856914520263672,9.217601776123047,11.014700889587402,True
2017-07-17,2017-07-19,5,MAGAZINES,6.2655839920043945,2.903270721435547,9.204216003417969,10.948681831359863,True
2017-07-17,2017-07-20,5,MAGAZINES,7.050285816192627,3.474193572998047,10.065858840942383,12.009391784667969,True
2017-07-17,2017-07-21,5,MAGAZINES,7.850833892822266,3.959892749786377,11.163833618164062,13.165206909179688,True
2017-07-17,2017-07-22,5,MAGAZINES,9.7427339553833,5.483431816101074,13.240471839904785,15.28946590423584,True
2017-07-17,2017-07-23,5,MAGAZINES,9.55061149597168,5.288969993591309,13.05476188659668,15.220820426940918,True
2017-07-17,2017-07-24,5,MAGAZINES,7.654839038848877,3.634671688079834,10.955486297607422,13.073644638061523,True
2017-07-17,2017-07-25,5,MAGAZINES,6.379292964935303,2.744757652282715,9.496784210205078,11.41259765625,True
2017-07-17,2017-07-26,5,MAGAZINES,6.300453186035156,2.7475461959838867,9.297392845153809,11.267927169799805,True
2017-07-17,2017-07-27,5,MAGAZINES,6.953866004943848,3.2680001258850098,10.085878372192383,12.080589294433594,True
2017-07-17,2017-07-28,5,MAGAZINES,7.805652618408203,3.7839481830596924,11.141332626342773,13.257711410522461,True
2017-07-17,2017-07-29,5,MAGAZINES,9.45922565460205,5.172373294830322,13.015844345092773,15.128963470458984,True
2017-07-17,2017-07-30,5,MAGAZINES,9.323041915893555,5.022914409637451,12.854795455932617,15.020719528198242,True
2017-07-17,2017-07-31,5,MAGAZINES,7.530603408813477,3.5346884727478027,10.920860290527344,12.98659610748291,True
2017-07-17,2017-07-17,12,BABY CARE,0.0,0.0,0.001965537667274475,0.01749315857887268,True
2017-07-17,2017-07-18,12,BABY CARE,0.0,0.0,0.005275532603263855,0.02058064192533493,True
2017-07-17,2017-07-19,12,BABY CARE,0.0,0.0,0.007049813866615295,0.02664560079574585,True
2017-07-17,2017-07-20,12,BABY CARE,0.0,0.0,0.006640017032623291,0.03696359694004059,True
2017-07-17,2017-07-21,12,BABY CARE,0.0,0.0,0.0072684139013290405,0.03319435566663742,True
2017-07-17,2017-07-22,12,BABY CARE,0.0,0.0,0.009180031716823578,0.0351850762963295,True
2017-07-17,2017-07-23,12,BABY CARE,0.0,0.0,0.006921067833900452,0.0410807803273201,True
2017-07-17,2017-07-24,12,BABY CARE,0.0,0.0,0.008110061287879944,0.05070904642343521,True
2017-07-17,2017-07-25,12,BABY CARE,0.0,0.0,0.007992595434188843,0.03759770840406418,True
2017-07-17,2017-07-26,12,BABY CARE,0.0,0.0,0.008158549666404724,0.040820784866809845,True
2017-07-17,2017-07-27,12,BABY CARE,0.0,0.0,0.012681841850280762,0.03855077177286148,True
2017-07-17,2017-07-28,12,BABY CARE,0.0,0.0,0.005868703126907349,0.05112173408269882,True
2017-07-17,2017-07-29,12,BABY CARE,0.0,0.0,0.005434304475784302,0.04829654097557068,True
2017-07-17,2017-07-30,12,BABY CARE,0.0,0.0,0.009185008704662323,0.04730868339538574,True
2017-07-17,2017-07-31,12,BABY CARE,0.0,0.0,0.005444854497909546,0.043893396854400635,True
2017-07-17,2017-07-17,12,BEVERAGES,1752.7271728515625,1516.76416015625,1904.920166015625,1992.5279541015625,True
2017-07-17,2017-07-18,12,BEVERAGES,1622.3370361328125,1410.1260986328125,1766.5614013671875,1843.729248046875,True
2017-07-17,2017-07-19,12,BEVERAGES,1584.950439453125,1384.0511474609375,1720.9462890625,1791.33935546875,True
2017-07-17,2017-07-20,12,BEVERAGES,1454.605224609375,1243.5216064453125,1588.8065185546875,1675.57080078125,True
2017-07-17,2017-07-21,12,BEVERAGES,1622.549072265625,1391.2864990234375,1772.9501953125,1868.5780029296875,True
2017-07-17,2017-07-22,12,BEVERAGES,1946.6162109375,1684.2415771484375,2117.345703125,2213.3427734375,True
2017-07-17,2017-07-23,12,BEVERAGES,2068.387939453125,1788.13623046875,2243.602783203125,2357.115478515625,True
2017-07-17,2017-07-24,12,BEVERAGES,1731.119384765625,1463.314208984375,1902.471435546875,2017.094970703125,True
2017-07-17,2017-07-25,12,BEVERAGES,1576.370361328125,1332.9825439453125,1737.6912841796875,1831.873291015625,True
2017-07-17,2017-07-26,12,BEVERAGES,1518.9310302734375,1288.674560546875,1661.82861328125,1758.919189453125,True
2017-07-17,2017-07-27,12,BEVERAGES,1370.2139892578125,1146.4517822265625,1520.0247802734375,1616.2841796875,True
2017-07-17,2017-07-28,12,BEVERAGES,1574.3984375,1326.718017578125,1736.3182373046875,1853.486083984375,True
2017-07-17,2017-07-29,12,BEVERAGES,1916.991943359375,1651.0966796875,2106.483154296875,2207.72607421875,True
2017-07-17,2017-07-30,12,BEVERAGES,2062.309326171875,1788.4832763671875,2263.00439453125,2369.518798828125,True
2017-07-17,2017-07-31,12,BEVERAGES,1751.7698974609375,1497.3597412109375,1946.4188232421875,2054.9677734375,True
2017-07-17,2017-07-17,12,BOOKS,0.0,0.0,0.0,0.0,True
2017-07-17,2017-07-18,12,BOOKS,0.0,0.0,0.0,0.0,True
2017-07-17,2017-07-19,12,BOOKS,0.0,0.0,0.0,0.0,True
2017-07-17,2017-07-20,12,BOOKS,0.0,0.0,0.0,0.0,True
2017-07-17,2017-07-21,12,BOOKS,0.0,0.0,0.0,0.0,True
2017-07-17,2017-07-22,12,BOOKS,0.0,0.0,0.0,0.0,True
2017-07-17,2017-07-23,12,BOOKS,0.0,0.0,0.0,0.0,True
2017-07-17,2017-07-24,12,BOOKS,0.0,0.0,0.0,0.0,True
2017-07-17,2017-07-25,12,BOOKS,0.0,0.0,0.0,0.0,True
2017-07-17,2017-07-26,12,BOOKS,0.0,0.0,0.0,0.0,True
2017-07-17,2017-07-27,12,BOOKS,0.0,0.0,0.0,0.0,True
2017-07-17,2017-07-28,12,BOOKS,0.0,0.0,0.0,0.0,True
2017-07-17,2017-07-29,12,BOOKS,0.0,0.0,0.0,0.0,True
2017-07-17,2017-07-30,12,BOOKS,0.0,0.0,0.0,0.0,True
2017-07-17,2017-07-31,12,BOOKS,0.0,0.0,0.0,0.0,True
2017-07-17,2017-07-17,12,GROCERY I,3036.458251953125,2628.34228515625,3335.21044921875,3526.457275390625,True
2017-07-17,2017-07-18,12,GROCERY I,2715.796142578125,2351.37451171875,3005.49658203125,3199.41259765625,True
2017-07-17,2017-07-19,12,GROCERY I,2814.750244140625,2492.852783203125,3103.76123046875,3277.144287109375,True
2017-07-17,2017-07-20,12,GROCERY I,2640.430419921875,2303.9375,2918.371826171875,3134.262451171875,True
2017-07-17,2017-07-21,12,GROCERY I,2672.9228515625,2291.500732421875,2978.1416015625,3198.55322265625,True
2017-07-17,2017-07-22,12,GROCERY I,3135.250244140625,2684.225830078125,3497.177001953125,3721.308837890625,True
2017-07-17,2017-07-23,12,GROCERY I,3086.934326171875,2605.053466796875,3469.244140625,3729.610595703125,True
2017-07-17,2017-07-24,12,GROCERY I,3165.7724609375,2703.778076171875,3533.1884765625,3805.99951171875,True
2017-07-17,2017-07-25,12,GROCERY I,2731.815185546875,2319.922119140625,3066.39111328125,3295.27294921875,True
2017-07-17,2017-07-26,12,GROCERY I,2756.537353515625,2385.427978515625,3051.788330078125,3286.43603515625,True
2017-07-17,2017-07-27,12,GROCERY I,2614.597412109375,2235.228515625,2922.01220703125,3124.453857421875,True
2017-07-17,2017-07-28,12,GROCERY I,2621.294921875,2198.58642578125,2960.525390625,3220.39892578125,True
2017-07-17,2017-07-29,12,GROCERY I,3134.483642578125,2664.57080078125,3530.097412109375,3774.78857421875,True
2017-07-17,2017-07-30,12,GROCERY I,3171.337890625,2667.19140625,3600.394287109375,3861.48291015625,True
2017-07-17,2017-07-31,12,GROCERY I,3304.099853515625,2827.8232421875,3708.779052734375,3958.98681640625,True
2017-07-17,2017-07-17,12,HOME APPLIANCES,0.01772734522819519,0.0,0.6475315690040588,0.9157058596611023,True
2017-07-17,2017-07-18,12,HOME APPLIANCES,0.002241462469100952,0.0,0.6851161122322083,0.9879403114318848,True
2017-07-17,2017-07-19,12,HOME APPLIANCES,0.009153813123703003,0.0,0.7197012901306152,1.0342700481414795,True
2017-07-17,2017-07-20,12,HOME APPLIANCES,0.0017965137958526611,0.0,0.7234855890274048,1.066150426864624,True
2017-07-17,2017-07-21,12,HOME APPLIANCES,0.004625439643859863,0.0,0.7388273477554321,1.0935581922531128,True
2017-07-17,2017-07-22,12,HOME APPLIANCES,0.0,0.0,0.7437572479248047,1.1076054573059082,True
2017-07-17,2017-07-23,12,HOME APPLIANCES,0.0038598179817199707,0.0,0.7573049068450928,1.1395621299743652,True
2017-07-17,2017-07-24,12,HOME APPLIANCES,0.010961413383483887,0.0,0.7610058784484863,1.1670658588409424,True
2017-07-17,2017-07-25,12,HOME APPLIANCES,0.007867932319641113,0.0,0.7648788690567017,1.1628481149673462,True
2017-07-17,2017-07-26,12,HOME APPLIANCES,0.0007116198539733887,0.0,0.7531337141990662,1.1639132499694824,True
2017-07-17,2017-07-27,12,HOME APPLIANCES,0.0018416047096252441,0.0,0.7629058361053467,1.1670002937316895,True
2017-07-17,2017-07-28,12,HOME APPLIANCES,0.0,0.0,0.7473241090774536,1.168778896331787,True
2017-07-17,2017-07-29,12,HOME APPLIANCES,0.0,0.0,0.7483923435211182,1.1709489822387695,True
2017-07-17,2017-07-30,12,HOME APPLIANCES,0.0,0.0,0.7635000944137573,1.1869637966156006,True
2017-07-17,2017-07-31,12,HOME APPLIANCES,0.0,0.0,0.7795075178146362,1.2153306007385254,True
2017-07-17,2017-07-17,12,LAWN AND GARDEN,0.0,0.0,0.0,0.0,True
2017-07-17,2017-07-18,12,LAWN AND GARDEN,0.0,0.0,0.0,0.0,True
2017-07-17,2017-07-19,12,LAWN AND GARDEN,0.0,0.0,0.0,0.0,True
2017-07-17,2017-07-20,12,LAWN AND GARDEN,0.0,0.0,0.0,0.0,True
2017-07-17,2017-07-21,12,LAWN AND GARDEN,0.0,0.0,0.0,0.0,True
2017-07-17,2017-07-22,12,LAWN AND GARDEN,0.0,0.0,0.0,0.0,True
2017-07-17,2017-07-23,12,LAWN AND GARDEN,0.0,0.0,0.0,0.0,True
2017-07-17,2017-07-24,12,LAWN AND GARDEN,0.0,0.0,0.0,0.0,True
2017-07-17,2017-07-25,12,LAWN AND GARDEN,0.0,0.0,0.0,0.0,True
2017-07-17,2017-07-26,12,LAWN AND GARDEN,0.0,0.0,0.0,0.0,True
2017-07-17,2017-07-27,12,LAWN AND GARDEN,0.0,0.0,0.0,0.0,True
2017-07-17,2017-07-28,12,LAWN AND GARDEN,0.0,0.0,0.0,0.0,True
2017-07-17,2017-07-29,12,LAWN AND GARDEN,0.0,0.0,0.0,0.0,True
2017-07-17,2017-07-30,12,LAWN AND GARDEN,0.0,0.0,0.0,0.0,True
2017-07-17,2017-07-31,12,LAWN AND GARDEN,0.0,0.0,0.0,0.0,True
2017-07-17,2017-07-17,12,"LIQUOR,WINE,BEER",18.703399658203125,8.824178695678711,28.631574630737305,36.54085922241211,True
2017-07-17,2017-07-18,12,"LIQUOR,WINE,BEER",24.747425079345703,17.85079574584961,33.40243148803711,40.61796951293945,True
2017-07-17,2017-07-19,12,"LIQUOR,WINE,BEER",28.407310485839844,19.506240844726562,39.55038833618164,48.33487319946289,True
2017-07-17,2017-07-20,12,"LIQUOR,WINE,BEER",34.857059478759766,19.1324405670166,50.47848892211914,62.35243225097656,True
2017-07-17,2017-07-21,12,"LIQUOR,WINE,BEER",64.5082015991211,41.497432708740234,83.64187622070312,97.10956573486328,True
2017-07-17,2017-07-22,12,"LIQUOR,WINE,BEER",86.77484893798828,62.42390823364258,106.973388671875,120.14183807373047,True
2017-07-17,2017-07-23,12,"LIQUOR,WINE,BEER",33.64691925048828,13.483734130859375,51.13099670410156,63.9725227355957,True
2017-07-17,2017-07-24,12,"LIQUOR,WINE,BEER",19.552780151367188,5.425817489624023,32.44890213012695,43.23506164550781,True
2017-07-17,2017-07-25,12,"LIQUOR,WINE,BEER",25.50853157043457,15.57809066772461,36.05984878540039,44.641300201416016,True
2017-07-17,2017-07-26,12,"LIQUOR,WINE,BEER",28.431171417236328,16.39704132080078,40.526790618896484,50.661109924316406,True
2017-07-17,2017-07-27,12,"LIQUOR,WINE,BEER",33.92292785644531,16.309480667114258,50.4576301574707,62.261863708496094,True
2017-07-17,2017-07-28,12,"LIQUOR,WINE,BEER",62.32123565673828,38.19783401489258,82.23799896240234,96.3345947265625,True
2017-07-17,2017-07-29,12,"LIQUOR,WINE,BEER",84.57098388671875,60.04478073120117,105.51226806640625,119.08824920654297,True
2017-07-17,2017-07-30,12,"LIQUOR,WINE,BEER",34.103450775146484,15.130826950073242,52.47535705566406,65.6706771850586,True
2017-07-17,2017-07-31,12,"LIQUOR,WINE,BEER",20.670740127563477,8.652669906616211,34.739967346191406,45.40276336669922,True
2017-07-17,2017-07-17,12,MAGAZINES,1.2662559747695923,0.0,2.4549310207366943,3.253915786743164,True
2017-07-17,2017-07-18,12,MAGAZINES,1.2267132997512817,0.0,2.499221086502075,3.354543685913086,True
2017-07-17,2017-07-19,12,MAGAZINES,1.166832685470581,0.0,2.5108861923217773,3.3789565563201904,True
2017-07-17,2017-07-20,12,MAGAZINES,1.1898123025894165,0.0,2.538844108581543,3.4689934253692627,True
2017-07-17,2017-07-21,12,MAGAZINES,1.1702980995178223,0.0,2.5495171546936035,3.477895975112915,True
2017-07-17,2017-07-22,12,MAGAZINES,1.15855872631073,0.0,2.5464508533477783,3.473172187805176,True
2017-07-17,2017-07-23,12,MAGAZINES,1.1584937572479248,0.0,2.5604782104492188,3.5108072757720947,True
2017-07-17,2017-07-24,12,MAGAZINES,1.122253179550171,0.0,2.513120174407959,3.4787421226501465,True
2017-07-17,2017-07-25,12,MAGAZINES,1.1078439950942993,0.0,2.4944143295288086,3.4608874320983887,True
2017-07-17,2017-07-26,12,MAGAZINES,1.114423394203186,0.0,2.4799814224243164,3.4777910709381104,True
2017-07-17,2017-07-27,12,MAGAZINES,1.1629436016082764,0.0,2.545407772064209,3.542551040649414,True
2017-07-17,2017-07-28,12,MAGAZINES,1.2136887311935425,0.0,2.6110286712646484,3.613215684890747,True
2017-07-17,2017-07-29,12,MAGAZINES,1.224194049835205,0.0,2.6318507194519043,3.63234543800354,True
2017-07-17,2017-07-30,12,MAGAZINES,1.237227201461792,0.0,2.640089511871338,3.6605329513549805,True
2017-07-17,2017-07-31,12,MAGAZINES,1.2391647100448608,0.0,2.6480674743652344,3.667897939682007,True
2017-07-17,2017-07-17,15,BABY CARE,1.095041036605835,0.0,2.282233715057373,3.178767204284668,True
2017-07-17,2017-07-18,15,BABY CARE,0.9948384165763855,0.0,2.1508941650390625,3.056657075881958,True
2017-07-17,2017-07-19,15,BABY CARE,0.9165174961090088,0.019861936569213867,2.0546751022338867,2.9558098316192627,True
2017-07-17,2017-07-20,15,BABY CARE,0.8787763714790344,0.0,2.0589282512664795,3.0454649925231934,True
2017-07-17,2017-07-21,15,BABY CARE,1.0425375699996948,0.0,2.3331611156463623,3.3609042167663574,True
2017-07-17,2017-07-22,15,BABY CARE,1.193263053894043,0.008922219276428223,2.5844502449035645,3.638601541519165,True
2017-07-17,2017-07-23,15,BABY CARE,1.0692458152770996,0.0,2.4914495944976807,3.5844638347625732,True
2017-07-17,2017-07-24,15,BABY CARE,1.0142725706100464,0.0,2.3465466499328613,3.43487286567688,True
2017-07-17,2017-07-25,15,BABY CARE,0.9045404195785522,0.0,2.1261441707611084,3.1245126724243164,True
2017-07-17,2017-07-26,15,BABY CARE,0.7882421016693115,0.0,1.9297443628311157,2.9254860877990723,True
2017-07-17,2017-07-27,15,BABY CARE,0.7747066020965576,0.0,1.957041621208191,2.9560298919677734,True
2017-07-17,2017-07-28,15,BABY CARE,0.9818930625915527,0.0,2.2637903690338135,3.3382458686828613,True
2017-07-17,2017-07-29,15,BABY CARE,1.1701760292053223,0.01734018325805664,2.525865077972412,3.6769256591796875,True
2017-07-17,2017-07-30,15,BABY CARE,1.1004866361618042,0.0,2.4898016452789307,3.6254429817199707,True
2017-07-17,2017-07-31,15,BABY CARE,1.0087897777557373,0.0,2.3586339950561523,3.4711148738861084,True
2017-07-17,2017-07-17,15,BEVERAGES,1746.4854736328125,1443.7657470703125,1973.828369140625,2118.072021484375,True
2017-07-17,2017-07-18,15,BEVERAGES,1740.7845458984375,1430.0897216796875,1980.6434326171875,2127.04833984375,True
2017-07-17,2017-07-19,15,BEVERAGES,1688.6627197265625,1382.9134521484375,1928.81640625,2080.566650390625,True
2017-07-17,2017-07-20,15,BEVERAGES,1695.2952880859375,1394.97412109375,1934.52197265625,2091.92138671875,True
2017-07-17,2017-07-21,15,BEVERAGES,1681.986083984375,1377.9774169921875,1926.0401611328125,2086.13330078125,True
2017-07-17,2017-07-22,15,BEVERAGES,1759.1676025390625,1444.57470703125,2013.137451171875,2172.37353515625,True
2017-07-17,2017-07-23,15,BEVERAGES,1755.203857421875,1429.462646484375,2020.6229248046875,2186.36328125,True
2017-07-17,2017-07-24,15,BEVERAGES,1772.1119384765625,1441.5189208984375,2039.2012939453125,2210.8388671875,True
2017-07-17,2017-07-25,15,BEVERAGES,1752.162353515625,1422.387939453125,2019.181884765625,2188.773681640625,True
2017-07-17,2017-07-26,15,BEVERAGES,1680.2855224609375,1361.0927734375,1940.4912109375,2116.131591796875,True
2017-07-17,2017-07-27,15,BEVERAGES,1676.7496337890625,1367.38671875,1937.0426025390625,2109.56396484375,True
2017-07-17,2017-07-28,15,BEVERAGES,1657.7296142578125,1343.65283203125,1909.0289306640625,2085.2197265625,True
2017-07-17,2017-07-29,15,BEVERAGES,1726.307373046875,1406.5145263671875,1985.8031005859375,2156.44140625,True
2017-07-17,2017-07-30,15,BEVERAGES,1725.4676513671875,1394.1837158203125,1994.3116455078125,2178.77978515625,True
2017-07-17,2017-07-31,15,BEVERAGES,1756.6741943359375,1419.74609375,2033.049560546875,2216.765625,True
2017-07-17,2017-07-17,15,BOOKS,0.0,0.0,0.0,0.0,True
2017-07-17,2017-07-18,15,BOOKS,0.0,0.0,0.0,0.0,True
2017-07-17,2017-07-19,15,BOOKS,0.0,0.0,0.0,0.0,True
2017-07-17,2017-07-20,15,BOOKS,0.0,0.0,0.0,0.0,True
2017-07-17,2017-07-21,15,BOOKS,0.0,0.0,0.0,0.0,True
2017-07-17,2017-07-22,15,BOOKS,0.0,0.0,0.0,0.0,True
2017-07-17,2017-07-23,15,BOOKS,0.0,0.0,0.0,0.0,True
2017-07-17,2017-07-24,15,BOOKS,0.0,0.0,0.0,0.0,True
2017-07-17,2017-07-25,15,BOOKS,0.0,0.0,0.0,0.0,True
2017-07-17,2017-07-26,15,BOOKS,0.0,0.0,0.0,0.0,True
2017-07-17,2017-07-27,15,BOOKS,0.0,0.0,0.0,0.0,True
2017-07-17,2017-07-28,15,BOOKS,0.0,0.0,0.0,0.0,True
2017-07-17,2017-07-29,15,BOOKS,0.0,0.0,0.0,0.0,True
2017-07-17,2017-07-30,15,BOOKS,0.0,0.0,0.0,0.0,True
2017-07-17,2017-07-31,15,BOOKS,0.0,0.0,0.0,0.0,True
2017-07-17,2017-07-17,15,GROCERY I,2656.341064453125,2173.93896484375,2987.9912109375,3180.072998046875,True
2017-07-17,2017-07-18,15,GROCERY I,2711.056396484375,2210.955078125,3062.133056640625,3254.23876953125,True
2017-07-17,2017-07-19,15,GROCERY I,2592.80615234375,2098.178955078125,2937.16064453125,3124.015869140625,True
2017-07-17,2017-07-20,15,GROCERY I,2377.560546875,1882.61083984375,2724.494140625,2926.65771484375,True
2017-07-17,2017-07-21,15,GROCERY I,2190.415283203125,1713.35888671875,2545.81982421875,2733.399658203125,True
2017-07-17,2017-07-22,15,GROCERY I,2733.408203125,2203.099853515625,3100.218017578125,3286.1533203125,True
2017-07-17,2017-07-23,15,GROCERY I,2498.568603515625,1966.59521484375,2872.99462890625,3075.62353515625,True
2017-07-17,2017-07-24,15,GROCERY I,2873.330322265625,2320.176513671875,3263.8046875,3477.998291015625,True
2017-07-17,2017-07-25,15,GROCERY I,2820.241455078125,2273.36474609375,3193.18505859375,3394.9609375,True
2017-07-17,2017-07-26,15,GROCERY I,2610.2177734375,2069.057861328125,2982.3056640625,3195.902587890625,True
2017-07-17,2017-07-27,15,GROCERY I,2383.89697265625,1856.385986328125,2752.51318359375,2955.96728515625,True
2017-07-17,2017-07-28,15,GROCERY I,2246.85595703125,1709.638916015625,2619.068115234375,2839.17041015625,True
2017-07-17,2017-07-29,15,GROCERY I,2772.997802734375,2220.99609375,3147.642578125,3351.9208984375,True
2017-07-17,2017-07-30,15,GROCERY I,2528.837158203125,1977.918212890625,2925.65966796875,3159.661865234375,True
2017-07-17,2017-07-31,15,GROCERY I,2955.23095703125,2406.759033203125,3347.407470703125,3566.4853515625,True
2017-07-17,2017-07-17,15,HOME APPLIANCES,0.0,0.0,0.0746932327747345,0.17320367693901062,True
2017-07-17,2017-07-18,15,HOME APPLIANCES,0.0,0.0,0.08581039309501648,0.2060220092535019,True
2017-07-17,2017-07-19,15,HOME APPLIANCES,0.0036540478467941284,0.0,0.09826022386550903,0.2342452108860016,True
2017-07-17,2017-07-20,15,HOME APPLIANCES,0.002485141158103943,0.0,0.10178564488887787,0.26187220215797424,True
2017-07-17,2017-07-21,15,HOME APPLIANCES,0.0032077357172966003,0.0,0.10842008143663406,0.27236485481262207,True
2017-07-17,2017-07-22,15,HOME APPLIANCES,0.0058464109897613525,0.0026620998978614807,0.1146688237786293,0.28917551040649414,True
2017-07-17,2017-07-23,15,HOME APPLIANCES,0.00719788670539856,0.0017639100551605225,0.11495117843151093,0.30496686697006226,True
2017-07-17,2017-07-24,15,HOME APPLIANCES,0.005034036934375763,0.0011268779635429382,0.11598192155361176,0.3193035125732422,True
2017-07-17,2017-07-25,15,HOME APPLIANCES,0.003800131380558014,0.003905154764652252,0.11660497635602951,0.3124614953994751,True
2017-07-17,2017-07-26,15,HOME APPLIANCES,0.003578104078769684,0.006180219352245331,0.11721469461917877,0.32136070728302,True
2017-07-17,2017-07-27,15,HOME APPLIANCES,0.0026613175868988037,0.006581611931324005,0.11708295345306396,0.3186759650707245,True
2017-07-17,2017-07-28,15,HOME APPLIANCES,0.0047721415758132935,0.001493304967880249,0.11965222656726837,0.34320157766342163,True
2017-07-17,2017-07-29,15,HOME APPLIANCES,0.005198515951633453,0.008612900972366333,0.12432548403739929,0.34096232056617737,True
2017-07-17,2017-07-30,15,HOME APPLIANCES,0.007080942392349243,0.009047642350196838,0.12675316631793976,0.3446657061576843,True
2017-07-17,2017-07-31,15,HOME APPLIANCES,0.004330649971961975,0.00560365617275238,0.12522609531879425,0.3483136296272278,True
2017-07-17,2017-07-17,15,LAWN AND GARDEN,0.0,0.0,0.0,0.0,True
2017-07-17,2017-07-18,15,LAWN AND GARDEN,0.0,0.0,0.0,0.0,True
2017-07-17,2017-07-19,15,LAWN AND GARDEN,0.0,0.0,0.0,0.0,True
2017-07-17,2017-07-20,15,LAWN AND GARDEN,0.0,0.0,0.0,0.0,True
2017-07-17,2017-07-21,15,LAWN AND GARDEN,0.0,0.0,0.0,0.0,True
2017-07-17,2017-07-22,15,LAWN AND GARDEN,0.0,0.0,0.0,0.0,True
2017-07-17,2017-07-23,15,LAWN AND GARDEN,0.0,0.0,0.0,0.0,True
2017-07-17,2017-07-24,15,LAWN AND GARDEN,0.0,0.0,0.0,0.0,True
2017-07-17,2017-07-25,15,LAWN AND GARDEN,0.0,0.0,0.0,0.0,True
2017-07-17,2017-07-26,15,LAWN AND GARDEN,0.0,0.0,0.0,0.0,True
2017-07-17,2017-07-27,15,LAWN AND GARDEN,0.0,0.0,0.0,0.0,True
2017-07-17,2017-07-28,15,LAWN AND GARDEN,0.0,0.0,0.0,0.0,True
2017-07-17,2017-07-29,15,LAWN AND GARDEN,0.0,0.0,0.0,0.0,True
2017-07-17,2017-07-30,15,LAWN AND GARDEN,0.0,0.0,0.0,0.0,True
2017-07-17,2017-07-31,15,LAWN AND GARDEN,0.0,0.0,0.0,0.0,True
2017-07-17,2017-07-17,15,"LIQUOR,WINE,BEER",14.260551452636719,5.5754899978637695,21.907211303710938,27.15212631225586,True
2017-07-17,2017-07-18,15,"LIQUOR,WINE,BEER",16.353439331054688,8.72669506072998,23.53632926940918,28.6343994140625,True
2017-07-17,2017-07-19,15,"LIQUOR,WINE,BEER",18.661130905151367,10.128501892089844,26.97479820251465,32.5162467956543,True
2017-07-17,2017-07-20,15,"LIQUOR,WINE,BEER",22.524478912353516,11.084280967712402,32.494144439697266,39.46968078613281,True
2017-07-17,2017-07-21,15,"LIQUOR,WINE,BEER",35.29698944091797,20.992849349975586,47.180580139160156,54.67145538330078,True
2017-07-17,2017-07-22,15,"LIQUOR,WINE,BEER",42.523033142089844,27.85553741455078,54.71791458129883,62.132835388183594,True
2017-07-17,2017-07-23,15,"LIQUOR,WINE,BEER",18.284116744995117,5.643732070922852,29.500385284423828,36.89221954345703,True
2017-07-17,2017-07-24,15,"LIQUOR,WINE,BEER",15.475839614868164,5.533174514770508,24.576007843017578,31.061660766601562,True
2017-07-17,2017-07-25,15,"LIQUOR,WINE,BEER",16.582069396972656,7.98332405090332,24.76035499572754,30.51116943359375,True
2017-07-17,2017-07-26,15,"LIQUOR,WINE,BEER",19.3868350982666,9.920831680297852,28.164623260498047,34.56193161010742,True
2017-07-17,2017-07-27,15,"LIQUOR,WINE,BEER",23.198406219482422,11.500590324401855,33.95494842529297,41.2120361328125,True
2017-07-17,2017-07-28,15,"LIQUOR,WINE,BEER",36.721805572509766,22.121217727661133,49.04950714111328,56.790496826171875,True
2017-07-17,2017-07-29,15,"LIQUOR,WINE,BEER",43.14323425292969,28.054798126220703,55.88524627685547,63.59808349609375,True
2017-07-17,2017-07-30,15,"LIQUOR,WINE,BEER",18.50160789489746,5.422272682189941,29.847089767456055,37.43299865722656,True
2017-07-17,2017-07-31,15,"LIQUOR,WINE,BEER",15.40857982635498,5.245798110961914,24.802200317382812,31.556392669677734,True
2017-07-17,2017-07-17,15,MAGAZINES,1.8323512077331543,0.1599332094192505,3.164538860321045,4.020068168640137,True
2017-07-17,2017-07-18,15,MAGAZINES,1.8737552165985107,0.1959782838821411,3.2728779315948486,4.148352146148682,True
2017-07-17,2017-07-19,15,MAGAZINES,1.6210110187530518,0.0016241073608398438,3.0488882064819336,3.92376446723938,True
2017-07-17,2017-07-20,15,MAGAZINES,1.4672044515609741,0.0,2.869987964630127,3.765594720840454,True
2017-07-17,2017-07-21,15,MAGAZINES,1.670958399772644,0.1313561201095581,3.0944268703460693,3.9739880561828613,True
2017-07-17,2017-07-22,15,MAGAZINES,1.768350601196289,0.2058086395263672,3.2185451984405518,4.115035057067871,True
2017-07-17,2017-07-23,15,MAGAZINES,1.7095165252685547,0.0898435115814209,3.219045400619507,4.152876853942871,True
2017-07-17,2017-07-24,15,MAGAZINES,1.8963134288787842,0.24856770038604736,3.436528205871582,4.403570652008057,True
2017-07-17,2017-07-25,15,MAGAZINES,1.7920118570327759,0.14808225631713867,3.3381004333496094,4.271986961364746,True
2017-07-17,2017-07-26,15,MAGAZINES,1.4817471504211426,0.0,2.977177381515503,3.919424295425415,True
2017-07-17,2017-07-27,15,MAGAZINES,1.3320369720458984,0.0,2.8001229763031006,3.7297513484954834,True
2017-07-17,2017-07-28,15,MAGAZINES,1.5371215343475342,0.024825215339660645,2.9811923503875732,3.9049885272979736,True
2017-07-17,2017-07-29,15,MAGAZINES,1.6397911310195923,0.09422731399536133,3.102156400680542,4.039569854736328,True
2017-07-17,2017-07-30,15,MAGAZINES,1.6034820079803467,0.0,3.1190404891967773,4.083917617797852,True
2017-07-17,2017-07-31,15,MAGAZINES,1.798677921295166,0.15789246559143066,3.3487157821655273,4.335443496704102,True
2017-07-17,2017-07-17,19,BABY CARE,0.3773658871650696,0.0,1.113826036453247,1.5811095237731934,True
2017-07-17,2017-07-18,19,BABY CARE,0.2949672043323517,0.0,1.1302924156188965,1.6819311380386353,True
2017-07-17,2017-07-19,19,BABY CARE,0.2927960753440857,0.0,1.1982378959655762,1.7798740863800049,True
2017-07-17,2017-07-20,19,BABY CARE,0.2557010054588318,0.0,1.1677348613739014,1.823965311050415,True
2017-07-17,2017-07-21,19,BABY CARE,0.21247558295726776,0.0,1.1500451564788818,1.8193782567977905,True
2017-07-17,2017-07-22,19,BABY CARE,0.169426828622818,0.0,1.118456482887268,1.8071389198303223,True
2017-07-17,2017-07-23,19,BABY CARE,0.15435750782489777,0.0,1.1049511432647705,1.838610053062439,True
2017-07-17,2017-07-24,19,BABY CARE,0.13887867331504822,0.0,1.0901615619659424,1.8555697202682495,True
2017-07-17,2017-07-25,19,BABY CARE,0.11641918867826462,0.0,1.0802319049835205,1.8285224437713623,True
2017-07-17,2017-07-26,19,BABY CARE,0.09496644884347916,0.0,1.0462336540222168,1.8250973224639893,True
2017-07-17,2017-07-27,19,BABY CARE,0.111270971596241,0.0,1.0768135786056519,1.8453725576400757,True
2017-07-17,2017-07-28,19,BABY CARE,0.10136909782886505,0.0,1.053614854812622,1.88727605342865,True
2017-07-17,2017-07-29,19,BABY CARE,0.09221640974283218,0.0,1.0832936763763428,1.892476201057434,True
2017-07-17,2017-07-30,19,BABY CARE,0.09276818484067917,0.0,1.0904107093811035,1.923083782196045,True
2017-07-17,2017-07-31,19,BABY CARE,0.0896153524518013,0.0,1.1030631065368652,1.942565679550171,True
2017-07-17,2017-07-17,19,BEVERAGES,2203.445068359375,1821.2412109375,2474.812255859375,2652.15380859375,True
2017-07-17,2017-07-18,19,BEVERAGES,2057.23779296875,1727.06689453125,2309.077392578125,2468.0078125,True
2017-07-17,2017-07-19,19,BEVERAGES,1983.440185546875,1674.410400390625,2253.804443359375,2416.211181640625,True
2017-07-17,2017-07-20,19,BEVERAGES,1936.36669921875,1564.0433349609375,2226.5888671875,2437.447509765625,True
2017-07-17,2017-07-21,19,BEVERAGES,2242.450439453125,1767.272216796875,2597.074462890625,2842.486572265625,True
2017-07-17,2017-07-22,19,BEVERAGES,3538.10400390625,2980.0966796875,3936.34716796875,4175.9033203125,True
2017-07-17,2017-07-23,19,BEVERAGES,2607.31982421875,2061.31201171875,3011.9775390625,3281.390625,True
2017-07-17,2017-07-24,19,BEVERAGES,2196.434814453125,1730.6099853515625,2557.8544921875,2818.34765625,True
2017-07-17,2017-07-25,19,BEVERAGES,2047.325439453125,1645.4090576171875,2360.1162109375,2563.303955078125,True
2017-07-17,2017-07-26,19,BEVERAGES,1977.85498046875,1611.6715087890625,2258.00634765625,2456.533935546875,True
2017-07-17,2017-07-27,19,BEVERAGES,1973.0186767578125,1578.66552734375,2295.386962890625,2517.87060546875,True
2017-07-17,2017-07-28,19,BEVERAGES,2259.244384765625,1786.6253662109375,2622.494140625,2877.9736328125,True
2017-07-17,2017-07-29,19,BEVERAGES,3600.6416015625,3040.609619140625,4004.73828125,4249.10205078125,True
2017-07-17,2017-07-30,19,BEVERAGES,2760.09765625,2247.59912109375,3157.95947265625,3407.1337890625,True
2017-07-17,2017-07-31,19,BEVERAGES,2383.256103515625,1946.8446044921875,2748.77880859375,2992.611572265625,True
2017-07-17,2017-07-17,19,BOOKS,0.0,0.0,0.0,0.0,True
2017-07-17,2017-07-18,19,BOOKS,0.0,0.0,0.0,0.0,True
2017-07-17,2017-07-19,19,BOOKS,0.0,0.0,0.0,0.0,True
2017-07-17,2017-07-20,19,BOOKS,0.0,0.0,0.0,0.0,True
2017-07-17,2017-07-21,19,BOOKS,0.0,0.0,0.0,0.0,True
2017-07-17,2017-07-22,19,BOOKS,0.0,0.0,0.0,0.0,True
2017-07-17,2017-07-23,19,BOOKS,0.0,0.0,0.0,0.0,True
2017-07-17,2017-07-24,19,BOOKS,0.0,0.0,0.0,0.0,True
2017-07-17,2017-07-25,19,BOOKS,0.0,0.0,0.0,0.0,True
2017-07-17,2017-07-26,19,BOOKS,0.0,0.0,0.0,0.0,True
2017-07-17,2017-07-27,19,BOOKS,0.0,0.0,0.0,0.0,True
2017-07-17,2017-07-28,19,BOOKS,0.0,0.0,0.0,0.0,True
2017-07-17,2017-07-29,19,BOOKS,0.0,0.0,0.0,0.0,True
2017-07-17,2017-07-30,19,BOOKS,0.0,0.0,0.0,0.0,True
2017-07-17,2017-07-31,19,BOOKS,0.0,0.0,0.0,0.0,True
2017-07-17,2017-07-17,19,GROCERY I,3270.85791015625,2832.193603515625,3553.34814453125,3730.8115234375,True
2017-07-17,2017-07-18,19,GROCERY I,2957.8779296875,2542.228515625,3253.206298828125,3405.64794921875,True
2017-07-17,2017-07-19,19,GROCERY I,2704.44384765625,2291.296630859375,2996.98046875,3162.364501953125,True
2017-07-17,2017-07-20,19,GROCERY I,2499.60693359375,2035.1617431640625,2799.69384765625,3008.823486328125,True
2017-07-17,2017-07-21,19,GROCERY I,2762.994873046875,2223.5693359375,3100.83447265625,3344.634765625,True
2017-07-17,2017-07-22,19,GROCERY I,4692.96875,4087.04296875,5061.31396484375,5277.26953125,True
2017-07-17,2017-07-23,19,GROCERY I,3269.172607421875,2691.720703125,3644.549560546875,3914.37744140625,True
2017-07-17,2017-07-24,19,GROCERY I,3096.984130859375,2568.47119140625,3452.45458984375,3709.894287109375,True
2017-07-17,2017-07-25,19,GROCERY I,2739.783447265625,2261.03125,3061.060791015625,3272.212890625,True
2017-07-17,2017-07-26,19,GROCERY I,2468.33203125,2009.3172607421875,2752.704833984375,2975.154052734375,True
2017-07-17,2017-07-27,19,GROCERY I,2457.48095703125,1964.4635009765625,2773.88037109375,3009.847900390625,True
2017-07-17,2017-07-28,19,GROCERY I,2905.055908203125,2344.66943359375,3281.3896484375,3556.25927734375,True
2017-07-17,2017-07-29,19,GROCERY I,4974.548828125,4317.68115234375,5383.5146484375,5634.634765625,True
2017-07-17,2017-07-30,19,GROCERY I,3701.91650390625,3094.379150390625,4118.384765625,4404.984375,True
2017-07-17,2017-07-31,19,GROCERY I,3598.288330078125,3011.264892578125,3980.46728515625,4256.44921875,True
2017-07-17,2017-07-17,19,HOME APPLIANCES,0.01081085205078125,0.0,0.6921068429946899,0.9335883259773254,True
2017-07-17,2017-07-18,19,HOME APPLIANCES,0.007406145334243774,0.0,0.7385528087615967,1.0123577117919922,True
2017-07-17,2017-07-19,19,HOME APPLIANCES,0.015959471464157104,0.0,0.7791850566864014,1.0611683130264282,True
2017-07-17,2017-07-20,19,HOME APPLIANCES,0.010471373796463013,0.0,0.7935599684715271,1.0942224264144897,True
2017-07-17,2017-07-21,19,HOME APPLIANCES,0.01756986975669861,0.0,0.8153709769248962,1.1322391033172607,True
2017-07-17,2017-07-22,19,HOME APPLIANCES,0.014714539051055908,0.0,0.8211554288864136,1.14750337600708,True
2017-07-17,2017-07-23,19,HOME APPLIANCES,0.012631475925445557,0.0,0.815353274345398,1.156667947769165,True
2017-07-17,2017-07-24,19,HOME APPLIANCES,0.007582902908325195,0.0,0.8070954084396362,1.1633979082107544,True
2017-07-17,2017-07-25,19,HOME APPLIANCES,0.0003345012664794922,0.0,0.8048276305198669,1.1561205387115479,True
2017-07-17,2017-07-26,19,HOME APPLIANCES,0.0,0.0,0.8006725907325745,1.1579985618591309,True
2017-07-17,2017-07-27,19,HOME APPLIANCES,0.0,0.0,0.8116442561149597,1.1666582822799683,True
2017-07-17,2017-07-28,19,HOME APPLIANCES,0.0,0.0,0.8081687092781067,1.1844229698181152,True
2017-07-17,2017-07-29,19,HOME APPLIANCES,0.003393203020095825,0.0,0.8160415887832642,1.1794172525405884,True
2017-07-17,2017-07-30,19,HOME APPLIANCES,0.006480216979980469,0.0,0.8317269682884216,1.1952712535858154,True
2017-07-17,2017-07-31,19,HOME APPLIANCES,0.003448694944381714,0.0,0.8364481925964355,1.2091295719146729,True
2017-07-17,2017-07-17,19,LAWN AND GARDEN,0.0,0.0,0.0,0.0,True
2017-07-17,2017-07-18,19,LAWN AND GARDEN,0.0,0.0,0.0,0.0,True
2017-07-17,2017-07-19,19,LAWN AND GARDEN,0.0,0.0,0.0,0.0,True
2017-07-17,2017-07-20,19,LAWN AND GARDEN,0.0,0.0,0.0,0.0,True
2017-07-17,2017-07-21,19,LAWN AND GARDEN,0.0,0.0,0.0,0.0,True
2017-07-17,2017-07-22,19,LAWN AND GARDEN,0.0,0.0,0.0,0.0,True
2017-07-17,2017-07-23,19,LAWN AND GARDEN,0.0,0.0,0.0,0.0,True
2017-07-17,2017-07-24,19,LAWN AND GARDEN,0.0,0.0,0.0,0.0,True
2017-07-17,2017-07-25,19,LAWN AND GARDEN,0.0,0.0,0.0,0.0,True
2017-07-17,2017-07-26,19,LAWN AND GARDEN,0.0,0.0,0.0,0.0,True
2017-07-17,2017-07-27,19,LAWN AND GARDEN,0.0,0.0,0.0,0.0,True
2017-07-17,2017-07-28,19,LAWN AND GARDEN,0.0,0.0,0.0,0.0,True
2017-07-17,2017-07-29,19,LAWN AND GARDEN,0.0,0.0,0.0,0.0,True
2017-07-17,2017-07-30,19,LAWN AND GARDEN,0.0,0.0,0.0,0.0,True
2017-07-17,2017-07-31,19,LAWN AND GARDEN,0.0,0.0,0.0,0.0,True
2017-07-17,2017-07-17,19,"LIQUOR,WINE,BEER",13.088215827941895,1.6499004364013672,24.50669288635254,33.39435577392578,True
2017-07-17,2017-07-18,19,"LIQUOR,WINE,BEER",17.999862670898438,9.4050931930542,28.431514739990234,37.094764709472656,True
2017-07-17,2017-07-19,19,"LIQUOR,WINE,BEER",17.08612823486328,7.3664445877075195,29.715896606445312,39.22931671142578,True
2017-07-17,2017-07-20,19,"LIQUOR,WINE,BEER",21.740535736083984,6.422445297241211,38.04069900512695,50.33985900878906,True
2017-07-17,2017-07-21,19,"LIQUOR,WINE,BEER",36.40281295776367,15.664217948913574,56.52983856201172,70.58419799804688,True
2017-07-17,2017-07-22,19,"LIQUOR,WINE,BEER",46.22160339355469,23.964519500732422,67.53546142578125,81.62154388427734,True
2017-07-17,2017-07-23,19,"LIQUOR,WINE,BEER",24.545574188232422,5.86958122253418,43.852699279785156,58.067047119140625,True
2017-07-17,2017-07-24,19,"LIQUOR,WINE,BEER",14.38479995727539,1.3854560852050781,29.618995666503906,42.383575439453125,True
2017-07-17,2017-07-25,19,"LIQUOR,WINE,BEER",17.55042839050293,8.072761535644531,31.399703979492188,42.389915466308594,True
2017-07-17,2017-07-26,19,"LIQUOR,WINE,BEER",16.944583892822266,5.728338241577148,31.334693908691406,43.60377502441406,True
2017-07-17,2017-07-27,19,"LIQUOR,WINE,BEER",21.014989852905273,4.679782867431641,39.16203308105469,52.870826721191406,True
2017-07-17,2017-07-28,19,"LIQUOR,WINE,BEER",34.66627502441406,12.944571495056152,56.14443588256836,71.80569458007812,True
2017-07-17,2017-07-29,19,"LIQUOR,WINE,BEER",45.7241325378418,22.914846420288086,68.33193969726562,84.37718963623047,True
2017-07-17,2017-07-30,19,"LIQUOR,WINE,BEER",25.790611267089844,6.861296653747559,46.32057189941406,61.473167419433594,True
2017-07-17,2017-07-31,19,"LIQUOR,WINE,BEER",14.762508392333984,1.5460376739501953,31.153053283691406,44.62598419189453,True
2017-07-17,2017-07-17,19,MAGAZINES,1.950218915939331,0.17359423637390137,3.430776596069336,4.37905740737915,True
2017-07-17,2017-07-18,19,MAGAZINES,1.777917742729187,0.20138001441955566,3.1965346336364746,4.1085052490234375,True
2017-07-17,2017-07-19,19,MAGAZINES,1.552469253540039,0.06254208087921143,2.989252805709839,3.884711980819702,True
2017-07-17,2017-07-20,19,MAGAZINES,1.5092544555664062,0.0,3.0302512645721436,4.036821365356445,True
2017-07-17,2017-07-21,19,MAGAZINES,2.308776378631592,0.4706634283065796,3.98294997215271,5.044773101806641,True
2017-07-17,2017-07-22,19,MAGAZINES,2.7240662574768066,0.7434604167938232,4.5207977294921875,5.591976165771484,True
2017-07-17,2017-07-23,19,MAGAZINES,2.233304262161255,0.2619894742965698,4.028195381164551,5.141877174377441,True
2017-07-17,2017-07-24,19,MAGAZINES,2.027649402618408,0.23927664756774902,3.6670825481414795,4.747681617736816,True
2017-07-17,2017-07-25,19,MAGAZINES,1.7711973190307617,0.19541561603546143,3.298562526702881,4.253564834594727,True
2017-07-17,2017-07-26,19,MAGAZINES,1.5869466066360474,0.08354425430297852,3.045626640319824,4.022659778594971,True
2017-07-17,2017-07-27,19,MAGAZINES,1.5175657272338867,0.0,3.067199468612671,4.0525922775268555,True
2017-07-17,2017-07-28,19,MAGAZINES,2.3135290145874023,0.46264827251434326,3.9899306297302246,5.056488037109375,True
2017-07-17,2017-07-29,19,MAGAZINES,2.680757999420166,0.7200069427490234,4.473145484924316,5.559345722198486,True
2017-07-17,2017-07-30,19,MAGAZINES,2.118208885192871,0.17998838424682617,3.8871467113494873,4.989928245544434,True
2017-07-17,2017-07-31,19,MAGAZINES,1.8759422302246094,0.14521706104278564,3.5301146507263184,4.568539619445801,True
2017-07-17,2017-07-17,23,BABY CARE,0.0,0.0,0.0,0.0,True
2017-07-17,2017-07-18,23,BABY CARE,0.0,0.0,0.0,0.0,True
2017-07-17,2017-07-19,23,BABY CARE,0.0,0.0,0.0,0.0,True
2017-07-17,2017-07-20,23,BABY CARE,0.0,0.0,0.0,0.0,True
2017-07-17,2017-07-21,23,BABY CARE,0.0,0.0,0.0,0.0,True
2017-07-17,2017-07-22,23,BABY CARE,0.0,0.0,0.0,0.0,True
2017-07-17,2017-07-23,23,BABY CARE,0.0,0.0,0.0,0.0,True
2017-07-17,2017-07-24,23,BABY CARE,0.0,0.0,0.0,0.0,True
2017-07-17,2017-07-25,23,BABY CARE,0.0,0.0,0.0,0.0,True
2017-07-17,2017-07-26,23,BABY CARE,0.0,0.0,0.0,0.0,True
2017-07-17,2017-07-27,23,BABY CARE,0.0,0.0,0.0,0.0,True
2017-07-17,2017-07-28,23,BABY CARE,0.0,0.0,0.0,0.0,True
2017-07-17,2017-07-29,23,BABY CARE,0.0,0.0,0.0,0.0,True
2017-07-17,2017-07-30,23,BABY CARE,0.0,0.0,0.0,0.0,True
2017-07-17,2017-07-31,23,BABY CARE,0.0,0.0,0.0,0.0,True
2017-07-17,2017-07-17,23,BEVERAGES,1581.6414794921875,1314.350830078125,1764.7998046875,1880.0430908203125,True
2017-07-17,2017-07-18,23,BEVERAGES,1480.1466064453125,1234.0992431640625,1654.568115234375,1757.778076171875,True
2017-07-17,2017-07-19,23,BEVERAGES,1471.2369384765625,1241.39697265625,1635.9427490234375,1733.9432373046875,True
2017-07-17,2017-07-20,23,BEVERAGES,1356.451904296875,1124.9483642578125,1522.99560546875,1632.0489501953125,True
2017-07-17,2017-07-21,23,BEVERAGES,1462.282958984375,1206.061767578125,1644.166259765625,1762.16015625,True
2017-07-17,2017-07-22,23,BEVERAGES,1791.02587890625,1504.055908203125,1990.04931640625,2111.4794921875,True
2017-07-17,2017-07-23,23,BEVERAGES,1928.906494140625,1622.746826171875,2137.753173828125,2273.10302734375,True
2017-07-17,2017-07-24,23,BEVERAGES,1572.058837890625,1290.467529296875,1775.7454833984375,1909.9161376953125,True
2017-07-17,2017-07-25,23,BEVERAGES,1476.77734375,1216.922119140625,1661.615234375,1782.544189453125,True
2017-07-17,2017-07-26,23,BEVERAGES,1481.421142578125,1238.522216796875,1648.802490234375,1769.33984375,True
2017-07-17,2017-07-27,23,BEVERAGES,1352.694580078125,1115.8895263671875,1526.3460693359375,1643.322021484375,True
2017-07-17,2017-07-28,23,BEVERAGES,1451.156494140625,1192.36376953125,1637.4521484375,1763.326904296875,True
2017-07-17,2017-07-29,23,BEVERAGES,1780.600341796875,1489.0872802734375,1986.103271484375,2113.39599609375,True
2017-07-17,2017-07-30,23,BEVERAGES,1926.2542724609375,1625.5689697265625,2138.632568359375,2269.40576171875,True
2017-07-17,2017-07-31,23,BEVERAGES,1572.224365234375,1288.39404296875,1782.8887939453125,1912.1011962890625,True
2017-07-17,2017-07-17,23,BOOKS,0.0,0.0,0.00044649839401245117,0.0027543678879737854,True
2017-07-17,2017-07-18,23,BOOKS,0.0,0.0,5.037523806095123e-05,0.0027549173682928085,True
2017-07-17,2017-07-19,23,BOOKS,0.00010167434811592102,0.0,0.0,0.004418766126036644,True
2017-07-17,2017-07-20,23,BOOKS,0.0,0.0,0.0,0.010197240859270096,True
2017-07-17,2017-07-21,23,BOOKS,0.0,0.0,0.0,0.006163140758872032,True
2017-07-17,2017-07-22,23,BOOKS,0.0,0.0,2.0815059542655945e-05,0.007464464753866196,True
2017-07-17,2017-07-23,23,BOOKS,0.0,0.0,0.0,0.009776705875992775,True
2017-07-17,2017-07-24,23,BOOKS,0.0,0.0,0.00029869936406612396,0.017793098464608192,True
2017-07-17,2017-07-25,23,BOOKS,0.0,0.0,0.0005915481597185135,0.005503488704562187,True
2017-07-17,2017-07-26,23,BOOKS,0.0,0.0,0.000952061265707016,0.006894400343298912,True
2017-07-17,2017-07-27,23,BOOKS,0.0,0.0,0.0022532548755407333,0.004391565918922424,True
2017-07-17,2017-07-28,23,BOOKS,0.0,0.0,0.0,0.016878515481948853,True
2017-07-17,2017-07-29,23,BOOKS,0.0,0.0,0.0,0.009310528635978699,True
2017-07-17,2017-07-30,23,BOOKS,0.0,0.0,0.0,0.00895778276026249,True
2017-07-17,2017-07-31,23,BOOKS,0.0,0.0,0.0,0.005378715693950653,True
2017-07-17,2017-07-17,23,GROCERY I,2208.48046875,1887.065673828125,2454.197265625,2605.56201171875,True
2017-07-17,2017-07-18,23,GROCERY I,2113.507568359375,1819.3892822265625,2349.5625,2495.158203125,True
2017-07-17,2017-07-19,23,GROCERY I,2144.958984375,1868.2376708984375,2374.58056640625,2513.6962890625,True
2017-07-17,2017-07-20,23,GROCERY I,2017.5299072265625,1743.395751953125,2247.494384765625,2399.44189453125,True
2017-07-17,2017-07-21,23,GROCERY I,2087.544189453125,1786.3072509765625,2333.565673828125,2494.57958984375,True
2017-07-17,2017-07-22,23,GROCERY I,2327.32177734375,1996.5166015625,2590.513671875,2755.8818359375,True
2017-07-17,2017-07-23,23,GROCERY I,2396.914794921875,2055.008056640625,2673.4130859375,2849.872314453125,True
2017-07-17,2017-07-24,23,GROCERY I,2223.8896484375,1901.5186767578125,2492.835693359375,2669.8974609375,True
2017-07-17,2017-07-25,23,GROCERY I,2113.9111328125,1815.6968994140625,2367.888916015625,2527.32666015625,True
2017-07-17,2017-07-26,23,GROCERY I,2144.306640625,1863.654541015625,2377.608154296875,2538.3046875,True
2017-07-17,2017-07-27,23,GROCERY I,2013.2904052734375,1736.5853271484375,2253.253173828125,2413.328857421875,True
2017-07-17,2017-07-28,23,GROCERY I,2080.0,1785.52587890625,2328.943603515625,2501.0869140625,True
2017-07-17,2017-07-29,23,GROCERY I,2320.41796875,1993.591796875,2590.2587890625,2760.13037109375,True
2017-07-17,2017-07-30,23,GROCERY I,2390.54541015625,2050.26904296875,2665.427734375,2843.83740234375,True
2017-07-17,2017-07-31,23,GROCERY I,2213.63818359375,1888.5621337890625,2486.1123046875,2660.33935546875,True
2017-07-17,2017-07-17,23,HOME APPLIANCES,0.0,0.0,0.27317309379577637,0.4725719690322876,True
2017-07-17,2017-07-18,23,HOME APPLIANCES,0.0,0.0,0.3141156733036041,0.5486771464347839,True
2017-07-17,2017-07-19,23,HOME APPLIANCES,0.0,0.0,0.3590019941329956,0.6153746247291565,True
2017-07-17,2017-07-20,23,HOME APPLIANCES,0.0,0.0,0.37652337551116943,0.6693584322929382,True
2017-07-17,2017-07-21,23,HOME APPLIANCES,0.009830132126808167,0.0,0.41158196330070496,0.7185049653053284,True
2017-07-17,2017-07-22,23,HOME APPLIANCES,0.0043053776025772095,0.0,0.4220930337905884,0.7483006715774536,True
2017-07-17,2017-07-23,23,HOME APPLIANCES,0.00638987123966217,0.0,0.42478588223457336,0.7767940759658813,True
2017-07-17,2017-07-24,23,HOME APPLIANCES,0.00837475061416626,0.0,0.42767533659935,0.8029525279998779,True
2017-07-17,2017-07-25,23,HOME APPLIANCES,0.008400097489356995,0.0,0.4245315492153168,0.7926480770111084,True
2017-07-17,2017-07-26,23,HOME APPLIANCES,0.009589329361915588,0.0,0.42115291953086853,0.8084675073623657,True
2017-07-17,2017-07-27,23,HOME APPLIANCES,0.010156765580177307,0.0,0.4261781573295593,0.808499813079834,True
2017-07-17,2017-07-28,23,HOME APPLIANCES,0.006020650267601013,0.0,0.4170474708080292,0.8271520733833313,True
2017-07-17,2017-07-29,23,HOME APPLIANCES,0.0059629082679748535,0.0,0.4202732443809509,0.8257288932800293,True
2017-07-17,2017-07-30,23,HOME APPLIANCES,0.009975418448448181,0.0,0.42426764965057373,0.8355695009231567,True
2017-07-17,2017-07-31,23,HOME APPLIANCES,0.0052633136510849,0.0,0.430253803730011,0.8499599099159241,True
2017-07-17,2017-07-17,23,LAWN AND GARDEN,1.4862158298492432,0.21511030197143555,2.9494500160217285,4.340022087097168,True
2017-07-17,2017-07-18,23,LAWN AND GARDEN,1.4499948024749756,0.5141358375549316,2.8975656032562256,4.202838897705078,True
2017-07-17,2017-07-19,23,LAWN AND GARDEN,1.7233233451843262,0.7697787284851074,3.3371572494506836,4.7839741706848145,True
2017-07-17,2017-07-20,23,LAWN AND GARDEN,2.0679640769958496,0.8004767894744873,3.945744037628174,5.562139511108398,True
2017-07-17,2017-07-21,23,LAWN AND GARDEN,2.7450404167175293,1.1170108318328857,4.798117160797119,6.568503379821777,True
2017-07-17,2017-07-22,23,LAWN AND GARDEN,2.6135025024414062,0.9783704280853271,4.760201930999756,6.588752746582031,True
2017-07-17,2017-07-23,23,LAWN AND GARDEN,2.165872097015381,0.7757894992828369,4.137798309326172,5.878759384155273,True
2017-07-17,2017-07-24,23,LAWN AND GARDEN,1.3718442916870117,0.3404839038848877,3.0535340309143066,4.729592323303223,True
2017-07-17,2017-07-25,23,LAWN AND GARDEN,1.2665297985076904,0.5077731609344482,2.8302054405212402,4.4439616203308105,True
2017-07-17,2017-07-26,23,LAWN AND GARDEN,1.640916347503662,0.7332487106323242,3.2065014839172363,4.943941116333008,True
2017-07-17,2017-07-27,23,LAWN AND GARDEN,2.009998321533203,0.7368311882019043,3.958315134048462,5.726109981536865,True
2017-07-17,2017-07-28,23,LAWN AND GARDEN,2.499492645263672,0.8546340465545654,4.728236198425293,6.590124607086182,True
2017-07-17,2017-07-29,23,LAWN AND GARDEN,2.468677520751953,0.6495213508605957,4.631333351135254,6.786954402923584,True
2017-07-17,2017-07-30,23,LAWN AND GARDEN,1.9821845293045044,0.5335500240325928,3.939936399459839,5.896389961242676,True
2017-07-17,2017-07-31,23,LAWN AND GARDEN,1.2521562576293945,0.18369078636169434,2.9759609699249268,4.810372352600098,True
2017-07-17,2017-07-17,23,"LIQUOR,WINE,BEER",26.104089736938477,15.044635772705078,38.5179443359375,48.61564254760742,True
2017-07-17,2017-07-18,23,"LIQUOR,WINE,BEER",29.92319679260254,24.71316146850586,39.642208099365234,47.92660903930664,True
2017-07-17,2017-07-19,23,"LIQUOR,WINE,BEER",33.790977478027344,26.74506378173828,46.15100860595703,56.17431640625,True
2017-07-17,2017-07-20,23,"LIQUOR,WINE,BEER",46.36787796020508,29.793474197387695,64.45795440673828,78.97588348388672,True
2017-07-17,2017-07-21,23,"LIQUOR,WINE,BEER",83.97296142578125,57.26746368408203,108.05838012695312,125.4041519165039,True
2017-07-17,2017-07-22,23,"LIQUOR,WINE,BEER",121.03884887695312,91.97518920898438,146.28146362304688,163.30508422851562,True
2017-07-17,2017-07-23,23,"LIQUOR,WINE,BEER",43.871028900146484,21.841615676879883,65.24041748046875,82.45965576171875,True
2017-07-17,2017-07-24,23,"LIQUOR,WINE,BEER",26.424232482910156,15.373832702636719,40.161720275878906,54.556419372558594,True
2017-07-17,2017-07-25,23,"LIQUOR,WINE,BEER",28.828338623046875,22.937870025634766,39.182186126708984,50.859580993652344,True
2017-07-17,2017-07-26,23,"LIQUOR,WINE,BEER",35.095184326171875,26.24367904663086,46.87590408325195,60.51347351074219,True
2017-07-17,2017-07-27,23,"LIQUOR,WINE,BEER",48.0198974609375,29.865877151489258,66.81901550292969,83.13983154296875,True
2017-07-17,2017-07-28,23,"LIQUOR,WINE,BEER",85.62882995605469,58.05722427368164,110.59477233886719,129.65577697753906,True
2017-07-17,2017-07-29,23,"LIQUOR,WINE,BEER",121.38666534423828,89.91336059570312,148.25535583496094,168.2487030029297,True
2017-07-17,2017-07-30,23,"LIQUOR,WINE,BEER",45.169857025146484,22.362960815429688,67.78852081298828,86.57194519042969,True
2017-07-17,2017-07-31,23,"LIQUOR,WINE,BEER",26.00909996032715,13.699905395507812,41.64300537109375,57.23637771606445,True
2017-07-17,2017-07-17,23,MAGAZINES,4.818088054656982,1.9621553421020508,6.955960750579834,8.304048538208008,True
2017-07-17,2017-07-18,23,MAGAZINES,4.726621627807617,1.9451208114624023,6.906887531280518,8.246395111083984,True
2017-07-17,2017-07-19,23,MAGAZINES,4.325235843658447,1.6214261054992676,6.508700370788574,7.802296161651611,True
2017-07-17,2017-07-20,23,MAGAZINES,3.7040112018585205,1.0035924911499023,5.875804424285889,7.252107620239258,True
2017-07-17,2017-07-21,23,MAGAZINES,4.148932933807373,1.3527731895446777,6.389190196990967,7.781028747558594,True
2017-07-17,2017-07-22,23,MAGAZINES,5.056581020355225,2.1101865768432617,7.430426120758057,8.796140670776367,True
2017-07-17,2017-07-23,23,MAGAZINES,5.305291652679443,2.292384624481201,7.735879898071289,9.186971664428711,True
2017-07-17,2017-07-24,23,MAGAZINES,4.932984352111816,1.984198808670044,7.353548049926758,8.798988342285156,True
2017-07-17,2017-07-25,23,MAGAZINES,4.687370777130127,1.8414316177368164,7.027380466461182,8.405789375305176,True
2017-07-17,2017-07-26,23,MAGAZINES,4.290180206298828,1.5304536819458008,6.509069442749023,7.880059242248535,True
2017-07-17,2017-07-27,23,MAGAZINES,3.61295223236084,0.9203133583068848,5.832854270935059,7.213983058929443,True
2017-07-17,2017-07-28,23,MAGAZINES,4.08934211730957,1.3136911392211914,6.3242926597595215,7.722583293914795,True
2017-07-17,2017-07-29,23,MAGAZINES,5.018120288848877,2.1051483154296875,7.3349456787109375,8.698022842407227,True
2017-07-17,2017-07-30,23,MAGAZINES,5.182923793792725,2.1613075733184814,7.564330101013184,9.035247802734375,True
2017-07-17,2017-07-31,23,MAGAZINES,4.830298900604248,1.868931770324707,7.245387077331543,8.70699691772461,True
2017-07-17,2017-07-17,24,BABY CARE,0.07879038900136948,0.0,0.4198453426361084,0.6585911512374878,True
2017-07-17,2017-07-18,24,BABY CARE,0.0408904105424881,0.0,0.41898953914642334,0.7014604806900024,True
2017-07-17,2017-07-19,24,BABY CARE,0.04323694109916687,0.0,0.44662976264953613,0.7481798529624939,True
2017-07-17,2017-07-20,24,BABY CARE,0.029600664973258972,0.0,0.4353412985801697,0.7840925455093384,True
2017-07-17,2017-07-21,24,BABY CARE,0.023572497069835663,0.0,0.4454740583896637,0.7993478178977966,True
2017-07-17,2017-07-22,24,BABY CARE,0.01553855836391449,0.0,0.44477203488349915,0.8184062838554382,True
2017-07-17,2017-07-23,24,BABY CARE,0.016898050904273987,0.0,0.44126659631729126,0.8387542366981506,True
2017-07-17,2017-07-24,24,BABY CARE,0.010386601090431213,0.0,0.43286675214767456,0.8542554378509521,True
2017-07-17,2017-07-25,24,BABY CARE,0.004624783992767334,0.0,0.42357614636421204,0.8296969532966614,True
2017-07-17,2017-07-26,24,BABY CARE,0.001872241497039795,0.0,0.4176381230354309,0.8409722447395325,True
2017-07-17,2017-07-27,24,BABY CARE,0.001473069190979004,0.0,0.42202290892601013,0.8429968953132629,True
2017-07-17,2017-07-28,24,BABY CARE,0.0006905794143676758,0.0,0.4225817620754242,0.8781536221504211,True
2017-07-17,2017-07-29,24,BABY CARE,0.006420046091079712,0.0,0.4410703480243683,0.8765957355499268,True
2017-07-17,2017-07-30,24,BABY CARE,0.00859367847442627,0.0,0.44749191403388977,0.8909213542938232,True
2017-07-17,2017-07-31,24,BABY CARE,0.011575624346733093,0.0,0.4583510160446167,0.9063620567321777,True
2017-07-17,2017-07-17,24,BEVERAGES,3630.494140625,3045.80712890625,4008.06494140625,4226.99267578125,True
2017-07-17,2017-07-18,24,BEVERAGES,3303.422119140625,2782.75341796875,3651.91455078125,3847.634521484375,True
2017-07-17,2017-07-19,24,BEVERAGES,3532.130859375,3032.2412109375,3870.997802734375,4054.738525390625,True
2017-07-17,2017-07-20,24,BEVERAGES,3013.06396484375,2478.30078125,3369.060302734375,3579.72314453125,True
2017-07-17,2017-07-21,24,BEVERAGES,3843.387451171875,3219.438232421875,4240.1728515625,4474.12109375,True
2017-07-17,2017-07-22,24,BEVERAGES,4448.3134765625,3773.0166015625,4882.27099609375,5125.1923828125,True
2017-07-17,2017-07-23,24,BEVERAGES,4078.0732421875,3411.602783203125,4516.90673828125,4777.3466796875,True
2017-07-17,2017-07-24,24,BEVERAGES,3644.063232421875,3040.55029296875,4036.63623046875,4275.46484375,True
2017-07-17,2017-07-25,24,BEVERAGES,3306.832763671875,2765.08447265625,3658.05224609375,3864.780029296875,True
2017-07-17,2017-07-26,24,BEVERAGES,3540.903076171875,3028.0830078125,3862.025390625,4075.6005859375,True
2017-07-17,2017-07-27,24,BEVERAGES,2960.721435546875,2433.456298828125,3325.20849609375,3545.315673828125,True
2017-07-17,2017-07-28,24,BEVERAGES,3815.12353515625,3208.801025390625,4224.54150390625,4467.26416015625,True
2017-07-17,2017-07-29,24,BEVERAGES,4463.1708984375,3794.498046875,4921.9091796875,5161.986328125,True
2017-07-17,2017-07-30,24,BEVERAGES,4090.965087890625,3425.10693359375,4551.3603515625,4812.45947265625,True
2017-07-17,2017-07-31,24,BEVERAGES,3678.194091796875,3080.3271484375,4111.78857421875,4349.654296875,True
2017-07-17,2017-07-17,24,BOOKS,0.0,0.0,0.32714277505874634,0.5198196172714233,True
2017-07-17,2017-07-18,24,BOOKS,0.0,0.0,0.3724595904350281,0.5919705629348755,True
2017-07-17,2017-07-19,24,BOOKS,0.0031262636184692383,0.0,0.4143141508102417,0.6544398069381714,True
2017-07-17,2017-07-20,24,BOOKS,0.0,0.0,0.4276284873485565,0.698012113571167,True
2017-07-17,2017-07-21,24,BOOKS,0.0028668642044067383,0.0,0.4589937627315521,0.7440890073776245,True
2017-07-17,2017-07-22,24,BOOKS,0.0,0.0,0.479245126247406,0.781983494758606,True
2017-07-17,2017-07-23,24,BOOKS,0.0,0.0,0.48525679111480713,0.8096902370452881,True
2017-07-17,2017-07-24,24,BOOKS,0.0,0.0,0.4898381233215332,0.8358964323997498,True
2017-07-17,2017-07-25,24,BOOKS,0.0,0.0,0.4915210008621216,0.8371202349662781,True
2017-07-17,2017-07-26,24,BOOKS,0.0,0.0,0.4996819496154785,0.861632227897644,True
2017-07-17,2017-07-27,24,BOOKS,0.0016634166240692139,0.0,0.5158802270889282,0.8766180872917175,True
2017-07-17,2017-07-28,24,BOOKS,0.0,0.0,0.5083773732185364,0.8877661824226379,True
2017-07-17,2017-07-29,24,BOOKS,0.0,0.0,0.509182870388031,0.8900368809700012,True
2017-07-17,2017-07-30,24,BOOKS,2.6881694793701172e-05,0.0,0.5163230299949646,0.9022129774093628,True
2017-07-17,2017-07-31,24,BOOKS,0.0,0.0,0.5196848511695862,0.9180871844291687,True
2017-07-17,2017-07-17,24,GROCERY I,4203.23681640625,3656.232177734375,4595.90576171875,4832.38525390625,True
2017-07-17,2017-07-18,24,GROCERY I,3960.912841796875,3453.57861328125,4341.3984375,4561.44384765625,True
2017-07-17,2017-07-19,24,GROCERY I,4295.75439453125,3777.37841796875,4683.00048828125,4906.64990234375,True
2017-07-17,2017-07-20,24,GROCERY I,3903.371826171875,3321.2666015625,4322.1162109375,4584.1875,True
2017-07-17,2017-07-21,24,GROCERY I,4763.5625,4083.076171875,5213.9443359375,5500.0283203125,True
2017-07-17,2017-07-22,24,GROCERY I,5287.99267578125,4589.59033203125,5759.45556640625,6051.2265625,True
2017-07-17,2017-07-23,24,GROCERY I,4255.759765625,3603.1181640625,4708.08837890625,5003.9716796875,True
2017-07-17,2017-07-24,24,GROCERY I,4114.63037109375,3535.794677734375,4522.6806640625,4787.58984375,True
2017-07-17,2017-07-25,24,GROCERY I,3816.67431640625,3292.8193359375,4191.583984375,4443.18017578125,True
2017-07-17,2017-07-26,24,GROCERY I,4122.51318359375,3581.94140625,4509.458984375,4771.19140625,True
2017-07-17,2017-07-27,24,GROCERY I,3706.966552734375,3115.90625,4148.17138671875,4433.29736328125,True
2017-07-17,2017-07-28,24,GROCERY I,4605.087890625,3933.679931640625,5095.12548828125,5402.8857421875,True
2017-07-17,2017-07-29,24,GROCERY I,5240.857421875,4530.84423828125,5752.2998046875,6053.88916015625,True
2017-07-17,2017-07-30,24,GROCERY I,4244.2822265625,3579.001220703125,4729.4150390625,5035.044921875,True
2017-07-17,2017-07-31,24,GROCERY I,4135.77392578125,3541.84375,4560.4609375,4856.97216796875,True
2017-07-17,2017-07-17,24,HOME APPLIANCES,0.0,0.0,0.5335949659347534,0.7431908249855042,True
2017-07-17,2017-07-18,24,HOME APPLIANCES,0.0,0.0,0.5868963003158569,0.8286068439483643,True
2017-07-17,2017-07-19,24,HOME APPLIANCES,0.0,0.0,0.6321576237678528,0.8849108219146729,True
2017-07-17,2017-07-20,24,HOME APPLIANCES,0.0,0.0,0.6510448455810547,0.9307153224945068,True
2017-07-17,2017-07-21,24,HOME APPLIANCES,0.0,0.0,0.6819866895675659,0.975938618183136,True
2017-07-17,2017-07-22,24,HOME APPLIANCES,0.0,0.0,0.7002901434898376,1.0050575733184814,True
2017-07-17,2017-07-23,24,HOME APPLIANCES,0.0,0.0,0.7005971670150757,1.0191082954406738,True
2017-07-17,2017-07-24,24,HOME APPLIANCES,0.0,0.0,0.6982189416885376,1.0301563739776611,True
2017-07-17,2017-07-25,24,HOME APPLIANCES,0.0,0.0,0.7019128799438477,1.0301638841629028,True
2017-07-17,2017-07-26,24,HOME APPLIANCES,0.0,0.0,0.7062612771987915,1.0428872108459473,True
2017-07-17,2017-07-27,24,HOME APPLIANCES,0.0,0.0,0.7173052430152893,1.054480791091919,True
2017-07-17,2017-07-28,24,HOME APPLIANCES,0.0,0.0,0.7198702692985535,1.073739767074585,True
2017-07-17,2017-07-29,24,HOME APPLIANCES,0.0,0.0,0.7285021543502808,1.0732109546661377,True
2017-07-17,2017-07-30,24,HOME APPLIANCES,0.0,0.0,0.742912769317627,1.0927278995513916,True
2017-07-17,2017-07-31,24,HOME APPLIANCES,0.0,0.0,0.7475117444992065,1.1084675788879395,True
2017-07-17,2017-07-17,24,LAWN AND GARDEN,32.174434661865234,17.823657989501953,42.58906173706055,49.37199783325195,True
2017-07-17,2017-07-18,24,LAWN AND GARDEN,40.75163269042969,25.99493408203125,51.79555130004883,58.82837677001953,True
2017-07-17,2017-07-19,24,LAWN AND GARDEN,48.71327590942383,33.07149887084961,60.522743225097656,67.94222259521484,True
2017-07-17,2017-07-20,24,LAWN AND GARDEN,47.06013488769531,31.197242736816406,59.019100189208984,67.14671325683594,True
2017-07-17,2017-07-21,24,LAWN AND GARDEN,54.088157653808594,37.825721740722656,66.34656524658203,74.1132583618164,True
2017-07-17,2017-07-22,24,LAWN AND GARDEN,54.991058349609375,39.1552619934082,66.82100677490234,74.63883972167969,True
2017-07-17,2017-07-23,24,LAWN AND GARDEN,40.7387580871582,25.68905258178711,52.40833282470703,60.49139404296875,True
2017-07-17,2017-07-24,24,LAWN AND GARDEN,31.449926376342773,16.346466064453125,42.874534606933594,50.83546829223633,True
2017-07-17,2017-07-25,24,LAWN AND GARDEN,40.64438247680664,25.17881202697754,52.36198425292969,60.49085235595703,True
2017-07-17,2017-07-26,24,LAWN AND GARDEN,47.98781967163086,31.649253845214844,59.93750762939453,68.52177429199219,True
2017-07-17,2017-07-27,24,LAWN AND GARDEN,45.6375732421875,29.208332061767578,58.65395736694336,67.68737030029297,True
2017-07-17,2017-07-28,24,LAWN AND GARDEN,52.85590362548828,36.30613708496094,65.8763427734375,74.52847290039062,True
2017-07-17,2017-07-29,24,LAWN AND GARDEN,54.88412857055664,38.066524505615234,67.67359161376953,76.20622253417969,True
2017-07-17,2017-07-30,24,LAWN AND GARDEN,40.60441589355469,24.66574478149414,52.8049430847168,61.308677673339844,True
2017-07-17,2017-07-31,24,LAWN AND GARDEN,31.803260803222656,16.610267639160156,44.1291618347168,53.047874450683594,True
2017-07-17,2017-07-17,24,"LIQUOR,WINE,BEER",67.1314926147461,45.78915786743164,85.88623046875,98.56993865966797,True
2017-07-17,2017-07-18,24,"LIQUOR,WINE,BEER",73.36762237548828,55.13850402832031,89.46886444091797,101.80990600585938,True
2017-07-17,2017-07-19,24,"LIQUOR,WINE,BEER",81.03440856933594,60.512290954589844,100.1960220336914,114.63679504394531,True
2017-07-17,2017-07-20,24,"LIQUOR,WINE,BEER",93.88633728027344,65.31620025634766,118.06381225585938,136.01553344726562,True
2017-07-17,2017-07-21,24,"LIQUOR,WINE,BEER",158.01055908203125,121.36097717285156,186.85658264160156,206.2286376953125,True
2017-07-17,2017-07-22,24,"LIQUOR,WINE,BEER",178.9449462890625,142.17608642578125,208.27610778808594,227.51602172851562,True
2017-07-17,2017-07-23,24,"LIQUOR,WINE,BEER",82.73081970214844,51.8619499206543,108.35526275634766,127.83389282226562,True
2017-07-17,2017-07-24,24,"LIQUOR,WINE,BEER",67.44261169433594,43.48284912109375,87.9509506225586,105.0412826538086,True
2017-07-17,2017-07-25,24,"LIQUOR,WINE,BEER",68.77284240722656,50.19913864135742,86.56987762451172,101.36280822753906,True
2017-07-17,2017-07-26,24,"LIQUOR,WINE,BEER",80.3992691040039,59.64982986450195,100.23995208740234,117.10895538330078,True
2017-07-17,2017-07-27,24,"LIQUOR,WINE,BEER",93.71841430664062,67.79278564453125,119.69718170166016,138.4356689453125,True
2017-07-17,2017-07-28,24,"LIQUOR,WINE,BEER",157.15945434570312,122.63214111328125,185.7330322265625,206.48594665527344,True
2017-07-17,2017-07-29,24,"LIQUOR,WINE,BEER",177.54290771484375,142.22640991210938,208.349609375,227.833251953125,True
2017-07-17,2017-07-30,24,"LIQUOR,WINE,BEER",82.70680236816406,53.82752227783203,109.58180236816406,129.27593994140625,True
2017-07-17,2017-07-31,24,"LIQUOR,WINE,BEER",67.23067474365234,44.981021881103516,88.3050537109375,105.79530334472656,True
2017-07-17,2017-07-17,24,MAGAZINES,7.19207763671875,2.7045040130615234,10.971824645996094,13.407845497131348,True
2017-07-17,2017-07-18,24,MAGAZINES,7.396925449371338,2.9673538208007812,11.134835243225098,13.644455909729004,True
2017-07-17,2017-07-19,24,MAGAZINES,8.603806495666504,3.805941104888916,12.855098724365234,15.540756225585938,True
2017-07-17,2017-07-20,24,MAGAZINES,10.159982681274414,4.540344715118408,14.897880554199219,18.055078506469727,True
2017-07-17,2017-07-21,24,MAGAZINES,13.234517097473145,6.955621719360352,18.470500946044922,21.77735137939453,True
2017-07-17,2017-07-22,24,MAGAZINES,14.724698066711426,8.253395080566406,20.019641876220703,23.283735275268555,True
2017-07-17,2017-07-23,24,MAGAZINES,9.081705093383789,3.1732850074768066,14.139859199523926,17.383386611938477,True
2017-07-17,2017-07-24,24,MAGAZINES,8.135457992553711,2.9414443969726562,12.639044761657715,15.7857084274292,True
2017-07-17,2017-07-25,24,MAGAZINES,7.604416847229004,2.7385454177856445,12.021080017089844,14.878314018249512,True
2017-07-17,2017-07-26,24,MAGAZINES,8.573204040527344,3.4132285118103027,13.14001750946045,16.265037536621094,True
2017-07-17,2017-07-27,24,MAGAZINES,9.796799659729004,3.9469895362854004,14.844225883483887,18.110885620117188,True
2017-07-17,2017-07-28,24,MAGAZINES,12.595709800720215,6.162533283233643,17.97802734375,21.50354766845703,True
2017-07-17,2017-07-29,24,MAGAZINES,13.762128829956055,7.291250228881836,19.24753761291504,22.59717559814453,True
2017-07-17,2017-07-30,24,MAGAZINES,8.366218566894531,2.4645233154296875,13.548102378845215,16.938106536865234,True
2017-07-17,2017-07-31,24,MAGAZINES,7.591235160827637,2.301154136657715,12.2266845703125,15.374665260314941,True
2017-07-17,2017-07-17,37,BABY CARE,0.0,0.0,0.0,0.0,True
2017-07-17,2017-07-18,37,BABY CARE,0.0,0.0,0.0,0.0,True
2017-07-17,2017-07-19,37,BABY CARE,0.0,0.0,0.0,0.0,True
2017-07-17,2017-07-20,37,BABY CARE,0.0,0.0,0.0,0.0,True
2017-07-17,2017-07-21,37,BABY CARE,0.0,0.0,0.0,0.0,True
2017-07-17,2017-07-22,37,BABY CARE,0.0,0.0,0.0,0.0,True
2017-07-17,2017-07-23,37,BABY CARE,0.0,0.0,0.0,0.0,True
2017-07-17,2017-07-24,37,BABY CARE,0.0,0.0,0.0,0.0,True
2017-07-17,2017-07-25,37,BABY CARE,0.0,0.0,0.0,0.0,True
2017-07-17,2017-07-26,37,BABY CARE,0.0,0.0,0.0,0.0,True
2017-07-17,2017-07-27,37,BABY CARE,0.0,0.0,0.0,0.0,True
2017-07-17,2017-07-28,37,BABY CARE,0.0,0.0,0.0,0.0,True
2017-07-17,2017-07-29,37,BABY CARE,0.0,0.0,0.0,0.0,True
2017-07-17,2017-07-30,37,BABY CARE,0.0,0.0,0.0,0.0,True
2017-07-17,2017-07-31,37,BABY CARE,0.0,0.0,0.0,0.0,True
2017-07-17,2017-07-17,37,BEVERAGES,2879.177734375,2469.826171875,3203.516845703125,3403.680908203125,True
2017-07-17,2017-07-18,37,BEVERAGES,2687.855712890625,2320.8447265625,3015.365966796875,3209.022216796875,True
2017-07-17,2017-07-19,37,BEVERAGES,2849.9375,2478.730224609375,3181.687255859375,3386.095947265625,True
2017-07-17,2017-07-20,37,BEVERAGES,2571.48193359375,2177.411376953125,2921.39794921875,3166.9501953125,True
2017-07-17,2017-07-21,37,BEVERAGES,2950.0185546875,2478.9462890625,3328.1083984375,3597.02294921875,True
2017-07-17,2017-07-22,37,BEVERAGES,3663.076171875,3153.270263671875,4082.81787109375,4338.63037109375,True
2017-07-17,2017-07-23,37,BEVERAGES,2979.93994140625,2472.61328125,3414.58251953125,3708.400390625,True
2017-07-17,2017-07-24,37,BEVERAGES,2807.916748046875,2340.6005859375,3220.790771484375,3507.660400390625,True
2017-07-17,2017-07-25,37,BEVERAGES,2560.084228515625,2121.8115234375,2953.73779296875,3204.042236328125,True
2017-07-17,2017-07-26,37,BEVERAGES,2717.878173828125,2295.405029296875,3094.573974609375,3349.339599609375,True
2017-07-17,2017-07-27,37,BEVERAGES,2507.5673828125,2062.068603515625,2902.784423828125,3167.939208984375,True
2017-07-17,2017-07-28,37,BEVERAGES,2891.728759765625,2399.57666015625,3313.19091796875,3599.630615234375,True
2017-07-17,2017-07-29,37,BEVERAGES,3658.2783203125,3113.8251953125,4113.177734375,4372.271484375,True
2017-07-17,2017-07-30,37,BEVERAGES,3074.326171875,2548.817138671875,3514.66845703125,3795.55322265625,True
2017-07-17,2017-07-31,37,BEVERAGES,2977.574462890625,2498.91455078125,3401.662353515625,3675.21826171875,True
2017-07-17,2017-07-17,37,BOOKS,0.003011345863342285,0.02327856421470642,0.010475680232048035,0.058019816875457764,False
2017-07-17,2017-07-18,37,BOOKS,0.0035285502672195435,0.02575242519378662,0.019358783960342407,0.08037601411342621,False
2017-07-17,2017-07-19,37,BOOKS,0.009600624442100525,0.03812870383262634,0.03948843479156494,0.1187778189778328,True
2017-07-17,2017-07-20,37,BOOKS,0.0054705142974853516,0.02874550223350525,0.046573713421821594,0.16081444919109344,True
2017-07-17,2017-07-21,37,BOOKS,0.005003064870834351,0.03192146122455597,0.05964361131191254,0.1852095127105713,True
2017-07-17,2017-07-22,37,BOOKS,0.004797399044036865,0.03103335201740265,0.07515110075473785,0.21713262796401978,True
2017-07-17,2017-07-23,37,BOOKS,0.0023552030324935913,0.024491935968399048,0.0811731368303299,0.2543184161186218,True
2017-07-17,2017-07-24,37,BOOKS,0.0,0.013140633702278137,0.09822244197130203,0.2993704676628113,True
2017-07-17,2017-07-25,37,BOOKS,0.0026106536388397217,0.009943082928657532,0.11809561401605606,0.3172065019607544,True
2017-07-17,2017-07-26,37,BOOKS,0.0,0.0,0.1259654462337494,0.349837988615036,True
2017-07-17,2017-07-27,37,BOOKS,0.0,0.0,0.14682835340499878,0.3737758696079254,True
2017-07-17,2017-07-28,37,BOOKS,0.0,0.0,0.15533307194709778,0.4217688739299774,True
2017-07-17,2017-07-29,37,BOOKS,0.0,0.0,0.16517210006713867,0.44542449712753296,True
2017-07-17,2017-07-30,37,BOOKS,0.0,0.0,0.1897684633731842,0.47716224193573,True
2017-07-17,2017-07-31,37,BOOKS,0.0030549168586730957,0.0,0.213019460439682,0.5198616981506348,True
2017-07-17,2017-07-17,37,GROCERY I,3748.078857421875,3372.027587890625,3995.66845703125,4138.1650390625,True
2017-07-17,2017-07-18,37,GROCERY I,3637.2578125,3260.037109375,3904.6728515625,4030.8056640625,True
2017-07-17,2017-07-19,37,GROCERY I,3949.67041015625,3577.25439453125,4203.0751953125,4328.63134765625,True
2017-07-17,2017-07-20,37,GROCERY I,3520.517578125,3134.301025390625,3778.46484375,3943.035400390625,True
2017-07-17,2017-07-21,37,GROCERY I,3583.787109375,3168.699951171875,3869.335693359375,4045.97607421875,True
2017-07-17,2017-07-22,37,GROCERY I,4300.529296875,3861.8544921875,4635.0439453125,4797.71044921875,True
2017-07-17,2017-07-23,37,GROCERY I,3545.41796875,3087.95654296875,3888.65087890625,4098.6748046875,True
2017-07-17,2017-07-24,37,GROCERY I,3742.71923828125,3282.783935546875,4093.15576171875,4291.712890625,True
2017-07-17,2017-07-25,37,GROCERY I,3540.5029296875,3116.231201171875,3859.858154296875,4030.81396484375,True
2017-07-17,2017-07-26,37,GROCERY I,3767.93115234375,3355.848876953125,4078.714599609375,4228.43017578125,True
2017-07-17,2017-07-27,37,GROCERY I,3285.218994140625,2891.630859375,3601.042236328125,3762.066162109375,True
2017-07-17,2017-07-28,37,GROCERY I,3348.301025390625,2894.259765625,3677.45361328125,3875.540771484375,True
2017-07-17,2017-07-29,37,GROCERY I,4165.9853515625,3662.19287109375,4502.51318359375,4675.0751953125,True
2017-07-17,2017-07-30,37,GROCERY I,3567.339111328125,3051.683349609375,3912.736083984375,4118.02392578125,True
2017-07-17,2017-07-31,37,GROCERY I,3904.30712890625,3425.910400390625,4230.9541015625,4412.5205078125,True
2017-07-17,2017-07-17,37,HOME APPLIANCES,0.010322332382202148,0.004028379917144775,0.1285327821969986,0.23332184553146362,True
2017-07-17,2017-07-18,37,HOME APPLIANCES,0.008799433708190918,0.012854903936386108,0.14071086049079895,0.2517305016517639,True
2017-07-17,2017-07-19,37,HOME APPLIANCES,0.015450149774551392,0.025674521923065186,0.15170073509216309,0.2747924029827118,True
2017-07-17,2017-07-20,37,HOME APPLIANCES,0.010273218154907227,0.027149707078933716,0.15187866985797882,0.2936469316482544,True
2017-07-17,2017-07-21,37,HOME APPLIANCES,0.015344887971878052,0.035141438245773315,0.1686597615480423,0.3169741630554199,True
2017-07-17,2017-07-22,37,HOME APPLIANCES,0.007890850305557251,0.03270453214645386,0.17243824899196625,0.3340979814529419,True
2017-07-17,2017-07-23,37,HOME APPLIANCES,0.012993097305297852,0.033809006214141846,0.1790657788515091,0.3540806174278259,True
2017-07-17,2017-07-24,37,HOME APPLIANCES,0.009653687477111816,0.016423285007476807,0.17971420288085938,0.3759492039680481,True
2017-07-17,2017-07-25,37,HOME APPLIANCES,0.01925542950630188,0.02859354019165039,0.19253864884376526,0.39294663071632385,True
2017-07-17,2017-07-26,37,HOME APPLIANCES,0.011662572622299194,0.02322971820831299,0.1882341504096985,0.3966081738471985,True
2017-07-17,2017-07-27,37,HOME APPLIANCES,0.01102110743522644,0.026090621948242188,0.1933857500553131,0.4031878113746643,True
2017-07-17,2017-07-28,37,HOME APPLIANCES,0.0023270845413208008,0.014783293008804321,0.1800084114074707,0.4105311632156372,True
2017-07-17,2017-07-29,37,HOME APPLIANCES,0.007019639015197754,0.02321067452430725,0.1860973834991455,0.4164685606956482,True
2017-07-17,2017-07-30,37,HOME APPLIANCES,0.005015164613723755,0.020747840404510498,0.19218401610851288,0.4275076687335968,True
2017-07-17,2017-07-31,37,HOME APPLIANCES,0.013228386640548706,0.02446553111076355,0.20673802495002747,0.46016237139701843,True
2017-07-17,2017-07-17,37,LAWN AND GARDEN,29.613990783691406,18.495906829833984,37.341949462890625,42.126312255859375,True
2017-07-17,2017-07-18,37,LAWN AND GARDEN,34.405242919921875,22.593032836914062,42.698890686035156,47.63463592529297,True
2017-07-17,2017-07-19,37,LAWN AND GARDEN,36.38044357299805,24.1549129486084,44.86259078979492,49.881805419921875,True
2017-07-17,2017-07-20,37,LAWN AND GARDEN,30.886363983154297,19.009639739990234,39.26951599121094,44.3879280090332,True
2017-07-17,2017-07-21,37,LAWN AND GARDEN,31.17278480529785,19.587120056152344,39.53399658203125,44.32924270629883,True
2017-07-17,2017-07-22,37,LAWN AND GARDEN,31.465904235839844,19.964632034301758,39.46102523803711,44.396583557128906,True
2017-07-17,2017-07-23,37,LAWN AND GARDEN,25.419889450073242,13.983172416687012,33.59593200683594,38.611534118652344,True
2017-07-17,2017-07-24,37,LAWN AND GARDEN,29.417842864990234,17.555683135986328,37.85201644897461,42.83757019042969,True
2017-07-17,2017-07-25,37,LAWN AND GARDEN,34.50054931640625,22.199020385742188,42.99071502685547,48.31639862060547,True
2017-07-17,2017-07-26,37,LAWN AND GARDEN,36.187599182128906,23.7537899017334,44.733856201171875,50.12492370605469,True
2017-07-17,2017-07-27,37,LAWN AND GARDEN,30.970806121826172,18.826690673828125,39.747413635253906,45.19880676269531,True
2017-07-17,2017-07-28,37,LAWN AND GARDEN,31.219736099243164,19.144386291503906,39.501617431640625,44.71995162963867,True
2017-07-17,2017-07-29,37,LAWN AND GARDEN,31.75061798095703,19.72250747680664,39.95881652832031,45.124656677246094,True
2017-07-17,2017-07-30,37,LAWN AND GARDEN,25.507715225219727,13.544960975646973,33.73653793334961,39.10844802856445,True
2017-07-17,2017-07-31,37,LAWN AND GARDEN,29.59068489074707,17.49951171875,38.145423889160156,43.749820709228516,True
2017-07-17,2017-07-17,37,"LIQUOR,WINE,BEER",62.06603240966797,41.831268310546875,76.98190307617188,86.34957885742188,True
2017-07-17,2017-07-18,37,"LIQUOR,WINE,BEER",69.32878875732422,50.969085693359375,83.25540161132812,91.7728271484375,True
2017-07-17,2017-07-19,37,"LIQUOR,WINE,BEER",78.72402954101562,59.57665252685547,95.0638656616211,104.07916259765625,True
2017-07-17,2017-07-20,37,"LIQUOR,WINE,BEER",91.67762756347656,67.12449645996094,109.65370178222656,121.57594299316406,True
2017-07-17,2017-07-21,37,"LIQUOR,WINE,BEER",156.39736938476562,126.91146850585938,177.47227478027344,190.39682006835938,True
2017-07-17,2017-07-22,37,"LIQUOR,WINE,BEER",164.74484252929688,133.66110229492188,186.79885864257812,199.34219360351562,True
2017-07-17,2017-07-23,37,"LIQUOR,WINE,BEER",82.7364501953125,54.446598052978516,103.43499755859375,117.27104949951172,True
2017-07-17,2017-07-24,37,"LIQUOR,WINE,BEER",68.79751586914062,44.25229263305664,86.3289566040039,99.10388946533203,True
2017-07-17,2017-07-25,37,"LIQUOR,WINE,BEER",69.94175720214844,48.84819412231445,87.13768005371094,98.15225219726562,True
2017-07-17,2017-07-26,37,"LIQUOR,WINE,BEER",79.78802490234375,58.271095275878906,96.6278305053711,108.6467056274414,True
2017-07-17,2017-07-27,37,"LIQUOR,WINE,BEER",92.89803314208984,69.65142822265625,113.12452697753906,126.61731719970703,True
2017-07-17,2017-07-28,37,"LIQUOR,WINE,BEER",157.233642578125,128.2455596923828,178.0523681640625,192.08151245117188,True
2017-07-17,2017-07-29,37,"LIQUOR,WINE,BEER",164.8013916015625,134.687255859375,187.67697143554688,201.02232360839844,True
2017-07-17,2017-07-30,37,"LIQUOR,WINE,BEER",80.04606628417969,53.82624053955078,100.72412872314453,114.6590347290039,True
2017-07-17,2017-07-31,37,"LIQUOR,WINE,BEER",66.68873596191406,44.09773635864258,84.70909881591797,98.13916778564453,True
2017-07-17,2017-07-17,37,MAGAZINES,9.520915031433105,4.425921440124512,13.205150604248047,15.477231979370117,True
2017-07-17,2017-07-18,37,MAGAZINES,9.055214881896973,3.8923215866088867,12.882720947265625,15.188565254211426,True
2017-07-17,2017-07-19,37,MAGAZINES,8.833329200744629,3.5658011436462402,12.861868858337402,15.182079315185547,True
2017-07-17,2017-07-20,37,MAGAZINES,9.21297836303711,3.7484703063964844,13.309097290039062,15.878877639770508,True
2017-07-17,2017-07-21,37,MAGAZINES,9.905731201171875,4.350175857543945,14.192564010620117,16.759057998657227,True
2017-07-17,2017-07-22,37,MAGAZINES,10.855031967163086,5.181753635406494,15.15601634979248,17.712158203125,True
2017-07-17,2017-07-23,37,MAGAZINES,9.4657621383667,3.9090662002563477,13.808015823364258,16.389259338378906,True
2017-07-17,2017-07-24,37,MAGAZINES,8.614157676696777,3.283844470977783,12.840473175048828,15.400301933288574,True
2017-07-17,2017-07-25,37,MAGAZINES,8.291163444519043,2.9616284370422363,12.365435600280762,14.892291069030762,True
2017-07-17,2017-07-26,37,MAGAZINES,8.232994079589844,2.846090316772461,12.31261157989502,14.885326385498047,True
2017-07-17,2017-07-27,37,MAGAZINES,8.703104972839355,3.1874241828918457,12.865650177001953,15.498529434204102,True
2017-07-17,2017-07-28,37,MAGAZINES,9.600272178649902,3.913034439086914,13.883068084716797,16.553979873657227,True
2017-07-17,2017-07-29,37,MAGAZINES,10.486366271972656,4.790287971496582,14.827983856201172,17.378337860107422,True
2017-07-17,2017-07-30,37,MAGAZINES,9.174262046813965,3.5339198112487793,13.452316284179688,16.151304244995117,True
2017-07-17,2017-07-31,37,MAGAZINES,8.372943878173828,2.9584884643554688,12.578556060791016,15.172806739807129,True
2017-07-17,2017-07-17,40,BABY CARE,0.19925977289676666,0.0,0.697845995426178,1.0760184526443481,True
2017-07-17,2017-07-18,40,BABY CARE,0.08900777250528336,0.0,0.6336188316345215,1.0675053596496582,True
2017-07-17,2017-07-19,40,BABY CARE,0.05161029100418091,0.0,0.6199511289596558,1.0746965408325195,True
2017-07-17,2017-07-20,40,BABY CARE,0.025475680828094482,0.0,0.572928786277771,1.1020169258117676,True
2017-07-17,2017-07-21,40,BABY CARE,0.022807270288467407,0.0,0.5703558325767517,1.082869291305542,True
2017-07-17,2017-07-22,40,BABY CARE,0.00022940337657928467,0.0,0.5329458713531494,1.0655300617218018,True
2017-07-17,2017-07-23,40,BABY CARE,0.005364015698432922,0.0,0.5028078556060791,1.0727593898773193,True
2017-07-17,2017-07-24,40,BABY CARE,0.011594831943511963,0.0,0.47519147396087646,1.0815069675445557,True
2017-07-17,2017-07-25,40,BABY CARE,0.013666108250617981,0.0,0.47643089294433594,1.0337363481521606,True
2017-07-17,2017-07-26,40,BABY CARE,0.00970257818698883,0.0,0.4437374472618103,1.0317530632019043,True
2017-07-17,2017-07-27,40,BABY CARE,0.008934363722801208,0.0,0.4514417052268982,1.0293840169906616,True
2017-07-17,2017-07-28,40,BABY CARE,0.005398482084274292,0.0,0.4452241361141205,1.0917205810546875,True
2017-07-17,2017-07-29,40,BABY CARE,0.0,0.0,0.4405664801597595,1.0626122951507568,True
2017-07-17,2017-07-30,40,BABY CARE,0.0,0.0,0.46149468421936035,1.0989292860031128,True
2017-07-17,2017-07-31,40,BABY CARE,0.0,0.0,0.4670058786869049,1.119119644165039,True
2017-07-17,2017-07-17,40,BEVERAGES,4718.79833984375,3593.006591796875,5631.33447265625,6284.86767578125,True
2017-07-17,2017-07-18,40,BEVERAGES,4535.271484375,3508.064208984375,5464.89892578125,6105.728515625,True
2017-07-17,2017-07-19,40,BEVERAGES,4134.8720703125,3237.91357421875,5028.654296875,5639.5791015625,True
2017-07-17,2017-07-20,40,BEVERAGES,3592.727783203125,2688.8408203125,4490.61962890625,5164.88818359375,True
2017-07-17,2017-07-21,40,BEVERAGES,4049.943359375,3033.771484375,5033.0771484375,5748.5048828125,True
2017-07-17,2017-07-22,40,BEVERAGES,5109.76904296875,3884.97998046875,6231.8095703125,6974.9326171875,True
2017-07-17,2017-07-23,40,BEVERAGES,4908.953125,3575.34814453125,6113.63037109375,6932.6005859375,True
2017-07-17,2017-07-24,40,BEVERAGES,4579.60888671875,3296.5009765625,5767.8876953125,6594.30029296875,True
2017-07-17,2017-07-25,40,BEVERAGES,4346.84326171875,3226.389892578125,5427.2119140625,6165.1474609375,True
2017-07-17,2017-07-26,40,BEVERAGES,3986.22265625,3020.689453125,4923.8359375,5657.3564453125,True
2017-07-17,2017-07-27,40,BEVERAGES,3554.4638671875,2638.23486328125,4478.947265625,5159.927734375,True
2017-07-17,2017-07-28,40,BEVERAGES,3996.298095703125,2949.46044921875,4970.154296875,5719.85498046875,True
2017-07-17,2017-07-29,40,BEVERAGES,4879.3095703125,3702.8671875,5990.8046875,6723.61572265625,True
2017-07-17,2017-07-30,40,BEVERAGES,4694.0009765625,3417.619384765625,5898.2265625,6721.99755859375,True
2017-07-17,2017-07-31,40,BEVERAGES,4419.8173828125,3205.230224609375,5618.83251953125,6427.109375,True
2017-07-17,2017-07-17,40,BOOKS,0.0,0.0,0.0,0.0,True
2017-07-17,2017-07-18,40,BOOKS,0.0,0.0,0.0,0.0,True
2017-07-17,2017-07-19,40,BOOKS,0.0,0.0,0.0,0.0,True
2017-07-17,2017-07-20,40,BOOKS,0.0,0.0,0.0,0.0,True
2017-07-17,2017-07-21,40,BOOKS,0.0,0.0,0.0,0.0,True
2017-07-17,2017-07-22,40,BOOKS,0.0,0.0,0.0,0.0,True
2017-07-17,2017-07-23,40,BOOKS,0.0,0.0,0.0,0.0,True
2017-07-17,2017-07-24,40,BOOKS,0.0,0.0,0.0,0.0,True
2017-07-17,2017-07-25,40,BOOKS,0.0,0.0,0.0,0.0,True
2017-07-17,2017-07-26,40,BOOKS,0.0,0.0,0.0,0.0,True
2017-07-17,2017-07-27,40,BOOKS,0.0,0.0,0.0,0.0,True
2017-07-17,2017-07-28,40,BOOKS,0.0,0.0,0.0,0.0,True
2017-07-17,2017-07-29,40,BOOKS,0.0,0.0,0.0,0.0,True
2017-07-17,2017-07-30,40,BOOKS,0.0,0.0,0.0,0.0,True
2017-07-17,2017-07-31,40,BOOKS,0.0,0.0,0.0,0.0,True
2017-07-17,2017-07-17,40,GROCERY I,5692.75244140625,4617.28662109375,6465.6953125,6937.58349609375,True
2017-07-17,2017-07-18,40,GROCERY I,5325.89208984375,4358.03955078125,6039.2236328125,6456.9921875,True
2017-07-17,2017-07-19,40,GROCERY I,5134.2783203125,4282.4951171875,5807.05810546875,6183.1865234375,True
2017-07-17,2017-07-20,40,GROCERY I,4407.0947265625,3562.125244140625,5062.90869140625,5506.54736328125,True
2017-07-17,2017-07-21,40,GROCERY I,4473.384765625,3508.06201171875,5196.62060546875,5690.2880859375,True
2017-07-17,2017-07-22,40,GROCERY I,6290.8642578125,5170.5205078125,7126.09716796875,7619.123046875,True
2017-07-17,2017-07-23,40,GROCERY I,5607.89111328125,4417.98828125,6524.48779296875,7095.720703125,True
2017-07-17,2017-07-24,40,GROCERY I,5574.9130859375,4456.97119140625,6467.56640625,7014.88916015625,True
2017-07-17,2017-07-25,40,GROCERY I,5003.8857421875,3967.217041015625,5815.1767578125,6290.9599609375,True
2017-07-17,2017-07-26,40,GROCERY I,4720.35693359375,3823.9052734375,5427.4541015625,5911.93505859375,True
2017-07-17,2017-07-27,40,GROCERY I,3983.45263671875,3116.56005859375,4684.96533203125,5169.42626953125,True
2017-07-17,2017-07-28,40,GROCERY I,4191.97412109375,3228.65283203125,4927.83984375,5467.8681640625,True
2017-07-17,2017-07-29,40,GROCERY I,6130.20361328125,4999.58984375,6982.615234375,7486.6845703125,True
2017-07-17,2017-07-30,40,GROCERY I,5562.271484375,4376.42822265625,6456.08984375,7052.02490234375,True
2017-07-17,2017-07-31,40,GROCERY I,5614.126953125,4482.3779296875,6519.73828125,7069.78076171875,True
2017-07-17,2017-07-17,40,HOME APPLIANCES,0.0,0.0,0.26766690611839294,0.4811241626739502,True
2017-07-17,2017-07-18,40,HOME APPLIANCES,0.0,0.0,0.2944287657737732,0.5492825508117676,True
2017-07-17,2017-07-19,40,HOME APPLIANCES,0.004812106490135193,0.0,0.331031858921051,0.6115826368331909,True
2017-07-17,2017-07-20,40,HOME APPLIANCES,0.0010389387607574463,0.0,0.34113985300064087,0.6647772789001465,True
2017-07-17,2017-07-21,40,HOME APPLIANCES,0.0031356513500213623,0.0,0.36279937624931335,0.6981277465820312,True
2017-07-17,2017-07-22,40,HOME APPLIANCES,0.0,0.0,0.37111473083496094,0.7274336814880371,True
2017-07-17,2017-07-23,40,HOME APPLIANCES,0.0008925199508666992,0.0,0.3754458725452423,0.7636137008666992,True
2017-07-17,2017-07-24,40,HOME APPLIANCES,0.0,0.0,0.37756943702697754,0.788468062877655,True
2017-07-17,2017-07-25,40,HOME APPLIANCES,0.0,0.0,0.3895384669303894,0.7909539341926575,True
2017-07-17,2017-07-26,40,HOME APPLIANCES,0.0008013993501663208,0.0,0.3986808657646179,0.8221461176872253,True
2017-07-17,2017-07-27,40,HOME APPLIANCES,0.0071158260107040405,0.0,0.4180130958557129,0.8371132016181946,True
2017-07-17,2017-07-28,40,HOME APPLIANCES,0.0028992295265197754,0.0,0.4170275330543518,0.8636673092842102,True
2017-07-17,2017-07-29,40,HOME APPLIANCES,0.002421155571937561,0.0,0.4250684976577759,0.8628467917442322,True
2017-07-17,2017-07-30,40,HOME APPLIANCES,0.004985824227333069,0.0,0.43253469467163086,0.8750602602958679,True
2017-07-17,2017-07-31,40,HOME APPLIANCES,0.005709633231163025,0.0,0.4411107301712036,0.893475353717804,True
2017-07-17,2017-07-17,40,LAWN AND GARDEN,0.01438114047050476,0.0,0.3870962858200073,0.6037583351135254,True
2017-07-17,2017-07-18,40,LAWN AND GARDEN,0.0035118013620376587,0.0,0.4169556200504303,0.6714179515838623,True
2017-07-17,2017-07-19,40,LAWN AND GARDEN,0.008798658847808838,0.0,0.450236052274704,0.7222940921783447,True
2017-07-17,2017-07-20,40,LAWN AND GARDEN,0.003215774893760681,0.0,0.4599974751472473,0.7655446529388428,True
2017-07-17,2017-07-21,40,LAWN AND GARDEN,0.00946839153766632,0.0,0.4897884726524353,0.8082423210144043,True
2017-07-17,2017-07-22,40,LAWN AND GARDEN,0.002885565161705017,0.0,0.5003689527511597,0.8357548117637634,True
2017-07-17,2017-07-23,40,LAWN AND GARDEN,0.0037083476781845093,0.0,0.5073614120483398,0.8619768023490906,True
2017-07-17,2017-07-24,40,LAWN AND GARDEN,0.0,0.0,0.5041557550430298,0.8802810907363892,True
2017-07-17,2017-07-25,40,LAWN AND GARDEN,0.0,0.0,0.50611412525177,0.8778104782104492,True
2017-07-17,2017-07-26,40,LAWN AND GARDEN,0.002492651343345642,0.0,0.51268470287323,0.902978777885437,True
2017-07-17,2017-07-27,40,LAWN AND GARDEN,0.006223723292350769,0.0,0.5250632166862488,0.911135196685791,True
2017-07-17,2017-07-28,40,LAWN AND GARDEN,0.00597815215587616,0.0,0.5226997137069702,0.9360893964767456,True
2017-07-17,2017-07-29,40,LAWN AND GARDEN,0.0062918514013290405,0.0,0.531865656375885,0.9384312033653259,True
2017-07-17,2017-07-30,40,LAWN AND GARDEN,0.011771932244300842,0.0,0.5433897972106934,0.9557008147239685,True
2017-07-17,2017-07-31,40,LAWN AND GARDEN,0.007137924432754517,0.0,0.5483015179634094,0.9705983996391296,True
2017-07-17,2017-07-17,40,"LIQUOR,WINE,BEER",17.996376037597656,0.8178520202636719,39.52043151855469,58.20962905883789,True
2017-07-17,2017-07-18,40,"LIQUOR,WINE,BEER",29.541091918945312,16.588279724121094,50.07476806640625,69.55815887451172,True
2017-07-17,2017-07-19,40,"LIQUOR,WINE,BEER",37.438026428222656,17.260284423828125,66.66612243652344,90.2201919555664,True
2017-07-17,2017-07-20,40,"LIQUOR,WINE,BEER",33.46543884277344,0.0,73.83892059326172,106.44989776611328,True
2017-07-17,2017-07-21,40,"LIQUOR,WINE,BEER",71.24138641357422,22.95745849609375,120.590087890625,155.94313049316406,True
2017-07-17,2017-07-22,40,"LIQUOR,WINE,BEER",102.2373046875,54.07946014404297,150.76528930664062,185.43893432617188,True
2017-07-17,2017-07-23,40,"LIQUOR,WINE,BEER",26.731082916259766,0.0,67.64745330810547,101.01630401611328,True
2017-07-17,2017-07-24,40,"LIQUOR,WINE,BEER",17.056934356689453,0.0,46.64284133911133,77.07022094726562,True
2017-07-17,2017-07-25,40,"LIQUOR,WINE,BEER",24.968379974365234,11.189552307128906,52.51692199707031,78.39012145996094,True
2017-07-17,2017-07-26,40,"LIQUOR,WINE,BEER",32.55548095703125,11.154449462890625,65.15550231933594,95.76878356933594,True
2017-07-17,2017-07-27,40,"LIQUOR,WINE,BEER",34.17436218261719,0.0,78.33781433105469,113.59727478027344,True
2017-07-17,2017-07-28,40,"LIQUOR,WINE,BEER",73.46031188964844,24.977615356445312,125.28876495361328,165.305908203125,True
2017-07-17,2017-07-29,40,"LIQUOR,WINE,BEER",102.56500244140625,55.59888458251953,153.252685546875,191.1494598388672,True
2017-07-17,2017-07-30,40,"LIQUOR,WINE,BEER",29.48908042907715,0.0,71.96009063720703,107.28009033203125,True
2017-07-17,2017-07-31,40,"LIQUOR,WINE,BEER",19.336448669433594,3.2241477966308594,51.105831146240234,81.96330261230469,True
2017-07-17,2017-07-17,40,MAGAZINES,1.6224051713943481,0.0,3.1616601943969727,4.190814971923828,True
2017-07-17,2017-07-18,40,MAGAZINES,1.6122393608093262,0.0,3.201364040374756,4.275071144104004,True
2017-07-17,2017-07-19,40,MAGAZINES,1.625244140625,0.0,3.298246383666992,4.3778791427612305,True
2017-07-17,2017-07-20,40,MAGAZINES,1.6376523971557617,0.0,3.350658893585205,4.524045944213867,True
2017-07-17,2017-07-21,40,MAGAZINES,1.6759058237075806,0.0,3.4482421875,4.621277809143066,True
2017-07-17,2017-07-22,40,MAGAZINES,1.862929344177246,0.02956235408782959,3.6418557167053223,4.82150936126709,True
2017-07-17,2017-07-23,40,MAGAZINES,1.831571102142334,0.020796537399291992,3.6112542152404785,4.815516471862793,True
2017-07-17,2017-07-24,40,MAGAZINES,1.6318166255950928,0.0,3.3652429580688477,4.573264122009277,True
2017-07-17,2017-07-25,40,MAGAZINES,1.557219386100769,0.0,3.2612833976745605,4.413496971130371,True
2017-07-17,2017-07-26,40,MAGAZINES,1.5204063653945923,0.0,3.211629867553711,4.375241279602051,True
2017-07-17,2017-07-27,40,MAGAZINES,1.5658255815505981,0.0,3.2821383476257324,4.45524263381958,True
2017-07-17,2017-07-28,40,MAGAZINES,1.697710394859314,0.0,3.4548888206481934,4.6532087326049805,True
2017-07-17,2017-07-29,40,MAGAZINES,1.8185265064239502,0.09828567504882812,3.614264488220215,4.792635917663574,True
2017-07-17,2017-07-30,40,MAGAZINES,1.7618979215621948,0.03819680213928223,3.51956844329834,4.693426132202148,True
2017-07-17,2017-07-31,40,MAGAZINES,1.5985605716705322,0.0,3.3074893951416016,4.506099700927734,True
2017-07-17,2017-07-17,52,BABY CARE,0.0,0.0,0.0,0.0,True
2017-07-17,2017-07-18,52,BABY CARE,0.0,0.0,0.0,0.0,True
2017-07-17,2017-07-19,52,BABY CARE,0.0,0.0,0.0,0.0,True
2017-07-17,2017-07-20,52,BABY CARE,0.0,0.0,0.0,0.0,True
2017-07-17,2017-07-21,52,BABY CARE,0.0,0.0,0.0,0.0,True
2017-07-17,2017-07-22,52,BABY CARE,0.0,0.0,0.0,0.0,True
2017-07-17,2017-07-23,52,BABY CARE,0.0,0.0,0.0,0.0,True
2017-07-17,2017-07-24,52,BABY CARE,0.0,0.0,0.0,0.0,True
2017-07-17,2017-07-25,52,BABY CARE,0.0,0.0,0.0,0.0,True
2017-07-17,2017-07-26,52,BABY CARE,0.0,0.0,0.0,0.0,True
2017-07-17,2017-07-27,52,BABY CARE,0.0,0.0,0.0,0.0,True
2017-07-17,2017-07-28,52,BABY CARE,0.0,0.0,0.0,0.0,True
2017-07-17,2017-07-29,52,BABY CARE,0.0,0.0,0.0,0.0,True
2017-07-17,2017-07-30,52,BABY CARE,0.0,0.0,0.0,0.0,True
2017-07-17,2017-07-31,52,BABY CARE,0.0,0.0,0.0,0.0,True
2017-07-17,2017-07-17,52,BEVERAGES,4332.1884765625,3198.808837890625,5161.1142578125,5749.6806640625,True
2017-07-17,2017-07-18,52,BEVERAGES,3764.24951171875,2925.239990234375,4491.77392578125,5005.71630859375,True
2017-07-17,2017-07-19,52,BEVERAGES,3854.77978515625,3165.68896484375,4517.1025390625,4941.03173828125,True
2017-07-17,2017-07-20,52,BEVERAGES,3557.038330078125,2787.96484375,4226.2802734375,4763.515625,True
2017-07-17,2017-07-21,52,BEVERAGES,4372.00390625,3362.742431640625,5222.1796875,5837.3173828125,True
2017-07-17,2017-07-22,52,BEVERAGES,5736.8525390625,4466.54443359375,6745.3642578125,7411.09716796875,True
2017-07-17,2017-07-23,52,BEVERAGES,6045.32666015625,4730.62353515625,7093.8837890625,7805.4033203125,True
2017-07-17,2017-07-24,52,BEVERAGES,4330.73876953125,3238.095947265625,5244.42041015625,5904.80029296875,True
2017-07-17,2017-07-25,52,BEVERAGES,3789.7783203125,2964.0048828125,4510.92041015625,5052.14990234375,True
2017-07-17,2017-07-26,52,BEVERAGES,3854.31689453125,3169.7001953125,4457.177734375,4962.30126953125,True
2017-07-17,2017-07-27,52,BEVERAGES,3533.356201171875,2743.02294921875,4199.99951171875,4723.6787109375,True
2017-07-17,2017-07-28,52,BEVERAGES,4389.46533203125,3297.22412109375,5230.580078125,5854.57763671875,True
2017-07-17,2017-07-29,52,BEVERAGES,5788.95068359375,4423.92529296875,6817.91845703125,7482.52099609375,True
2017-07-17,2017-07-30,52,BEVERAGES,6064.0791015625,4601.19873046875,7133.8642578125,7780.01025390625,True
2017-07-17,2017-07-31,52,BEVERAGES,4411.33837890625,3107.4091796875,5346.232421875,6003.75146484375,True
2017-07-17,2017-07-17,52,BOOKS,0.0,0.0,0.0,0.0,True
2017-07-17,2017-07-18,52,BOOKS,0.0,0.0,0.0,0.0,True
2017-07-17,2017-07-19,52,BOOKS,0.0,0.0,0.0,0.0,True
2017-07-17,2017-07-20,52,BOOKS,0.0,0.0,0.0,0.0,True
2017-07-17,2017-07-21,52,BOOKS,0.0,0.0,0.0,0.0,True
2017-07-17,2017-07-22,52,BOOKS,0.0,0.0,0.0,0.0,True
2017-07-17,2017-07-23,52,BOOKS,0.0,0.0,0.0,0.0,True
2017-07-17,2017-07-24,52,BOOKS,0.0,0.0,0.0,0.0,True
2017-07-17,2017-07-25,52,BOOKS,0.0,0.0,0.0,0.0,True
2017-07-17,2017-07-26,52,BOOKS,0.0,0.0,0.0,0.0,True
2017-07-17,2017-07-27,52,BOOKS,0.0,0.0,0.0,0.0,True
2017-07-17,2017-07-28,52,BOOKS,0.0,0.0,0.0,0.0,True
2017-07-17,2017-07-29,52,BOOKS,0.0,0.0,0.0,0.0,True
2017-07-17,2017-07-30,52,BOOKS,0.0,0.0,0.0,0.0,True
2017-07-17,2017-07-31,52,BOOKS,0.0,0.0,0.0,0.0,True
2017-07-17,2017-07-17,52,GROCERY I,5384.015625,4094.53955078125,6334.55126953125,7035.3017578125,True
2017-07-17,2017-07-18,52,GROCERY I,4597.9267578125,3652.04150390625,5434.65673828125,6030.1103515625,True
2017-07-17,2017-07-19,52,GROCERY I,4951.44091796875,4167.0625,5719.529296875,6214.01025390625,True
2017-07-17,2017-07-20,52,GROCERY I,4569.1044921875,3682.046875,5332.96875,5970.8466796875,True
2017-07-17,2017-07-21,52,GROCERY I,5601.080078125,4448.97314453125,6584.52734375,7306.224609375,True
2017-07-17,2017-07-22,52,GROCERY I,7720.109375,6279.62451171875,8864.08203125,9644.77734375,True
2017-07-17,2017-07-23,52,GROCERY I,7891.55908203125,6415.4150390625,9077.916015625,9911.494140625,True
2017-07-17,2017-07-24,52,GROCERY I,5456.302734375,4223.76123046875,6490.25,7260.0234375,True
2017-07-17,2017-07-25,52,GROCERY I,4703.47607421875,3793.34228515625,5503.69482421875,6147.74267578125,True
2017-07-17,2017-07-26,52,GROCERY I,5006.57861328125,4247.1015625,5689.078125,6283.75,True
2017-07-17,2017-07-27,52,GROCERY I,4602.126953125,3720.370849609375,5377.83544921875,6034.19140625,True
2017-07-17,2017-07-28,52,GROCERY I,5673.0009765625,4439.927734375,6655.3173828125,7405.982421875,True
2017-07-17,2017-07-29,52,GROCERY I,7817.2119140625,6235.1455078125,8988.12890625,9786.5234375,True
2017-07-17,2017-07-30,52,GROCERY I,7920.9267578125,6246.0478515625,9130.443359375,9889.2890625,True
2017-07-17,2017-07-31,52,GROCERY I,5583.91259765625,4110.61865234375,6648.5947265625,7447.7861328125,True
2017-07-17,2017-07-17,52,HOME APPLIANCES,0.5514997839927673,0.0,1.1912245750427246,1.651414394378662,True
2017-07-17,2017-07-18,52,HOME APPLIANCES,0.549955427646637,0.0,1.1898763179779053,1.6872928142547607,True
2017-07-17,2017-07-19,52,HOME APPLIANCES,0.6194174885749817,0.0037925243377685547,1.3109071254730225,1.8188424110412598,True
2017-07-17,2017-07-20,52,HOME APPLIANCES,0.658630907535553,0.0,1.388388991355896,1.9692529439926147,True
2017-07-17,2017-07-21,52,HOME APPLIANCES,0.6651101112365723,0.0,1.4477585554122925,2.049304485321045,True
2017-07-17,2017-07-22,52,HOME APPLIANCES,0.7011065483093262,0.0,1.5313971042633057,2.1354990005493164,True
2017-07-17,2017-07-23,52,HOME APPLIANCES,0.703984260559082,0.008005619049072266,1.539320707321167,2.157316207885742,True
2017-07-17,2017-07-24,52,HOME APPLIANCES,0.6533626317977905,0.0,1.445063591003418,2.0817646980285645,True
2017-07-17,2017-07-25,52,HOME APPLIANCES,0.5955929160118103,0.0,1.3866527080535889,1.9765726327896118,True
2017-07-17,2017-07-26,52,HOME APPLIANCES,0.596745491027832,0.0,1.3818897008895874,1.9945422410964966,True
2017-07-17,2017-07-27,52,HOME APPLIANCES,0.6331992149353027,0.0,1.4568644762039185,2.0769357681274414,True
2017-07-17,2017-07-28,52,HOME APPLIANCES,0.6860609650611877,0.0,1.5364799499511719,2.219721794128418,True
2017-07-17,2017-07-29,52,HOME APPLIANCES,0.7215687036514282,0.0,1.5958831310272217,2.2519006729125977,True
2017-07-17,2017-07-30,52,HOME APPLIANCES,0.6955251693725586,0.0,1.558422327041626,2.2229323387145996,True
2017-07-17,2017-07-31,52,HOME APPLIANCES,0.6361318230628967,0.0,1.4640922546386719,2.123814582824707,True
2017-07-17,2017-07-17,52,LAWN AND GARDEN,35.0032844543457,19.09790802001953,51.60433578491211,65.45364379882812,True
2017-07-17,2017-07-18,52,LAWN AND GARDEN,32.368492126464844,19.69464874267578,48.04555130004883,61.32512664794922,True
2017-07-17,2017-07-19,52,LAWN AND GARDEN,52.29842758178711,36.60298538208008,71.16546630859375,86.23434448242188,True
2017-07-17,2017-07-20,52,LAWN AND GARDEN,58.22421646118164,34.077354431152344,81.29658508300781,100.61211395263672,True
2017-07-17,2017-07-21,52,LAWN AND GARDEN,71.66287231445312,41.40903854370117,98.89103698730469,119.75007629394531,True
2017-07-17,2017-07-22,52,LAWN AND GARDEN,85.41142272949219,54.96380615234375,113.78726959228516,134.3025360107422,True
2017-07-17,2017-07-23,52,LAWN AND GARDEN,67.98251342773438,41.804649353027344,92.16975402832031,112.53396606445312,True
2017-07-17,2017-07-24,52,LAWN AND GARDEN,36.63893127441406,16.589004516601562,55.95658874511719,74.80671691894531,True
2017-07-17,2017-07-25,52,LAWN AND GARDEN,32.257659912109375,16.54875946044922,50.73218536376953,67.21871948242188,True
2017-07-17,2017-07-26,52,LAWN AND GARDEN,53.5321044921875,33.01264190673828,72.44226837158203,91.75189971923828,True
2017-07-17,2017-07-27,52,LAWN AND GARDEN,58.794281005859375,31.70118522644043,84.24038696289062,104.8592529296875,True
2017-07-17,2017-07-28,52,LAWN AND GARDEN,69.26262664794922,36.281333923339844,99.03765106201172,122.2613296508789,True
2017-07-17,2017-07-29,52,LAWN AND GARDEN,85.07414245605469,51.581233978271484,114.78256225585938,139.7855224609375,True
2017-07-17,2017-07-30,52,LAWN AND GARDEN,66.32227325439453,36.801673889160156,92.89414978027344,115.40324401855469,True
2017-07-17,2017-07-31,52,LAWN AND GARDEN,35.27049255371094,13.872795104980469,57.598121643066406,78.88289642333984,True
2017-07-17,2017-07-17,52,"LIQUOR,WINE,BEER",150.66278076171875,97.60733032226562,192.6685028076172,223.64627075195312,True
2017-07-17,2017-07-18,52,"LIQUOR,WINE,BEER",148.73129272460938,105.65827178955078,189.18499755859375,218.84625244140625,True
2017-07-17,2017-07-19,52,"LIQUOR,WINE,BEER",165.60202026367188,114.48770141601562,213.9818115234375,246.935546875,True
2017-07-17,2017-07-20,52,"LIQUOR,WINE,BEER",183.45567321777344,109.02690887451172,244.8483123779297,288.91229248046875,True
2017-07-17,2017-07-21,52,"LIQUOR,WINE,BEER",261.99725341796875,167.09332275390625,336.2547912597656,385.2203369140625,True
2017-07-17,2017-07-22,52,"LIQUOR,WINE,BEER",316.34759521484375,217.23358154296875,393.7288513183594,441.49969482421875,True
2017-07-17,2017-07-23,52,"LIQUOR,WINE,BEER",174.36773681640625,89.93539428710938,244.05661010742188,289.74639892578125,True
2017-07-17,2017-07-24,52,"LIQUOR,WINE,BEER",142.5626678466797,78.23030853271484,195.3255157470703,235.11328125,True
2017-07-17,2017-07-25,52,"LIQUOR,WINE,BEER",146.46868896484375,92.3616943359375,192.58352661132812,224.06065368652344,True
2017-07-17,2017-07-26,52,"LIQUOR,WINE,BEER",168.7831573486328,106.22999572753906,217.237060546875,253.7320556640625,True
2017-07-17,2017-07-27,52,"LIQUOR,WINE,BEER",185.33108520507812,103.9364013671875,246.97296142578125,287.55059814453125,True
2017-07-17,2017-07-28,52,"LIQUOR,WINE,BEER",262.0265197753906,158.57997131347656,335.650146484375,383.0414733886719,True
2017-07-17,2017-07-29,52,"LIQUOR,WINE,BEER",317.920654296875,211.35653686523438,393.64093017578125,438.7147216796875,True
2017-07-17,2017-07-30,52,"LIQUOR,WINE,BEER",177.3112335205078,85.00457000732422,245.15829467773438,287.2847595214844,True
2017-07-17,2017-07-31,52,"LIQUOR,WINE,BEER",145.5054473876953,73.02093505859375,197.70724487304688,233.47067260742188,True
2017-07-17,2017-07-17,52,MAGAZINES,8.058516502380371,4.071412086486816,11.306764602661133,13.63953971862793,True
2017-07-17,2017-07-18,52,MAGAZINES,6.659039497375488,3.2958226203918457,9.785794258117676,12.092704772949219,True
2017-07-17,2017-07-19,52,MAGAZINES,6.192051887512207,2.9177470207214355,9.467752456665039,11.80023193359375,True
2017-07-17,2017-07-20,52,MAGAZINES,6.731748580932617,2.9226789474487305,10.348701477050781,13.0665283203125,True
2017-07-17,2017-07-21,52,MAGAZINES,8.621822357177734,4.006526470184326,12.821907043457031,15.771224021911621,True
2017-07-17,2017-07-22,52,MAGAZINES,11.031502723693848,5.952754497528076,15.628469467163086,18.655323028564453,True
2017-07-17,2017-07-23,52,MAGAZINES,9.873090744018555,4.980008602142334,14.421799659729004,17.63799285888672,True
2017-07-17,2017-07-24,52,MAGAZINES,7.440265655517578,3.2964372634887695,11.500592231750488,14.546825408935547,True
2017-07-17,2017-07-25,52,MAGAZINES,6.08364200592041,2.5183730125427246,9.75954818725586,12.422990798950195,True
2017-07-17,2017-07-26,52,MAGAZINES,5.800049781799316,2.3292088508605957,9.27660083770752,12.043079376220703,True
2017-07-17,2017-07-27,52,MAGAZINES,6.56569766998291,2.4905591011047363,10.486525535583496,13.371288299560547,True
2017-07-17,2017-07-28,52,MAGAZINES,8.502725601196289,3.5409083366394043,12.847696304321289,16.090614318847656,True
2017-07-17,2017-07-29,52,MAGAZINES,10.863890647888184,5.553442001342773,15.623106002807617,18.79656219482422,True
2017-07-17,2017-07-30,52,MAGAZINES,9.80191707611084,4.652734279632568,14.42512035369873,17.52606201171875,True
2017-07-17,2017-07-31,52,MAGAZINES,7.5482635498046875,3.114859104156494,11.723150253295898,14.720335006713867,True
2017-08-01,2017-08-01,1,BABY CARE,0.0,0.0,0.0,0.0,True
2017-08-01,2017-08-02,1,BABY CARE,0.0,0.0,0.0,0.0,True
2017-08-01,2017-08-03,1,BABY CARE,0.0,0.0,0.0,0.0,True
2017-08-01,2017-08-04,1,BABY CARE,0.0,0.0,0.0,0.0,True
2017-08-01,2017-08-05,1,BABY CARE,0.0,0.0,0.0,0.0,True
2017-08-01,2017-08-06,1,BABY CARE,0.0,0.0,0.0,0.0,True
2017-08-01,2017-08-07,1,BABY CARE,0.0,0.0,0.0,0.0,True
2017-08-01,2017-08-08,1,BABY CARE,0.0,0.0,0.0,0.0,True
2017-08-01,2017-08-09,1,BABY CARE,0.0,0.0,0.0,0.0,True
2017-08-01,2017-08-10,1,BABY CARE,0.0,0.0,0.0,0.0,True
2017-08-01,2017-08-11,1,BABY CARE,0.0,0.0,0.0,0.0,True
2017-08-01,2017-08-12,1,BABY CARE,0.0,0.0,0.0,0.0,True
2017-08-01,2017-08-13,1,BABY CARE,0.0,0.0,0.0,0.0,True
2017-08-01,2017-08-14,1,BABY CARE,0.0,0.0,0.0,0.0,True
2017-08-01,2017-08-15,1,BABY CARE,0.0,0.0,0.0,0.0,True
2017-08-01,2017-08-01,1,BEVERAGES,2348.786376953125,2039.895263671875,2498.015380859375,2584.326416015625,True
2017-08-01,2017-08-02,1,BEVERAGES,2461.060791015625,2168.92626953125,2599.382568359375,2694.4521484375,True
2017-08-01,2017-08-03,1,BEVERAGES,2206.80322265625,1892.782470703125,2344.60791015625,2424.331298828125,True
2017-08-01,2017-08-04,1,BEVERAGES,2422.627685546875,2062.083740234375,2585.61279296875,2686.537841796875,True
2017-08-01,2017-08-05,1,BEVERAGES,2354.874755859375,1960.8931884765625,2546.512939453125,2671.316650390625,True
2017-08-01,2017-08-06,1,BEVERAGES,1127.2105712890625,729.1700439453125,1352.37060546875,1494.1329345703125,True
2017-08-01,2017-08-07,1,BEVERAGES,2333.57666015625,1904.763671875,2564.63671875,2685.123046875,True
2017-08-01,2017-08-08,1,BEVERAGES,2315.162841796875,1920.1976318359375,2511.030517578125,2638.39208984375,True
2017-08-01,2017-08-09,1,BEVERAGES,2403.1484375,2031.2984619140625,2595.60400390625,2704.484375,True
2017-08-01,2017-08-10,1,BEVERAGES,2188.276611328125,1821.17333984375,2360.927734375,2479.848388671875,True
2017-08-01,2017-08-11,1,BEVERAGES,2428.97509765625,2023.0792236328125,2606.8134765625,2711.970458984375,True
2017-08-01,2017-08-12,1,BEVERAGES,2356.14892578125,1915.9971923828125,2553.722900390625,2696.408447265625,True
2017-08-01,2017-08-13,1,BEVERAGES,1062.1527099609375,616.8648681640625,1302.385498046875,1450.98193359375,True
2017-08-01,2017-08-14,1,BEVERAGES,2271.021728515625,1802.1488037109375,2492.505859375,2625.649169921875,True
2017-08-01,2017-08-15,1,BEVERAGES,2290.5625,1834.7559814453125,2493.636962890625,2622.396240234375,True
2017-08-01,2017-08-01,1,BOOKS,0.0,0.0,0.5610606670379639,0.8235365152359009,True
2017-08-01,2017-08-02,1,BOOKS,0.0,0.0,0.6109511852264404,0.9081158638000488,True
2017-08-01,2017-08-03,1,BOOKS,0.0,0.0,0.6430721282958984,0.9536734819412231,True
2017-08-01,2017-08-04,1,BOOKS,0.0,0.0,0.6445103287696838,0.97801274061203,True
2017-08-01,2017-08-05,1,BOOKS,0.0,0.0,0.6729726791381836,1.020343542098999,True
2017-08-01,2017-08-06,1,BOOKS,0.0,0.0,0.6878639459609985,1.0487761497497559,True
2017-08-01,2017-08-07,1,BOOKS,0.001672595739364624,0.0,0.6978703737258911,1.0759081840515137,True
2017-08-01,2017-08-08,1,BOOKS,0.0019120275974273682,0.0,0.6963781714439392,1.0966824293136597,True
2017-08-01,2017-08-09,1,BOOKS,0.0,0.0,0.6976382732391357,1.0913976430892944,True
2017-08-01,2017-08-10,1,BOOKS,0.0016655027866363525,0.0,0.6978433132171631,1.10377836227417,True
2017-08-01,2017-08-11,1,BOOKS,0.0,0.0,0.7023265361785889,1.098745346069336,True
2017-08-01,2017-08-12,1,BOOKS,0.0,0.0,0.6922694444656372,1.1067417860031128,True
2017-08-01,2017-08-13,1,BOOKS,0.0,0.0,0.7009900808334351,1.1088519096374512,True
2017-08-01,2017-08-14,1,BOOKS,0.008506298065185547,0.0,0.7229942679405212,1.1349430084228516,True
2017-08-01,2017-08-15,1,BOOKS,0.0007089674472808838,0.0,0.7309454679489136,1.1607434749603271,True
2017-08-01,2017-08-01,1,GROCERY I,2870.310546875,2410.90234375,3119.3818359375,3279.18798828125,True
2017-08-01,2017-08-02,1,GROCERY I,3114.804931640625,2682.169677734375,3344.73193359375,3511.7578125,True
2017-08-01,2017-08-03,1,GROCERY I,2616.904052734375,2172.35791015625,2862.240234375,3003.00244140625,True
2017-08-01,2017-08-04,1,GROCERY I,2826.727294921875,2330.424560546875,3090.596923828125,3264.038330078125,True
2017-08-01,2017-08-05,1,GROCERY I,2566.490234375,2023.783447265625,2861.248779296875,3050.599853515625,True
2017-08-01,2017-08-06,1,GROCERY I,1182.5965576171875,645.2720947265625,1506.656982421875,1730.554931640625,True
2017-08-01,2017-08-07,1,GROCERY I,2684.531494140625,2104.5205078125,3001.90625,3205.338623046875,True
2017-08-01,2017-08-08,1,GROCERY I,2785.103515625,2251.900390625,3057.056884765625,3247.77978515625,True
2017-08-01,2017-08-09,1,GROCERY I,3085.94384765625,2591.31982421875,3350.182861328125,3542.77978515625,True
2017-08-01,2017-08-10,1,GROCERY I,2610.714111328125,2125.585205078125,2867.042236328125,3068.046142578125,True
2017-08-01,2017-08-11,1,GROCERY I,2810.93505859375,2285.1455078125,3096.934326171875,3290.4736328125,True
2017-08-01,2017-08-12,1,GROCERY I,2570.881103515625,1981.9376220703125,2878.451416015625,3103.342529296875,True
2017-08-01,2017-08-13,1,GROCERY I,1172.2926025390625,578.0328369140625,1516.578857421875,1771.03857421875,True
2017-08-01,2017-08-14,1,GROCERY I,2702.405517578125,2094.303955078125,3026.6982421875,3244.4609375,True
2017-08-01,2017-08-15,1,GROCERY I,2821.89111328125,2254.376953125,3133.01806640625,3358.739501953125,True
2017-08-01,2017-08-01,1,HOME APPLIANCES,0.5337468385696411,0.0,1.2942886352539062,1.7776997089385986,True
2017-08-01,2017-08-02,1,HOME APPLIANCES,0.5528733730316162,0.0,1.3564517498016357,1.886019229888916,True
2017-08-01,2017-08-03,1,HOME APPLIANCES,0.5882919430732727,0.0,1.4376713037490845,1.9808013439178467,True
2017-08-01,2017-08-04,1,HOME APPLIANCES,0.5865961909294128,0.0,1.4368185997009277,2.0174124240875244,True
2017-08-01,2017-08-05,1,HOME APPLIANCES,0.5751925706863403,0.0,1.4350948333740234,2.0177345275878906,True
2017-08-01,2017-08-06,1,HOME APPLIANCES,0.5312315821647644,0.0,1.401674509048462,1.9845495223999023,True
2017-08-01,2017-08-07,1,HOME APPLIANCES,0.5183157920837402,0.0,1.3969544172286987,1.9896389245986938,True
2017-08-01,2017-08-08,1,HOME APPLIANCES,0.5413828492164612,0.0,1.4159033298492432,2.0198662281036377,True
2017-08-01,2017-08-09,1,HOME APPLIANCES,0.5547352433204651,0.0,1.4443864822387695,2.042855739593506,True
2017-08-01,2017-08-10,1,HOME APPLIANCES,0.5577551126480103,0.0,1.4498794078826904,2.0665736198425293,True
2017-08-01,2017-08-11,1,HOME APPLIANCES,0.5445809364318848,0.0,1.4393552541732788,2.0501928329467773,True
2017-08-01,2017-08-12,1,HOME APPLIANCES,0.5363724827766418,0.0,1.4137372970581055,2.041276693344116,True
2017-08-01,2017-08-13,1,HOME APPLIANCES,0.5103669762611389,0.0,1.3855677843093872,2.0015459060668945,True
2017-08-01,2017-08-14,1,HOME APPLIANCES,0.49590566754341125,0.0,1.3738329410552979,1.9941184520721436,True
2017-08-01,2017-08-15,1,HOME APPLIANCES,0.49948185682296753,0.0,1.389808177947998,2.023817539215088,True
2017-08-01,2017-08-01,1,LAWN AND GARDEN,20.72304344177246,10.642271041870117,28.275096893310547,32.95671844482422,True
2017-08-01,2017-08-02,1,LAWN AND GARDEN,24.062183380126953,12.979080200195312,32.685203552246094,37.866058349609375,True
2017-08-01,2017-08-03,1,LAWN AND GARDEN,21.43372917175293,10.042928695678711,30.422344207763672,35.80211639404297,True
2017-08-01,2017-08-04,1,LAWN AND GARDEN,23.527185440063477,13.039972305297852,32.008052825927734,37.273216247558594,True
2017-08-01,2017-08-05,1,LAWN AND GARDEN,18.303611755371094,9.009344100952148,26.038497924804688,30.850147247314453,True
2017-08-01,2017-08-06,1,LAWN AND GARDEN,12.651010513305664,4.222555160522461,19.89327621459961,24.54453468322754,True
2017-08-01,2017-08-07,1,LAWN AND GARDEN,16.39924430847168,7.7370195388793945,23.74077606201172,28.471420288085938,True
2017-08-01,2017-08-08,1,LAWN AND GARDEN,20.754201889038086,10.84091854095459,28.95500373840332,34.00990676879883,True
2017-08-01,2017-08-09,1,LAWN AND GARDEN,23.885536193847656,12.734991073608398,32.83539962768555,38.38962936401367,True
2017-08-01,2017-08-10,1,LAWN AND GARDEN,21.123004913330078,9.604355812072754,30.187902450561523,36.01851272583008,True
2017-08-01,2017-08-11,1,LAWN AND GARDEN,22.791015625,11.833635330200195,31.45436668395996,37.04696273803711,True
2017-08-01,2017-08-12,1,LAWN AND GARDEN,17.66920280456543,8.180567741394043,25.48731231689453,30.76746368408203,True
2017-08-01,2017-08-13,1,LAWN AND GARDEN,12.234088897705078,3.5926008224487305,19.52509117126465,24.540102005004883,True
2017-08-01,2017-08-14,1,LAWN AND GARDEN,15.819698333740234,6.985333442687988,23.277881622314453,28.44256591796875,True
2017-08-01,2017-08-15,1,LAWN AND GARDEN,20.17815399169922,10.139156341552734,28.44881820678711,33.930824279785156,True
2017-08-01,2017-08-01,1,"LIQUOR,WINE,BEER",78.1155014038086,62.575801849365234,90.6084213256836,98.68974304199219,True
2017-08-01,2017-08-02,1,"LIQUOR,WINE,BEER",85.73209381103516,66.27831268310547,102.32347106933594,113.62361145019531,True
2017-08-01,2017-08-03,1,"LIQUOR,WINE,BEER",92.25576782226562,64.20243835449219,114.80526733398438,129.27627563476562,True
2017-08-01,2017-08-04,1,"LIQUOR,WINE,BEER",136.53614807128906,103.88877868652344,162.54013061523438,178.60281372070312,True
2017-08-01,2017-08-05,1,"LIQUOR,WINE,BEER",141.97743225097656,110.81967163085938,165.8631134033203,182.26963806152344,True
2017-08-01,2017-08-06,1,"LIQUOR,WINE,BEER",45.606685638427734,24.285263061523438,65.87954711914062,80.49213409423828,True
2017-08-01,2017-08-07,1,"LIQUOR,WINE,BEER",54.95640563964844,39.675804138183594,70.26311492919922,82.52645874023438,True
2017-08-01,2017-08-08,1,"LIQUOR,WINE,BEER",79.9140625,66.47750854492188,93.97753143310547,105.84234619140625,True
2017-08-01,2017-08-09,1,"LIQUOR,WINE,BEER",89.37467956542969,70.19670104980469,107.2647476196289,123.09490966796875,True
2017-08-01,2017-08-10,1,"LIQUOR,WINE,BEER",92.52578735351562,65.52638244628906,116.33883666992188,134.95193481445312,True
2017-08-01,2017-08-11,1,"LIQUOR,WINE,BEER",135.31939697265625,102.10803985595703,161.8507080078125,181.18368530273438,True
2017-08-01,2017-08-12,1,"LIQUOR,WINE,BEER",140.80679321289062,111.53702545166016,166.5700225830078,185.1558380126953,True
2017-08-01,2017-08-13,1,"LIQUOR,WINE,BEER",42.90779113769531,21.35006332397461,65.28673553466797,83.44204711914062,True
2017-08-01,2017-08-14,1,"LIQUOR,WINE,BEER",56.83344650268555,41.31236267089844,73.83659362792969,89.09749603271484,True
2017-08-01,2017-08-15,1,"LIQUOR,WINE,BEER",80.28751373291016,63.40797424316406,95.21599578857422,110.75053405761719,True
2017-08-01,2017-08-01,1,MAGAZINES,6.341611862182617,2.3920536041259766,9.370060920715332,11.298200607299805,True
2017-08-01,2017-08-02,1,MAGAZINES,6.374364852905273,2.2953484058380127,9.67086410522461,11.727163314819336,True
2017-08-01,2017-08-03,1,MAGAZINES,6.353468418121338,2.233403205871582,9.747262954711914,11.850528717041016,True
2017-08-01,2017-08-04,1,MAGAZINES,6.642513275146484,2.583489179611206,9.977587699890137,12.196367263793945,True
2017-08-01,2017-08-05,1,MAGAZINES,6.3701171875,2.433748960494995,9.61998176574707,11.768270492553711,True
2017-08-01,2017-08-06,1,MAGAZINES,4.697773456573486,0.8459124565124512,7.945153713226318,10.094314575195312,True
2017-08-01,2017-08-07,1,MAGAZINES,5.191760540008545,1.3116974830627441,8.45677661895752,10.616230010986328,True
2017-08-01,2017-08-08,1,MAGAZINES,6.19403076171875,2.1636171340942383,9.55118179321289,11.760072708129883,True
2017-08-01,2017-08-09,1,MAGAZINES,6.387056350708008,2.2503609657287598,9.819419860839844,12.070449829101562,True
2017-08-01,2017-08-10,1,MAGAZINES,6.327808380126953,2.118360996246338,9.743207931518555,12.100967407226562,True
2017-08-01,2017-08-11,1,MAGAZINES,6.34222412109375,2.1772682666778564,9.744433403015137,12.048870086669922,True
2017-08-01,2017-08-12,1,MAGAZINES,5.797143459320068,1.766432762145996,9.051689147949219,11.386314392089844,True
2017-08-01,2017-08-13,1,MAGAZINES,4.329349517822266,0.525336742401123,7.606029510498047,9.79916763305664,True
2017-08-01,2017-08-14,1,MAGAZINES,5.02541971206665,1.094529628753662,8.31509017944336,10.657893180847168,True
2017-08-01,2017-08-15,1,MAGAZINES,6.116274833679199,2.0742640495300293,9.510350227355957,11.832991600036621,True
2017-08-01,2017-08-01,5,BABY CARE,0.0,0.0,0.16568847000598907,0.3471287488937378,True
2017-08-01,2017-08-02,5,BABY CARE,0.0,0.0,0.18137574195861816,0.40059155225753784,True
2017-08-01,2017-08-03,5,BABY CARE,0.0,0.0,0.21368297934532166,0.4639890193939209,True
2017-08-01,2017-08-04,5,BABY CARE,0.0,0.0,0.22538438439369202,0.5169543027877808,True
2017-08-01,2017-08-05,5,BABY CARE,0.0,0.0,0.2611558735370636,0.5687637329101562,True
2017-08-01,2017-08-06,5,BABY CARE,0.0,0.0,0.2822960615158081,0.6149578094482422,True
2017-08-01,2017-08-07,5,BABY CARE,0.0,0.0,0.29952472448349,0.6622600555419922,True
2017-08-01,2017-08-08,5,BABY CARE,0.0,0.0,0.318991482257843,0.7123266458511353,True
2017-08-01,2017-08-09,5,BABY CARE,0.0,0.0,0.34715360403060913,0.741276741027832,True
2017-08-01,2017-08-10,5,BABY CARE,0.0,0.0,0.3709033131599426,0.7906431555747986,True
2017-08-01,2017-08-11,5,BABY CARE,0.0025012940168380737,0.0,0.402170866727829,0.8254789710044861,True
2017-08-01,2017-08-12,5,BABY CARE,0.004425555467605591,0.0,0.4252990484237671,0.8720437288284302,True
2017-08-01,2017-08-13,5,BABY CARE,0.008642211556434631,0.0,0.44431787729263306,0.895133912563324,True
2017-08-01,2017-08-14,5,BABY CARE,0.002542540431022644,0.0,0.45504817366600037,0.9102746844291687,True
2017-08-01,2017-08-15,5,BABY CARE,0.003654688596725464,0.0,0.4687362015247345,0.934544026851654,True
2017-08-01,2017-08-01,5,BEVERAGES,1797.4605712890625,1541.6900634765625,1995.203369140625,2119.500732421875,True
2017-08-01,2017-08-02,5,BEVERAGES,1831.050537109375,1617.4656982421875,2008.466796875,2116.842041015625,True
2017-08-01,2017-08-03,5,BEVERAGES,1763.465087890625,1552.2022705078125,1944.4608154296875,2053.299560546875,True
2017-08-01,2017-08-04,5,BEVERAGES,1902.3800048828125,1639.7119140625,2102.18896484375,2236.24951171875,True
2017-08-01,2017-08-05,5,BEVERAGES,2169.2626953125,1842.52392578125,2408.759033203125,2572.881591796875,True
2017-08-01,2017-08-06,5,BEVERAGES,2542.70068359375,2180.59228515625,2818.39892578125,2974.263671875,True
2017-08-01,2017-08-07,5,BEVERAGES,2119.4521484375,1761.6083984375,2388.92041015625,2561.98876953125,True
2017-08-01,2017-08-08,5,BEVERAGES,1825.78271484375,1531.751220703125,2062.354248046875,2218.8349609375,True
2017-08-01,2017-08-09,5,BEVERAGES,1798.7041015625,1551.2598876953125,1998.564453125,2130.38720703125,True
2017-08-01,2017-08-10,5,BEVERAGES,1707.0660400390625,1470.449462890625,1895.5042724609375,2032.981201171875,True
2017-08-01,2017-08-11,5,BEVERAGES,1850.9744873046875,1571.209716796875,2065.094482421875,2212.234375,True
2017-08-01,2017-08-12,5,BEVERAGES,2134.11962890625,1786.21533203125,2383.913330078125,2549.69287109375,True
2017-08-01,2017-08-13,5,BEVERAGES,2513.695556640625,2126.817626953125,2799.591064453125,2967.677001953125,True
2017-08-01,2017-08-14,5,BEVERAGES,2096.807373046875,1726.2169189453125,2367.14794921875,2538.28759765625,True
2017-08-01,2017-08-15,5,BEVERAGES,1817.511962890625,1506.7900390625,2058.914306640625,2215.0185546875,True
2017-08-01,2017-08-01,5,BOOKS,0.0,0.0,0.0009454116225242615,0.005457893013954163,True
2017-08-01,2017-08-02,5,BOOKS,0.0,0.0,0.001210138201713562,0.003713458776473999,True
2017-08-01,2017-08-03,5,BOOKS,0.0,0.0,0.0016752630472183228,0.006359212100505829,True
2017-08-01,2017-08-04,5,BOOKS,8.977949619293213e-05,0.0,0.00014019012451171875,0.013362351804971695,True
2017-08-01,2017-08-05,5,BOOKS,0.00039473921060562134,0.0,0.0018806904554367065,0.008860509842634201,True
2017-08-01,2017-08-06,5,BOOKS,0.0,0.0,0.0028513893485069275,0.009071610867977142,True
2017-08-01,2017-08-07,5,BOOKS,0.0,0.0,0.0003557056188583374,0.013028614223003387,True
2017-08-01,2017-08-08,5,BOOKS,3.410130739212036e-05,0.0,0.002095229923725128,0.022974368184804916,True
2017-08-01,2017-08-09,5,BOOKS,0.00020050257444381714,0.0,0.002249397337436676,0.008973173797130585,True
2017-08-01,2017-08-10,5,BOOKS,0.0,0.0,0.001122601330280304,0.010233469307422638,True
2017-08-01,2017-08-11,5,BOOKS,0.00034649670124053955,0.0,0.0058644115924835205,0.008737821131944656,True
2017-08-01,2017-08-12,5,BOOKS,0.0002583414316177368,0.0,0.00042635947465896606,0.02268724888563156,True
2017-08-01,2017-08-13,5,BOOKS,2.3320317268371582e-05,0.0,0.0004225820302963257,0.015952780842781067,True
2017-08-01,2017-08-14,5,BOOKS,0.0004656389355659485,0.0,0.0016428455710411072,0.014201652258634567,True
2017-08-01,2017-08-15,5,BOOKS,0.0002978667616844177,0.0,0.0,0.010319843888282776,True
2017-08-01,2017-08-01,5,GROCERY I,2973.438720703125,2632.169921875,3232.376708984375,3390.302734375,True
2017-08-01,2017-08-02,5,GROCERY I,2959.06787109375,2648.162353515625,3211.71435546875,3366.892333984375,True
2017-08-01,2017-08-03,5,GROCERY I,2836.590087890625,2505.76953125,3117.826171875,3277.06640625,True
2017-08-01,2017-08-04,5,GROCERY I,3177.908447265625,2768.109619140625,3489.57275390625,3693.013671875,True
2017-08-01,2017-08-05,5,GROCERY I,3548.80810546875,3060.42431640625,3912.37353515625,4146.9423828125,True
2017-08-01,2017-08-06,5,GROCERY I,3817.35986328125,3305.00732421875,4212.326171875,4441.6806640625,True
2017-08-01,2017-08-07,5,GROCERY I,3360.37744140625,2877.210205078125,3743.24169921875,3978.959228515625,True
2017-08-01,2017-08-08,5,GROCERY I,3004.3798828125,2598.98193359375,3338.371337890625,3553.00146484375,True
2017-08-01,2017-08-09,5,GROCERY I,2934.142578125,2573.612060546875,3242.34521484375,3424.325439453125,True
2017-08-01,2017-08-10,5,GROCERY I,2739.05224609375,2367.847412109375,3039.62451171875,3238.212890625,True
2017-08-01,2017-08-11,5,GROCERY I,2996.69775390625,2565.48876953125,3332.774658203125,3536.615234375,True
2017-08-01,2017-08-12,5,GROCERY I,3393.306884765625,2902.66015625,3781.21923828125,4010.394775390625,True
2017-08-01,2017-08-13,5,GROCERY I,3643.91357421875,3140.791748046875,4062.91259765625,4274.83349609375,True
2017-08-01,2017-08-14,5,GROCERY I,3242.7646484375,2784.75634765625,3620.41259765625,3836.90380859375,True
2017-08-01,2017-08-15,5,GROCERY I,2888.059326171875,2508.667236328125,3210.831787109375,3407.394775390625,True
2017-08-01,2017-08-01,5,HOME APPLIANCES,0.12334173917770386,0.0,1.066536784172058,1.5928499698638916,True
2017-08-01,2017-08-02,5,HOME APPLIANCES,0.1343325972557068,0.0,1.1469593048095703,1.7257637977600098,True
2017-08-01,2017-08-03,5,HOME APPLIANCES,0.16667184233665466,0.0,1.2460737228393555,1.8522154092788696,True
2017-08-01,2017-08-04,5,HOME APPLIANCES,0.1779651641845703,0.0,1.2803785800933838,1.9406219720840454,True
2017-08-01,2017-08-05,5,HOME APPLIANCES,0.20240524411201477,0.0,1.3283181190490723,2.006394386291504,True
2017-08-01,2017-08-06,5,HOME APPLIANCES,0.21791201829910278,0.0,1.3652925491333008,2.053699016571045,True
2017-08-01,2017-08-07,5,HOME APPLIANCES,0.22582754492759705,0.0,1.3752357959747314,2.086230754852295,True
2017-08-01,2017-08-08,5,HOME APPLIANCES,0.22283849120140076,0.0,1.366958498954773,2.08919620513916,True
2017-08-01,2017-08-09,5,HOME APPLIANCES,0.20993927121162415,0.0,1.3615666627883911,2.07246732711792,True
2017-08-01,2017-08-10,5,HOME APPLIANCES,0.18654069304466248,0.0,1.3262460231781006,2.05875825881958,True
2017-08-01,2017-08-11,5,HOME APPLIANCES,0.18206572532653809,0.0,1.339598536491394,2.0634050369262695,True
2017-08-01,2017-08-12,5,HOME APPLIANCES,0.1735917329788208,0.0,1.316659688949585,2.0712201595306396,True
2017-08-01,2017-08-13,5,HOME APPLIANCES,0.18589618802070618,0.0,1.331066370010376,2.0842394828796387,True
2017-08-01,2017-08-14,5,HOME APPLIANCES,0.21251684427261353,0.0,1.3616819381713867,2.1124725341796875,True
2017-08-01,2017-08-15,5,HOME APPLIANCES,0.2127387821674347,0.0,1.3674670457839966,2.1312265396118164,True
2017-08-01,2017-08-01,5,LAWN AND GARDEN,9.691064834594727,4.278345584869385,14.142240524291992,17.211259841918945,True
2017-08-01,2017-08-02,5,LAWN AND GARDEN,9.626818656921387,4.4180121421813965,14.346443176269531,17.418964385986328,True
2017-08-01,2017-08-03,5,LAWN AND GARDEN,9.653143882751465,4.368213653564453,14.570489883422852,17.796974182128906,True
2017-08-01,2017-08-04,5,LAWN AND GARDEN,10.313847541809082,5.062148571014404,15.18748664855957,18.567049026489258,True
2017-08-01,2017-08-05,5,LAWN AND GARDEN,10.620797157287598,5.345029830932617,15.481223106384277,18.845382690429688,True
2017-08-01,2017-08-06,5,LAWN AND GARDEN,9.816595077514648,4.8076982498168945,14.643176078796387,17.98383331298828,True
2017-08-01,2017-08-07,5,LAWN AND GARDEN,9.408231735229492,4.5635786056518555,14.103828430175781,17.481800079345703,True
2017-08-01,2017-08-08,5,LAWN AND GARDEN,9.569250106811523,4.756985664367676,14.187638282775879,17.620534896850586,True
2017-08-01,2017-08-09,5,LAWN AND GARDEN,9.678820610046387,4.8014607429504395,14.350130081176758,17.848249435424805,True
2017-08-01,2017-08-10,5,LAWN AND GARDEN,9.67052936553955,4.671133995056152,14.402469635009766,18.09320068359375,True
2017-08-01,2017-08-11,5,LAWN AND GARDEN,10.372801780700684,5.1217427253723145,15.426750183105469,19.094928741455078,True
2017-08-01,2017-08-12,5,LAWN AND GARDEN,10.5342378616333,5.255925178527832,15.61520767211914,19.202783584594727,True
2017-08-01,2017-08-13,5,LAWN AND GARDEN,9.711523056030273,4.470478534698486,14.699705123901367,18.594524383544922,True
2017-08-01,2017-08-14,5,LAWN AND GARDEN,9.379790306091309,4.538567543029785,14.220455169677734,18.01266860961914,True
2017-08-01,2017-08-15,5,LAWN AND GARDEN,9.504631996154785,4.5402069091796875,14.291341781616211,18.117048263549805,True
2017-08-01,2017-08-01,5,"LIQUOR,WINE,BEER",40.578739166259766,32.069541931152344,48.81517028808594,54.019554138183594,True
2017-08-01,2017-08-02,5,"LIQUOR,WINE,BEER",44.987483978271484,35.99877166748047,54.16315841674805,61.09028625488281,True
2017-08-01,2017-08-03,5,"LIQUOR,WINE,BEER",51.89506912231445,36.54806137084961,65.48487091064453,75.03134155273438,True
2017-08-01,2017-08-04,5,"LIQUOR,WINE,BEER",81.64002990722656,58.75956726074219,99.86296844482422,111.23356628417969,True
2017-08-01,2017-08-05,5,"LIQUOR,WINE,BEER",111.46524047851562,85.97270202636719,130.9385986328125,143.36289978027344,True
2017-08-01,2017-08-06,5,"LIQUOR,WINE,BEER",63.350624084472656,43.171363830566406,81.30049133300781,92.53791809082031,True
2017-08-01,2017-08-07,5,"LIQUOR,WINE,BEER",40.63193130493164,26.522361755371094,54.20307159423828,63.87128448486328,True
2017-08-01,2017-08-08,5,"LIQUOR,WINE,BEER",41.71729278564453,31.717493057250977,51.18092727661133,60.087364196777344,True
2017-08-01,2017-08-09,5,"LIQUOR,WINE,BEER",47.26197814941406,37.16574478149414,58.26061248779297,67.56915283203125,True
2017-08-01,2017-08-10,5,"LIQUOR,WINE,BEER",56.72538375854492,40.97985076904297,71.98302459716797,83.61572265625,True
2017-08-01,2017-08-11,5,"LIQUOR,WINE,BEER",87.3365478515625,64.83290100097656,106.37863159179688,120.41020965576172,True
2017-08-01,2017-08-12,5,"LIQUOR,WINE,BEER",115.357421875,89.7938232421875,136.07241821289062,150.0963134765625,True
2017-08-01,2017-08-13,5,"LIQUOR,WINE,BEER",64.4840087890625,43.45441436767578,83.36282348632812,96.48872375488281,True
2017-08-01,2017-08-14,5,"LIQUOR,WINE,BEER",43.4484748840332,28.883560180664062,57.58351135253906,68.90897369384766,True
2017-08-01,2017-08-15,5,"LIQUOR,WINE,BEER",43.49610900878906,32.7181396484375,54.307926177978516,63.607906341552734,True
2017-08-01,2017-08-01,5,MAGAZINES,4.585406303405762,1.505690097808838,7.028641223907471,8.539385795593262,True
2017-08-01,2017-08-02,5,MAGAZINES,4.831568717956543,1.759514331817627,7.293292999267578,8.835254669189453,True
2017-08-01,2017-08-03,5,MAGAZINES,5.0503010749816895,1.8338923454284668,7.767021179199219,9.423727035522461,True
2017-08-01,2017-08-04,5,MAGAZINES,6.029667377471924,2.426469326019287,8.970909118652344,10.833379745483398,True
2017-08-01,2017-08-05,5,MAGAZINES,8.195266723632812,4.234097480773926,11.329471588134766,13.27111530303955,True
2017-08-01,2017-08-06,5,MAGAZINES,7.755213260650635,3.8047754764556885,10.954079627990723,12.85789680480957,True
2017-08-01,2017-08-07,5,MAGAZINES,5.661564826965332,1.9565539360046387,8.769264221191406,10.669363021850586,True
2017-08-01,2017-08-08,5,MAGAZINES,5.188277244567871,1.7462730407714844,8.042743682861328,9.87303352355957,True
2017-08-01,2017-08-09,5,MAGAZINES,5.185888290405273,1.8667850494384766,7.987424373626709,9.751659393310547,True
2017-08-01,2017-08-10,5,MAGAZINES,5.365242004394531,1.9106664657592773,8.261222839355469,10.162692070007324,True
2017-08-01,2017-08-11,5,MAGAZINES,6.407607078552246,2.707913398742676,9.523117065429688,11.520471572875977,True
2017-08-01,2017-08-12,5,MAGAZINES,8.357425689697266,4.40545654296875,11.59535026550293,13.614471435546875,True
2017-08-01,2017-08-13,5,MAGAZINES,7.816221237182617,3.9163618087768555,11.084232330322266,13.084898948669434,True
2017-08-01,2017-08-14,5,MAGAZINES,5.726675987243652,2.072117328643799,8.874140739440918,10.863184928894043,True
2017-08-01,2017-08-15,5,MAGAZINES,5.217566013336182,1.7963738441467285,8.146835327148438,10.015121459960938,True
2017-08-01,2017-08-01,12,BABY CARE,0.0,0.0,0.001717403531074524,0.009088493883609772,True
2017-08-01,2017-08-02,12,BABY CARE,0.0,0.0,0.002804473042488098,0.008314371109008789,True
2017-08-01,2017-08-03,12,BABY CARE,0.0,0.0,0.004098162055015564,0.011853426694869995,True
2017-08-01,2017-08-04,12,BABY CARE,0.0,0.0,0.003943838179111481,0.019751854240894318,True
2017-08-01,2017-08-05,12,BABY CARE,0.0,0.0,0.003041468560695648,0.013708263635635376,True
2017-08-01,2017-08-06,12,BABY CARE,0.0,0.0,0.006428606808185577,0.014326721429824829,True
2017-08-01,2017-08-07,12,BABY CARE,0.0,0.0,0.0019477754831314087,0.01865195482969284,True
2017-08-01,2017-08-08,12,BABY CARE,0.0,0.0,0.004595845937728882,0.026063375174999237,True
2017-08-01,2017-08-09,12,BABY CARE,0.0,0.0,0.004215426743030548,0.014211907982826233,True
2017-08-01,2017-08-10,12,BABY CARE,0.0,0.0,0.0066065713763237,0.015490792691707611,True
2017-08-01,2017-08-11,12,BABY CARE,0.0,0.0,0.00970563292503357,0.01466204971075058,True
2017-08-01,2017-08-12,12,BABY CARE,0.0,0.0,0.00407283753156662,0.027202852070331573,True
2017-08-01,2017-08-13,12,BABY CARE,0.0,0.0,0.0028191059827804565,0.019569851458072662,True
2017-08-01,2017-08-14,12,BABY CARE,0.0,0.0,0.005665145814418793,0.01920992136001587,True
2017-08-01,2017-08-15,12,BABY CARE,0.0,0.0,0.0019780993461608887,0.014849863946437836,True
2017-08-01,2017-08-01,12,BEVERAGES,1622.124267578125,1337.63427734375,1817.8477783203125,1941.1246337890625,True
2017-08-01,2017-08-02,12,BEVERAGES,1532.528564453125,1259.015625,1729.717529296875,1851.305419921875,True
2017-08-01,2017-08-03,12,BEVERAGES,1440.548828125,1165.6715087890625,1652.2451171875,1778.6080322265625,True
2017-08-01,2017-08-04,12,BEVERAGES,1616.9844970703125,1307.33642578125,1835.8316650390625,1982.854248046875,True
2017-08-01,2017-08-05,12,BEVERAGES,1930.16064453125,1591.94140625,2168.21044921875,2321.7705078125,True
2017-08-01,2017-08-06,12,BEVERAGES,2141.203125,1795.85400390625,2390.74560546875,2537.226318359375,True
2017-08-01,2017-08-07,12,BEVERAGES,1723.8255615234375,1389.3985595703125,1967.110595703125,2128.922607421875,True
2017-08-01,2017-08-08,12,BEVERAGES,1584.9287109375,1274.50732421875,1804.2862548828125,1961.435546875,True
2017-08-01,2017-08-09,12,BEVERAGES,1499.60546875,1212.0533447265625,1711.3333740234375,1849.6934814453125,True
2017-08-01,2017-08-10,12,BEVERAGES,1409.9822998046875,1118.3150634765625,1618.19287109375,1763.82861328125,True
2017-08-01,2017-08-11,12,BEVERAGES,1572.9971923828125,1260.69580078125,1793.791259765625,1943.427978515625,True
2017-08-01,2017-08-12,12,BEVERAGES,1901.55224609375,1555.712890625,2139.342041015625,2303.1494140625,True
2017-08-01,2017-08-13,12,BEVERAGES,2094.797119140625,1742.0313720703125,2347.510498046875,2506.224609375,True
2017-08-01,2017-08-14,12,BEVERAGES,1695.587646484375,1361.22119140625,1941.530029296875,2102.689697265625,True
2017-08-01,2017-08-15,12,BEVERAGES,1570.6231689453125,1261.14111328125,1799.084228515625,1953.6197509765625,True
2017-08-01,2017-08-01,12,BOOKS,0.0,0.0,0.0,0.0,True
2017-08-01,2017-08-02,12,BOOKS,0.0,0.0,0.0,0.0,True
2017-08-01,2017-08-03,12,BOOKS,0.0,0.0,0.0,0.0,True
2017-08-01,2017-08-04,12,BOOKS,0.0,0.0,0.0,0.0,True
2017-08-01,2017-08-05,12,BOOKS,0.0,0.0,0.0,0.0,True
2017-08-01,2017-08-06,12,BOOKS,0.0,0.0,0.0,0.0,True
2017-08-01,2017-08-07,12,BOOKS,0.0,0.0,0.0,0.0,True
2017-08-01,2017-08-08,12,BOOKS,0.0,0.0,0.0,0.0,True
2017-08-01,2017-08-09,12,BOOKS,0.0,0.0,0.0,0.0,True
2017-08-01,2017-08-10,12,BOOKS,0.0,0.0,0.0,0.0,True
2017-08-01,2017-08-11,12,BOOKS,0.0,0.0,0.0,0.0,True
2017-08-01,2017-08-12,12,BOOKS,0.0,0.0,0.0,0.0,True
2017-08-01,2017-08-13,12,BOOKS,0.0,0.0,0.0,0.0,True
2017-08-01,2017-08-14,12,BOOKS,0.0,0.0,0.0,0.0,True
2017-08-01,2017-08-15,12,BOOKS,0.0,0.0,0.0,0.0,True
2017-08-01,2017-08-01,12,GROCERY I,2968.6923828125,2625.25927734375,3235.033447265625,3411.11328125,True
2017-08-01,2017-08-02,12,GROCERY I,2999.091064453125,2678.490234375,3267.1884765625,3453.43115234375,True
2017-08-01,2017-08-03,12,GROCERY I,2747.7578125,2429.459716796875,3032.839599609375,3213.603271484375,True
2017-08-01,2017-08-04,12,GROCERY I,2851.858642578125,2497.35986328125,3159.87841796875,3382.239501953125,True
2017-08-01,2017-08-05,12,GROCERY I,3417.6591796875,3010.3642578125,3763.85791015625,3996.81201171875,True
2017-08-01,2017-08-06,12,GROCERY I,3301.755126953125,2868.416259765625,3678.163818359375,3919.078369140625,True
2017-08-01,2017-08-07,12,GROCERY I,3289.497314453125,2862.187744140625,3663.201416015625,3923.469482421875,True
2017-08-01,2017-08-08,12,GROCERY I,2898.7734375,2512.530029296875,3247.759765625,3504.74365234375,True
2017-08-01,2017-08-09,12,GROCERY I,2930.38330078125,2586.6240234375,3257.458251953125,3470.19873046875,True
2017-08-01,2017-08-10,12,GROCERY I,2667.219970703125,2328.48876953125,2975.05712890625,3200.57861328125,True
2017-08-01,2017-08-11,12,GROCERY I,2714.156982421875,2345.012939453125,3030.982177734375,3246.960693359375,True
2017-08-01,2017-08-12,12,GROCERY I,3246.14892578125,2809.56396484375,3591.43505859375,3839.7802734375,True
2017-08-01,2017-08-13,12,GROCERY I,3061.282470703125,2609.259521484375,3451.133056640625,3674.3994140625,True
2017-08-01,2017-08-14,12,GROCERY I,3091.423583984375,2650.111328125,3455.338623046875,3707.65576171875,True
2017-08-01,2017-08-15,12,GROCERY I,2704.38134765625,2323.7490234375,3036.824462890625,3261.69677734375,True
2017-08-01,2017-08-01,12,HOME APPLIANCES,0.056636229157447815,0.0,0.8015062808990479,1.0850088596343994,True
2017-08-01,2017-08-02,12,HOME APPLIANCES,0.015149921178817749,0.0,0.8102074265480042,1.1306030750274658,True
2017-08-01,2017-08-03,12,HOME APPLIANCES,0.00586739182472229,0.0,0.8310912847518921,1.1563732624053955,True
2017-08-01,2017-08-04,12,HOME APPLIANCES,0.0008586645126342773,0.0,0.8353506326675415,1.1837085485458374,True
2017-08-01,2017-08-05,12,HOME APPLIANCES,0.001397162675857544,0.0,0.8497204780578613,1.212888240814209,True
2017-08-01,2017-08-06,12,HOME APPLIANCES,0.0,0.0,0.8576168417930603,1.229298710823059,True
2017-08-01,2017-08-07,12,HOME APPLIANCES,0.005094349384307861,0.0,0.8677449822425842,1.2602852582931519,True
2017-08-01,2017-08-08,12,HOME APPLIANCES,0.0011252164840698242,0.0,0.8614099025726318,1.2696325778961182,True
2017-08-01,2017-08-09,12,HOME APPLIANCES,0.0019892454147338867,0.0,0.8715537786483765,1.2717194557189941,True
2017-08-01,2017-08-10,12,HOME APPLIANCES,0.0,0.0,0.8613899946212769,1.270194172859192,True
2017-08-01,2017-08-11,12,HOME APPLIANCES,0.0031123757362365723,0.0,0.8790215849876404,1.2821838855743408,True
2017-08-01,2017-08-12,12,HOME APPLIANCES,0.0010662674903869629,0.0,0.8718031048774719,1.2959496974945068,True
2017-08-01,2017-08-13,12,HOME APPLIANCES,0.0070511698722839355,0.0,0.8852227926254272,1.3064125776290894,True
2017-08-01,2017-08-14,12,HOME APPLIANCES,0.013530105352401733,0.0,0.9056813716888428,1.3283474445343018,True
2017-08-01,2017-08-15,12,HOME APPLIANCES,0.009485572576522827,0.0,0.919880211353302,1.3519853353500366,True
2017-08-01,2017-08-01,12,LAWN AND GARDEN,0.0,0.0,0.0,0.0,True
2017-08-01,2017-08-02,12,LAWN AND GARDEN,0.0,0.0,0.0,0.0,True
2017-08-01,2017-08-03,12,LAWN AND GARDEN,0.0,0.0,0.0,0.0,True
2017-08-01,2017-08-04,12,LAWN AND GARDEN,0.0,0.0,0.0,0.0,True
2017-08-01,2017-08-05,12,LAWN AND GARDEN,0.0,0.0,0.0,0.0,True
2017-08-01,2017-08-06,12,LAWN AND GARDEN,0.0,0.0,0.0,0.0,True
2017-08-01,2017-08-07,12,LAWN AND GARDEN,0.0,0.0,0.0,0.0,True
2017-08-01,2017-08-08,12,LAWN AND GARDEN,0.0,0.0,0.0,0.0,True
2017-08-01,2017-08-09,12,LAWN AND GARDEN,0.0,0.0,0.0,0.0,True
2017-08-01,2017-08-10,12,LAWN AND GARDEN,0.0,0.0,0.0,0.0,True
2017-08-01,2017-08-11,12,LAWN AND GARDEN,0.0,0.0,0.0,0.0,True
2017-08-01,2017-08-12,12,LAWN AND GARDEN,0.0,0.0,0.0,0.0,True
2017-08-01,2017-08-13,12,LAWN AND GARDEN,0.0,0.0,0.0,0.0,True
2017-08-01,2017-08-14,12,LAWN AND GARDEN,0.0,0.0,0.0,0.0,True
2017-08-01,2017-08-15,12,LAWN AND GARDEN,0.0,0.0,0.0,0.0,True
2017-08-01,2017-08-01,12,"LIQUOR,WINE,BEER",24.389934539794922,15.880207061767578,32.39204406738281,37.656166076660156,True
2017-08-01,2017-08-02,12,"LIQUOR,WINE,BEER",25.420299530029297,15.885213851928711,34.20888137817383,40.82052230834961,True
2017-08-01,2017-08-03,12,"LIQUOR,WINE,BEER",35.31867980957031,21.140636444091797,48.342464447021484,57.38990783691406,True
2017-08-01,2017-08-04,12,"LIQUOR,WINE,BEER",59.991493225097656,39.87975311279297,76.88004302978516,87.81430053710938,True
2017-08-01,2017-08-05,12,"LIQUOR,WINE,BEER",79.52566528320312,57.06719970703125,97.38504028320312,108.7055892944336,True
2017-08-01,2017-08-06,12,"LIQUOR,WINE,BEER",41.032779693603516,23.34383773803711,57.34843826293945,68.13223266601562,True
2017-08-01,2017-08-07,12,"LIQUOR,WINE,BEER",18.63509750366211,6.939495086669922,31.042484283447266,39.85026550292969,True
2017-08-01,2017-08-08,12,"LIQUOR,WINE,BEER",27.544095993041992,19.22886085510254,36.76354217529297,44.45897674560547,True
2017-08-01,2017-08-09,12,"LIQUOR,WINE,BEER",28.080490112304688,19.02179718017578,38.704864501953125,47.05885314941406,True
2017-08-01,2017-08-10,12,"LIQUOR,WINE,BEER",35.65433883666992,21.35206413269043,49.890663146972656,60.963706970214844,True
2017-08-01,2017-08-11,12,"LIQUOR,WINE,BEER",59.20692443847656,38.547760009765625,77.25238800048828,89.7205810546875,True
2017-08-01,2017-08-12,12,"LIQUOR,WINE,BEER",78.4288330078125,56.1634407043457,97.96195983886719,110.52167510986328,True
2017-08-01,2017-08-13,12,"LIQUOR,WINE,BEER",40.818851470947266,22.4362850189209,58.51764678955078,70.7806396484375,True
2017-08-01,2017-08-14,12,"LIQUOR,WINE,BEER",19.828006744384766,7.4832000732421875,33.424346923828125,44.192893981933594,True
2017-08-01,2017-08-15,12,"LIQUOR,WINE,BEER",27.94141960144043,18.81759262084961,38.31259536743164,47.197853088378906,True
2017-08-01,2017-08-01,12,MAGAZINES,1.3987442255020142,0.0,2.6233582496643066,3.4324116706848145,True
2017-08-01,2017-08-02,12,MAGAZINES,1.4320237636566162,0.0,2.7408089637756348,3.601909637451172,True
2017-08-01,2017-08-03,12,MAGAZINES,1.496656060218811,0.0,2.8888163566589355,3.7711338996887207,True
2017-08-01,2017-08-04,12,MAGAZINES,1.5088965892791748,0.0,2.926454782485962,3.866659641265869,True
2017-08-01,2017-08-05,12,MAGAZINES,1.5149844884872437,0.0,2.9615702629089355,3.889617681503296,True
2017-08-01,2017-08-06,12,MAGAZINES,1.5076756477355957,0.0,2.9748387336730957,3.8954741954803467,True
2017-08-01,2017-08-07,12,MAGAZINES,1.5131272077560425,0.015492796897888184,2.9946024417877197,3.9298923015594482,True
2017-08-01,2017-08-08,12,MAGAZINES,1.478469729423523,0.013764739036560059,2.941162347793579,3.886505603790283,True
2017-08-01,2017-08-09,12,MAGAZINES,1.4780129194259644,0.003767848014831543,2.94490385055542,3.8873367309570312,True
2017-08-01,2017-08-10,12,MAGAZINES,1.5193936824798584,0.0,2.9679131507873535,3.945855140686035,True
2017-08-01,2017-08-11,12,MAGAZINES,1.5092322826385498,0.0,2.980912446975708,3.9735984802246094,True
2017-08-01,2017-08-12,12,MAGAZINES,1.5167018175125122,0.0,2.964561939239502,3.9695332050323486,True
2017-08-01,2017-08-13,12,MAGAZINES,1.4762287139892578,0.0,2.904792547225952,3.9038963317871094,True
2017-08-01,2017-08-14,12,MAGAZINES,1.4114452600479126,0.0,2.8218865394592285,3.8079872131347656,True
2017-08-01,2017-08-15,12,MAGAZINES,1.3050193786621094,0.0,2.7031211853027344,3.6928393840789795,True
2017-08-01,2017-08-01,15,BABY CARE,0.6598964333534241,0.0,1.584602952003479,2.3311285972595215,True
2017-08-01,2017-08-02,15,BABY CARE,0.6926342844963074,0.0,1.6953834295272827,2.480236768722534,True
2017-08-01,2017-08-03,15,BABY CARE,0.7247660756111145,0.0,1.784995675086975,2.6073546409606934,True
2017-08-01,2017-08-04,15,BABY CARE,0.7625447511672974,0.0,1.8415992259979248,2.743053913116455,True
2017-08-01,2017-08-05,15,BABY CARE,0.7722158432006836,0.0,1.8730329275131226,2.785245180130005,True
2017-08-01,2017-08-06,15,BABY CARE,0.7784568667411804,0.0,1.9092049598693848,2.82696533203125,True
2017-08-01,2017-08-07,15,BABY CARE,0.7737757563591003,0.0,1.924485206604004,2.8760995864868164,True
2017-08-01,2017-08-08,15,BABY CARE,0.7826611399650574,0.0,1.925649881362915,2.8959436416625977,True
2017-08-01,2017-08-09,15,BABY CARE,0.7481709122657776,0.0,1.8964322805404663,2.865245819091797,True
2017-08-01,2017-08-10,15,BABY CARE,0.7515509724617004,0.0,1.9098016023635864,2.9091391563415527,True
2017-08-01,2017-08-11,15,BABY CARE,0.7757422924041748,0.0,1.9634130001068115,2.963870048522949,True
2017-08-01,2017-08-12,15,BABY CARE,0.8066100478172302,0.0,2.0004377365112305,3.0376691818237305,True
2017-08-01,2017-08-13,15,BABY CARE,0.8037846088409424,0.0,1.9750922918319702,3.037808418273926,True
2017-08-01,2017-08-14,15,BABY CARE,0.822579026222229,0.0,1.9907054901123047,3.0468530654907227,True
2017-08-01,2017-08-15,15,BABY CARE,0.8331872224807739,0.0,2.0078656673431396,3.0752391815185547,True
2017-08-01,2017-08-01,15,BEVERAGES,1616.9326171875,1300.0521240234375,1823.09423828125,1936.3148193359375,True
2017-08-01,2017-08-02,15,BEVERAGES,1584.839599609375,1257.0230712890625,1799.173583984375,1915.128662109375,True
2017-08-01,2017-08-03,15,BEVERAGES,1591.4696044921875,1262.2125244140625,1812.39013671875,1928.5118408203125,True
2017-08-01,2017-08-04,15,BEVERAGES,1624.996337890625,1291.0321044921875,1843.3739013671875,1967.0174560546875,True
2017-08-01,2017-08-05,15,BEVERAGES,1655.019775390625,1309.5687255859375,1876.135498046875,2001.4283447265625,True
2017-08-01,2017-08-06,15,BEVERAGES,1628.1114501953125,1282.7666015625,1857.8424072265625,1983.169921875,True
2017-08-01,2017-08-07,15,BEVERAGES,1674.9146728515625,1325.14013671875,1908.77587890625,2035.968994140625,True
2017-08-01,2017-08-08,15,BEVERAGES,1643.0499267578125,1299.358642578125,1874.777587890625,2005.890380859375,True
2017-08-01,2017-08-09,15,BEVERAGES,1603.0333251953125,1257.4617919921875,1834.18603515625,1963.78369140625,True
2017-08-01,2017-08-10,15,BEVERAGES,1605.1700439453125,1262.346923828125,1831.8828125,1966.8223876953125,True
2017-08-01,2017-08-11,15,BEVERAGES,1632.567626953125,1284.920166015625,1861.2080078125,1995.60498046875,True
2017-08-01,2017-08-12,15,BEVERAGES,1659.6146240234375,1313.75390625,1890.615478515625,2027.0556640625,True
2017-08-01,2017-08-13,15,BEVERAGES,1638.2818603515625,1289.116943359375,1875.7388916015625,2009.357177734375,True
2017-08-01,2017-08-14,15,BEVERAGES,1687.5335693359375,1331.791748046875,1922.1939697265625,2063.9580078125,True
2017-08-01,2017-08-15,15,BEVERAGES,1652.3035888671875,1300.1270751953125,1885.3870849609375,2023.962646484375,True
2017-08-01,2017-08-01,15,BOOKS,0.0,0.0,0.0,0.0,True
2017-08-01,2017-08-02,15,BOOKS,0.0,0.0,0.0,0.0,True
2017-08-01,2017-08-03,15,BOOKS,0.0,0.0,0.0,0.0,True
2017-08-01,2017-08-04,15,BOOKS,0.0,0.0,0.0,0.0,True
2017-08-01,2017-08-05,15,BOOKS,0.0,0.0,0.0,0.0,True
2017-08-01,2017-08-06,15,BOOKS,0.0,0.0,0.0,0.0,True
2017-08-01,2017-08-07,15,BOOKS,0.0,0.0,0.0,0.0,True
2017-08-01,2017-08-08,15,BOOKS,0.0,0.0,0.0,0.0,True
2017-08-01,2017-08-09,15,BOOKS,0.0,0.0,0.0,0.0,True
2017-08-01,2017-08-10,15,BOOKS,0.0,0.0,0.0,0.0,True
2017-08-01,2017-08-11,15,BOOKS,0.0,0.0,0.0,0.0,True
2017-08-01,2017-08-12,15,BOOKS,0.0,0.0,0.0,0.0,True
2017-08-01,2017-08-13,15,BOOKS,0.0,0.0,0.0,0.0,True
2017-08-01,2017-08-14,15,BOOKS,0.0,0.0,0.0,0.0,True
2017-08-01,2017-08-15,15,BOOKS,0.0,0.0,0.0,0.0,True
2017-08-01,2017-08-01,15,GROCERY I,2888.889892578125,2430.01904296875,3203.013671875,3395.6630859375,True
2017-08-01,2017-08-02,15,GROCERY I,2764.306396484375,2306.55908203125,3084.01318359375,3278.184326171875,True
2017-08-01,2017-08-03,15,GROCERY I,2581.382080078125,2129.17041015625,2906.11279296875,3095.4775390625,True
2017-08-01,2017-08-04,15,GROCERY I,2485.006103515625,2028.97802734375,2815.383056640625,3022.50390625,True
2017-08-01,2017-08-05,15,GROCERY I,2812.44775390625,2331.553466796875,3162.5849609375,3369.729736328125,True
2017-08-01,2017-08-06,15,GROCERY I,2648.050537109375,2138.591796875,3025.552734375,3250.64404296875,True
2017-08-01,2017-08-07,15,GROCERY I,2932.798583984375,2404.30029296875,3317.97705078125,3560.521484375,True
2017-08-01,2017-08-08,15,GROCERY I,2815.00341796875,2291.38037109375,3197.010498046875,3443.820068359375,True
2017-08-01,2017-08-09,15,GROCERY I,2716.425537109375,2207.39013671875,3094.0634765625,3312.555908203125,True
2017-08-01,2017-08-10,15,GROCERY I,2512.718994140625,2031.829345703125,2874.30908203125,3103.12109375,True
2017-08-01,2017-08-11,15,GROCERY I,2389.867431640625,1903.45849609375,2748.517578125,2969.78955078125,True
2017-08-01,2017-08-12,15,GROCERY I,2707.743896484375,2196.9150390625,3072.48876953125,3305.692626953125,True
2017-08-01,2017-08-13,15,GROCERY I,2515.971923828125,1987.91552734375,2909.447509765625,3134.68017578125,True
2017-08-01,2017-08-14,15,GROCERY I,2829.2939453125,2279.940673828125,3224.3974609375,3475.51171875,True
2017-08-01,2017-08-15,15,GROCERY I,2734.592041015625,2196.898193359375,3127.0341796875,3364.03759765625,True
2017-08-01,2017-08-01,15,HOME APPLIANCES,0.002858303487300873,0.0,0.1286909282207489,0.26619887351989746,True
2017-08-01,2017-08-02,15,HOME APPLIANCES,0.0,0.0,0.1297726333141327,0.29193079471588135,True
2017-08-01,2017-08-03,15,HOME APPLIANCES,0.0,0.0,0.1407783031463623,0.31876859068870544,True
2017-08-01,2017-08-04,15,HOME APPLIANCES,0.0,0.0,0.1402851939201355,0.3494904041290283,True
2017-08-01,2017-08-05,15,HOME APPLIANCES,0.000232011079788208,0.0,0.1520320475101471,0.3627079725265503,True
2017-08-01,2017-08-06,15,HOME APPLIANCES,0.002419307827949524,0.0,0.15702620148658752,0.38127660751342773,True
2017-08-01,2017-08-07,15,HOME APPLIANCES,0.0027362853288650513,0.0,0.15574949979782104,0.4011520445346832,True
2017-08-01,2017-08-08,15,HOME APPLIANCES,0.0007588863372802734,0.0,0.15905070304870605,0.4213641583919525,True
2017-08-01,2017-08-09,15,HOME APPLIANCES,0.0012299641966819763,0.0,0.16173376142978668,0.41236281394958496,True
2017-08-01,2017-08-10,15,HOME APPLIANCES,0.0,0.0,0.16193728148937225,0.4251544773578644,True
2017-08-01,2017-08-11,15,HOME APPLIANCES,0.0002526789903640747,0.0,0.16461539268493652,0.42493778467178345,True
2017-08-01,2017-08-12,15,HOME APPLIANCES,0.0020928755402565002,0.0,0.16503560543060303,0.4537986218929291,True
2017-08-01,2017-08-13,15,HOME APPLIANCES,0.0022827908396720886,0.0,0.16930286586284637,0.44846799969673157,True
2017-08-01,2017-08-14,15,HOME APPLIANCES,0.0040605440735816956,0.0,0.17330706119537354,0.4570939540863037,True
2017-08-01,2017-08-15,15,HOME APPLIANCES,0.0013956129550933838,0.0,0.17134812474250793,0.4612773358821869,True
2017-08-01,2017-08-01,15,LAWN AND GARDEN,0.0,0.0,0.0,0.0,True
2017-08-01,2017-08-02,15,LAWN AND GARDEN,0.0,0.0,0.0,0.0,True
2017-08-01,2017-08-03,15,LAWN AND GARDEN,0.0,0.0,0.0,0.0,True
2017-08-01,2017-08-04,15,LAWN AND GARDEN,0.0,0.0,0.0,0.0,True
2017-08-01,2017-08-05,15,LAWN AND GARDEN,0.0,0.0,0.0,0.0,True
2017-08-01,2017-08-06,15,LAWN AND GARDEN,0.0,0.0,0.0,0.0,True
2017-08-01,2017-08-07,15,LAWN AND GARDEN,0.0,0.0,0.0,0.0,True
2017-08-01,2017-08-08,15,LAWN AND GARDEN,0.0,0.0,0.0,0.0,True
2017-08-01,2017-08-09,15,LAWN AND GARDEN,0.0,0.0,0.0,0.0,True
2017-08-01,2017-08-10,15,LAWN AND GARDEN,0.0,0.0,0.0,0.0,True
2017-08-01,2017-08-11,15,LAWN AND GARDEN,0.0,0.0,0.0,0.0,True
2017-08-01,2017-08-12,15,LAWN AND GARDEN,0.0,0.0,0.0,0.0,True
2017-08-01,2017-08-13,15,LAWN AND GARDEN,0.0,0.0,0.0,0.0,True
2017-08-01,2017-08-14,15,LAWN AND GARDEN,0.0,0.0,0.0,0.0,True
2017-08-01,2017-08-15,15,LAWN AND GARDEN,0.0,0.0,0.0,0.0,True
2017-08-01,2017-08-01,15,"LIQUOR,WINE,BEER",14.171704292297363,6.705898284912109,20.524202346801758,24.60433006286621,True
2017-08-01,2017-08-02,15,"LIQUOR,WINE,BEER",17.078182220458984,9.154410362243652,23.842418670654297,28.52056312561035,True
2017-08-01,2017-08-03,15,"LIQUOR,WINE,BEER",20.12679672241211,10.435839653015137,28.484485626220703,33.82733917236328,True
2017-08-01,2017-08-04,15,"LIQUOR,WINE,BEER",35.08623504638672,23.162405014038086,44.636627197265625,50.460758209228516,True
2017-08-01,2017-08-05,15,"LIQUOR,WINE,BEER",42.409950256347656,29.98540496826172,52.30004119873047,58.30080032348633,True
2017-08-01,2017-08-06,15,"LIQUOR,WINE,BEER",15.915857315063477,5.370214462280273,25.281841278076172,31.270383834838867,True
2017-08-01,2017-08-07,15,"LIQUOR,WINE,BEER",13.869779586791992,5.233860015869141,21.743974685668945,27.101665496826172,True
2017-08-01,2017-08-08,15,"LIQUOR,WINE,BEER",15.3478364944458,8.128703117370605,22.412891387939453,27.134552001953125,True
2017-08-01,2017-08-09,15,"LIQUOR,WINE,BEER",17.43300437927246,9.693586349487305,24.915023803710938,30.28790283203125,True
2017-08-01,2017-08-10,15,"LIQUOR,WINE,BEER",20.72348403930664,11.106302261352539,29.58423614501953,35.89293670654297,True
2017-08-01,2017-08-11,15,"LIQUOR,WINE,BEER",35.95793533325195,23.85485076904297,46.09718322753906,52.79100799560547,True
2017-08-01,2017-08-12,15,"LIQUOR,WINE,BEER",43.240447998046875,30.805805206298828,54.02482604980469,60.73357391357422,True
2017-08-01,2017-08-13,15,"LIQUOR,WINE,BEER",16.62668228149414,5.740894317626953,26.86310577392578,33.65829086303711,True
2017-08-01,2017-08-14,15,"LIQUOR,WINE,BEER",14.767329216003418,5.193387985229492,23.292158126831055,29.513120651245117,True
2017-08-01,2017-08-15,15,"LIQUOR,WINE,BEER",15.91973876953125,7.335729598999023,23.445388793945312,29.12732696533203,True
2017-08-01,2017-08-01,15,MAGAZINES,1.4327051639556885,0.0,2.646557092666626,3.435854911804199,True
2017-08-01,2017-08-02,15,MAGAZINES,1.2380831241607666,0.0,2.4924559593200684,3.3242616653442383,True
2017-08-01,2017-08-03,15,MAGAZINES,1.0595550537109375,0.0,2.3992342948913574,3.2375707626342773,True
2017-08-01,2017-08-04,15,MAGAZINES,1.7516891956329346,0.2390655279159546,3.1364641189575195,4.039551734924316,True
2017-08-01,2017-08-05,15,MAGAZINES,2.007046699523926,0.39785969257354736,3.4525277614593506,4.375592231750488,True
2017-08-01,2017-08-06,15,MAGAZINES,1.675753116607666,0.04013466835021973,3.170058488845825,4.0934648513793945,True
2017-08-01,2017-08-07,15,MAGAZINES,1.8439276218414307,0.22975409030914307,3.3173632621765137,4.265415191650391,True
2017-08-01,2017-08-08,15,MAGAZINES,1.7036062479019165,0.17051959037780762,3.110598564147949,4.0397162437438965,True
2017-08-01,2017-08-09,15,MAGAZINES,1.4294353723526,0.0,2.8076791763305664,3.6822736263275146,True
2017-08-01,2017-08-10,15,MAGAZINES,1.1300358772277832,0.0,2.4685721397399902,3.3899781703948975,True
2017-08-01,2017-08-11,15,MAGAZINES,1.6181981563568115,0.06981325149536133,3.011108636856079,3.9268715381622314,True
2017-08-01,2017-08-12,15,MAGAZINES,1.8484857082366943,0.23333418369293213,3.297234058380127,4.270237445831299,True
2017-08-01,2017-08-13,15,MAGAZINES,1.566996455192566,0.0,3.0685534477233887,4.034915924072266,True
2017-08-01,2017-08-14,15,MAGAZINES,1.810475468635559,0.19819271564483643,3.287269115447998,4.269368648529053,True
2017-08-01,2017-08-15,15,MAGAZINES,1.6366124153137207,0.09801781177520752,3.075150489807129,4.008739948272705,True
2017-08-01,2017-08-01,19,BABY CARE,0.8704557418823242,0.0,1.74433171749115,2.352682113647461,True
2017-08-01,2017-08-02,19,BABY CARE,0.8640984892845154,0.0,1.8105072975158691,2.498168706893921,True
2017-08-01,2017-08-03,19,BABY CARE,0.8867812752723694,0.0,1.8981400728225708,2.6021387577056885,True
2017-08-01,2017-08-04,19,BABY CARE,0.8987083435058594,0.0,1.9129992723464966,2.689580202102661,True
2017-08-01,2017-08-05,19,BABY CARE,0.9003711342811584,0.0,1.9548227787017822,2.7385663986206055,True
2017-08-01,2017-08-06,19,BABY CARE,0.8937473297119141,0.0,1.98283851146698,2.788620710372925,True
2017-08-01,2017-08-07,19,BABY CARE,0.8586050271987915,0.0,1.9727674722671509,2.8098180294036865,True
2017-08-01,2017-08-08,19,BABY CARE,0.841647207736969,0.0,1.9547796249389648,2.824671983718872,True
2017-08-01,2017-08-09,19,BABY CARE,0.8297969102859497,0.0,1.956351399421692,2.7961926460266113,True
2017-08-01,2017-08-10,19,BABY CARE,0.8078275918960571,0.0,1.9291541576385498,2.789391040802002,True
2017-08-01,2017-08-11,19,BABY CARE,0.8315433263778687,0.0,1.9650243520736694,2.8093655109405518,True
2017-08-01,2017-08-12,19,BABY CARE,0.8423380255699158,0.0,1.9536409378051758,2.860851764678955,True
2017-08-01,2017-08-13,19,BABY CARE,0.840308427810669,0.0,1.9831504821777344,2.8553311824798584,True
2017-08-01,2017-08-14,19,BABY CARE,0.8337461352348328,0.0,1.9856566190719604,2.877436637878418,True
2017-08-01,2017-08-15,19,BABY CARE,0.8301483988761902,0.0,1.9890930652618408,2.8958334922790527,True
2017-08-01,2017-08-01,19,BEVERAGES,2264.110107421875,1969.82177734375,2463.43505859375,2579.3173828125,True
2017-08-01,2017-08-02,19,BEVERAGES,2215.86767578125,1931.876708984375,2416.461669921875,2551.70703125,True
2017-08-01,2017-08-03,19,BEVERAGES,2109.977294921875,1801.475341796875,2351.005615234375,2513.8037109375,True
2017-08-01,2017-08-04,19,BEVERAGES,2446.305419921875,2061.035400390625,2724.28759765625,2902.1806640625,True
2017-08-01,2017-08-05,19,BEVERAGES,3716.61328125,3277.369873046875,4029.775634765625,4232.45263671875,True
2017-08-01,2017-08-06,19,BEVERAGES,2720.92578125,2306.525634765625,3053.4306640625,3259.04638671875,True
2017-08-01,2017-08-07,19,BEVERAGES,2396.9736328125,2006.2344970703125,2707.43359375,2917.01611328125,True
2017-08-01,2017-08-08,19,BEVERAGES,2197.189697265625,1842.29052734375,2465.18603515625,2671.82568359375,True
2017-08-01,2017-08-09,19,BEVERAGES,2125.26953125,1791.9066162109375,2403.23779296875,2585.61572265625,True
2017-08-01,2017-08-10,19,BEVERAGES,2017.3572998046875,1658.4195556640625,2312.7509765625,2513.59130859375,True
2017-08-01,2017-08-11,19,BEVERAGES,2351.511474609375,1938.0360107421875,2681.660888671875,2888.453125,True
2017-08-01,2017-08-12,19,BEVERAGES,3611.435302734375,3148.5205078125,3961.97021484375,4169.97021484375,True
2017-08-01,2017-08-13,19,BEVERAGES,2578.177978515625,2123.3876953125,2948.88720703125,3172.77783203125,True
2017-08-01,2017-08-14,19,BEVERAGES,2327.734375,1911.774658203125,2661.330078125,2868.53076171875,True
2017-08-01,2017-08-15,19,BEVERAGES,2118.255615234375,1745.2861328125,2425.56640625,2625.033935546875,True
2017-08-01,2017-08-01,19,BOOKS,0.0,0.0,0.0,0.0,True
2017-08-01,2017-08-02,19,BOOKS,0.0,0.0,0.0,0.0,True
2017-08-01,2017-08-03,19,BOOKS,0.0,0.0,0.0,0.0,True
2017-08-01,2017-08-04,19,BOOKS,0.0,0.0,0.0,0.0,True
2017-08-01,2017-08-05,19,BOOKS,0.0,0.0,0.0,0.0,True
2017-08-01,2017-08-06,19,BOOKS,0.0,0.0,0.0,0.0,True
2017-08-01,2017-08-07,19,BOOKS,0.0,0.0,0.0,0.0,True
2017-08-01,2017-08-08,19,BOOKS,0.0,0.0,0.0,0.0,True
2017-08-01,2017-08-09,19,BOOKS,0.0,0.0,0.0,0.0,True
2017-08-01,2017-08-10,19,BOOKS,0.0,0.0,0.0,0.0,True
2017-08-01,2017-08-11,19,BOOKS,0.0,0.0,0.0,0.0,True
2017-08-01,2017-08-12,19,BOOKS,0.0,0.0,0.0,0.0,True
2017-08-01,2017-08-13,19,BOOKS,0.0,0.0,0.0,0.0,True
2017-08-01,2017-08-14,19,BOOKS,0.0,0.0,0.0,0.0,True
2017-08-01,2017-08-15,19,BOOKS,0.0,0.0,0.0,0.0,True
2017-08-01,2017-08-01,19,GROCERY I,3365.77783203125,2972.737548828125,3627.07177734375,3788.30908203125,True
2017-08-01,2017-08-02,19,GROCERY I,3039.21044921875,2688.536865234375,3310.682861328125,3474.87744140625,True
2017-08-01,2017-08-03,19,GROCERY I,2917.416259765625,2513.1298828125,3218.1943359375,3399.5517578125,True
2017-08-01,2017-08-04,19,GROCERY I,3137.462158203125,2636.628662109375,3482.322509765625,3693.22705078125,True
2017-08-01,2017-08-05,19,GROCERY I,5069.68359375,4481.796875,5438.92724609375,5665.109375,True
2017-08-01,2017-08-06,19,GROCERY I,3601.48681640625,3066.580322265625,4007.598876953125,4229.58203125,True
2017-08-01,2017-08-07,19,GROCERY I,3597.2255859375,3086.720458984375,3972.537353515625,4188.75439453125,True
2017-08-01,2017-08-08,19,GROCERY I,3168.01220703125,2692.48046875,3462.29833984375,3674.686767578125,True
2017-08-01,2017-08-09,19,GROCERY I,2770.04833984375,2349.25048828125,3087.495849609375,3266.85009765625,True
2017-08-01,2017-08-10,19,GROCERY I,2751.9755859375,2299.88525390625,3064.87158203125,3279.696533203125,True
2017-08-01,2017-08-11,19,GROCERY I,2983.39013671875,2449.962646484375,3344.87060546875,3586.76025390625,True
2017-08-01,2017-08-12,19,GROCERY I,4903.8564453125,4297.1787109375,5300.67138671875,5533.70849609375,True
2017-08-01,2017-08-13,19,GROCERY I,3416.036865234375,2806.844482421875,3841.937255859375,4089.331298828125,True
2017-08-01,2017-08-14,19,GROCERY I,3498.843017578125,2945.49609375,3862.001953125,4113.765625,True
2017-08-01,2017-08-15,19,GROCERY I,3120.564453125,2643.43212890625,3442.23583984375,3664.743896484375,True
2017-08-01,2017-08-01,19,HOME APPLIANCES,0.0025185048580169678,0.0,0.5738726854324341,0.7840295433998108,True
2017-08-01,2017-08-02,19,HOME APPLIANCES,0.0,0.0,0.6021932363510132,0.8388040661811829,True
2017-08-01,2017-08-03,19,HOME APPLIANCES,0.0,0.0,0.6261978149414062,0.8716999888420105,True
2017-08-01,2017-08-04,19,HOME APPLIANCES,0.0,0.0,0.6336177587509155,0.9007093906402588,True
2017-08-01,2017-08-05,19,HOME APPLIANCES,0.0,0.0,0.652501106262207,0.9316139221191406,True
2017-08-01,2017-08-06,19,HOME APPLIANCES,0.0,0.0,0.6609069108963013,0.9477370381355286,True
2017-08-01,2017-08-07,19,HOME APPLIANCES,0.0,0.0,0.661750316619873,0.966738760471344,True
2017-08-01,2017-08-08,19,HOME APPLIANCES,0.0,0.0,0.6532738208770752,0.9737270474433899,True
2017-08-01,2017-08-09,19,HOME APPLIANCES,0.0,0.0,0.6503467559814453,0.9667316675186157,True
2017-08-01,2017-08-10,19,HOME APPLIANCES,0.0,0.0,0.6576802730560303,0.9848037958145142,True
2017-08-01,2017-08-11,19,HOME APPLIANCES,0.0,0.0,0.6696337461471558,0.9915142059326172,True
2017-08-01,2017-08-12,19,HOME APPLIANCES,0.0,0.0,0.6725190877914429,1.0109162330627441,True
2017-08-01,2017-08-13,19,HOME APPLIANCES,0.0,0.0,0.6868619918823242,1.0179964303970337,True
2017-08-01,2017-08-14,19,HOME APPLIANCES,0.0029450654983520508,0.0,0.7037398815155029,1.0364347696304321,True
2017-08-01,2017-08-15,19,HOME APPLIANCES,0.0,0.0,0.7030086517333984,1.05014169216156,True
2017-08-01,2017-08-01,19,LAWN AND GARDEN,0.0,0.0,0.0,0.0,True
2017-08-01,2017-08-02,19,LAWN AND GARDEN,0.0,0.0,0.0,0.0,True
2017-08-01,2017-08-03,19,LAWN AND GARDEN,0.0,0.0,0.0,0.0,True
2017-08-01,2017-08-04,19,LAWN AND GARDEN,0.0,0.0,0.0,0.0,True
2017-08-01,2017-08-05,19,LAWN AND GARDEN,0.0,0.0,0.0,0.0,True
2017-08-01,2017-08-06,19,LAWN AND GARDEN,0.0,0.0,0.0,0.0,True
2017-08-01,2017-08-07,19,LAWN AND GARDEN,0.0,0.0,0.0,0.0,True
2017-08-01,2017-08-08,19,LAWN AND GARDEN,0.0,0.0,0.0,0.0,True
2017-08-01,2017-08-09,19,LAWN AND GARDEN,0.0,0.0,0.0,0.0,True
2017-08-01,2017-08-10,19,LAWN AND GARDEN,0.0,0.0,0.0,0.0,True
2017-08-01,2017-08-11,19,LAWN AND GARDEN,0.0,0.0,0.0,0.0,True
2017-08-01,2017-08-12,19,LAWN AND GARDEN,0.0,0.0,0.0,0.0,True
2017-08-01,2017-08-13,19,LAWN AND GARDEN,0.0,0.0,0.0,0.0,True
2017-08-01,2017-08-14,19,LAWN AND GARDEN,0.0,0.0,0.0,0.0,True
2017-08-01,2017-08-15,19,LAWN AND GARDEN,0.0,0.0,0.0,0.0,True
2017-08-01,2017-08-01,19,"LIQUOR,WINE,BEER",30.093626022338867,9.562555313110352,50.10040283203125,64.80819702148438,True
2017-08-01,2017-08-02,19,"LIQUOR,WINE,BEER",26.322010040283203,3.0136032104492188,50.16975021362305,68.97312927246094,True
2017-08-01,2017-08-03,19,"LIQUOR,WINE,BEER",38.04655075073242,6.683506011962891,69.58847045898438,92.30819702148438,True
2017-08-01,2017-08-04,19,"LIQUOR,WINE,BEER",58.18163299560547,18.09488296508789,95.42716979980469,121.65971374511719,True
2017-08-01,2017-08-05,19,"LIQUOR,WINE,BEER",72.0244140625,29.06535530090332,111.23714447021484,138.99871826171875,True
2017-08-01,2017-08-06,19,"LIQUOR,WINE,BEER",33.77352523803711,0.0,71.14552307128906,98.04850006103516,True
2017-08-01,2017-08-07,19,"LIQUOR,WINE,BEER",23.11646842956543,0.0,56.009700775146484,80.62548828125,True
2017-08-01,2017-08-08,19,"LIQUOR,WINE,BEER",30.533946990966797,7.637056350708008,59.70697021484375,82.86150360107422,True
2017-08-01,2017-08-09,19,"LIQUOR,WINE,BEER",28.73948860168457,4.134817123413086,59.806453704833984,83.58786010742188,True
2017-08-01,2017-08-10,19,"LIQUOR,WINE,BEER",39.05545425415039,7.68623161315918,74.09861755371094,101.665771484375,True
2017-08-01,2017-08-11,19,"LIQUOR,WINE,BEER",58.64323043823242,19.285465240478516,98.90079498291016,128.01370239257812,True
2017-08-01,2017-08-12,19,"LIQUOR,WINE,BEER",71.49539184570312,29.88791275024414,113.25067138671875,143.5298309326172,True
2017-08-01,2017-08-13,19,"LIQUOR,WINE,BEER",35.85499572753906,1.0650310516357422,75.36522674560547,104.6058578491211,True
2017-08-01,2017-08-14,19,"LIQUOR,WINE,BEER",26.007457733154297,0.0,60.174869537353516,87.68006896972656,True
2017-08-01,2017-08-15,19,"LIQUOR,WINE,BEER",31.255970001220703,9.085868835449219,61.68577194213867,86.56060791015625,True
2017-08-01,2017-08-01,19,MAGAZINES,2.0333847999572754,0.34322381019592285,3.459167003631592,4.399284362792969,True
2017-08-01,2017-08-02,19,MAGAZINES,2.0703623294830322,0.43936967849731445,3.57558012008667,4.572254180908203,True
2017-08-01,2017-08-03,19,MAGAZINES,2.0477731227874756,0.2634023427963257,3.7462854385375977,4.823660373687744,True
2017-08-01,2017-08-04,19,MAGAZINES,2.953958749771118,0.90168297290802,4.805138111114502,5.994508743286133,True
2017-08-01,2017-08-05,19,MAGAZINES,3.5481979846954346,1.3720329999923706,5.4833598136901855,6.722978591918945,True
2017-08-01,2017-08-06,19,MAGAZINES,2.629570245742798,0.5651407241821289,4.527383804321289,5.739571571350098,True
2017-08-01,2017-08-07,19,MAGAZINES,2.3639817237854004,0.5363799333572388,4.114795207977295,5.261340141296387,True
2017-08-01,2017-08-08,19,MAGAZINES,1.971360206604004,0.35873961448669434,3.548187255859375,4.618330001831055,True
2017-08-01,2017-08-09,19,MAGAZINES,2.021451473236084,0.44550013542175293,3.60083270072937,4.671892166137695,True
2017-08-01,2017-08-10,19,MAGAZINES,2.058769464492798,0.3052464723587036,3.725774049758911,4.9036760330200195,True
2017-08-01,2017-08-11,19,MAGAZINES,3.024134874343872,0.9983989000320435,4.865777969360352,6.098919868469238,True
2017-08-01,2017-08-12,19,MAGAZINES,3.6130216121673584,1.441759705543518,5.562483310699463,6.8327412605285645,True
2017-08-01,2017-08-13,19,MAGAZINES,2.6302599906921387,0.5867805480957031,4.567727088928223,5.807662010192871,True
2017-08-01,2017-08-14,19,MAGAZINES,2.338984966278076,0.4562203884124756,4.086174488067627,5.300012588500977,True
2017-08-01,2017-08-15,19,MAGAZINES,1.9115355014801025,0.23682594299316406,3.5253424644470215,4.645042419433594,True
2017-08-01,2017-08-01,23,BABY CARE,0.0,0.0,0.0,0.0,True
2017-08-01,2017-08-02,23,BABY CARE,0.0,0.0,0.0,0.0,True
2017-08-01,2017-08-03,23,BABY CARE,0.0,0.0,0.0,0.0,True
2017-08-01,2017-08-04,23,BABY CARE,0.0,0.0,0.0,0.0,True
2017-08-01,2017-08-05,23,BABY CARE,0.0,0.0,0.0,0.0,True
2017-08-01,2017-08-06,23,BABY CARE,0.0,0.0,0.0,0.0,True
2017-08-01,2017-08-07,23,BABY CARE,0.0,0.0,0.0,0.0,True
2017-08-01,2017-08-08,23,BABY CARE,0.0,0.0,0.0,0.0,True
2017-08-01,2017-08-09,23,BABY CARE,0.0,0.0,0.0,0.0,True
2017-08-01,2017-08-10,23,BABY CARE,0.0,0.0,0.0,0.0,True
2017-08-01,2017-08-11,23,BABY CARE,0.0,0.0,0.0,0.0,True
2017-08-01,2017-08-12,23,BABY CARE,0.0,0.0,0.0,0.0,True
2017-08-01,2017-08-13,23,BABY CARE,0.0,0.0,0.0,0.0,True
2017-08-01,2017-08-14,23,BABY CARE,0.0,0.0,0.0,0.0,True
2017-08-01,2017-08-15,23,BABY CARE,0.0,0.0,0.0,0.0,True
2017-08-01,2017-08-01,23,BEVERAGES,1468.760986328125,1238.774658203125,1629.418701171875,1733.8853759765625,True
2017-08-01,2017-08-02,23,BEVERAGES,1473.1982421875,1263.996826171875,1627.8184814453125,1723.0185546875,True
2017-08-01,2017-08-03,23,BEVERAGES,1339.6390380859375,1133.3709716796875,1502.3299560546875,1602.3525390625,True
2017-08-01,2017-08-04,23,BEVERAGES,1504.5589599609375,1268.71630859375,1677.9088134765625,1798.8548583984375,True
2017-08-01,2017-08-05,23,BEVERAGES,1840.132080078125,1564.8990478515625,2027.43115234375,2153.0029296875,True
2017-08-01,2017-08-06,23,BEVERAGES,2005.46728515625,1718.37353515625,2204.98388671875,2328.2568359375,True
2017-08-01,2017-08-07,23,BEVERAGES,1508.1396484375,1238.3173828125,1702.644775390625,1840.004638671875,True
2017-08-01,2017-08-08,23,BEVERAGES,1457.3614501953125,1218.491943359375,1632.85595703125,1759.910400390625,True
2017-08-01,2017-08-09,23,BEVERAGES,1472.5374755859375,1248.868408203125,1633.7838134765625,1744.17041015625,True
2017-08-01,2017-08-10,23,BEVERAGES,1348.390625,1132.5223388671875,1509.9364013671875,1627.6356201171875,True
2017-08-01,2017-08-11,23,BEVERAGES,1504.2083740234375,1267.5758056640625,1677.6024169921875,1798.0723876953125,True
2017-08-01,2017-08-12,23,BEVERAGES,1833.1170654296875,1560.843505859375,2016.401611328125,2147.666015625,True
2017-08-01,2017-08-13,23,BEVERAGES,2002.673095703125,1715.9658203125,2200.786865234375,2322.7109375,True
2017-08-01,2017-08-14,23,BEVERAGES,1518.648681640625,1263.74169921875,1714.3284912109375,1842.4093017578125,True
2017-08-01,2017-08-15,23,BEVERAGES,1465.50244140625,1230.7646484375,1638.2249755859375,1761.1337890625,True
2017-08-01,2017-08-01,23,BOOKS,0.0,0.0,4.421919584274292e-05,0.001926785334944725,True
2017-08-01,2017-08-02,23,BOOKS,0.0,0.0,0.0,0.0009916815906763077,True
2017-08-01,2017-08-03,23,BOOKS,0.0,0.0,0.0,0.0019865576177835464,True
2017-08-01,2017-08-04,23,BOOKS,0.0,0.0,0.0,0.007415572181344032,True
2017-08-01,2017-08-05,23,BOOKS,0.0,0.0,0.00013176165521144867,0.0035571232438087463,True
2017-08-01,2017-08-06,23,BOOKS,0.0,0.0,0.0011647772043943405,0.0046547092497348785,True
2017-08-01,2017-08-07,23,BOOKS,0.0,0.0,0.0,0.006752151995897293,True
2017-08-01,2017-08-08,23,BOOKS,0.0,0.0,0.0002933274954557419,0.012381389737129211,True
2017-08-01,2017-08-09,23,BOOKS,0.0,0.0,0.0007642693817615509,0.002894524484872818,True
2017-08-01,2017-08-10,23,BOOKS,0.0,0.0,0.0006619524210691452,0.0037197917699813843,True
2017-08-01,2017-08-11,23,BOOKS,3.7923455238342285e-05,0.0,0.003281647339463234,0.0026083216071128845,False
2017-08-01,2017-08-12,23,BOOKS,9.624101221561432e-05,0.0,0.0004731435328722,0.012386763468384743,True
2017-08-01,2017-08-13,23,BOOKS,0.0,0.0,0.0003412533551454544,0.007458876818418503,True
2017-08-01,2017-08-14,23,BOOKS,0.0,0.0,0.0007975604385137558,0.005568856373429298,True
2017-08-01,2017-08-15,23,BOOKS,0.00017621740698814392,0.0,0.0,0.00291287899017334,True
2017-08-01,2017-08-01,23,GROCERY I,2161.093505859375,1853.3072509765625,2393.704833984375,2537.3427734375,True
2017-08-01,2017-08-02,23,GROCERY I,2181.8232421875,1899.6240234375,2404.70654296875,2542.01806640625,True
2017-08-01,2017-08-03,23,GROCERY I,2052.326904296875,1778.4896240234375,2277.717041015625,2412.630859375,True
2017-08-01,2017-08-04,23,GROCERY I,2127.541015625,1832.8292236328125,2360.9384765625,2511.705078125,True
2017-08-01,2017-08-05,23,GROCERY I,2336.58837890625,2007.80810546875,2590.166748046875,2747.345703125,True
2017-08-01,2017-08-06,23,GROCERY I,2428.314453125,2084.677490234375,2694.815185546875,2854.41748046875,True
2017-08-01,2017-08-07,23,GROCERY I,2240.918212890625,1910.024169921875,2504.93896484375,2671.781494140625,True
2017-08-01,2017-08-08,23,GROCERY I,2145.65478515625,1844.411376953125,2389.126708984375,2546.07177734375,True
2017-08-01,2017-08-09,23,GROCERY I,2154.401123046875,1879.131591796875,2381.00732421875,2521.9921875,True
2017-08-01,2017-08-10,23,GROCERY I,2035.45654296875,1767.05419921875,2256.595458984375,2405.19384765625,True
2017-08-01,2017-08-11,23,GROCERY I,2101.6015625,1814.802001953125,2337.120849609375,2490.77587890625,True
2017-08-01,2017-08-12,23,GROCERY I,2309.91357421875,1988.8773193359375,2564.5908203125,2726.152099609375,True
2017-08-01,2017-08-13,23,GROCERY I,2399.288330078125,2060.9619140625,2668.517333984375,2828.033447265625,True
2017-08-01,2017-08-14,23,GROCERY I,2225.256103515625,1897.96630859375,2489.4228515625,2655.3935546875,True
2017-08-01,2017-08-15,23,GROCERY I,2138.7177734375,1838.7996826171875,2381.863037109375,2536.569580078125,True
2017-08-01,2017-08-01,23,HOME APPLIANCES,0.0,0.0,0.28858682513237,0.5199021100997925,True
2017-08-01,2017-08-02,23,HOME APPLIANCES,0.0,0.0,0.3249410390853882,0.6041908860206604,True
2017-08-01,2017-08-03,23,HOME APPLIANCES,0.002359732985496521,0.0,0.3794369697570801,0.689507782459259,True
2017-08-01,2017-08-04,23,HOME APPLIANCES,0.0,0.0,0.40161752700805664,0.7612882256507874,True
2017-08-01,2017-08-05,23,HOME APPLIANCES,0.0031320005655288696,0.0,0.44164156913757324,0.8176960945129395,True
2017-08-01,2017-08-06,23,HOME APPLIANCES,0.0,0.0,0.461573988199234,0.8622806668281555,True
2017-08-01,2017-08-07,23,HOME APPLIANCES,0.004381120204925537,0.0,0.48266661167144775,0.9133744835853577,True
2017-08-01,2017-08-08,23,HOME APPLIANCES,0.003129616379737854,0.0,0.49876222014427185,0.9579612016677856,True
2017-08-01,2017-08-09,23,HOME APPLIANCES,0.009344860911369324,0.0,0.5291928052902222,0.9756270051002502,True
2017-08-01,2017-08-10,23,HOME APPLIANCES,0.016372784972190857,0.0,0.5525411367416382,1.0280084609985352,True
2017-08-01,2017-08-11,23,HOME APPLIANCES,0.02050738036632538,0.0,0.5751029253005981,1.054423451423645,True
2017-08-01,2017-08-12,23,HOME APPLIANCES,0.013254165649414062,0.0,0.5763459205627441,1.076817512512207,True
2017-08-01,2017-08-13,23,HOME APPLIANCES,0.015386343002319336,0.0,0.5787160992622375,1.0706353187561035,True
2017-08-01,2017-08-14,23,HOME APPLIANCES,0.012094080448150635,0.0,0.5710424780845642,1.0629477500915527,True
2017-08-01,2017-08-15,23,HOME APPLIANCES,0.0029021352529525757,0.0,0.552759051322937,1.046607255935669,True
2017-08-01,2017-08-01,23,LAWN AND GARDEN,1.8399503231048584,0.029344797134399414,3.6142544746398926,5.143424034118652,True
2017-08-01,2017-08-02,23,LAWN AND GARDEN,1.7769196033477783,0.1955413818359375,3.6707961559295654,5.200644016265869,True
2017-08-01,2017-08-03,23,LAWN AND GARDEN,2.01835298538208,0.06350922584533691,4.333436489105225,6.118131160736084,True
2017-08-01,2017-08-04,23,LAWN AND GARDEN,3.4666857719421387,0.9776303768157959,6.155993938446045,8.191362380981445,True
2017-08-01,2017-08-05,23,LAWN AND GARDEN,3.8765101432800293,1.1315577030181885,6.735189437866211,8.8662748336792,True
2017-08-01,2017-08-06,23,LAWN AND GARDEN,3.283294916152954,0.8843059539794922,5.993583679199219,8.075862884521484,True
2017-08-01,2017-08-07,23,LAWN AND GARDEN,2.307981014251709,0.5058612823486328,4.59146785736084,6.490253448486328,True
2017-08-01,2017-08-08,23,LAWN AND GARDEN,1.876741647720337,0.5615377426147461,3.771559000015259,5.577489852905273,True
2017-08-01,2017-08-09,23,LAWN AND GARDEN,1.7742362022399902,0.4856135845184326,3.6567723751068115,5.456834316253662,True
2017-08-01,2017-08-10,23,LAWN AND GARDEN,2.0279722213745117,0.2330150604248047,4.185400009155273,6.254498481750488,True
2017-08-01,2017-08-11,23,LAWN AND GARDEN,3.525468587875366,1.0453178882598877,6.194471836090088,8.400320053100586,True
2017-08-01,2017-08-12,23,LAWN AND GARDEN,3.853933334350586,1.1015686988830566,6.849272727966309,9.079133987426758,True
2017-08-01,2017-08-13,23,LAWN AND GARDEN,3.2622463703155518,0.6794476509094238,6.023388862609863,8.409534454345703,True
2017-08-01,2017-08-14,23,LAWN AND GARDEN,2.232940196990967,0.42469239234924316,4.542050838470459,6.672726631164551,True
2017-08-01,2017-08-15,23,LAWN AND GARDEN,1.803427815437317,0.45409202575683594,3.747546911239624,5.710755348205566,True
2017-08-01,2017-08-01,23,"LIQUOR,WINE,BEER",33.87076187133789,25.044775009155273,43.732322692871094,51.58580780029297,True
2017-08-01,2017-08-02,23,"LIQUOR,WINE,BEER",33.995521545410156,25.324831008911133,45.153419494628906,55.61090087890625,True
2017-08-01,2017-08-03,23,"LIQUOR,WINE,BEER",41.695220947265625,24.207284927368164,60.247535705566406,74.50602722167969,True
2017-08-01,2017-08-04,23,"LIQUOR,WINE,BEER",76.54825592041016,48.3265380859375,102.0731201171875,119.87574768066406,True
2017-08-01,2017-08-05,23,"LIQUOR,WINE,BEER",117.1868667602539,85.27751922607422,144.88912963867188,163.77587890625,True
2017-08-01,2017-08-06,23,"LIQUOR,WINE,BEER",49.48932647705078,25.699542999267578,73.7599868774414,91.5106201171875,True
2017-08-01,2017-08-07,23,"LIQUOR,WINE,BEER",31.551969528198242,18.650943756103516,48.33649444580078,62.49947738647461,True
2017-08-01,2017-08-08,23,"LIQUOR,WINE,BEER",32.01921081542969,26.30076026916504,42.486732482910156,54.57074737548828,True
2017-08-01,2017-08-09,23,"LIQUOR,WINE,BEER",36.26333236694336,30.282960891723633,48.74382400512695,62.25467300415039,True
2017-08-01,2017-08-10,23,"LIQUOR,WINE,BEER",41.29729461669922,25.465538024902344,60.46625518798828,78.10647583007812,True
2017-08-01,2017-08-11,23,"LIQUOR,WINE,BEER",75.32511901855469,47.99148178100586,102.25962829589844,123.40394592285156,True
2017-08-01,2017-08-12,23,"LIQUOR,WINE,BEER",119.84408569335938,88.52996826171875,149.89474487304688,171.4275665283203,True
2017-08-01,2017-08-13,23,"LIQUOR,WINE,BEER",54.47019577026367,29.631851196289062,81.13119506835938,102.18345642089844,True
2017-08-01,2017-08-14,23,"LIQUOR,WINE,BEER",34.965370178222656,20.498172760009766,53.75983428955078,71.3079833984375,True
2017-08-01,2017-08-15,23,"LIQUOR,WINE,BEER",31.56207275390625,23.911300659179688,44.526023864746094,59.02573013305664,True
2017-08-01,2017-08-01,23,MAGAZINES,5.189476490020752,2.483616828918457,7.135404586791992,8.299138069152832,True
2017-08-01,2017-08-02,23,MAGAZINES,5.00242280960083,2.2935738563537598,7.0375261306762695,8.222057342529297,True
2017-08-01,2017-08-03,23,MAGAZINES,4.747995376586914,2.014705181121826,6.842137336730957,8.03451156616211,True
2017-08-01,2017-08-04,23,MAGAZINES,4.994040489196777,2.199694871902466,7.103972434997559,8.338469505310059,True
2017-08-01,2017-08-05,23,MAGAZINES,5.237506866455078,2.3727316856384277,7.374746799468994,8.628732681274414,True
2017-08-01,2017-08-06,23,MAGAZINES,5.246517181396484,2.357166290283203,7.439827919006348,8.683492660522461,True
2017-08-01,2017-08-07,23,MAGAZINES,5.181130886077881,2.270512580871582,7.374938011169434,8.634946823120117,True
2017-08-01,2017-08-08,23,MAGAZINES,5.122122287750244,2.2381489276885986,7.295087814331055,8.533344268798828,True
2017-08-01,2017-08-09,23,MAGAZINES,4.889947891235352,2.0529794692993164,7.048042297363281,8.297996520996094,True
2017-08-01,2017-08-10,23,MAGAZINES,4.63867712020874,1.8015005588531494,6.763832092285156,8.052613258361816,True
2017-08-01,2017-08-11,23,MAGAZINES,4.870032787322998,1.9942536354064941,7.041953086853027,8.315019607543945,True
2017-08-01,2017-08-12,23,MAGAZINES,5.2018914222717285,2.2998690605163574,7.39944314956665,8.675056457519531,True
2017-08-01,2017-08-13,23,MAGAZINES,5.2637858390808105,2.336491346359253,7.506711006164551,8.775917053222656,True
2017-08-01,2017-08-14,23,MAGAZINES,5.187381267547607,2.223848581314087,7.402697563171387,8.72421932220459,True
2017-08-01,2017-08-15,23,MAGAZINES,5.146800518035889,2.21052885055542,7.342118263244629,8.642499923706055,True
2017-08-01,2017-08-01,24,BABY CARE,0.0029233992099761963,0.0,0.24711847305297852,0.4378681480884552,True
2017-08-01,2017-08-02,24,BABY CARE,0.0,0.0,0.2671861946582794,0.4916493892669678,True
2017-08-01,2017-08-03,24,BABY CARE,0.004418045282363892,0.0,0.29434236884117126,0.5400084257125854,True
2017-08-01,2017-08-04,24,BABY CARE,0.0017409473657608032,0.0,0.3024059534072876,0.5869184732437134,True
2017-08-01,2017-08-05,24,BABY CARE,0.004471480846405029,0.0,0.3203589916229248,0.6163938045501709,True
2017-08-01,2017-08-06,24,BABY CARE,0.0,0.0,0.3243287205696106,0.6367636919021606,True
2017-08-01,2017-08-07,24,BABY CARE,0.0,0.0,0.32347002625465393,0.6588094234466553,True
2017-08-01,2017-08-08,24,BABY CARE,0.0,0.0,0.3259824216365814,0.6808648109436035,True
2017-08-01,2017-08-09,24,BABY CARE,0.0,0.0,0.3300924301147461,0.67569500207901,True
2017-08-01,2017-08-10,24,BABY CARE,0.0,0.0,0.331706166267395,0.6924493908882141,True
2017-08-01,2017-08-11,24,BABY CARE,0.006100937724113464,0.0,0.34251683950424194,0.7001364827156067,True
2017-08-01,2017-08-12,24,BABY CARE,0.006648272275924683,0.0,0.3431025743484497,0.7298771142959595,True
2017-08-01,2017-08-13,24,BABY CARE,0.008924424648284912,0.0,0.3534441590309143,0.7276326417922974,True
2017-08-01,2017-08-14,24,BABY CARE,0.010323122143745422,0.0,0.3561657667160034,0.7343844771385193,True
2017-08-01,2017-08-15,24,BABY CARE,0.007248967885971069,0.0,0.35488778352737427,0.7463770508766174,True
2017-08-01,2017-08-01,24,BEVERAGES,3432.69189453125,2995.361328125,3744.157470703125,3923.9423828125,True
2017-08-01,2017-08-02,24,BEVERAGES,3659.444580078125,3256.15380859375,3967.611572265625,4143.1943359375,True
2017-08-01,2017-08-03,24,BEVERAGES,3175.411376953125,2732.6455078125,3514.109619140625,3713.787353515625,True
2017-08-01,2017-08-04,24,BEVERAGES,3899.593017578125,3354.47216796875,4285.40087890625,4520.5751953125,True
2017-08-01,2017-08-05,24,BEVERAGES,4537.755859375,3925.05615234375,4965.748046875,5226.59619140625,True
2017-08-01,2017-08-06,24,BEVERAGES,4170.09130859375,3574.736083984375,4611.46435546875,4853.20947265625,True
2017-08-01,2017-08-07,24,BEVERAGES,3660.85888671875,3125.65234375,4056.61279296875,4302.78759765625,True
2017-08-01,2017-08-08,24,BEVERAGES,3350.871826171875,2901.9755859375,3685.6494140625,3915.717041015625,True
2017-08-01,2017-08-09,24,BEVERAGES,3602.19873046875,3182.07470703125,3921.942138671875,4120.6796875,True
2017-08-01,2017-08-10,24,BEVERAGES,3151.2294921875,2691.7548828125,3488.612548828125,3721.77294921875,True
2017-08-01,2017-08-11,24,BEVERAGES,3829.859375,3281.05712890625,4212.65673828125,4459.8662109375,True
2017-08-01,2017-08-12,24,BEVERAGES,4493.8408203125,3874.928466796875,4929.6171875,5185.08837890625,True
2017-08-01,2017-08-13,24,BEVERAGES,4102.748046875,3487.5927734375,4551.21826171875,4806.2265625,True
2017-08-01,2017-08-14,24,BEVERAGES,3641.2060546875,3111.95556640625,4046.192138671875,4296.95751953125,True
2017-08-01,2017-08-15,24,BEVERAGES,3294.463134765625,2841.60009765625,3637.3662109375,3849.140380859375,True
2017-08-01,2017-08-01,24,BOOKS,0.0,0.0,0.0,0.02694694697856903,True
2017-08-01,2017-08-02,24,BOOKS,0.0,0.0,0.0,0.047215670347213745,True
2017-08-01,2017-08-03,24,BOOKS,0.0,0.0,0.0012565553188323975,0.06416890025138855,True
2017-08-01,2017-08-04,24,BOOKS,0.0,0.0,0.01720745861530304,0.11442053318023682,True
2017-08-01,2017-08-05,24,BOOKS,0.0,0.0,0.011934429407119751,0.108928382396698,True
2017-08-01,2017-08-06,24,BOOKS,0.0,0.0,0.025192096829414368,0.1483817845582962,True
2017-08-01,2017-08-07,24,BOOKS,0.0,0.0,0.019188478589057922,0.15558746457099915,True
2017-08-01,2017-08-08,24,BOOKS,0.0,0.0,0.034645646810531616,0.20284242928028107,True
2017-08-01,2017-08-09,24,BOOKS,0.0,0.0,0.04136984050273895,0.20186680555343628,True
2017-08-01,2017-08-10,24,BOOKS,0.004976123571395874,0.0,0.06240004301071167,0.25004586577415466,True
2017-08-01,2017-08-11,24,BOOKS,0.0,0.0,0.06603533029556274,0.25556662678718567,True
2017-08-01,2017-08-12,24,BOOKS,0.00029650330543518066,0.0,0.06667613983154297,0.30558544397354126,True
2017-08-01,2017-08-13,24,BOOKS,0.0,0.0,0.0653209388256073,0.3014609217643738,True
2017-08-01,2017-08-14,24,BOOKS,0.0,0.0,0.08657954633235931,0.3426511585712433,True
2017-08-01,2017-08-15,24,BOOKS,0.0,0.0,0.09776739776134491,0.3724798560142517,True
2017-08-01,2017-08-01,24,GROCERY I,3970.9482421875,3562.98583984375,4259.17578125,4415.7158203125,True
2017-08-01,2017-08-02,24,GROCERY I,4420.8076171875,4007.4296875,4715.87255859375,4878.68310546875,True
2017-08-01,2017-08-03,24,GROCERY I,4026.500732421875,3551.769287109375,4356.619140625,4545.66943359375,True
2017-08-01,2017-08-04,24,GROCERY I,4756.826171875,4208.59912109375,5127.3974609375,5330.50439453125,True
2017-08-01,2017-08-05,24,GROCERY I,5177.13671875,4584.82568359375,5559.7236328125,5777.5830078125,True
2017-08-01,2017-08-06,24,GROCERY I,4238.57861328125,3710.86767578125,4612.64990234375,4827.98583984375,True
2017-08-01,2017-08-07,24,GROCERY I,4122.45751953125,3631.310791015625,4450.47216796875,4640.6181640625,True
2017-08-01,2017-08-08,24,GROCERY I,3704.7265625,3250.535400390625,3988.4033203125,4156.6337890625,True
2017-08-01,2017-08-09,24,GROCERY I,4170.47509765625,3716.972412109375,4478.99658203125,4668.8447265625,True
2017-08-01,2017-08-10,24,GROCERY I,3777.170654296875,3282.51806640625,4129.74560546875,4351.484375,True
2017-08-01,2017-08-11,24,GROCERY I,4538.9736328125,3962.277587890625,4947.12646484375,5185.298828125,True
2017-08-01,2017-08-12,24,GROCERY I,5091.57177734375,4484.13330078125,5515.845703125,5752.48974609375,True
2017-08-01,2017-08-13,24,GROCERY I,4232.01416015625,3682.935302734375,4649.5341796875,4895.97265625,True
2017-08-01,2017-08-14,24,GROCERY I,4217.1513671875,3741.144287109375,4576.69873046875,4781.83740234375,True
2017-08-01,2017-08-15,24,GROCERY I,3908.99462890625,3481.4677734375,4230.35546875,4430.73388671875,True
2017-08-01,2017-08-01,24,HOME APPLIANCES,0.001239389181137085,0.0,0.06714090704917908,0.12287789583206177,True
2017-08-01,2017-08-02,24,HOME APPLIANCES,0.0,0.0,0.07369288802146912,0.1352980136871338,True
2017-08-01,2017-08-03,24,HOME APPLIANCES,0.0,3.516674041748047e-06,0.07739873230457306,0.1528618335723877,True
2017-08-01,2017-08-04,24,HOME APPLIANCES,0.008661732077598572,0.011814340949058533,0.09546132385730743,0.19593322277069092,True
2017-08-01,2017-08-05,24,HOME APPLIANCES,0.00042107701301574707,0.00911162793636322,0.10004505515098572,0.20214290916919708,True
2017-08-01,2017-08-06,24,HOME APPLIANCES,0.0029575228691101074,0.012265533208847046,0.1091979593038559,0.2316960245370865,True
2017-08-01,2017-08-07,24,HOME APPLIANCES,0.0,0.012138217687606812,0.10846792161464691,0.2549777328968048,True
2017-08-01,2017-08-08,24,HOME APPLIANCES,0.0029253363609313965,0.02174791693687439,0.12484137713909149,0.2991037368774414,True
2017-08-01,2017-08-09,24,HOME APPLIANCES,0.0,0.0,0.12266197800636292,0.3012232482433319,True
2017-08-01,2017-08-10,24,HOME APPLIANCES,0.0005968809127807617,0.0,0.143011212348938,0.34250855445861816,True
2017-08-01,2017-08-11,24,HOME APPLIANCES,0.0,0.0,0.15099839866161346,0.3552776575088501,True
2017-08-01,2017-08-12,24,HOME APPLIANCES,0.0,0.004397213459014893,0.16071566939353943,0.4031676948070526,True
2017-08-01,2017-08-13,24,HOME APPLIANCES,0.0,0.0,0.16923639178276062,0.4117799401283264,True
2017-08-01,2017-08-14,24,HOME APPLIANCES,0.0,0.0,0.19653059542179108,0.45457422733306885,True
2017-08-01,2017-08-15,24,HOME APPLIANCES,0.0,0.0,0.2107650339603424,0.4966590106487274,True
2017-08-01,2017-08-01,24,LAWN AND GARDEN,36.72382736206055,24.645904541015625,45.55918884277344,51.21601867675781,True
2017-08-01,2017-08-02,24,LAWN AND GARDEN,45.20416259765625,31.99298667907715,55.26072692871094,61.4396858215332,True
2017-08-01,2017-08-03,24,LAWN AND GARDEN,43.973663330078125,29.405567169189453,55.032936096191406,62.090736389160156,True
2017-08-01,2017-08-04,24,LAWN AND GARDEN,52.60731887817383,37.7240104675293,63.90544128417969,71.07717895507812,True
2017-08-01,2017-08-05,24,LAWN AND GARDEN,51.45240020751953,37.09305191040039,62.46724319458008,69.42027282714844,True
2017-08-01,2017-08-06,24,LAWN AND GARDEN,36.4976692199707,23.85344696044922,46.703922271728516,53.4246940612793,True
2017-08-01,2017-08-07,24,LAWN AND GARDEN,29.743732452392578,18.253145217895508,39.34374237060547,45.92326354980469,True
2017-08-01,2017-08-08,24,LAWN AND GARDEN,36.684757232666016,24.96225357055664,46.23642349243164,52.94293975830078,True
2017-08-01,2017-08-09,24,LAWN AND GARDEN,44.71668243408203,31.69591522216797,55.15747833251953,62.579429626464844,True
2017-08-01,2017-08-10,24,LAWN AND GARDEN,43.049766540527344,28.4840087890625,54.40412139892578,62.561458587646484,True
2017-08-01,2017-08-11,24,LAWN AND GARDEN,51.63832092285156,36.02328109741211,63.521812438964844,71.73091888427734,True
2017-08-01,2017-08-12,24,LAWN AND GARDEN,50.48366928100586,35.757564544677734,61.97001647949219,69.62399291992188,True
2017-08-01,2017-08-13,24,LAWN AND GARDEN,35.55203628540039,21.90875244140625,46.22150421142578,54.04559326171875,True
2017-08-01,2017-08-14,24,LAWN AND GARDEN,29.08487892150879,17.0427188873291,38.99197006225586,46.7000846862793,True
2017-08-01,2017-08-15,24,LAWN AND GARDEN,35.91682815551758,23.56338119506836,45.87861633300781,53.67106246948242,True
2017-08-01,2017-08-01,24,"LIQUOR,WINE,BEER",59.590293884277344,42.009132385253906,74.40797424316406,83.93245697021484,True
2017-08-01,2017-08-02,24,"LIQUOR,WINE,BEER",64.86157989501953,46.12467575073242,81.43798065185547,93.46760559082031,True
2017-08-01,2017-08-03,24,"LIQUOR,WINE,BEER",84.35498046875,58.10158157348633,106.5340576171875,121.85960388183594,True
2017-08-01,2017-08-04,24,"LIQUOR,WINE,BEER",149.62872314453125,116.14573669433594,176.20204162597656,193.48887634277344,True
2017-08-01,2017-08-05,24,"LIQUOR,WINE,BEER",164.11326599121094,128.47372436523438,192.46023559570312,211.08346557617188,True
2017-08-01,2017-08-06,24,"LIQUOR,WINE,BEER",72.2641372680664,44.56011962890625,99.39571380615234,117.341064453125,True
2017-08-01,2017-08-07,24,"LIQUOR,WINE,BEER",59.54328918457031,38.206634521484375,82.42401123046875,97.921142578125,True
2017-08-01,2017-08-08,24,"LIQUOR,WINE,BEER",67.4933853149414,49.74972152709961,86.37141418457031,100.7110824584961,True
2017-08-01,2017-08-09,24,"LIQUOR,WINE,BEER",68.89614868164062,49.19379806518555,90.36963653564453,106.86952209472656,True
2017-08-01,2017-08-10,24,"LIQUOR,WINE,BEER",86.7564468383789,59.91741943359375,112.3055191040039,131.93873596191406,True
2017-08-01,2017-08-11,24,"LIQUOR,WINE,BEER",155.77578735351562,120.89350891113281,185.50694274902344,206.36123657226562,True
2017-08-01,2017-08-12,24,"LIQUOR,WINE,BEER",168.8721466064453,133.93112182617188,199.19358825683594,219.23202514648438,True
2017-08-01,2017-08-13,24,"LIQUOR,WINE,BEER",76.55982208251953,47.65692901611328,104.55528259277344,124.39051818847656,True
2017-08-01,2017-08-14,24,"LIQUOR,WINE,BEER",62.600040435791016,40.46076583862305,84.08938598632812,101.08123779296875,True
2017-08-01,2017-08-15,24,"LIQUOR,WINE,BEER",71.1938705444336,52.45097351074219,89.47370910644531,104.86576843261719,True
2017-08-01,2017-08-01,24,MAGAZINES,9.997966766357422,5.284158706665039,13.773872375488281,16.209190368652344,True
2017-08-01,2017-08-02,24,MAGAZINES,11.530660629272461,6.4911065101623535,15.682079315185547,18.310348510742188,True
2017-08-01,2017-08-03,24,MAGAZINES,12.619390487670898,6.965323448181152,17.251543045043945,20.144289016723633,True
2017-08-01,2017-08-04,24,MAGAZINES,13.61533260345459,7.569076061248779,18.515670776367188,21.62057876586914,True
2017-08-01,2017-08-05,24,MAGAZINES,14.841574668884277,8.780322074890137,19.73117446899414,22.832077026367188,True
2017-08-01,2017-08-06,24,MAGAZINES,11.854560852050781,6.223265647888184,16.477689743041992,19.407093048095703,True
2017-08-01,2017-08-07,24,MAGAZINES,9.83858585357666,4.915022373199463,14.196426391601562,16.932424545288086,True
2017-08-01,2017-08-08,24,MAGAZINES,9.732150077819824,4.991859436035156,13.91332721710205,16.593517303466797,True
2017-08-01,2017-08-09,24,MAGAZINES,11.544966697692871,6.474945545196533,15.982959747314453,18.878238677978516,True
2017-08-01,2017-08-10,24,MAGAZINES,12.78217887878418,7.046595096588135,17.542556762695312,20.73366928100586,True
2017-08-01,2017-08-11,24,MAGAZINES,13.527918815612793,7.363025665283203,18.70454978942871,22.103412628173828,True
2017-08-01,2017-08-12,24,MAGAZINES,14.655941009521484,8.500141143798828,19.807100296020508,23.0905704498291,True
2017-08-01,2017-08-13,24,MAGAZINES,11.67497444152832,5.936033248901367,16.509178161621094,19.612876892089844,True
2017-08-01,2017-08-14,24,MAGAZINES,9.950109481811523,4.700011253356934,14.464401245117188,17.57288932800293,True
2017-08-01,2017-08-15,24,MAGAZINES,10.054960250854492,5.024212837219238,14.441995620727539,17.43832778930664,True
2017-08-01,2017-08-01,37,BABY CARE,0.0,0.0,0.0,0.0,True
2017-08-01,2017-08-02,37,BABY CARE,0.0,0.0,0.0,0.0,True
2017-08-01,2017-08-03,37,BABY CARE,0.0,0.0,0.0,0.0,True
2017-08-01,2017-08-04,37,BABY CARE,0.0,0.0,0.0,0.0,True
2017-08-01,2017-08-05,37,BABY CARE,0.0,0.0,0.0,0.0,True
2017-08-01,2017-08-06,37,BABY CARE,0.0,0.0,0.0,0.0,True
2017-08-01,2017-08-07,37,BABY CARE,0.0,0.0,0.0,0.0,True
2017-08-01,2017-08-08,37,BABY CARE,0.0,0.0,0.0,0.0,True
2017-08-01,2017-08-09,37,BABY CARE,0.0,0.0,0.0,0.0,True
2017-08-01,2017-08-10,37,BABY CARE,0.0,0.0,0.0,0.0,True
2017-08-01,2017-08-11,37,BABY CARE,0.0,0.0,0.0,0.0,True
2017-08-01,2017-08-12,37,BABY CARE,0.0,0.0,0.0,0.0,True
2017-08-01,2017-08-13,37,BABY CARE,0.0,0.0,0.0,0.0,True
2017-08-01,2017-08-14,37,BABY CARE,0.0,0.0,0.0,0.0,True
2017-08-01,2017-08-15,37,BABY CARE,0.0,0.0,0.0,0.0,True
2017-08-01,2017-08-01,37,BEVERAGES,3181.6767578125,2557.55859375,3666.2275390625,3982.1103515625,True
2017-08-01,2017-08-02,37,BEVERAGES,3227.98974609375,2615.03125,3743.01171875,4084.346435546875,True
2017-08-01,2017-08-03,37,BEVERAGES,2817.42919921875,2190.23046875,3382.197998046875,3741.879150390625,True
2017-08-01,2017-08-04,37,BEVERAGES,3275.912841796875,2581.900390625,3879.9599609375,4270.9296875,True
2017-08-01,2017-08-05,37,BEVERAGES,3813.54052734375,3070.234619140625,4440.99267578125,4847.853515625,True
2017-08-01,2017-08-06,37,BEVERAGES,3088.15380859375,2365.33251953125,3726.47021484375,4143.92919921875,True
2017-08-01,2017-08-07,37,BEVERAGES,3126.965576171875,2454.643310546875,3737.62548828125,4141.291015625,True
2017-08-01,2017-08-08,37,BEVERAGES,2887.152099609375,2279.178466796875,3452.947021484375,3835.79541015625,True
2017-08-01,2017-08-09,37,BEVERAGES,3029.377685546875,2454.396728515625,3584.37158203125,3956.0009765625,True
2017-08-01,2017-08-10,37,BEVERAGES,2678.914794921875,2088.432373046875,3238.265625,3643.0283203125,True
2017-08-01,2017-08-11,37,BEVERAGES,3108.921630859375,2447.14306640625,3701.82763671875,4095.44140625,True
2017-08-01,2017-08-12,37,BEVERAGES,3671.57177734375,2960.345458984375,4286.90283203125,4701.2841796875,True
2017-08-01,2017-08-13,37,BEVERAGES,2979.9111328125,2301.89892578125,3612.651611328125,4021.23193359375,True
2017-08-01,2017-08-14,37,BEVERAGES,3100.99609375,2451.65673828125,3700.46875,4109.88671875,True
2017-08-01,2017-08-15,37,BEVERAGES,2893.538818359375,2288.985595703125,3444.1708984375,3826.860107421875,True
2017-08-01,2017-08-01,37,BOOKS,0.0,0.0,0.003053620457649231,0.03059546649456024,True
2017-08-01,2017-08-02,37,BOOKS,0.00014923512935638428,0.006382495164871216,0.009219840168952942,0.038131460547447205,True
2017-08-01,2017-08-03,37,BOOKS,0.0005550980567932129,0.009421572089195251,0.015092253684997559,0.05090142786502838,True
2017-08-01,2017-08-04,37,BOOKS,0.0012975037097930908,0.010822698473930359,0.014854520559310913,0.07168305665254593,True
2017-08-01,2017-08-05,37,BOOKS,0.00028577446937561035,0.010806947946548462,0.016907155513763428,0.07603433728218079,True
2017-08-01,2017-08-06,37,BOOKS,0.0007635504007339478,0.017642632126808167,0.023606732487678528,0.08928932994604111,True
2017-08-01,2017-08-07,37,BOOKS,0.0,0.013842537999153137,0.02440221607685089,0.10363676398992538,True
2017-08-01,2017-08-08,37,BOOKS,0.0,0.008578881621360779,0.027446791529655457,0.11967503279447556,True
2017-08-01,2017-08-09,37,BOOKS,0.0,0.007934853434562683,0.0329073965549469,0.11783688515424728,True
2017-08-01,2017-08-10,37,BOOKS,0.00048263370990753174,0.008044824004173279,0.03628154098987579,0.13416121900081635,True
2017-08-01,2017-08-11,37,BOOKS,0.0,0.005486994981765747,0.04258786141872406,0.13630005717277527,True
2017-08-01,2017-08-12,37,BOOKS,0.0005822926759719849,0.0,0.047877490520477295,0.16017776727676392,True
2017-08-01,2017-08-13,37,BOOKS,0.0,0.0,0.048446863889694214,0.17046959698200226,True
2017-08-01,2017-08-14,37,BOOKS,0.0,0.0,0.05203746259212494,0.1729750633239746,True
2017-08-01,2017-08-15,37,BOOKS,0.0,0.0,0.058463484048843384,0.18315237760543823,True
2017-08-01,2017-08-01,37,GROCERY I,3787.847900390625,3309.16748046875,4088.226806640625,4250.892578125,True
2017-08-01,2017-08-02,37,GROCERY I,4024.60546875,3540.045166015625,4348.9228515625,4527.90234375,True
2017-08-01,2017-08-03,37,GROCERY I,3555.457275390625,3048.342041015625,3887.552734375,4065.839599609375,True
2017-08-01,2017-08-04,37,GROCERY I,3735.63037109375,3208.112548828125,4073.30615234375,4266.79443359375,True
2017-08-01,2017-08-05,37,GROCERY I,4407.74169921875,3862.56884765625,4736.8271484375,4937.916015625,True
2017-08-01,2017-08-06,37,GROCERY I,3641.690673828125,3126.101806640625,3986.1748046875,4182.9033203125,True
2017-08-01,2017-08-07,37,GROCERY I,3991.55029296875,3478.860595703125,4341.1162109375,4546.24462890625,True
2017-08-01,2017-08-08,37,GROCERY I,3846.598388671875,3322.361083984375,4186.39453125,4394.5595703125,True
2017-08-01,2017-08-09,37,GROCERY I,3974.47802734375,3461.92578125,4324.91552734375,4520.26123046875,True
2017-08-01,2017-08-10,37,GROCERY I,3487.28515625,2985.096435546875,3826.587890625,4033.28515625,True
2017-08-01,2017-08-11,37,GROCERY I,3621.904296875,3113.069091796875,3953.942138671875,4147.08837890625,True
2017-08-01,2017-08-12,37,GROCERY I,4221.98779296875,3692.87646484375,4542.951171875,4750.900390625,True
2017-08-01,2017-08-13,37,GROCERY I,3406.319091796875,2896.8193359375,3757.17138671875,3947.85498046875,True
2017-08-01,2017-08-14,37,GROCERY I,3789.29052734375,3259.580810546875,4121.509765625,4340.65380859375,True
2017-08-01,2017-08-15,37,GROCERY I,3666.102783203125,3133.76611328125,3982.60400390625,4198.1357421875,True
2017-08-01,2017-08-01,37,HOME APPLIANCES,0.5178364515304565,0.0,1.2387770414352417,1.6630982160568237,True
2017-08-01,2017-08-02,37,HOME APPLIANCES,0.3628389239311218,0.0,1.1178562641143799,1.5767650604248047,True
2017-08-01,2017-08-03,37,HOME APPLIANCES,0.15448275208473206,0.0,0.9085711240768433,1.3577051162719727,True
2017-08-01,2017-08-04,37,HOME APPLIANCES,0.0933690071105957,0.0,0.8257448673248291,1.2887521982192993,True
2017-08-01,2017-08-05,37,HOME APPLIANCES,0.1816015988588333,0.0,0.927727997303009,1.401877999305725,True
2017-08-01,2017-08-06,37,HOME APPLIANCES,0.17488233745098114,0.0,0.9855448603630066,1.479256272315979,True
2017-08-01,2017-08-07,37,HOME APPLIANCES,0.2540593147277832,0.0,1.1120922565460205,1.6556059122085571,True
2017-08-01,2017-08-08,37,HOME APPLIANCES,0.3100340664386749,0.0,1.1855242252349854,1.7461233139038086,True
2017-08-01,2017-08-09,37,HOME APPLIANCES,0.22409383952617645,0.0,1.0908129215240479,1.6250697374343872,True
2017-08-01,2017-08-10,37,HOME APPLIANCES,0.058868855237960815,0.0,0.8763778209686279,1.3959804773330688,True
2017-08-01,2017-08-11,37,HOME APPLIANCES,0.06130802631378174,0.0,0.8701959252357483,1.356287956237793,True
2017-08-01,2017-08-12,37,HOME APPLIANCES,0.16565841436386108,0.0,0.9624077677726746,1.5055208206176758,True
2017-08-01,2017-08-13,37,HOME APPLIANCES,0.15321703255176544,0.0,1.0137159824371338,1.5618634223937988,True
2017-08-01,2017-08-14,37,HOME APPLIANCES,0.2357693910598755,0.0,1.1543558835983276,1.724560022354126,True
2017-08-01,2017-08-15,37,HOME APPLIANCES,0.3101038634777069,0.0,1.2510679960250854,1.8452694416046143,True
2017-08-01,2017-08-01,37,LAWN AND GARDEN,32.703208923339844,20.04900360107422,40.902870178222656,45.743507385253906,True
2017-08-01,2017-08-02,37,LAWN AND GARDEN,35.673789978027344,22.47960662841797,44.41340637207031,49.34724044799805,True
2017-08-01,2017-08-03,37,LAWN AND GARDEN,28.04167938232422,15.034979820251465,36.55950164794922,41.447784423828125,True
2017-08-01,2017-08-04,37,LAWN AND GARDEN,28.49645233154297,16.065216064453125,36.616973876953125,41.28788757324219,True
2017-08-01,2017-08-05,37,LAWN AND GARDEN,26.902565002441406,14.898222923278809,34.7335319519043,39.16580581665039,True
2017-08-01,2017-08-06,37,LAWN AND GARDEN,22.80891990661621,10.799010276794434,30.72004508972168,35.39000701904297,True
2017-08-01,2017-08-07,37,LAWN AND GARDEN,26.93600082397461,14.33266544342041,35.41284942626953,40.21117401123047,True
2017-08-01,2017-08-08,37,LAWN AND GARDEN,32.98470687866211,19.49602699279785,41.871009826660156,46.91154098510742,True
2017-08-01,2017-08-09,37,LAWN AND GARDEN,35.29728317260742,21.488101959228516,44.41477966308594,49.54975509643555,True
2017-08-01,2017-08-10,37,LAWN AND GARDEN,27.949066162109375,14.492589950561523,36.79778289794922,42.008453369140625,True
2017-08-01,2017-08-11,37,LAWN AND GARDEN,28.635587692260742,15.787053108215332,37.156436920166016,42.024085998535156,True
2017-08-01,2017-08-12,37,LAWN AND GARDEN,26.8443546295166,14.572701454162598,34.962425231933594,39.732025146484375,True
2017-08-01,2017-08-13,37,LAWN AND GARDEN,22.44049835205078,10.192170143127441,30.638975143432617,35.572509765625,True
2017-08-01,2017-08-14,37,LAWN AND GARDEN,26.5278377532959,13.63664436340332,35.084686279296875,40.28190231323242,True
2017-08-01,2017-08-15,37,LAWN AND GARDEN,32.72710037231445,19.101879119873047,41.87419891357422,47.184417724609375,True
2017-08-01,2017-08-01,37,"LIQUOR,WINE,BEER",83.0191421508789,57.908958435058594,100.78800201416016,112.35824584960938,True
2017-08-01,2017-08-02,37,"LIQUOR,WINE,BEER",91.9203109741211,66.85736083984375,110.97233581542969,123.47625732421875,True
2017-08-01,2017-08-03,37,"LIQUOR,WINE,BEER",99.9356460571289,70.82240295410156,123.22333526611328,137.1865997314453,True
2017-08-01,2017-08-04,37,"LIQUOR,WINE,BEER",169.08094787597656,133.7415313720703,195.2440185546875,210.80377197265625,True
2017-08-01,2017-08-05,37,"LIQUOR,WINE,BEER",181.69039916992188,145.4227294921875,209.01458740234375,226.74131774902344,True
2017-08-01,2017-08-06,37,"LIQUOR,WINE,BEER",89.91952514648438,59.76960372924805,116.3316650390625,133.9152069091797,True
2017-08-01,2017-08-07,37,"LIQUOR,WINE,BEER",86.80912780761719,60.03965759277344,108.9122314453125,124.23255157470703,True
2017-08-01,2017-08-08,37,"LIQUOR,WINE,BEER",86.20848083496094,63.07998275756836,105.47196960449219,119.52882385253906,True
2017-08-01,2017-08-09,37,"LIQUOR,WINE,BEER",91.93524169921875,69.07141876220703,112.5291748046875,128.82276916503906,True
2017-08-01,2017-08-10,37,"LIQUOR,WINE,BEER",98.85594177246094,70.81865692138672,122.123046875,140.38314819335938,True
2017-08-01,2017-08-11,37,"LIQUOR,WINE,BEER",168.23748779296875,134.5313720703125,195.34918212890625,214.07093811035156,True
2017-08-01,2017-08-12,37,"LIQUOR,WINE,BEER",180.89633178710938,145.5175323486328,209.81289672851562,228.0596466064453,True
2017-08-01,2017-08-13,37,"LIQUOR,WINE,BEER",87.19154357910156,56.39567947387695,115.00852966308594,133.52432250976562,True
2017-08-01,2017-08-14,37,"LIQUOR,WINE,BEER",84.93974304199219,58.281612396240234,107.51669311523438,124.54043579101562,True
2017-08-01,2017-08-15,37,"LIQUOR,WINE,BEER",84.31562042236328,60.26530456542969,103.83602905273438,118.9088134765625,True
2017-08-01,2017-08-01,37,MAGAZINES,6.584591388702393,2.186713695526123,9.832662582397461,11.661014556884766,True
2017-08-01,2017-08-02,37,MAGAZINES,6.920655250549316,2.333456039428711,10.29626750946045,12.26124095916748,True
2017-08-01,2017-08-03,37,MAGAZINES,7.58095121383667,2.7606401443481445,11.236016273498535,13.352334976196289,True
2017-08-01,2017-08-04,37,MAGAZINES,9.433120727539062,4.217020511627197,13.26274299621582,15.496034622192383,True
2017-08-01,2017-08-05,37,MAGAZINES,11.359392166137695,5.937701225280762,15.266776084899902,17.563526153564453,True
2017-08-01,2017-08-06,37,MAGAZINES,8.433045387268066,3.1200289726257324,12.433099746704102,14.68984317779541,True
2017-08-01,2017-08-07,37,MAGAZINES,7.456165790557861,2.3017020225524902,11.327428817749023,13.636640548706055,True
2017-08-01,2017-08-08,37,MAGAZINES,7.471357822418213,2.4604649543762207,11.243124008178711,13.423177719116211,True
2017-08-01,2017-08-09,37,MAGAZINES,7.570233345031738,2.618807792663574,11.337825775146484,13.519277572631836,True
2017-08-01,2017-08-10,37,MAGAZINES,8.229785919189453,3.1113662719726562,12.035221099853516,14.363347053527832,True
2017-08-01,2017-08-11,37,MAGAZINES,9.960960388183594,4.708373069763184,13.99721908569336,16.328126907348633,True
2017-08-01,2017-08-12,37,MAGAZINES,11.614091873168945,6.290048599243164,15.721643447875977,18.041683197021484,True
2017-08-01,2017-08-13,37,MAGAZINES,8.747539520263672,3.529878616333008,12.907083511352539,15.236626625061035,True
2017-08-01,2017-08-14,37,MAGAZINES,7.9579877853393555,2.8462886810302734,11.942490577697754,14.285802841186523,True
2017-08-01,2017-08-15,37,MAGAZINES,7.890280246734619,2.9419665336608887,11.754169464111328,13.98546028137207,True
2017-08-01,2017-08-01,40,BABY CARE,0.006271854043006897,0.0,0.29547932744026184,0.5537967085838318,True
2017-08-01,2017-08-02,40,BABY CARE,0.0,0.0,0.3047245144844055,0.6086074113845825,True
2017-08-01,2017-08-03,40,BABY CARE,0.006508678197860718,0.0,0.34105420112609863,0.6716082096099854,True
2017-08-01,2017-08-04,40,BABY CARE,0.0018750280141830444,0.0,0.337787926197052,0.7282302975654602,True
2017-08-01,2017-08-05,40,BABY CARE,0.009503230452537537,0.0,0.3576047122478485,0.75620037317276,True
2017-08-01,2017-08-06,40,BABY CARE,0.011054590344429016,0.0,0.3624666929244995,0.790597140789032,True
2017-08-01,2017-08-07,40,BABY CARE,0.014117777347564697,0.0,0.3609101474285126,0.8228706121444702,True
2017-08-01,2017-08-08,40,BABY CARE,0.007721945643424988,0.0,0.35839468240737915,0.8545613288879395,True
2017-08-01,2017-08-09,40,BABY CARE,0.005156099796295166,0.0,0.36768046021461487,0.8350815176963806,True
2017-08-01,2017-08-10,40,BABY CARE,0.006278976798057556,0.0,0.3663920760154724,0.8623340129852295,True
2017-08-01,2017-08-11,40,BABY CARE,0.011786848306655884,0.0,0.37588584423065186,0.8672880530357361,True
2017-08-01,2017-08-12,40,BABY CARE,0.01127883791923523,0.0,0.3733910918235779,0.9163058400154114,True
2017-08-01,2017-08-13,40,BABY CARE,0.00827816128730774,0.004713982343673706,0.378917932510376,0.9038500189781189,True
2017-08-01,2017-08-14,40,BABY CARE,0.01511576771736145,0.010473489761352539,0.38850557804107666,0.9143878221511841,True
2017-08-01,2017-08-15,40,BABY CARE,0.01671433448791504,0.01538519561290741,0.39005735516548157,0.9287349581718445,True
2017-08-01,2017-08-01,40,BEVERAGES,4660.0166015625,3502.631103515625,5577.8603515625,6204.17431640625,True
2017-08-01,2017-08-02,40,BEVERAGES,4214.93115234375,3146.42041015625,5150.1650390625,5790.63671875,True
2017-08-01,2017-08-03,40,BEVERAGES,3651.50537109375,2610.8193359375,4629.236328125,5273.52587890625,True
2017-08-01,2017-08-04,40,BEVERAGES,4266.8115234375,3037.0478515625,5323.162109375,6039.2666015625,True
2017-08-01,2017-08-05,40,BEVERAGES,5140.44873046875,3749.71875,6294.1689453125,7093.28076171875,True
2017-08-01,2017-08-06,40,BEVERAGES,4774.55517578125,3290.5947265625,6026.6142578125,6837.94140625,True
2017-08-01,2017-08-07,40,BEVERAGES,4423.02978515625,2959.6689453125,5637.52685546875,6471.6201171875,True
2017-08-01,2017-08-08,40,BEVERAGES,4312.19921875,2959.8671875,5414.03125,6215.6650390625,True
2017-08-01,2017-08-09,40,BEVERAGES,4016.546630859375,2840.200439453125,5079.169921875,5817.7763671875,True
2017-08-01,2017-08-10,40,BEVERAGES,3545.111083984375,2372.00537109375,4587.23291015625,5399.9794921875,True
2017-08-01,2017-08-11,40,BEVERAGES,4161.36767578125,2848.18798828125,5296.73095703125,6093.38525390625,True
2017-08-01,2017-08-12,40,BEVERAGES,5007.37109375,3484.30419921875,6242.37744140625,7136.41748046875,True
2017-08-01,2017-08-13,40,BEVERAGES,4634.97216796875,3123.848876953125,5962.5625,6849.50048828125,True
2017-08-01,2017-08-14,40,BEVERAGES,4441.21728515625,2913.9267578125,5736.46923828125,6650.91015625,True
2017-08-01,2017-08-15,40,BEVERAGES,4315.6689453125,2958.1474609375,5511.923828125,6369.3056640625,True
2017-08-01,2017-08-01,40,BOOKS,0.0,0.0,0.0,0.0,True
2017-08-01,2017-08-02,40,BOOKS,0.0,0.0,0.0,0.0,True
2017-08-01,2017-08-03,40,BOOKS,0.0,0.0,0.0,0.0,True
2017-08-01,2017-08-04,40,BOOKS,0.0,0.0,0.0,0.0,True
2017-08-01,2017-08-05,40,BOOKS,0.0,0.0,0.0,0.0,True
2017-08-01,2017-08-06,40,BOOKS,0.0,0.0,0.0,0.0,True
2017-08-01,2017-08-07,40,BOOKS,0.0,0.0,0.0,0.0,True
2017-08-01,2017-08-08,40,BOOKS,0.0,0.0,0.0,0.0,True
2017-08-01,2017-08-09,40,BOOKS,0.0,0.0,0.0,0.0,True
2017-08-01,2017-08-10,40,BOOKS,0.0,0.0,0.0,0.0,True
2017-08-01,2017-08-11,40,BOOKS,0.0,0.0,0.0,0.0,True
2017-08-01,2017-08-12,40,BOOKS,0.0,0.0,0.0,0.0,True
2017-08-01,2017-08-13,40,BOOKS,0.0,0.0,0.0,0.0,True
2017-08-01,2017-08-14,40,BOOKS,0.0,0.0,0.0,0.0,True
2017-08-01,2017-08-15,40,BOOKS,0.0,0.0,0.0,0.0,True
2017-08-01,2017-08-01,40,GROCERY I,5468.52587890625,4420.8193359375,6241.48046875,6744.193359375,True
2017-08-01,2017-08-02,40,GROCERY I,5224.56884765625,4273.8662109375,5970.662109375,6465.669921875,True
2017-08-01,2017-08-03,40,GROCERY I,4535.84130859375,3590.06982421875,5303.3330078125,5796.15576171875,True
2017-08-01,2017-08-04,40,GROCERY I,4947.01171875,3888.496826171875,5757.85302734375,6327.44140625,True
2017-08-01,2017-08-05,40,GROCERY I,6736.00439453125,5522.62109375,7611.3583984375,8210.685546875,True
2017-08-01,2017-08-06,40,GROCERY I,5863.072265625,4622.9951171875,6808.00244140625,7410.8037109375,True
2017-08-01,2017-08-07,40,GROCERY I,5762.3203125,4580.99560546875,6677.51611328125,7286.6533203125,True
2017-08-01,2017-08-08,40,GROCERY I,5096.1630859375,4032.634033203125,5888.017578125,6457.4150390625,True
2017-08-01,2017-08-09,40,GROCERY I,4819.4599609375,3876.62890625,5565.09619140625,6055.6259765625,True
2017-08-01,2017-08-10,40,GROCERY I,4250.94482421875,3313.248779296875,4968.03076171875,5518.1796875,True
2017-08-01,2017-08-11,40,GROCERY I,4613.54248046875,3548.18505859375,5393.27099609375,5936.79736328125,True
2017-08-01,2017-08-12,40,GROCERY I,6362.376953125,5162.33837890625,7201.4384765625,7803.10986328125,True
2017-08-01,2017-08-13,40,GROCERY I,5549.59375,4334.2451171875,6484.2177734375,7075.3642578125,True
2017-08-01,2017-08-14,40,GROCERY I,5590.21337890625,4405.544921875,6460.048828125,7072.05908203125,True
2017-08-01,2017-08-15,40,GROCERY I,5092.337890625,4078.11474609375,5883.3330078125,6440.29296875,True
2017-08-01,2017-08-01,40,HOME APPLIANCES,0.02041672170162201,0.0,0.4201967716217041,0.6934447884559631,True
2017-08-01,2017-08-02,40,HOME APPLIANCES,0.003184020519256592,0.0,0.44167423248291016,0.7616963386535645,True
2017-08-01,2017-08-03,40,HOME APPLIANCES,0.0165737122297287,0.0,0.4878402054309845,0.8346901535987854,True
2017-08-01,2017-08-04,40,HOME APPLIANCES,0.0140867680311203,0.0,0.4991196095943451,0.8992118835449219,True
2017-08-01,2017-08-05,40,HOME APPLIANCES,0.02352645993232727,0.0,0.532636821269989,0.9438462257385254,True
2017-08-01,2017-08-06,40,HOME APPLIANCES,0.01935318112373352,0.0,0.5428041815757751,0.978773295879364,True
2017-08-01,2017-08-07,40,HOME APPLIANCES,0.02204306423664093,0.0,0.5446237325668335,1.011326551437378,True
2017-08-01,2017-08-08,40,HOME APPLIANCES,0.02058584988117218,0.0,0.5466850399971008,1.037950038909912,True
2017-08-01,2017-08-09,40,HOME APPLIANCES,0.015094071626663208,0.0,0.5468591451644897,1.0222861766815186,True
2017-08-01,2017-08-10,40,HOME APPLIANCES,0.015248432755470276,0.0,0.5466747283935547,1.0445739030838013,True
2017-08-01,2017-08-11,40,HOME APPLIANCES,0.019751086831092834,0.0,0.5567237138748169,1.053743600845337,True
2017-08-01,2017-08-12,40,HOME APPLIANCES,0.010264560580253601,0.0,0.5508427619934082,1.0774548053741455,True
2017-08-01,2017-08-13,40,HOME APPLIANCES,0.015014752745628357,0.0,0.5655093193054199,1.0780038833618164,True
2017-08-01,2017-08-14,40,HOME APPLIANCES,0.019512951374053955,0.0,0.5712616443634033,1.0922825336456299,True
2017-08-01,2017-08-15,40,HOME APPLIANCES,0.017602071166038513,0.0,0.578665018081665,1.1068018674850464,True
2017-08-01,2017-08-01,40,LAWN AND GARDEN,0.003483325242996216,0.0,0.36208847165107727,0.5501059889793396,True
2017-08-01,2017-08-02,40,LAWN AND GARDEN,0.0,0.0,0.3893471956253052,0.6077184677124023,True
2017-08-01,2017-08-03,40,LAWN AND GARDEN,0.01118256151676178,0.0,0.4267135262489319,0.6595855355262756,True
2017-08-01,2017-08-04,40,LAWN AND GARDEN,0.004928410053253174,0.0,0.4322505593299866,0.6977388262748718,True
2017-08-01,2017-08-05,40,LAWN AND GARDEN,0.008739322423934937,0.0,0.4581637680530548,0.7327920794487,True
2017-08-01,2017-08-06,40,LAWN AND GARDEN,0.003196731209754944,0.0,0.46775713562965393,0.7571690678596497,True
2017-08-01,2017-08-07,40,LAWN AND GARDEN,0.005210459232330322,0.0,0.4746871590614319,0.7819688320159912,True
2017-08-01,2017-08-08,40,LAWN AND GARDEN,0.0,0.0,0.46754032373428345,0.7964050769805908,True
2017-08-01,2017-08-09,40,LAWN AND GARDEN,0.0,0.0,0.4710424840450287,0.7938882112503052,True
2017-08-01,2017-08-10,40,LAWN AND GARDEN,0.0010554194450378418,0.0,0.4817713797092438,0.8216221332550049,True
2017-08-01,2017-08-11,40,LAWN AND GARDEN,0.0028129220008850098,0.0,0.49145153164863586,0.8291671276092529,True
2017-08-01,2017-08-12,40,LAWN AND GARDEN,0.0,0.0,0.4834330379962921,0.8443885445594788,True
2017-08-01,2017-08-13,40,LAWN AND GARDEN,0.0,0.0,0.48778513073921204,0.8402683734893799,True
2017-08-01,2017-08-14,40,LAWN AND GARDEN,0.0011945068836212158,0.0,0.49816688895225525,0.8553186655044556,True
2017-08-01,2017-08-15,40,LAWN AND GARDEN,0.0,0.0,0.5058116912841797,0.8719339370727539,True
2017-08-01,2017-08-01,40,"LIQUOR,WINE,BEER",25.588665008544922,11.360538482666016,41.759605407714844,53.61296081542969,True
2017-08-01,2017-08-02,40,"LIQUOR,WINE,BEER",29.35631561279297,13.433422088623047,47.277069091796875,62.96502685546875,True
2017-08-01,2017-08-03,40,"LIQUOR,WINE,BEER",32.821319580078125,5.1841583251953125,61.389713287353516,82.23320770263672,True
2017-08-01,2017-08-04,40,"LIQUOR,WINE,BEER",66.4841537475586,24.387039184570312,104.33174133300781,130.2867431640625,True
2017-08-01,2017-08-05,40,"LIQUOR,WINE,BEER",110.72247314453125,65.38056945800781,150.8572998046875,177.43824768066406,True
2017-08-01,2017-08-06,40,"LIQUOR,WINE,BEER",26.87209701538086,0.0,60.73678207397461,85.99347686767578,True
2017-08-01,2017-08-07,40,"LIQUOR,WINE,BEER",16.864974975585938,0.0,41.06300354003906,61.2372932434082,True
2017-08-01,2017-08-08,40,"LIQUOR,WINE,BEER",24.06915283203125,14.001808166503906,41.2791748046875,59.543701171875,True
2017-08-01,2017-08-09,40,"LIQUOR,WINE,BEER",31.85480499267578,19.281478881835938,53.152652740478516,72.722900390625,True
2017-08-01,2017-08-10,40,"LIQUOR,WINE,BEER",36.282325744628906,10.419658660888672,66.3351058959961,92.8402099609375,True
2017-08-01,2017-08-11,40,"LIQUOR,WINE,BEER",69.34078979492188,29.508716583251953,108.58267974853516,138.36007690429688,True
2017-08-01,2017-08-12,40,"LIQUOR,WINE,BEER",111.44949340820312,66.87442016601562,152.86605834960938,184.0137939453125,True
2017-08-01,2017-08-13,40,"LIQUOR,WINE,BEER",30.521005630493164,0.0,66.0083236694336,94.61841583251953,True
2017-08-01,2017-08-14,40,"LIQUOR,WINE,BEER",17.959354400634766,0.0,42.98405456542969,67.00138854980469,True
2017-08-01,2017-08-15,40,"LIQUOR,WINE,BEER",22.44729232788086,12.530101776123047,40.30776596069336,60.9271354675293,True
2017-08-01,2017-08-01,40,MAGAZINES,1.3369832038879395,0.0,2.6584367752075195,3.557354688644409,True
2017-08-01,2017-08-02,40,MAGAZINES,1.4497857093811035,0.0,2.8105788230895996,3.7522289752960205,True
2017-08-01,2017-08-03,40,MAGAZINES,1.4818263053894043,0.0,2.9848780632019043,3.9521615505218506,True
2017-08-01,2017-08-04,40,MAGAZINES,1.7826460599899292,0.04594707489013672,3.381314754486084,4.441677093505859,True
2017-08-01,2017-08-05,40,MAGAZINES,2.1663219928741455,0.3573472499847412,3.841099500656128,4.923910140991211,True
2017-08-01,2017-08-06,40,MAGAZINES,2.0032591819763184,0.2273162603378296,3.659625768661499,4.729375839233398,True
2017-08-01,2017-08-07,40,MAGAZINES,1.4935606718063354,0.0,3.101717233657837,4.171451568603516,True
2017-08-01,2017-08-08,40,MAGAZINES,1.5163767337799072,0.0,3.030801296234131,4.08571720123291,True
2017-08-01,2017-08-09,40,MAGAZINES,1.548420786857605,0.020473599433898926,3.0601696968078613,4.073657035827637,True
2017-08-01,2017-08-10,40,MAGAZINES,1.5416141748428345,0.0,3.081719160079956,4.155307769775391,True
2017-08-01,2017-08-11,40,MAGAZINES,1.7372262477874756,0.014598965644836426,3.3695664405822754,4.472698211669922,True
2017-08-01,2017-08-12,40,MAGAZINES,2.1450438499450684,0.34788358211517334,3.8412022590637207,4.965810775756836,True
2017-08-01,2017-08-13,40,MAGAZINES,2.0044829845428467,0.26295650005340576,3.711033344268799,4.7979512214660645,True
2017-08-01,2017-08-14,40,MAGAZINES,1.4885450601577759,0.0,3.12209415435791,4.222537994384766,True
2017-08-01,2017-08-15,40,MAGAZINES,1.512500286102295,0.0,3.057264804840088,4.1085615158081055,True
2017-08-01,2017-08-01,52,BABY CARE,0.0,0.0,0.0,0.0,True
2017-08-01,2017-08-02,52,BABY CARE,0.0,0.0,0.0,0.0,True
2017-08-01,2017-08-03,52,BABY CARE,0.0,0.0,0.0,0.0,True
2017-08-01,2017-08-04,52,BABY CARE,0.0,0.0,0.0,0.0,True
2017-08-01,2017-08-05,52,BABY CARE,0.0,0.0,0.0,0.0,True
2017-08-01,2017-08-06,52,BABY CARE,0.0,0.0,0.0,0.0,True
2017-08-01,2017-08-07,52,BABY CARE,0.0,0.0,0.0,0.0,True
2017-08-01,2017-08-08,52,BABY CARE,0.0,0.0,0.0,0.0,True
2017-08-01,2017-08-09,52,BABY CARE,0.0,0.0,0.0,0.0,True
2017-08-01,2017-08-10,52,BABY CARE,0.0,0.0,0.0,0.0,True
2017-08-01,2017-08-11,52,BABY CARE,0.0,0.0,0.0,0.0,True
2017-08-01,2017-08-12,52,BABY CARE,0.0,0.0,0.0,0.0,True
2017-08-01,2017-08-13,52,BABY CARE,0.0,0.0,0.0,0.0,True
2017-08-01,2017-08-14,52,BABY CARE,0.0,0.0,0.0,0.0,True
2017-08-01,2017-08-15,52,BABY CARE,0.0,0.0,0.0,0.0,True
2017-08-01,2017-08-01,52,BEVERAGES,3924.5615234375,3273.12158203125,4501.7900390625,4914.3427734375,True
2017-08-01,2017-08-02,52,BEVERAGES,4172.00732421875,3618.13818359375,4711.978515625,5082.23779296875,True
2017-08-01,2017-08-03,52,BEVERAGES,4003.7314453125,3366.1640625,4627.2099609375,5038.1005859375,True
2017-08-01,2017-08-04,52,BEVERAGES,4672.8583984375,3752.11181640625,5432.931640625,5948.93017578125,True
2017-08-01,2017-08-05,52,BEVERAGES,6195.67333984375,5030.8583984375,7106.8896484375,7691.697265625,True
2017-08-01,2017-08-06,52,BEVERAGES,6321.61328125,5116.3603515625,7294.2421875,7879.37060546875,True
2017-08-01,2017-08-07,52,BEVERAGES,4484.78369140625,3434.993408203125,5354.14013671875,5961.3720703125,True
2017-08-01,2017-08-08,52,BEVERAGES,3972.427978515625,3151.74462890625,4656.38134765625,5178.71337890625,True
2017-08-01,2017-08-09,52,BEVERAGES,4151.4892578125,3437.718994140625,4748.38330078125,5219.67578125,True
2017-08-01,2017-08-10,52,BEVERAGES,3952.18310546875,3200.988037109375,4605.72607421875,5128.12109375,True
2017-08-01,2017-08-11,52,BEVERAGES,4631.54248046875,3653.360595703125,5435.35498046875,6021.0908203125,True
2017-08-01,2017-08-12,52,BEVERAGES,6086.26220703125,4815.1689453125,7008.36767578125,7658.91845703125,True
2017-08-01,2017-08-13,52,BEVERAGES,6283.4296875,5021.125,7259.14453125,7902.2138671875,True
2017-08-01,2017-08-14,52,BEVERAGES,4433.6728515625,3339.769287109375,5311.84228515625,5959.3203125,True
2017-08-01,2017-08-15,52,BEVERAGES,3945.5234375,3048.7060546875,4670.74609375,5239.28662109375,True
2017-08-01,2017-08-01,52,BOOKS,0.0,0.0,0.0,0.0,True
2017-08-01,2017-08-02,52,BOOKS,0.0,0.0,0.0,0.0,True
2017-08-01,2017-08-03,52,BOOKS,0.0,0.0,0.0,0.0,True
2017-08-01,2017-08-04,52,BOOKS,0.0,0.0,0.0,0.0,True
2017-08-01,2017-08-05,52,BOOKS,0.0,0.0,0.0,0.0,True
2017-08-01,2017-08-06,52,BOOKS,0.0,0.0,0.0,0.0,True
2017-08-01,2017-08-07,52,BOOKS,0.0,0.0,0.0,0.0,True
2017-08-01,2017-08-08,52,BOOKS,0.0,0.0,0.0,0.0,True
2017-08-01,2017-08-09,52,BOOKS,0.0,0.0,0.0,0.0,True
2017-08-01,2017-08-10,52,BOOKS,0.0,0.0,0.0,0.0,True
2017-08-01,2017-08-11,52,BOOKS,0.0,0.0,0.0,0.0,True
2017-08-01,2017-08-12,52,BOOKS,0.0,0.0,0.0,0.0,True
2017-08-01,2017-08-13,52,BOOKS,0.0,0.0,0.0,0.0,True
2017-08-01,2017-08-14,52,BOOKS,0.0,0.0,0.0,0.0,True
2017-08-01,2017-08-15,52,BOOKS,0.0,0.0,0.0,0.0,True
2017-08-01,2017-08-01,52,GROCERY I,5277.4404296875,4414.16796875,6061.51416015625,6599.76220703125,True
2017-08-01,2017-08-02,52,GROCERY I,5673.439453125,4867.0,6448.181640625,6964.04345703125,True
2017-08-01,2017-08-03,52,GROCERY I,5354.10986328125,4453.05078125,6173.39501953125,6726.19775390625,True
2017-08-01,2017-08-04,52,GROCERY I,6311.705078125,5192.048828125,7212.8251953125,7853.4619140625,True
2017-08-01,2017-08-05,52,GROCERY I,8312.216796875,7020.01708984375,9299.361328125,10035.02734375,True
2017-08-01,2017-08-06,52,GROCERY I,8108.09521484375,6800.85546875,9158.77734375,9870.89453125,True
2017-08-01,2017-08-07,52,GROCERY I,5669.99951171875,4466.001953125,6687.642578125,7416.26513671875,True
2017-08-01,2017-08-08,52,GROCERY I,5149.5966796875,4115.333984375,6043.8232421875,6716.09912109375,True
2017-08-01,2017-08-09,52,GROCERY I,5615.64599609375,4609.25634765625,6442.9970703125,7121.107421875,True
2017-08-01,2017-08-10,52,GROCERY I,5350.0712890625,4296.29931640625,6236.712890625,6914.52587890625,True
2017-08-01,2017-08-11,52,GROCERY I,6251.88671875,5046.68212890625,7236.1796875,8003.5302734375,True
2017-08-01,2017-08-12,52,GROCERY I,8255.4306640625,6812.2626953125,9290.634765625,10093.0234375,True
2017-08-01,2017-08-13,52,GROCERY I,8122.7724609375,6743.375,9196.6064453125,10001.5654296875,True
2017-08-01,2017-08-14,52,GROCERY I,5744.9482421875,4443.689453125,6782.2666015625,7575.01708984375,True
2017-08-01,2017-08-15,52,GROCERY I,5244.5703125,4016.27685546875,6182.59912109375,6963.34228515625,True
2017-08-01,2017-08-01,52,HOME APPLIANCES,0.22057676315307617,0.0,0.7755928635597229,1.1788219213485718,True
2017-08-01,2017-08-02,52,HOME APPLIANCES,0.2863956689834595,0.0,0.8758974075317383,1.3128776550292969,True
2017-08-01,2017-08-03,52,HOME APPLIANCES,0.3546697497367859,0.0,1.0315784215927124,1.5016839504241943,True
2017-08-01,2017-08-04,52,HOME APPLIANCES,0.3850582540035248,0.0,1.1209954023361206,1.668436884880066,True
2017-08-01,2017-08-05,52,HOME APPLIANCES,0.42391759157180786,0.0,1.2086317539215088,1.7626558542251587,True
2017-08-01,2017-08-06,52,HOME APPLIANCES,0.3776007294654846,0.0,1.1592788696289062,1.701526165008545,True
2017-08-01,2017-08-07,52,HOME APPLIANCES,0.28102535009384155,0.0,1.025302529335022,1.5650560855865479,True
2017-08-01,2017-08-08,52,HOME APPLIANCES,0.2210460901260376,0.0,0.9225107431411743,1.467677116394043,True
2017-08-01,2017-08-09,52,HOME APPLIANCES,0.2530050277709961,0.0,0.9695857167243958,1.4888346195220947,True
2017-08-01,2017-08-10,52,HOME APPLIANCES,0.3112989664077759,0.0,1.0632283687591553,1.6237173080444336,True
2017-08-01,2017-08-11,52,HOME APPLIANCES,0.3480450510978699,0.0,1.1587328910827637,1.7346769571304321,True
2017-08-01,2017-08-12,52,HOME APPLIANCES,0.4105527102947235,0.0,1.2206355333328247,1.850783109664917,True
2017-08-01,2017-08-13,52,HOME APPLIANCES,0.3945624530315399,0.0,1.1706936359405518,1.7719395160675049,True
2017-08-01,2017-08-14,52,HOME APPLIANCES,0.3326129913330078,0.0,1.068366527557373,1.6532176733016968,True
2017-08-01,2017-08-15,52,HOME APPLIANCES,0.28012198209762573,0.0,0.9765598773956299,1.554402470588684,True
2017-08-01,2017-08-01,52,LAWN AND GARDEN,34.61479187011719,17.394298553466797,49.892051696777344,61.550819396972656,True
2017-08-01,2017-08-02,52,LAWN AND GARDEN,54.80030822753906,35.20189666748047,72.945068359375,85.26641845703125,True
2017-08-01,2017-08-03,52,LAWN AND GARDEN,66.01211547851562,39.96848678588867,88.6091079711914,104.01963806152344,True
2017-08-01,2017-08-04,52,LAWN AND GARDEN,73.64947509765625,43.82276916503906,99.54910278320312,117.59648132324219,True
2017-08-01,2017-08-05,52,LAWN AND GARDEN,81.69609069824219,51.59554672241211,107.70663452148438,125.17440032958984,True
2017-08-01,2017-08-06,52,LAWN AND GARDEN,68.21745300292969,43.65004348754883,91.56639099121094,107.69642639160156,True
2017-08-01,2017-08-07,52,LAWN AND GARDEN,43.86049270629883,25.292354583740234,63.3956298828125,78.37907409667969,True
2017-08-01,2017-08-08,52,LAWN AND GARDEN,37.093353271484375,20.547855377197266,54.43965148925781,69.14864349365234,True
2017-08-01,2017-08-09,52,LAWN AND GARDEN,55.245296478271484,34.69675827026367,75.59073638916016,91.09099578857422,True
2017-08-01,2017-08-10,52,LAWN AND GARDEN,64.54071807861328,37.51397705078125,88.18240356445312,107.00043487548828,True
2017-08-01,2017-08-11,52,LAWN AND GARDEN,72.84523010253906,41.038150787353516,100.87651062011719,121.5928955078125,True
2017-08-01,2017-08-12,52,LAWN AND GARDEN,79.13662719726562,47.35175704956055,106.88731384277344,126.31100463867188,True
2017-08-01,2017-08-13,52,LAWN AND GARDEN,65.2571792602539,37.81016540527344,89.54496765136719,108.42855834960938,True
2017-08-01,2017-08-14,52,LAWN AND GARDEN,42.49617004394531,22.02288055419922,63.171531677246094,80.38093566894531,True
2017-08-01,2017-08-15,52,LAWN AND GARDEN,38.1216926574707,19.621070861816406,57.3958740234375,74.25079345703125,True
2017-08-01,2017-08-01,52,"LIQUOR,WINE,BEER",158.0326690673828,126.98013305664062,191.0557861328125,215.18125915527344,True
2017-08-01,2017-08-02,52,"LIQUOR,WINE,BEER",187.6754608154297,150.5437469482422,228.07080078125,260.32940673828125,True
2017-08-01,2017-08-03,52,"LIQUOR,WINE,BEER",223.29039001464844,161.05117797851562,283.3352966308594,324.1502990722656,True
2017-08-01,2017-08-04,52,"LIQUOR,WINE,BEER",325.726318359375,239.04794311523438,399.3647766113281,449.2063293457031,True
2017-08-01,2017-08-05,52,"LIQUOR,WINE,BEER",378.89410400390625,285.8518371582031,456.1817626953125,506.3580627441406,True
2017-08-01,2017-08-06,52,"LIQUOR,WINE,BEER",188.3054962158203,115.64473724365234,258.21478271484375,306.99041748046875,True
2017-08-01,2017-08-07,52,"LIQUOR,WINE,BEER",165.2891082763672,118.02035522460938,217.3666534423828,258.1992492675781,True
2017-08-01,2017-08-08,52,"LIQUOR,WINE,BEER",158.76055908203125,125.18217468261719,199.1053924560547,235.44921875,True
2017-08-01,2017-08-09,52,"LIQUOR,WINE,BEER",182.53733825683594,144.0004425048828,231.42486572265625,269.05975341796875,True
2017-08-01,2017-08-10,52,"LIQUOR,WINE,BEER",223.76583862304688,160.59608459472656,286.02191162109375,332.8265380859375,True
2017-08-01,2017-08-11,52,"LIQUOR,WINE,BEER",322.234375,232.76190185546875,399.931396484375,452.8153381347656,True
2017-08-01,2017-08-12,52,"LIQUOR,WINE,BEER",374.2520446777344,281.79547119140625,455.6007995605469,510.23968505859375,True
2017-08-01,2017-08-13,52,"LIQUOR,WINE,BEER",184.1041259765625,112.00350952148438,257.9421081542969,308.61279296875,True
2017-08-01,2017-08-14,52,"LIQUOR,WINE,BEER",164.9789581298828,113.82441711425781,219.97796630859375,262.65191650390625,True
2017-08-01,2017-08-15,52,"LIQUOR,WINE,BEER",154.994873046875,116.028564453125,198.70120239257812,236.08840942382812,True
2017-08-01,2017-08-01,52,MAGAZINES,5.586718559265137,2.329190731048584,8.367291450500488,10.452447891235352,True
2017-08-01,2017-08-02,52,MAGAZINES,6.100848197937012,2.9072623252868652,8.965402603149414,11.267232894897461,True
2017-08-01,2017-08-03,52,MAGAZINES,7.4754791259765625,3.6512656211853027,11.01779556274414,13.620473861694336,True
2017-08-01,2017-08-04,52,MAGAZINES,9.049651145935059,4.081276893615723,13.300166130065918,16.421436309814453,True
2017-08-01,2017-08-05,52,MAGAZINES,12.247014999389648,6.6194891929626465,16.973129272460938,20.237934112548828,True
2017-08-01,2017-08-06,52,MAGAZINES,10.010896682739258,4.6567792892456055,14.7229642868042,17.976667404174805,True
2017-08-01,2017-08-07,52,MAGAZINES,7.181656837463379,2.7645392417907715,11.28133773803711,14.361018180847168,True
2017-08-01,2017-08-08,52,MAGAZINES,5.889101028442383,2.301208019256592,9.281694412231445,12.100353240966797,True
2017-08-01,2017-08-09,52,MAGAZINES,6.051069259643555,2.6425323486328125,9.539299011230469,12.180047988891602,True
2017-08-01,2017-08-10,52,MAGAZINES,7.622342586517334,3.4636964797973633,11.50442886352539,14.45501708984375,True
2017-08-01,2017-08-11,52,MAGAZINES,8.987187385559082,3.846829891204834,13.627228736877441,16.883113861083984,True
2017-08-01,2017-08-12,52,MAGAZINES,11.991079330444336,6.138772964477539,17.00243377685547,20.537185668945312,True
2017-08-01,2017-08-13,52,MAGAZINES,10.011024475097656,4.466239929199219,14.90650463104248,18.224061965942383,True
2017-08-01,2017-08-14,52,MAGAZINES,7.235384941101074,2.5057754516601562,11.535523414611816,14.694733619689941,True
2017-08-01,2017-08-15,52,MAGAZINES,6.120716571807861,2.285987377166748,9.7406587600708,12.542886734008789,True
